feature,coefficient,absolute_coefficient,selected
DNAJB4 (11080),0.04628194105656266,0.04628194105656266,True
SLC38A5 (92745),-0.03966195045963538,0.03966195045963538,True
SLAMF7 (57823),-0.03857348532466117,0.03857348532466117,True
ANKRD13C (81573),0.03791016929727425,0.03791016929727425,True
RORA (6095),0.03713474503727981,0.03713474503727981,True
EPHB6 (2051),-0.03571136322766224,0.03571136322766224,True
SH3TC2 (79628),-0.03535845102506704,0.03535845102506704,True
DENND2A (27147),0.034929657558307535,0.034929657558307535,True
PLCB4 (5332),0.033461273957310564,0.033461273957310564,True
MR1 (3140),-0.033182657659922316,0.033182657659922316,True
SPANXN5 (494197),0.0322468598359635,0.0322468598359635,True
COL9A2 (1298),0.03194869511611885,0.03194869511611885,True
CEBPE (1053),-0.03143257271445465,0.03143257271445465,True
GYS2 (2998),-0.03113447612263756,0.03113447612263756,True
RXFP2 (122042),0.03038113093100458,0.03038113093100458,True
LIPE (3991),-0.03033704229899565,0.03033704229899565,True
SH3TC1 (54436),-0.029521886835746337,0.029521886835746337,True
DNASE1L2 (1775),0.02949498833377319,0.02949498833377319,True
SMIM15 (643155),-0.028374181046002166,0.028374181046002166,True
HNRNPF (3185),-0.027802601779845577,0.027802601779845577,True
ZNF880 (400713),0.027644688902572292,0.027644688902572292,True
TAF7L (54457),-0.02693677667296934,0.02693677667296934,True
ZBTB44 (29068),0.025462765977122246,0.025462765977122246,True
SERPINF1 (5176),-0.024786100425383335,0.024786100425383335,True
ART4 (420),-0.02470298017565551,0.02470298017565551,True
UTRN (7402),0.023836437763220107,0.023836437763220107,True
ETV4 (2118),-0.023352441180039856,0.023352441180039856,True
H1-4 (3008),0.022821373062334036,0.022821373062334036,True
BTF3L4 (91408),0.02282012071109544,0.02282012071109544,True
CCDC167 (154467),0.022762103513026544,0.022762103513026544,True
SPINK1 (6690),-0.02266140512692611,0.02266140512692611,True
ARL1 (400),0.022602560593476522,0.022602560593476522,True
TM4SF20 (79853),-0.02259897716243855,0.02259897716243855,True
SLC45A3 (85414),-0.02259653003106386,0.02259653003106386,True
DCLK1 (9201),0.022281888677995024,0.022281888677995024,True
MAGEA9B (728269),0.022263308639691656,0.022263308639691656,True
GSTM3 (2947),0.022233322127372265,0.022233322127372265,True
C2CD6 (151254),-0.022175642983617617,0.022175642983617617,True
JPT2 (90861),0.022097270655058572,0.022097270655058572,True
DDX19B (11269),-0.022051740118146135,0.022051740118146135,True
HDC (3067),-0.02172389789655523,0.02172389789655523,True
OR52P1 (81248),0.02169192587726731,0.02169192587726731,True
BIRC7 (79444),-0.02143008405084258,0.02143008405084258,True
SYDE2 (84144),0.021403519939132382,0.021403519939132382,True
MGAM2 (93432),-0.021383497305932777,0.021383497305932777,True
GASK1B (51313),-0.02116623927008418,0.02116623927008418,True
ASB15 (142685),0.02086985329266854,0.02086985329266854,True
OR5AK2 (390181),-0.020293355041825712,0.020293355041825712,True
CNTNAP3B (728577),-0.020185275163602263,0.020185275163602263,True
RGS1 (5996),-0.019858739531035088,0.019858739531035088,True
KCNN4 (3783),-0.019793572954189112,0.019793572954189112,True
TULP3 (7289),0.01967089828195946,0.01967089828195946,True
ZNF44 (51710),0.019407984407793493,0.019407984407793493,True
HSD17B3 (3293),-0.01939151829151809,0.01939151829151809,True
TNFAIP8 (25816),-0.01932417907141854,0.01932417907141854,True
LYL1 (4066),-0.019086483237221105,0.019086483237221105,True
MATK (4145),0.01904318966635455,0.01904318966635455,True
ZFYVE9 (9372),0.01892750312910019,0.01892750312910019,True
FLI1 (2313),0.018924445603893246,0.018924445603893246,True
MELTF (4241),-0.018697589232423168,0.018697589232423168,True
AVP (551),-0.01861876567400748,0.01861876567400748,True
FOLH1 (2346),0.018273595868421512,0.018273595868421512,True
RGS5 (8490),-0.01825822076779,0.01825822076779,True
NES (10763),-0.018134574129426803,0.018134574129426803,True
TAL2 (6887),-0.018127574107417485,0.018127574107417485,True
CELA3B (23436),-0.017908513853627732,0.017908513853627732,True
ANKRD65 (441869),-0.017537031239454923,0.017537031239454923,True
USP28 (57646),0.017404171222643226,0.017404171222643226,True
ZNF649 (65251),0.0173995170900309,0.0173995170900309,True
RTP3 (83597),0.017392813940673248,0.017392813940673248,True
PRPS1L1 (221823),0.017385534116833773,0.017385534116833773,True
PTPRD (5789),0.017370333396332708,0.017370333396332708,True
PHLDA1 (22822),-0.017139716938403767,0.017139716938403767,True
NARS2 (79731),0.01688150063779519,0.01688150063779519,True
PRR5L (79899),0.016871678812673246,0.016871678812673246,True
ZFPM2 (23414),0.01675803534864344,0.01675803534864344,True
GPHN (10243),-0.016670541768204226,0.016670541768204226,True
DUSP23 (54935),0.016415720575030844,0.016415720575030844,True
MINAR1 (23251),0.016202634017628986,0.016202634017628986,True
BRWD1 (54014),0.015903684179360375,0.015903684179360375,True
ZNF841 (284371),0.01571154631208987,0.01571154631208987,True
CTNNA3 (29119),0.015401195988122736,0.015401195988122736,True
NBPF10 (100132406),0.015339255480043357,0.015339255480043357,True
MSX1 (4487),0.015186444938135406,0.015186444938135406,True
SLC6A13 (6540),0.015181880332962845,0.015181880332962845,True
STRA6 (64220),-0.015059850376253599,0.015059850376253599,True
OR14A2 (388761),0.015020858630954967,0.015020858630954967,True
NCBP2L (392517),0.014924999323401127,0.014924999323401127,True
MFAP5 (8076),0.01486882998394646,0.01486882998394646,True
PTCRA (171558),-0.0148682634937955,0.0148682634937955,True
ANXA2R (389289),0.014807365603302081,0.014807365603302081,True
TAFA2 (338811),-0.014803194539391027,0.014803194539391027,True
GALP (85569),0.014619596346219826,0.014619596346219826,True
REG4 (83998),-0.014559404199927014,0.014559404199927014,True
IPMK (253430),0.014553520237993691,0.014553520237993691,True
LRRC14B (389257),0.014526956956448437,0.014526956956448437,True
MORN5 (254956),0.014202266228161559,0.014202266228161559,True
REN (5972),-0.014007075902470056,0.014007075902470056,True
LDOC1 (23641),0.01358412586117281,0.01358412586117281,True
ATP5MC1 (516),0.013581951403868413,0.013581951403868413,True
NELL2 (4753),0.013560986494659866,0.013560986494659866,True
SMIM23 (644994),-0.013451812288393657,0.013451812288393657,True
EREG (2069),-0.013382306783322376,0.013382306783322376,True
CIMAP1C (161753),-0.013356881192154897,0.013356881192154897,True
SULF1 (23213),0.013200118553012983,0.013200118553012983,True
FBXO7 (25793),-0.013126330389308136,0.013126330389308136,True
ASB2 (51676),-0.013101288027343873,0.013101288027343873,True
MGME1 (92667),-0.012969960775313955,0.012969960775313955,True
MACROD2 (140733),0.012860544823394408,0.012860544823394408,True
PYCR1 (5831),0.012848170547374924,0.012848170547374924,True
SLC51B (123264),-0.012835526698040124,0.012835526698040124,True
GABRG2 (2566),0.012741262721243604,0.012741262721243604,True
CST2 (1470),-0.012690315367307956,0.012690315367307956,True
YIF1A (10897),0.01267152688684075,0.01267152688684075,True
MYEOV (26579),-0.012660434179167467,0.012660434179167467,True
NDRG2 (57447),-0.012614021016049252,0.012614021016049252,True
DLX4 (1748),0.012524521462635513,0.012524521462635513,True
NIPAL4 (348938),-0.012511246353579744,0.012511246353579744,True
SCCPDH (51097),-0.01249472692038674,0.01249472692038674,True
PM20D1 (148811),-0.012482054686873752,0.012482054686873752,True
MAP1LC3A (84557),0.012459485040611045,0.012459485040611045,True
ADH7 (131),0.0122011960169974,0.0122011960169974,True
MEIS2 (4212),-0.012048630783180388,0.012048630783180388,True
NT5C (30833),-0.012048210242731656,0.012048210242731656,True
BMP10 (27302),-0.011793657307018098,0.011793657307018098,True
RYR2 (6262),0.011687303452197425,0.011687303452197425,True
SHOX2 (6474),-0.011662668927909053,0.011662668927909053,True
GAD1 (2571),-0.011528003567324033,0.011528003567324033,True
FAM156A (29057),0.011446322717855211,0.011446322717855211,True
GAGE12G (645073),0.01114103105921438,0.01114103105921438,True
CNTNAP3 (79937),-0.011126563312824002,0.011126563312824002,True
CDS2 (8760),-0.011121234284076433,0.011121234284076433,True
HIF1A (3091),-0.011112308670605265,0.011112308670605265,True
SYNC (81493),0.011109363337255497,0.011109363337255497,True
ZNF593OS (118568799),0.010917367715698782,0.010917367715698782,True
GPR34 (2857),0.010827393367217147,0.010827393367217147,True
DEFB1 (1672),-0.010763246774335985,0.010763246774335985,True
ZNF655 (79027),-0.01062579510472908,0.01062579510472908,True
CPA3 (1359),0.010548105744703438,0.010548105744703438,True
ZNF525 (170958),0.010506925124831345,0.010506925124831345,True
RWDD2A (112611),0.010373055476955852,0.010373055476955852,True
NAA38 (84316),0.010352389607968549,0.010352389607968549,True
OR52I1 (390037),0.010331511704445958,0.010331511704445958,True
PLEKHG4B (153478),0.010316805175970197,0.010316805175970197,True
PDRG1 (81572),0.010245552480252803,0.010245552480252803,True
FRMD4B (23150),-0.01019697298563532,0.01019697298563532,True
GOLGA8J (653073),0.010154062352186355,0.010154062352186355,True
OR8G5 (219865),0.01012764893644641,0.01012764893644641,True
PGM5 (5239),0.010095550227410101,0.010095550227410101,True
SPRY4 (81848),-0.010072088887758995,0.010072088887758995,True
SLC20A1 (6574),-0.010057716742995392,0.010057716742995392,True
CST4 (1472),-0.01005201789252079,0.01005201789252079,True
FAM90A19 (728753),0.00986149172424722,0.00986149172424722,True
FAM90A18 (441326),0.00986112868319293,0.00986112868319293,True
MANSC4 (100287284),0.009816130737664285,0.009816130737664285,True
PRKN (5071),0.009724598191331906,0.009724598191331906,True
DNAAF8 (146562),0.00963297355373329,0.00963297355373329,True
ARHGEF10 (9639),0.009614326274082987,0.009614326274082987,True
MRS2 (57380),0.00957786450796766,0.00957786450796766,True
ZNF98 (148198),0.009543703061853235,0.009543703061853235,True
CHCT1 (124773),-0.009533570557048744,0.009533570557048744,True
PGM3 (5238),0.009513742984144213,0.009513742984144213,True
PRODH2 (58510),-0.009442915009274964,0.009442915009274964,True
PLAT (5327),-0.009272619274366635,0.009272619274366635,True
NCKAP5 (344148),0.009259541879184909,0.009259541879184909,True
SPEGNB (100996693),-0.009221269663661654,0.009221269663661654,True
MAGEA11 (4110),0.009153277041708159,0.009153277041708159,True
SNAPC3 (6619),0.009146710485952237,0.009146710485952237,True
MMP9 (4318),0.009131601975653166,0.009131601975653166,True
AJAP1 (55966),0.009124994431889698,0.009124994431889698,True
CIMIP2C (339778),-0.009112067656284313,0.009112067656284313,True
ADAM33 (80332),0.00893180569737648,0.00893180569737648,True
INPP1 (3628),-0.008862018305786545,0.008862018305786545,True
GALNT1 (2589),-0.008849178680362507,0.008849178680362507,True
ADSS2 (159),-0.008846744289976465,0.008846744289976465,True
DENND2B (6764),-0.008691765648949308,0.008691765648949308,True
CTSH (1512),-0.008657939393437598,0.008657939393437598,True
EMID1 (129080),0.008522711932586914,0.008522711932586914,True
NXF5 (55998),-0.008358210465189388,0.008358210465189388,True
TTLL9 (164395),0.0083388696140811,0.0083388696140811,True
OGFRL1 (79627),0.008247112602480575,0.008247112602480575,True
TMEM89 (440955),-0.008246383627307532,0.008246383627307532,True
UBE2W (55284),0.008228536408310949,0.008228536408310949,True
TBX18 (9096),-0.00817591002650401,0.00817591002650401,True
SNX9 (51429),0.008142760106278301,0.008142760106278301,True
OSBPL3 (26031),-0.008107634020239451,0.008107634020239451,True
PRB1 (5542),-0.008086511816400334,0.008086511816400334,True
CRP (1401),-0.007991996849296239,0.007991996849296239,True
SSX3 (10214),-0.007974182377120751,0.007974182377120751,True
TPP2 (7174),-0.007965838659015933,0.007965838659015933,True
TIMM8B (26521),0.00791839325613,0.00791839325613,True
C6orf58 (352999),0.007909243100902437,0.007909243100902437,True
DEFB105A (245908),0.007756326240059754,0.007756326240059754,True
ZNF347 (84671),0.0077298890566627676,0.0077298890566627676,True
CEP70 (80321),0.007723545924837384,0.007723545924837384,True
ZNF676 (163223),0.0075847911521701875,0.0075847911521701875,True
DHDH (27294),-0.007437692411712484,0.007437692411712484,True
CBFA2T2 (9139),0.007433868238462082,0.007433868238462082,True
RAB3B (5865),0.007387348347409162,0.007387348347409162,True
ZFPL1 (7542),0.007353674130900849,0.007353674130900849,True
CRNN (49860),0.007345383566984344,0.007345383566984344,True
CT47A12 (100507170),0.007330688443983004,0.007330688443983004,True
PARP8 (79668),-0.0073146865871198865,0.0073146865871198865,True
FGFR1 (2260),0.007272795924734039,0.007272795924734039,True
SLFNL1 (200172),0.007216778915920596,0.007216778915920596,True
SEC14L3 (266629),-0.007209144850510039,0.007209144850510039,True
ZNF320 (162967),0.007208845094855926,0.007208845094855926,True
OPN1MW (2652),-0.007150546586608595,0.007150546586608595,True
WNT16 (51384),-0.007118497155551617,0.007118497155551617,True
PLEKHG4 (25894),0.0069848713542615196,0.0069848713542615196,True
KRT35 (3886),0.006967647271717506,0.006967647271717506,True
C9orf40 (55071),0.006923313324248714,0.006923313324248714,True
SVEP1 (79987),0.006905004938962098,0.006905004938962098,True
TTC23 (64927),-0.006898737506602553,0.006898737506602553,True
FAM180A (389558),0.006880528997505707,0.006880528997505707,True
MAP4K1 (11184),0.006753851191892834,0.006753851191892834,True
CDH6 (1004),0.006549391018123294,0.006549391018123294,True
CFAP52 (146845),0.006531609225570693,0.006531609225570693,True
PFKFB3 (5209),-0.006432659372314386,0.006432659372314386,True
C20orf141 (128653),0.006371919211939804,0.006371919211939804,True
CTNNB1 (1499),-0.00637005056817561,0.00637005056817561,True
MRPL33 (9553),0.006354544148509085,0.006354544148509085,True
FBXO6 (26270),0.0063371733633857666,0.0063371733633857666,True
FNTB (2342),-0.006302351119614409,0.006302351119614409,True
ZDHHC8 (29801),-0.006267417663783796,0.006267417663783796,True
CYB5B (80777),-0.006246086038035425,0.006246086038035425,True
FOXA2 (3170),-0.006213968296807919,0.006213968296807919,True
NPPC (4880),-0.0061851727186196075,0.0061851727186196075,True
PAWR (5074),0.006160173644856701,0.006160173644856701,True
OR13C3 (138803),0.006148443714747441,0.006148443714747441,True
APLNR (187),-0.00614622483490676,0.00614622483490676,True
CFAP92 (57501),0.006080348360565048,0.006080348360565048,True
RETSAT (54884),-0.006027978572107594,0.006027978572107594,True
SLC26A8 (116369),0.005977106774387809,0.005977106774387809,True
STC2 (8614),0.0059274058075180795,0.0059274058075180795,True
MAS1 (4142),0.005871946793590396,0.005871946793590396,True
MAGEA10 (4109),0.005867719301816937,0.005867719301816937,True
GPR17 (2840),0.005842585044093931,0.005842585044093931,True
ARSH (347527),0.005770104253478802,0.005770104253478802,True
AADAC (13),-0.005700608068227678,0.005700608068227678,True
SLC25A21 (89874),0.005699128546370775,0.005699128546370775,True
CFHR2 (3080),-0.005664265031042685,0.005664265031042685,True
STK32A (202374),-0.005651967067742798,0.005651967067742798,True
MAGEB10 (139422),0.005619405785298823,0.005619405785298823,True
DLX3 (1747),0.00559397550987191,0.00559397550987191,True
IL37 (27178),-0.005525697061495002,0.005525697061495002,True
DLST (1743),-0.005520775087746387,0.005520775087746387,True
MED20 (9477),0.005508307503828598,0.005508307503828598,True
ETV6 (2120),-0.005446861478997323,0.005446861478997323,True
ENTREP2 (23359),0.005372267939233686,0.005372267939233686,True
RND1 (27289),-0.005342792594502466,0.005342792594502466,True
TMC7 (79905),-0.005282567093098966,0.005282567093098966,True
CYB5RL (606495),0.005143300346072273,0.005143300346072273,True
MYH16 (84176),-0.005092195672259311,0.005092195672259311,True
RARRES1 (5918),-0.005087961336959877,0.005087961336959877,True
SPINT4 (391253),-0.0050877452130032854,0.0050877452130032854,True
PRKAA2 (5563),0.004956099465114662,0.004956099465114662,True
TBX20 (57057),0.004954996034606109,0.004954996034606109,True
CPA2 (1358),-0.004940507223344186,0.004940507223344186,True
CWC15 (51503),0.004925208339587186,0.004925208339587186,True
CUBN (8029),-0.0048970749314878985,0.0048970749314878985,True
NANS (54187),0.004808959900422449,0.004808959900422449,True
TSPAN14 (81619),-0.0047789476528450345,0.0047789476528450345,True
TRADD (8717),-0.004777740172995161,0.004777740172995161,True
TMIE (259236),0.004705713899535005,0.004705713899535005,True
GPD1 (2819),-0.004672776336712871,0.004672776336712871,True
RTP4 (64108),-0.00464596368447185,0.00464596368447185,True
THEM4 (117145),-0.004636838552971872,0.004636838552971872,True
MFSD13A (79847),-0.004583867958119623,0.004583867958119623,True
SRPRA (6734),0.004555937894788921,0.004555937894788921,True
FILIP1 (27145),0.0045541994967434754,0.0045541994967434754,True
WEE2 (494551),-0.004523129321638106,0.004523129321638106,True
TRIM60 (166655),0.0045099820175857,0.0045099820175857,True
FAM110D (79927),-0.004506321254971384,0.004506321254971384,True
TRAPPC13 (80006),-0.00442159752004352,0.00442159752004352,True
LCE5A (254910),-0.004295187044377144,0.004295187044377144,True
AP3B1 (8546),-0.004274374384536646,0.004274374384536646,True
HIKESHI (51501),0.0042440737106546455,0.0042440737106546455,True
DNASE1 (1773),0.00422188811047769,0.00422188811047769,True
BRDT (676),0.004177506822685592,0.004177506822685592,True
ADAMTS8 (11095),0.004126177182060884,0.004126177182060884,True
PHYHD1 (254295),-0.004120861405335712,0.004120861405335712,True
KLC4 (89953),0.004086801256405408,0.004086801256405408,True
PIWIL2 (55124),-0.004072521732426941,0.004072521732426941,True
USP6NL (9712),-0.004064905665169186,0.004064905665169186,True
GALNT11 (63917),0.0040189948647862215,0.0040189948647862215,True
PPP1R42 (286187),0.004016539168608081,0.004016539168608081,True
MUC12 (10071),-0.003995893452829365,0.003995893452829365,True
GPR156 (165829),0.003970254099243955,0.003970254099243955,True
ZNF781 (163115),0.003922419259380635,0.003922419259380635,True
PERM1 (84808),0.00380110287548832,0.00380110287548832,True
GRM3 (2913),0.0037417501637793562,0.0037417501637793562,True
PDE4DIP (9659),0.003738193322611821,0.003738193322611821,True
NOTCH2NLA (388677),0.003720884038448846,0.003720884038448846,True
TAGLN (6876),0.003710764788306938,0.003710764788306938,True
ATP5MG (10632),0.0036726660423766493,0.0036726660423766493,True
MS4A18 (728588),0.0036475323159314618,0.0036475323159314618,True
DGLUCY (80017),-0.0036324546598198886,0.0036324546598198886,True
TBCC (6903),0.0035929227289905005,0.0035929227289905005,True
TRIM31 (11074),-0.0035408482173607406,0.0035408482173607406,True
ERVV-2 (100271846),0.0035030696341893696,0.0035030696341893696,True
TCN1 (6947),-0.0034847017733691857,0.0034847017733691857,True
KRTAP2-2 (728279),0.003446605132801482,0.003446605132801482,True
AIF1L (83543),0.0034179206838870456,0.0034179206838870456,True
SLITRK5 (26050),0.003357773703986752,0.003357773703986752,True
NDUFA12 (55967),0.0032294952848371263,0.0032294952848371263,True
BAX (581),-0.003204211165336812,0.003204211165336812,True
AQP7 (364),-0.0031827878955834913,0.0031827878955834913,True
SEMA6B (10501),-0.0030639524707132427,0.0030639524707132427,True
APOC1 (341),-0.003051499848266478,0.003051499848266478,True
OSER1 (51526),0.002973289578596907,0.002973289578596907,True
IFNL1 (282618),-0.0029338348841620116,0.0029338348841620116,True
CMTR1 (23070),0.0029298938793913304,0.0029298938793913304,True
ING1 (3621),-0.00292430365874874,0.00292430365874874,True
LGALS8 (3964),-0.0028200920979100383,0.0028200920979100383,True
ARHGAP4 (393),-0.002812010432097965,0.002812010432097965,True
PRSS57 (400668),0.002780499365632225,0.002780499365632225,True
H2AC14 (8331),-0.0027758268305298935,0.0027758268305298935,True
LYSMD1 (388695),0.0027543814433233288,0.0027543814433233288,True
H4C11 (8363),-0.0027034390257692797,0.0027034390257692797,True
ZNF236 (7776),0.0026984593592531574,0.0026984593592531574,True
ALPL (249),0.002614925099868819,0.002614925099868819,True
ALOX5 (240),-0.002601242624906072,0.002601242624906072,True
DNAAF19 (388389),-0.002593204581459102,0.002593204581459102,True
CST1 (1469),-0.0025432111596550926,0.0025432111596550926,True
EXOC3L4 (91828),-0.002540710718834704,0.002540710718834704,True
SRMS (6725),0.002516106978307658,0.002516106978307658,True
CAPN2 (824),-0.0025131263424164737,0.0025131263424164737,True
TMEM258 (746),0.002499550609684212,0.002499550609684212,True
GMCL2 (64396),0.002456017805581482,0.002456017805581482,True
PRR4 (11272),-0.0024554567841867914,0.0024554567841867914,True
DHRS1 (115817),-0.0024017362299573884,0.0024017362299573884,True
PRAMEF20 (645425),-0.002255342933856014,0.002255342933856014,True
PAGE1 (8712),0.0021769458990415235,0.0021769458990415235,True
ZNF366 (167465),0.002143477589654695,0.002143477589654695,True
RGS13 (6003),-0.0021293619910955795,0.0021293619910955795,True
DFFA (1676),0.002123488339963161,0.002123488339963161,True
TSPAN18 (90139),0.002080812020660974,0.002080812020660974,True
TMEM132D (121256),0.0020688269461418534,0.0020688269461418534,True
PHF8 (23133),0.002061688233404797,0.002061688233404797,True
REDIC1 (283461),0.0019960729359393917,0.0019960729359393917,True
CREG2 (200407),-0.0019841346583346826,0.0019841346583346826,True
LRRC3B (116135),0.001973961641232186,0.001973961641232186,True
LTBP3 (4054),-0.001973243649624524,0.001973243649624524,True
TP53 (7157),0.001966049565059728,0.001966049565059728,True
CEP20 (123811),0.0019297049937415174,0.0019297049937415174,True
ETV1 (2115),-0.001919741009226059,0.001919741009226059,True
DKK1 (22943),-0.0018935315759950869,0.0018935315759950869,True
FOXN3 (1112),0.0018703718626702432,0.0018703718626702432,True
INO80C (125476),-0.0017803820825620445,0.0017803820825620445,True
PRDX4 (10549),0.0017131903425291882,0.0017131903425291882,True
SPMIP5 (143379),0.0017083844491473854,0.0017083844491473854,True
SPTBN1 (6711),-0.0016680604278731224,0.0016680604278731224,True
ECHDC2 (55268),0.0015891233474470063,0.0015891233474470063,True
CACNA1E (777),0.0015052210919765617,0.0015052210919765617,True
SC5D (6309),0.0014950003074631628,0.0014950003074631628,True
RENBP (5973),-0.0014923032703982474,0.0014923032703982474,True
LCE4A (199834),0.0014888695341063651,0.0014888695341063651,True
PSMB10 (5699),-0.001468142858077238,0.001468142858077238,True
CEACAM16 (388551),0.0014593770140286432,0.0014593770140286432,True
COPB2 (9276),0.0014556225485983403,0.0014556225485983403,True
ILRUN (64771),0.0014549381551403216,0.0014549381551403216,True
HLA-DQB1 (3119),-0.0013892616331327833,0.0013892616331327833,True
OPN1MW2 (728458),-0.001316190512604149,0.001316190512604149,True
PANK2 (80025),-0.0013030796217377164,0.0013030796217377164,True
DYDC1 (143241),0.0012682184417010986,0.0012682184417010986,True
KIR2DL4 (3805),0.001223442270634704,0.001223442270634704,True
FCER2 (2208),-0.001177880224617288,0.001177880224617288,True
C1QTNF12 (388581),0.0011558940463719657,0.0011558940463719657,True
NMNAT3 (349565),0.0011303360040677349,0.0011303360040677349,True
MAP2K6 (5608),-0.0011289854575108598,0.0011289854575108598,True
ZNF385A (25946),-0.0010574464121075435,0.0010574464121075435,True
BLTP3A (54887),0.0010079832446190265,0.0010079832446190265,True
GABRB2 (2561),0.0009939587302440476,0.0009939587302440476,True
TGM4 (7047),0.0009780787892764188,0.0009780787892764188,True
HADHA (3030),-0.0009619541123884373,0.0009619541123884373,True
PYGB (5834),-0.0009293192151254278,0.0009293192151254278,True
DNAAF6 (139212),0.0009253533750256614,0.0009253533750256614,True
ZNF695 (57116),0.0008962151839903271,0.0008962151839903271,True
ZNF718 (255403),0.0008751839913692302,0.0008751839913692302,True
FKBP4 (2288),0.0008549598513931055,0.0008549598513931055,True
RIPOR3 (140876),0.0008394903993524946,0.0008394903993524946,True
FAM209B (388799),0.0008063458311994284,0.0008063458311994284,True
CHP1 (11261),-0.0007991955927431598,0.0007991955927431598,True
EHBP1 (23301),-0.0007741599376700764,0.0007741599376700764,True
DGKE (8526),0.000745235435294142,0.000745235435294142,True
NRL (4901),-0.0007446166492042452,0.0007446166492042452,True
ANXA10 (11199),-0.0006715828823451199,0.0006715828823451199,True
EFCC1 (79825),0.0006699838101206875,0.0006699838101206875,True
RPS26 (6231),0.0006539060455685996,0.0006539060455685996,True
TRPC7 (57113),0.0006238325517226957,0.0006238325517226957,True
CEACAM18 (729767),-0.0006063078513947348,0.0006063078513947348,True
ZNF792 (126375),-0.0005865779527261779,0.0005865779527261779,True
PPWD1 (23398),-0.0005852076023896897,0.0005852076023896897,True
UCP1 (7350),0.0005509191267716525,0.0005509191267716525,True
CCN1 (3491),0.0005307208659837145,0.0005307208659837145,True
SPIN2B (474343),0.0005041915537800521,0.0005041915537800521,True
TBC1D12 (23232),0.0005032218114755173,0.0005032218114755173,True
CPLANE1 (65250),0.00048796733903167124,0.00048796733903167124,True
VPS37B (79720),-0.00047622495407665435,0.00047622495407665435,True
SCGB3A1 (92304),-0.0004553129036233226,0.0004553129036233226,True
ZSCAN4 (201516),-0.00045227377883888157,0.00045227377883888157,True
FLRT3 (23767),-0.0003855805451438165,0.0003855805451438165,True
HINFP (25988),0.0003286559135185245,0.0003286559135185245,True
PLAAT4 (5920),-0.00031321490437059667,0.00031321490437059667,True
BTBD19 (149478),-0.0003016139113224927,0.0003016139113224927,True
SIKE1 (80143),0.00028697196327150316,0.00028697196327150316,True
GOLGA7B (401647),-0.0002674026528814508,0.0002674026528814508,True
THSD7A (221981),-0.00025453280045807696,0.00025453280045807696,True
BNIP5 (389384),-0.00025394602400127006,0.00025394602400127006,True
AIRIM (54955),0.0002394997686867211,0.0002394997686867211,True
TSPY2 (64591),0.00022250775000501815,0.00022250775000501815,True
LAMC3 (10319),0.00020034958292989137,0.00020034958292989137,True
TCP11 (6954),-0.0001718728217085658,0.0001718728217085658,True
MIIP (60672),0.0001702610700577855,0.0001702610700577855,True
BEND6 (221336),0.00015422090563180053,0.00015422090563180053,True
FAM107B (83641),-0.00013482179786702752,0.00013482179786702752,True
STK24 (8428),-0.00012751406708951218,0.00012751406708951218,True
MTMR2 (8898),0.00012080628715615267,0.00012080628715615267,True
HTR3D (200909),-6.092556645790291e-05,6.092556645790291e-05,True
CGA (1081),4.4497458237430556e-05,4.4497458237430556e-05,True
TTC34 (100287898),7.591376001787423e-06,7.591376001787423e-06,True
LGALS9C (654346),-0.0,0.0,False
TVP23B (51030),0.0,0.0,False
TLN2 (83660),0.0,0.0,False
FRMD3 (257019),-0.0,0.0,False
VAMP5 (10791),-0.0,0.0,False
FBXW10 (10517),-0.0,0.0,False
CCL11 (6356),-0.0,0.0,False
LCE1D (353134),-0.0,0.0,False
OR10H3 (26532),-0.0,0.0,False
CTRB1 (1504),0.0,0.0,False
ZNF217 (7764),0.0,0.0,False
OR10H2 (26538),0.0,0.0,False
LETM1 (3954),-0.0,0.0,False
SRGAP2C (653464),0.0,0.0,False
TNIP2 (79155),-0.0,0.0,False
TRIM49 (57093),-0.0,0.0,False
CTRB2 (440387),0.0,0.0,False
MALT1 (10892),0.0,0.0,False
PTEN (5728),-0.0,0.0,False
USP39 (10713),-0.0,0.0,False
CEP120 (153241),-0.0,0.0,False
SPRY3 (10251),0.0,0.0,False
ISG20 (3669),-0.0,0.0,False
PPIC (5480),0.0,0.0,False
RPS7 (6201),0.0,0.0,False
PRL (5617),0.0,0.0,False
PRND (23627),-0.0,0.0,False
TMEM129 (92305),-0.0,0.0,False
RNASEH1 (246243),0.0,0.0,False
CYP4F11 (57834),0.0,0.0,False
MRPL13 (28998),0.0,0.0,False
TEFM (79736),0.0,0.0,False
MTBP (27085),0.0,0.0,False
PRNP (5621),-0.0,0.0,False
KLF17 (128209),0.0,0.0,False
SCG2 (7857),0.0,0.0,False
ADRA1D (146),0.0,0.0,False
FRMD5 (84978),-0.0,0.0,False
AQP4 (361),0.0,0.0,False
SNTB1 (6641),0.0,0.0,False
OR52A5 (390054),-0.0,0.0,False
ZNF57 (126295),-0.0,0.0,False
C2orf68 (388969),0.0,0.0,False
ATPAF2 (91647),0.0,0.0,False
CALB2 (794),-0.0,0.0,False
GAP43 (2596),0.0,0.0,False
REG1B (5968),-0.0,0.0,False
EPHX4 (253152),-0.0,0.0,False
LAMB2 (3913),-0.0,0.0,False
USP19 (10869),-0.0,0.0,False
SLFN12 (55106),0.0,0.0,False
QARS1 (5859),-0.0,0.0,False
ORMDL3 (94103),0.0,0.0,False
SERF1A (8293),0.0,0.0,False
KLF11 (8462),0.0,0.0,False
PLA2G4F (255189),0.0,0.0,False
LRRC15 (131578),-0.0,0.0,False
MAT2A (4144),-0.0,0.0,False
LRRC28 (123355),-0.0,0.0,False
SMN1 (6606),0.0,0.0,False
EIF2AK3 (9451),0.0,0.0,False
SPMIP9 (200523),-0.0,0.0,False
BTNL3 (10917),-0.0,0.0,False
MOB3A (126308),-0.0,0.0,False
KRCC1 (51315),-0.0,0.0,False
NME6 (10201),0.0,0.0,False
CYCS (54205),-0.0,0.0,False
REG3A (5068),0.0,0.0,False
THOP1 (7064),0.0,0.0,False
SLC9C1 (285335),0.0,0.0,False
OR1A2 (26189),0.0,0.0,False
CYP4F22 (126410),0.0,0.0,False
TMEM150A (129303),-0.0,0.0,False
INPP5D (3635),-0.0,0.0,False
FOXB1 (27023),0.0,0.0,False
PPIH (10465),0.0,0.0,False
DRC3 (83450),0.0,0.0,False
CD8B (926),-0.0,0.0,False
OR8I2 (120586),-0.0,0.0,False
SHLD1 (149840),0.0,0.0,False
JMJD1C (221037),-0.0,0.0,False
SLC35G2 (80723),-0.0,0.0,False
RAB33B (83452),0.0,0.0,False
LDHAL6B (92483),0.0,0.0,False
SYNPO (11346),-0.0,0.0,False
ZNF608 (57507),-0.0,0.0,False
ENHO (375704),0.0,0.0,False
ZNF556 (80032),0.0,0.0,False
OR1A1 (8383),-0.0,0.0,False
MAL (4118),-0.0,0.0,False
RNF181 (51255),0.0,0.0,False
MRM3 (55178),0.0,0.0,False
ZNF554 (115196),-0.0,0.0,False
STXBP6 (29091),0.0,0.0,False
BTD (686),-0.0,0.0,False
C3AR1 (719),-0.0,0.0,False
DSCAM (1826),-0.0,0.0,False
AR (367),0.0,0.0,False
OTP (23440),0.0,0.0,False
ECEL1 (9427),0.0,0.0,False
BCL2L1 (598),0.0,0.0,False
ROR2 (4920),0.0,0.0,False
FGG (2266),-0.0,0.0,False
ACTBL2 (345651),0.0,0.0,False
ZBBX (79740),0.0,0.0,False
FGA (2243),-0.0,0.0,False
OR2AT4 (341152),0.0,0.0,False
FGB (2244),-0.0,0.0,False
PLRG1 (5356),-0.0,0.0,False
ZNF584 (201514),-0.0,0.0,False
UPF3A (65110),-0.0,0.0,False
MAP6 (4135),0.0,0.0,False
VCX3A (51481),0.0,0.0,False
DNAI2 (64446),0.0,0.0,False
NMUR1 (10316),0.0,0.0,False
CLSTN1 (22883),0.0,0.0,False
MECP2 (4204),-0.0,0.0,False
CXXC5 (51523),-0.0,0.0,False
IRS1 (3667),-0.0,0.0,False
ZNF274 (10782),-0.0,0.0,False
PIK3CD (5293),0.0,0.0,False
HNRNPH1 (3187),-0.0,0.0,False
KLK7 (5650),-0.0,0.0,False
SLC25A33 (84275),0.0,0.0,False
ENC1 (8507),-0.0,0.0,False
DHRSX (207063),0.0,0.0,False
NEUROD2 (4761),0.0,0.0,False
RPS21 (6227),-0.0,0.0,False
MROH2B (133558),-0.0,0.0,False
ODAD2 (55130),0.0,0.0,False
FAM110B (90362),0.0,0.0,False
WIPF2 (147179),0.0,0.0,False
HOPX (84525),0.0,0.0,False
SPACA5B (729201),-0.0,0.0,False
CSNK1G1 (53944),0.0,0.0,False
OR1L3 (26735),0.0,0.0,False
PARM1 (25849),0.0,0.0,False
NLRP5 (126206),0.0,0.0,False
LRRC8C (84230),-0.0,0.0,False
SPACA5 (389852),0.0,0.0,False
RSL1D1 (26156),0.0,0.0,False
LRRC8D (55144),-0.0,0.0,False
OR1L8 (138881),0.0,0.0,False
TBCA (6902),-0.0,0.0,False
CHST14 (113189),-0.0,0.0,False
PPID (5481),0.0,0.0,False
OR1N2 (138882),-0.0,0.0,False
SLC25A6 (293),-0.0,0.0,False
ASMTL (8623),0.0,0.0,False
COL24A1 (255631),-0.0,0.0,False
ETFDH (2110),-0.0,0.0,False
OR1N1 (138883),0.0,0.0,False
HSPBAP1 (79663),-0.0,0.0,False
RXFP1 (59350),0.0,0.0,False
LPAR3 (23566),0.0,0.0,False
VXN (254778),0.0,0.0,False
PTGER4 (5734),-0.0,0.0,False
SPSB1 (80176),-0.0,0.0,False
MAP2K1 (5604),-0.0,0.0,False
P2RY6 (5031),0.0,0.0,False
COL8A2 (1296),0.0,0.0,False
NTSR2 (23620),-0.0,0.0,False
BCL2 (596),0.0,0.0,False
SIGLEC7 (27036),0.0,0.0,False
RHNO1 (83695),0.0,0.0,False
CTPS1 (1503),0.0,0.0,False
UTF1 (8433),-0.0,0.0,False
KNDC1 (85442),0.0,0.0,False
PXDC1 (221749),-0.0,0.0,False
WDR87 (83889),-0.0,0.0,False
METTL18 (92342),-0.0,0.0,False
CPLX1 (10815),0.0,0.0,False
LGALS9 (3965),-0.0,0.0,False
CFAP46 (54777),-0.0,0.0,False
PWWP2B (170394),0.0,0.0,False
BPTF (2186),-0.0,0.0,False
ZNF540 (163255),0.0,0.0,False
ANGPTL7 (10218),-0.0,0.0,False
GRM5 (2915),-0.0,0.0,False
FBXL14 (144699),0.0,0.0,False
OR4C11 (219429),-0.0,0.0,False
ZNF570 (148268),0.0,0.0,False
NINJ2 (4815),0.0,0.0,False
MLLT3 (4300),-0.0,0.0,False
MFF (56947),0.0,0.0,False
FAM90A1 (55138),0.0,0.0,False
RRM2 (6241),-0.0,0.0,False
TRAPPC12 (51112),-0.0,0.0,False
IFNB1 (3456),-0.0,0.0,False
E2F6 (1876),-0.0,0.0,False
NHLH1 (4807),-0.0,0.0,False
RASGRP4 (115727),0.0,0.0,False
NXNL1 (115861),0.0,0.0,False
S100Z (170591),0.0,0.0,False
COL4A3 (1285),0.0,0.0,False
ZIK1 (284307),-0.0,0.0,False
GPR82 (27197),0.0,0.0,False
SLC49A3 (84179),0.0,0.0,False
PLEKHG5 (57449),0.0,0.0,False
ATF7IP (55729),0.0,0.0,False
LKAAEAR1 (198437),0.0,0.0,False
RGS19 (10287),0.0,0.0,False
TCEA2 (6919),-0.0,0.0,False
DEFB4A (1673),0.0,0.0,False
ANO5 (203859),0.0,0.0,False
HDAC3 (8841),0.0,0.0,False
SPATA46 (284680),-0.0,0.0,False
UQCRFS1 (7386),-0.0,0.0,False
VAT1L (57687),-0.0,0.0,False
TMEM51 (55092),-0.0,0.0,False
CAMTA1 (23261),0.0,0.0,False
LGALS4 (3960),-0.0,0.0,False
LRRC34 (151827),0.0,0.0,False
ATP5ME (521),0.0,0.0,False
COMMD8 (54951),0.0,0.0,False
PAH (5053),0.0,0.0,False
FEM1B (10116),-0.0,0.0,False
AFG2B (79029),-0.0,0.0,False
GATM (2628),-0.0,0.0,False
SYCE1 (93426),0.0,0.0,False
EXOSC10 (5394),0.0,0.0,False
ATOH1 (474),-0.0,0.0,False
MBOAT1 (154141),0.0,0.0,False
METAP1D (254042),-0.0,0.0,False
CYP7B1 (9420),-0.0,0.0,False
OVOL1 (5017),0.0,0.0,False
RARG (5916),-0.0,0.0,False
CNNM3 (26505),0.0,0.0,False
CES4A (283848),0.0,0.0,False
CES3 (23491),0.0,0.0,False
SSH3 (54961),0.0,0.0,False
CES2 (8824),-0.0,0.0,False
PDP2 (57546),-0.0,0.0,False
SP3 (6670),-0.0,0.0,False
SEMA4C (54910),-0.0,0.0,False
KRT2 (3849),0.0,0.0,False
DMXL1 (1657),0.0,0.0,False
ZNF621 (285268),0.0,0.0,False
MYD88 (4615),-0.0,0.0,False
EGFL7 (51162),0.0,0.0,False
NADSYN1 (55191),-0.0,0.0,False
DHCR7 (1717),0.0,0.0,False
LVRN (206338),-0.0,0.0,False
NBEA (26960),-0.0,0.0,False
FAM178B (51252),0.0,0.0,False
RNASEH2C (84153),0.0,0.0,False
CA7 (766),0.0,0.0,False
NPNT (255743),0.0,0.0,False
PKIG (11142),0.0,0.0,False
DNAJC21 (134218),0.0,0.0,False
AHCYL1 (10768),0.0,0.0,False
ANKRD13D (338692),0.0,0.0,False
RPL38 (6169),-0.0,0.0,False
SNX32 (254122),0.0,0.0,False
DCP2 (167227),-0.0,0.0,False
GSTM4 (2948),-0.0,0.0,False
CCL19 (6363),0.0,0.0,False
CORO1B (57175),0.0,0.0,False
FUT10 (84750),0.0,0.0,False
TSPAN5 (10098),0.0,0.0,False
LRRC20 (55222),0.0,0.0,False
MUS81 (80198),0.0,0.0,False
PURG (29942),-0.0,0.0,False
TMEM217 (221468),0.0,0.0,False
OR4D9 (390199),-0.0,0.0,False
ZNF596 (169270),-0.0,0.0,False
PPIP5K1 (9677),-0.0,0.0,False
COL6A5 (256076),0.0,0.0,False
CFL1 (1072),-0.0,0.0,False
TMCC1 (23023),0.0,0.0,False
NAA16 (79612),-0.0,0.0,False
OR5B3 (441608),-0.0,0.0,False
EFCAB12 (90288),-0.0,0.0,False
TCTN2 (79867),0.0,0.0,False
OR10W1 (81341),-0.0,0.0,False
PSME3IP1 (80011),-0.0,0.0,False
RAB43 (339122),-0.0,0.0,False
CXXC4 (80319),0.0,0.0,False
FADS6 (283985),0.0,0.0,False
ZNG1A (55871),0.0,0.0,False
TET2 (54790),0.0,0.0,False
HOXC5 (3222),-0.0,0.0,False
RAB37 (326624),-0.0,0.0,False
MRGPRF (116535),0.0,0.0,False
MRGPRD (116512),-0.0,0.0,False
OR8U1 (219417),0.0,0.0,False
RHOD (29984),-0.0,0.0,False
COQ2 (27235),0.0,0.0,False
CCDC63 (160762),0.0,0.0,False
HSPA6 (3310),-0.0,0.0,False
ZNF30 (90075),0.0,0.0,False
TRMT112 (51504),0.0,0.0,False
LRRN3 (54674),-0.0,0.0,False
KDM2A (22992),0.0,0.0,False
ACSM6 (142827),-0.0,0.0,False
ADCK5 (203054),0.0,0.0,False
VWA3B (200403),0.0,0.0,False
MRPL57 (78988),0.0,0.0,False
NOC3L (64318),0.0,0.0,False
ESRRA (2101),-0.0,0.0,False
NDUFS5 (4725),0.0,0.0,False
OXSR1 (9943),-0.0,0.0,False
ADAMTS20 (80070),-0.0,0.0,False
COMMD1 (150684),-0.0,0.0,False
RAPH1 (65059),0.0,0.0,False
MTX1 (4580),0.0,0.0,False
AXIN2 (8313),0.0,0.0,False
ADCY5 (111),0.0,0.0,False
PARP14 (54625),-0.0,0.0,False
CYSLTR1 (10800),-0.0,0.0,False
PARP15 (165631),-0.0,0.0,False
CKS1B (1163),0.0,0.0,False
ABCD2 (225),-0.0,0.0,False
ABLIM3 (22885),-0.0,0.0,False
WFDC13 (164237),0.0,0.0,False
HPSE (10855),-0.0,0.0,False
RXFP4 (339403),-0.0,0.0,False
BNC2 (54796),0.0,0.0,False
FAM222B (55731),-0.0,0.0,False
WFDC12 (128488),-0.0,0.0,False
LRP1B (53353),-0.0,0.0,False
SLC22A13 (9390),0.0,0.0,False
TMEM208 (29100),-0.0,0.0,False
IL7R (3575),0.0,0.0,False
SLC16A4 (9122),0.0,0.0,False
LCLAT1 (253558),-0.0,0.0,False
KCTD19 (146212),-0.0,0.0,False
ADH6 (130),-0.0,0.0,False
LDLRAD4 (753),0.0,0.0,False
XKR3 (150165),-0.0,0.0,False
FRG2C (100288801),0.0,0.0,False
KAT5 (10524),-0.0,0.0,False
SH3RF3 (344558),0.0,0.0,False
GXYLT2 (727936),0.0,0.0,False
HPSE2 (60495),-0.0,0.0,False
DCAKD (79877),0.0,0.0,False
ARPP21 (10777),0.0,0.0,False
TADA2B (93624),0.0,0.0,False
LRATD2 (157638),0.0,0.0,False
CFAP184 (257236),0.0,0.0,False
GRK2 (156),0.0,0.0,False
UGT3A2 (167127),0.0,0.0,False
RELA (5970),0.0,0.0,False
EVC2 (132884),-0.0,0.0,False
ZNF680 (340252),0.0,0.0,False
HECTD4 (283450),0.0,0.0,False
GARIN2 (161142),-0.0,0.0,False
SLFN11 (91607),-0.0,0.0,False
MS4A10 (341116),0.0,0.0,False
IL16 (3603),-0.0,0.0,False
CLEC12A (160364),0.0,0.0,False
OR13J1 (392309),0.0,0.0,False
GFM1 (85476),-0.0,0.0,False
OR5A2 (219981),-0.0,0.0,False
BPGM (669),-0.0,0.0,False
POP7 (10248),0.0,0.0,False
ALG14 (199857),0.0,0.0,False
SUCLG2 (8801),-0.0,0.0,False
ZBTB49 (166793),-0.0,0.0,False
STARD5 (80765),-0.0,0.0,False
CSDC2 (27254),-0.0,0.0,False
NSG1 (27065),-0.0,0.0,False
RCAN2 (10231),0.0,0.0,False
STX18 (53407),-0.0,0.0,False
ZNF738 (148203),0.0,0.0,False
ABCG4 (64137),-0.0,0.0,False
CDY1B (253175),0.0,0.0,False
GNB2 (2783),-0.0,0.0,False
CFAP53 (220136),-0.0,0.0,False
OR5B12 (390191),-0.0,0.0,False
OR5B2 (390190),0.0,0.0,False
MCRIP2 (84331),0.0,0.0,False
NHERF4 (79849),0.0,0.0,False
C2CD2L (9854),0.0,0.0,False
OR9I1 (219954),-0.0,0.0,False
ARNT2 (9915),-0.0,0.0,False
GNG12 (55970),-0.0,0.0,False
PRSS27 (83886),0.0,0.0,False
HTR1E (3354),-0.0,0.0,False
OR5A1 (219982),0.0,0.0,False
B3GALT1 (8708),-0.0,0.0,False
TP53RK (112858),0.0,0.0,False
ID4 (3400),0.0,0.0,False
SFTPB (6439),0.0,0.0,False
ANKRD49 (54851),0.0,0.0,False
OR4X2 (119764),0.0,0.0,False
SOX14 (8403),0.0,0.0,False
GPR22 (2845),-0.0,0.0,False
CXCR6 (10663),0.0,0.0,False
CEBPB (1051),-0.0,0.0,False
AZU1 (566),0.0,0.0,False
TPSAB1 (7177),0.0,0.0,False
ATOH8 (84913),0.0,0.0,False
ZNF354A (6940),0.0,0.0,False
PAIP1 (10605),0.0,0.0,False
CLEC7A (64581),-0.0,0.0,False
C5orf34 (375444),0.0,0.0,False
C1QTNF4 (114900),0.0,0.0,False
NEGR1 (257194),-0.0,0.0,False
ZNF131 (7690),0.0,0.0,False
DDX19A (55308),-0.0,0.0,False
DPAGT1 (1798),0.0,0.0,False
BSG (682),-0.0,0.0,False
CDY1 (9085),-0.0,0.0,False
OR10V1 (390201),-0.0,0.0,False
CERS6 (253782),0.0,0.0,False
SPTLC3 (55304),-0.0,0.0,False
FSTL5 (56884),0.0,0.0,False
COPRS (55352),0.0,0.0,False
MYOZ2 (51778),-0.0,0.0,False
SYNPO2 (171024),-0.0,0.0,False
DNAJB7 (150353),0.0,0.0,False
PPP1CA (5499),-0.0,0.0,False
HCFC1 (3054),0.0,0.0,False
FAM170B (170370),-0.0,0.0,False
CTSW (1521),0.0,0.0,False
LCMT2 (9836),0.0,0.0,False
MAPDA (161823),0.0,0.0,False
MUCL1 (118430),0.0,0.0,False
SNTG2 (54221),0.0,0.0,False
FNDC9 (408263),0.0,0.0,False
PDE3A (5139),-0.0,0.0,False
RASGRP1 (10125),-0.0,0.0,False
KLHL6 (89857),0.0,0.0,False
CHCHD1 (118487),0.0,0.0,False
MRPL52 (122704),-0.0,0.0,False
SMPDL3A (10924),-0.0,0.0,False
RAD9A (5883),0.0,0.0,False
CHTF8 (54921),-0.0,0.0,False
EFEMP2 (30008),-0.0,0.0,False
OR10AD1 (121275),0.0,0.0,False
AGAP5 (729092),-0.0,0.0,False
WASHC2C (253725),-0.0,0.0,False
ZBTB5 (9925),0.0,0.0,False
ABHD15 (116236),0.0,0.0,False
TMEM134 (80194),0.0,0.0,False
ZMAT3 (64393),-0.0,0.0,False
ZFAND4 (93550),-0.0,0.0,False
THEMIS (387357),0.0,0.0,False
MOS (4342),-0.0,0.0,False
SNTB2 (6645),0.0,0.0,False
IL12A (3592),0.0,0.0,False
CLP1 (10978),-0.0,0.0,False
BANP (54971),0.0,0.0,False
INSL5 (10022),0.0,0.0,False
EFCAB3 (146779),-0.0,0.0,False
TTC36 (143941),0.0,0.0,False
RSPH9 (221421),-0.0,0.0,False
COPS9 (150678),0.0,0.0,False
GTPBP2 (54676),0.0,0.0,False
FGGY (55277),0.0,0.0,False
OR9G4 (283189),-0.0,0.0,False
IL17D (53342),0.0,0.0,False
OR5AR1 (219493),-0.0,0.0,False
FUT9 (10690),0.0,0.0,False
OR5AP2 (338675),-0.0,0.0,False
TCEAL1 (9338),-0.0,0.0,False
ZNF24 (7572),-0.0,0.0,False
HSFY1 (86614),0.0,0.0,False
MANEA (79694),0.0,0.0,False
ZNF507 (22847),-0.0,0.0,False
RAB40A (142684),-0.0,0.0,False
MAB21L4 (79919),0.0,0.0,False
AGXT (189),0.0,0.0,False
OR8J1 (219477),0.0,0.0,False
OR5T3 (390154),-0.0,0.0,False
AFF1 (4299),0.0,0.0,False
ACOT12 (134526),-0.0,0.0,False
FIBP (9158),-0.0,0.0,False
CARNS1 (57571),0.0,0.0,False
OR10H5 (284433),0.0,0.0,False
AFAP1L2 (84632),0.0,0.0,False
ZBTB26 (57684),0.0,0.0,False
ATF5 (22809),0.0,0.0,False
SMAD1 (4086),0.0,0.0,False
CDK1 (983),0.0,0.0,False
CT55 (54967),0.0,0.0,False
UBB (7314),-0.0,0.0,False
NFRKB (4798),0.0,0.0,False
FABP4 (2167),-0.0,0.0,False
FRMPD2 (143162),0.0,0.0,False
PRDM10 (56980),0.0,0.0,False
B3GNT2 (10678),-0.0,0.0,False
MUC15 (143662),0.0,0.0,False
FOS (2353),-0.0,0.0,False
TMED10 (10972),-0.0,0.0,False
SETMAR (6419),-0.0,0.0,False
ZNF280A (129025),0.0,0.0,False
METTL15 (196074),0.0,0.0,False
LGALS9B (284194),-0.0,0.0,False
CST5 (1473),0.0,0.0,False
CCDC8 (83987),-0.0,0.0,False
EMX2 (2018),0.0,0.0,False
CRCT1 (54544),-0.0,0.0,False
GPR183 (1880),-0.0,0.0,False
SLC38A11 (151258),-0.0,0.0,False
SP7 (121340),0.0,0.0,False
TCAF2 (285966),-0.0,0.0,False
SEMA3E (9723),0.0,0.0,False
LRRN2 (10446),-0.0,0.0,False
SLC30A1 (7779),-0.0,0.0,False
DCLK2 (166614),0.0,0.0,False
ZNF804A (91752),0.0,0.0,False
STX8 (9482),0.0,0.0,False
GABARAP (11337),0.0,0.0,False
ADRA1B (147),-0.0,0.0,False
GON7 (84520),0.0,0.0,False
ADPRM (56985),-0.0,0.0,False
FABP6 (2172),-0.0,0.0,False
INO80E (283899),-0.0,0.0,False
PWWP2A (114825),0.0,0.0,False
USP50 (373509),0.0,0.0,False
USP47 (55031),-0.0,0.0,False
PDCD6IP (10015),-0.0,0.0,False
MRGPRX1 (259249),0.0,0.0,False
ZNF212 (7988),0.0,0.0,False
MRAP (56246),-0.0,0.0,False
FAM161A (84140),0.0,0.0,False
ZNF282 (8427),0.0,0.0,False
GLB1 (2720),-0.0,0.0,False
FAXDC2 (10826),-0.0,0.0,False
ZEB2 (9839),0.0,0.0,False
CLIC3 (9022),-0.0,0.0,False
CRTAP (10491),0.0,0.0,False
VPREB1 (7441),-0.0,0.0,False
HSPB2 (3316),-0.0,0.0,False
DTWD2 (285605),-0.0,0.0,False
C7orf33 (202865),-0.0,0.0,False
CNGB3 (54714),0.0,0.0,False
HINT1 (3094),0.0,0.0,False
SLN (6588),-0.0,0.0,False
PCBP1 (5093),0.0,0.0,False
ELP5 (23587),0.0,0.0,False
CMTM8 (152189),-0.0,0.0,False
GJB1 (2705),-0.0,0.0,False
GPRC5C (55890),-0.0,0.0,False
CLIC4 (25932),0.0,0.0,False
PLEKHA2 (59339),0.0,0.0,False
SCN9A (6335),0.0,0.0,False
SLC23A1 (9963),-0.0,0.0,False
KRT74 (121391),0.0,0.0,False
NPAS2 (4862),-0.0,0.0,False
KRT72 (140807),-0.0,0.0,False
KISS1 (3814),0.0,0.0,False
LONRF2 (164832),-0.0,0.0,False
NUDT9 (53343),0.0,0.0,False
HSD17B13 (345275),-0.0,0.0,False
PA2G4 (5036),0.0,0.0,False
COX7B2 (170712),0.0,0.0,False
ELOVL6 (79071),-0.0,0.0,False
KRT83 (3889),-0.0,0.0,False
RASSF6 (166824),-0.0,0.0,False
ARL6IP1 (23204),-0.0,0.0,False
HTRA4 (203100),0.0,0.0,False
SERPINB9 (5272),-0.0,0.0,False
CXCL8 (3576),0.0,0.0,False
SMAGP (57228),-0.0,0.0,False
IRX1 (79192),0.0,0.0,False
CDH2 (1000),0.0,0.0,False
IRX2 (153572),0.0,0.0,False
EMB (133418),-0.0,0.0,False
KCNK9 (51305),-0.0,0.0,False
SIX2 (10736),-0.0,0.0,False
NPR1 (4881),-0.0,0.0,False
DLGAP1 (9229),0.0,0.0,False
STAT2 (6773),0.0,0.0,False
NUDCD2 (134492),0.0,0.0,False
KRT4 (3851),0.0,0.0,False
MZB1 (51237),0.0,0.0,False
COL22A1 (169044),-0.0,0.0,False
PYM1 (84305),-0.0,0.0,False
TMEM182 (130827),0.0,0.0,False
TM2D2 (83877),-0.0,0.0,False
VSTM2A (222008),-0.0,0.0,False
KRT8 (3856),-0.0,0.0,False
KRT78 (196374),-0.0,0.0,False
ADORA2B (136),-0.0,0.0,False
SDR9C7 (121214),-0.0,0.0,False
MGMT (4255),0.0,0.0,False
OR4K15 (81127),-0.0,0.0,False
TMT1B (196410),-0.0,0.0,False
KRT86 (3892),-0.0,0.0,False
OR4K14 (122740),-0.0,0.0,False
HARS1 (3035),-0.0,0.0,False
SPRR1A (6698),-0.0,0.0,False
NFXL1 (152518),-0.0,0.0,False
KRT75 (9119),-0.0,0.0,False
DENND5B (160518),-0.0,0.0,False
CD14 (929),-0.0,0.0,False
DNAJC18 (202052),0.0,0.0,False
KRT6C (286887),-0.0,0.0,False
RIOX1 (79697),-0.0,0.0,False
SPRR1B (6699),-0.0,0.0,False
SPATA24 (202051),-0.0,0.0,False
MMGT1 (93380),0.0,0.0,False
CD52 (1043),0.0,0.0,False
SDC2 (6383),0.0,0.0,False
RALGAPB (57148),0.0,0.0,False
BNC1 (646),0.0,0.0,False
ANKK1 (255239),-0.0,0.0,False
IRF2BP1 (26145),-0.0,0.0,False
ZNF747 (65988),0.0,0.0,False
OTUD7A (161725),-0.0,0.0,False
TMEM266 (123591),0.0,0.0,False
LIMS1 (3987),-0.0,0.0,False
GUSB (2990),-0.0,0.0,False
NRG4 (145957),-0.0,0.0,False
BRD3 (8019),0.0,0.0,False
KLF13 (51621),0.0,0.0,False
RAC3 (5881),0.0,0.0,False
FRMPD4 (9758),0.0,0.0,False
LDB2 (9079),0.0,0.0,False
ZNF764 (92595),0.0,0.0,False
HSFY2 (159119),-0.0,0.0,False
ZNF32 (7580),0.0,0.0,False
DCXR (51181),-0.0,0.0,False
OTUD3 (23252),-0.0,0.0,False
ZNF768 (79724),0.0,0.0,False
TAS1R3 (83756),0.0,0.0,False
RFNG (5986),0.0,0.0,False
TMEM42 (131616),0.0,0.0,False
GPS1 (2873),-0.0,0.0,False
DUS1L (64118),-0.0,0.0,False
MAP3K2 (10746),0.0,0.0,False
PUSL1 (126789),0.0,0.0,False
ACTRT2 (140625),0.0,0.0,False
MT1E (4493),-0.0,0.0,False
SF3B5 (83443),0.0,0.0,False
ZNF35 (7584),0.0,0.0,False
CNBP (7555),0.0,0.0,False
NLGN1 (22871),-0.0,0.0,False
TM4SF1 (4071),-0.0,0.0,False
NANP (140838),-0.0,0.0,False
MUC17 (140453),-0.0,0.0,False
TACR3 (6870),-0.0,0.0,False
GSX1 (219409),0.0,0.0,False
PRY2 (442862),-0.0,0.0,False
PCDH7 (5099),-0.0,0.0,False
RBMY1F (159163),0.0,0.0,False
ROBO1 (6091),0.0,0.0,False
ONECUT1 (3175),-0.0,0.0,False
PRY (9081),-0.0,0.0,False
LINGO1 (84894),0.0,0.0,False
AVEN (57099),-0.0,0.0,False
P2RY1 (5028),-0.0,0.0,False
CTNND2 (1501),0.0,0.0,False
TRIM56 (81844),-0.0,0.0,False
AHSP (51327),0.0,0.0,False
S100G (795),0.0,0.0,False
TAS2R1 (50834),0.0,0.0,False
WNT10B (7480),0.0,0.0,False
CALML6 (163688),0.0,0.0,False
REPS2 (9185),0.0,0.0,False
UGP2 (7360),-0.0,0.0,False
TAPT1 (202018),-0.0,0.0,False
MUC3A (4584),-0.0,0.0,False
SYAP1 (94056),0.0,0.0,False
ITGAM (3684),-0.0,0.0,False
PYDC1 (260434),0.0,0.0,False
TPST1 (8460),0.0,0.0,False
TM4SF4 (7104),-0.0,0.0,False
TOR1AIP2 (163590),-0.0,0.0,False
TIGD4 (201798),-0.0,0.0,False
FASN (2194),-0.0,0.0,False
GP9 (2815),0.0,0.0,False
GPR25 (2848),0.0,0.0,False
APLF (200558),-0.0,0.0,False
NSG2 (51617),-0.0,0.0,False
PROKR1 (10887),-0.0,0.0,False
SPDYE5 (442590),0.0,0.0,False
SERPINA6 (866),-0.0,0.0,False
RAMAC (83640),-0.0,0.0,False
C15orf40 (123207),-0.0,0.0,False
ZNF778 (197320),0.0,0.0,False
NIPA1 (123606),-0.0,0.0,False
FOXD4 (2298),-0.0,0.0,False
CKAP2L (150468),0.0,0.0,False
GKN1 (56287),-0.0,0.0,False
ANTXR1 (84168),-0.0,0.0,False
UBE2E1 (7324),0.0,0.0,False
IFFO2 (126917),-0.0,0.0,False
HNRNPA3 (220988),-0.0,0.0,False
SIK2 (23235),0.0,0.0,False
RNF150 (57484),-0.0,0.0,False
CCDC144A (9720),-0.0,0.0,False
VGLL2 (245806),-0.0,0.0,False
HOXD4 (3233),-0.0,0.0,False
CHRNB1 (1140),-0.0,0.0,False
HOXD12 (3238),-0.0,0.0,False
NFU1 (27247),-0.0,0.0,False
GYPA (2993),0.0,0.0,False
USP38 (84640),0.0,0.0,False
SLC16A5 (9121),-0.0,0.0,False
DFFB (1677),0.0,0.0,False
TMEM192 (201931),0.0,0.0,False
BOLA2B (654483),0.0,0.0,False
RGPD8 (727851),0.0,0.0,False
SIMC1 (375484),0.0,0.0,False
ASPSCR1 (79058),0.0,0.0,False
NLGN2 (57555),-0.0,0.0,False
AGPAT2 (10555),0.0,0.0,False
CENPX (201254),0.0,0.0,False
MYO7B (4648),-0.0,0.0,False
CHD3 (1107),0.0,0.0,False
TMEM154 (201799),-0.0,0.0,False
MYRIP (25924),0.0,0.0,False
ALCAM (214),0.0,0.0,False
YWHAG (7532),-0.0,0.0,False
UBE2E3 (10477),-0.0,0.0,False
MT1B (4490),0.0,0.0,False
CHRNA5 (1138),-0.0,0.0,False
LRRC45 (201255),0.0,0.0,False
CNTROB (116840),0.0,0.0,False
TRAPPC1 (58485),-0.0,0.0,False
SPNS1 (83985),0.0,0.0,False
ZPLD1 (131368),-0.0,0.0,False
BUB1 (699),-0.0,0.0,False
DRD5 (1816),0.0,0.0,False
HEXD (284004),-0.0,0.0,False
KCNAB3 (9196),-0.0,0.0,False
SERPINA9 (327657),0.0,0.0,False
LUZP1 (7798),0.0,0.0,False
HIC2 (23119),0.0,0.0,False
FAM153A (285596),-0.0,0.0,False
GPR37L1 (9283),0.0,0.0,False
RNASE6 (6039),0.0,0.0,False
OR9K2 (441639),0.0,0.0,False
ZNF561 (93134),-0.0,0.0,False
TMEM126B (55863),0.0,0.0,False
BBLN (79095),-0.0,0.0,False
MORN4 (118812),0.0,0.0,False
ZNF672 (79894),-0.0,0.0,False
ZNF692 (55657),0.0,0.0,False
NAIF1 (203245),-0.0,0.0,False
RBKS (64080),0.0,0.0,False
LMAN2 (10960),-0.0,0.0,False
OR2M4 (26245),0.0,0.0,False
GRIK1 (2897),-0.0,0.0,False
MUC7 (4589),-0.0,0.0,False
OPRPN (58503),0.0,0.0,False
SMR3B (10879),-0.0,0.0,False
TMEM126A (84233),0.0,0.0,False
TRIM8 (81603),-0.0,0.0,False
SOCS5 (9655),-0.0,0.0,False
TBC1D10B (26000),0.0,0.0,False
NETO2 (81831),0.0,0.0,False
RGS14 (10636),-0.0,0.0,False
CSN3 (1448),0.0,0.0,False
CLDN20 (49861),-0.0,0.0,False
CDC42BPG (55561),-0.0,0.0,False
SCAND1 (51282),0.0,0.0,False
JUNB (3726),-0.0,0.0,False
FAM241B (219738),0.0,0.0,False
RSPO1 (284654),0.0,0.0,False
TMEM37 (140738),-0.0,0.0,False
UGT2B7 (7364),-0.0,0.0,False
LRG1 (116844),-0.0,0.0,False
C1GALT1C1 (29071),-0.0,0.0,False
GCSAML (148823),-0.0,0.0,False
C8orf74 (203076),0.0,0.0,False
HSFX1 (100506164),0.0,0.0,False
ALK (238),0.0,0.0,False
ZRSR2 (8233),0.0,0.0,False
KYAT1 (883),0.0,0.0,False
CXCL11 (6373),-0.0,0.0,False
MTM1 (4534),-0.0,0.0,False
OBP2B (29989),-0.0,0.0,False
NPIPB3 (23117),-0.0,0.0,False
TRMT61B (55006),-0.0,0.0,False
INSR (3643),0.0,0.0,False
MFN1 (55669),0.0,0.0,False
CXCL10 (3627),0.0,0.0,False
GIMAP8 (155038),0.0,0.0,False
EFNA1 (1942),-0.0,0.0,False
SLC50A1 (55974),0.0,0.0,False
RAB24 (53917),0.0,0.0,False
NRTN (4902),-0.0,0.0,False
KCNMB3 (27094),0.0,0.0,False
CA5B (11238),0.0,0.0,False
THBS3 (7059),0.0,0.0,False
FUT3 (2525),-0.0,0.0,False
PRELID1 (27166),0.0,0.0,False
KCNG3 (170850),0.0,0.0,False
ATP6V0E2 (155066),0.0,0.0,False
PRKCE (5581),0.0,0.0,False
OR2K2 (26248),-0.0,0.0,False
JAGN1 (84522),0.0,0.0,False
RLN3 (117579),0.0,0.0,False
TADA3 (10474),0.0,0.0,False
SHCBP1 (79801),-0.0,0.0,False
SOSTDC1 (25928),0.0,0.0,False
CD2BP2 (10421),0.0,0.0,False
KRT27 (342574),-0.0,0.0,False
PDE7B (27115),0.0,0.0,False
APEX2 (27301),0.0,0.0,False
MRPL36 (64979),0.0,0.0,False
ZNF581 (51545),0.0,0.0,False
NAT1 (9),-0.0,0.0,False
MN1 (4330),-0.0,0.0,False
KRT20 (54474),-0.0,0.0,False
GLOD5 (392465),0.0,0.0,False
KSR2 (283455),0.0,0.0,False
GSG1L (146395),0.0,0.0,False
ZNF524 (147807),-0.0,0.0,False
XPO6 (23214),0.0,0.0,False
MCC (4163),-0.0,0.0,False
CSGALNACT2 (55454),-0.0,0.0,False
NPTX1 (4884),0.0,0.0,False
CDK5R2 (8941),-0.0,0.0,False
PCSK9 (255738),-0.0,0.0,False
DSEL (92126),0.0,0.0,False
POLR1C (9533),0.0,0.0,False
ASXL1 (171023),0.0,0.0,False
CPT1C (126129),0.0,0.0,False
OR1L6 (392390),0.0,0.0,False
ZBTB43 (23099),0.0,0.0,False
DLK2 (65989),-0.0,0.0,False
GOT1L1 (137362),0.0,0.0,False
UBE2V2 (7336),0.0,0.0,False
ZNF562 (54811),0.0,0.0,False
ZNF318 (24149),0.0,0.0,False
XAGE5 (170627),-0.0,0.0,False
KRT9 (3857),-0.0,0.0,False
NSMCE1 (197370),-0.0,0.0,False
XAGE3 (170626),0.0,0.0,False
FAM98B (283742),0.0,0.0,False
ZNF439 (90594),0.0,0.0,False
ZNF440 (126070),0.0,0.0,False
GAA (2548),0.0,0.0,False
CANT1 (124583),-0.0,0.0,False
OR6F1 (343169),0.0,0.0,False
KCNK3 (3777),0.0,0.0,False
OR10G3 (26533),-0.0,0.0,False
ZDHHC16 (84287),-0.0,0.0,False
CHST11 (50515),-0.0,0.0,False
NPIPB12 (440353),-0.0,0.0,False
EXOSC1 (51013),-0.0,0.0,False
IL13 (3596),-0.0,0.0,False
PGAM1 (5223),-0.0,0.0,False
CHD7 (55636),0.0,0.0,False
ESCO2 (157570),-0.0,0.0,False
KRT19 (3880),0.0,0.0,False
KRT15 (3866),-0.0,0.0,False
LURAP1 (541468),-0.0,0.0,False
KRT38 (8687),-0.0,0.0,False
CLCN5 (1184),0.0,0.0,False
CCDC126 (90693),0.0,0.0,False
TPPP (11076),-0.0,0.0,False
KCND3 (3752),0.0,0.0,False
APLN (8862),0.0,0.0,False
KRTAP4-4 (84616),0.0,0.0,False
KRT13 (3860),-0.0,0.0,False
C11orf24 (53838),0.0,0.0,False
SOX7 (83595),-0.0,0.0,False
HSPA4 (3308),-0.0,0.0,False
FSHR (2492),0.0,0.0,False
TPD52L3 (89882),-0.0,0.0,False
RNASE2 (6036),-0.0,0.0,False
CDCA4 (55038),-0.0,0.0,False
ARL13B (200894),0.0,0.0,False
OR10A4 (283297),0.0,0.0,False
SDR16C5 (195814),-0.0,0.0,False
OR10A2 (341276),0.0,0.0,False
CHCHD7 (79145),-0.0,0.0,False
HTRA3 (94031),-0.0,0.0,False
SIN3A (25942),-0.0,0.0,False
FOXN2 (3344),-0.0,0.0,False
LMOD2 (442721),-0.0,0.0,False
BFSP2 (8419),0.0,0.0,False
USP32 (84669),-0.0,0.0,False
GPR37 (2861),-0.0,0.0,False
CEL (1056),0.0,0.0,False
PPM1D (8493),-0.0,0.0,False
GPR27 (2850),0.0,0.0,False
CRADD (8738),0.0,0.0,False
MRFAP1L2 (93622),0.0,0.0,False
PSG6 (5675),0.0,0.0,False
SNUPN (10073),-0.0,0.0,False
KBTBD2 (25948),-0.0,0.0,False
RIOX2 (84864),0.0,0.0,False
TRIAP1 (51499),-0.0,0.0,False
LSM3 (27258),0.0,0.0,False
KIAA0232 (9778),-0.0,0.0,False
MTSS1 (9788),-0.0,0.0,False
AKAP13 (11214),-0.0,0.0,False
KIF5B (3799),-0.0,0.0,False
FEZ2 (9637),-0.0,0.0,False
PTK2 (5747),-0.0,0.0,False
FOXA3 (3171),-0.0,0.0,False
PTPN9 (5780),-0.0,0.0,False
GARIN3 (153745),-0.0,0.0,False
SLC26A5 (375611),-0.0,0.0,False
COMMD5 (28991),0.0,0.0,False
PTAFR (5724),-0.0,0.0,False
SGCD (6444),-0.0,0.0,False
RSPH10B2 (728194),-0.0,0.0,False
GTSF1 (121355),0.0,0.0,False
ZNF16 (7564),0.0,0.0,False
ARMC10 (83787),0.0,0.0,False
RNF34 (80196),-0.0,0.0,False
ACYP2 (98),0.0,0.0,False
RNASE3 (6037),0.0,0.0,False
RBMXL2 (27288),-0.0,0.0,False
TRABD (80305),-0.0,0.0,False
ATF7 (11016),0.0,0.0,False
RASA4B (100271927),-0.0,0.0,False
SOCS6 (9306),-0.0,0.0,False
CAVIN4 (347273),0.0,0.0,False
OR10A3 (26496),0.0,0.0,False
ELSPBP1 (64100),0.0,0.0,False
ZNF296 (162979),0.0,0.0,False
HOXB9 (3219),0.0,0.0,False
TTLL6 (284076),-0.0,0.0,False
POLH (5429),0.0,0.0,False
SYT9 (143425),-0.0,0.0,False
KCNS3 (3790),0.0,0.0,False
SLC33A1 (9197),0.0,0.0,False
TMEM43 (79188),-0.0,0.0,False
RNF139 (11236),-0.0,0.0,False
PLAC1 (10761),0.0,0.0,False
PGK2 (5232),0.0,0.0,False
OR8B12 (219858),0.0,0.0,False
KCNAB1 (7881),-0.0,0.0,False
ZNF415 (55786),0.0,0.0,False
CAVIN3 (112464),-0.0,0.0,False
CEACAM3 (1084),0.0,0.0,False
DCDC1 (341019),-0.0,0.0,False
HSPB3 (8988),0.0,0.0,False
GPRIN1 (114787),-0.0,0.0,False
B3GALNT1 (8706),0.0,0.0,False
HAS2 (3037),0.0,0.0,False
PDGFD (80310),-0.0,0.0,False
ADRB2 (154),-0.0,0.0,False
DDI1 (414301),-0.0,0.0,False
RPS9 (6203),0.0,0.0,False
S1PR1 (1901),0.0,0.0,False
NMD3 (51068),-0.0,0.0,False
HS6ST2 (90161),-0.0,0.0,False
OR4D5 (219875),-0.0,0.0,False
PYGO1 (26108),0.0,0.0,False
LRRC8E (80131),0.0,0.0,False
PKIA (5569),-0.0,0.0,False
XKR6 (286046),0.0,0.0,False
TSNARE1 (203062),-0.0,0.0,False
FPR2 (2358),-0.0,0.0,False
FPR1 (2357),-0.0,0.0,False
PATE1 (160065),0.0,0.0,False
OR13H1 (347468),0.0,0.0,False
ZNF160 (90338),0.0,0.0,False
MBD3L1 (85509),0.0,0.0,False
DNAJC24 (120526),0.0,0.0,False
MRPL1 (65008),0.0,0.0,False
PLA2G1B (5319),0.0,0.0,False
CYTL1 (54360),-0.0,0.0,False
TSEN34 (79042),0.0,0.0,False
GP2 (2813),0.0,0.0,False
UMOD (7369),0.0,0.0,False
MAB21L3 (126868),0.0,0.0,False
TRH (7200),0.0,0.0,False
GSTA4 (2941),0.0,0.0,False
MSANTD4 (84437),0.0,0.0,False
NDUFA3 (4696),-0.0,0.0,False
PDILT (204474),-0.0,0.0,False
OR5AU1 (390445),-0.0,0.0,False
C22orf15 (150248),0.0,0.0,False
P2RY12 (64805),-0.0,0.0,False
OSCAR (126014),0.0,0.0,False
PAQR8 (85315),0.0,0.0,False
NUDT6 (11162),0.0,0.0,False
IL1RAPL1 (11141),-0.0,0.0,False
OR7G3 (390883),0.0,0.0,False
PGM2 (55276),0.0,0.0,False
TANC2 (26115),-0.0,0.0,False
OR7G2 (390882),0.0,0.0,False
TEX13B (56156),0.0,0.0,False
NR0B1 (190),-0.0,0.0,False
PKHD1 (5314),0.0,0.0,False
OR1M1 (125963),0.0,0.0,False
SHE (126669),-0.0,0.0,False
TSPAN6 (7105),0.0,0.0,False
PSMD1 (5707),-0.0,0.0,False
TUBB8B (260334),0.0,0.0,False
CALHM5 (254228),-0.0,0.0,False
DMAP1 (55929),0.0,0.0,False
LRRC75B (388886),-0.0,0.0,False
TSPYL6 (388951),-0.0,0.0,False
GPR150 (285601),-0.0,0.0,False
CIMIP6 (129852),0.0,0.0,False
SPATA31E1 (286234),0.0,0.0,False
DPY19L2 (283417),-0.0,0.0,False
CIMAP1B (440836),-0.0,0.0,False
LCN15 (389812),0.0,0.0,False
ASB8 (140461),0.0,0.0,False
IMP3 (55272),-0.0,0.0,False
RIC8A (60626),0.0,0.0,False
RPS27 (6232),-0.0,0.0,False
BET1L (51272),0.0,0.0,False
CIMAP1A (113746),0.0,0.0,False
ADAMTSL1 (92949),0.0,0.0,False
IMPDH2 (3615),-0.0,0.0,False
THBD (7056),-0.0,0.0,False
ALS2CL (259173),0.0,0.0,False
AMER3 (205147),0.0,0.0,False
ZNF518B (85460),0.0,0.0,False
ZNF114 (163071),0.0,0.0,False
DALRD3 (55152),-0.0,0.0,False
NDUFV2 (4729),-0.0,0.0,False
GOLGA8Q (727909),0.0,0.0,False
DDX10 (1662),0.0,0.0,False
BOLA1 (51027),0.0,0.0,False
TSSK6 (83983),-0.0,0.0,False
HTR3C (170572),-0.0,0.0,False
STAP2 (55620),-0.0,0.0,False
GRAMD1C (54762),-0.0,0.0,False
C2orf69 (205327),0.0,0.0,False
NDUFAF3 (25915),0.0,0.0,False
MLF1 (4291),0.0,0.0,False
MAMDC4 (158056),0.0,0.0,False
CAPZA3 (93661),0.0,0.0,False
ZNF354C (30832),0.0,0.0,False
ARL6IP6 (151188),0.0,0.0,False
FLII (2314),-0.0,0.0,False
TMEM94 (9772),0.0,0.0,False
SLC35G5 (83650),0.0,0.0,False
NECTIN3 (25945),-0.0,0.0,False
FAM20C (56975),-0.0,0.0,False
POLR2L (5441),0.0,0.0,False
CD151 (977),-0.0,0.0,False
NAALADL2 (254827),0.0,0.0,False
OR4F4 (26682),0.0,0.0,False
DNAJC28 (54943),0.0,0.0,False
SUMO4 (387082),0.0,0.0,False
CRACR2B (283229),0.0,0.0,False
DEFB114 (245928),0.0,0.0,False
THAP5 (168451),0.0,0.0,False
SRRM3 (222183),0.0,0.0,False
SOX12 (6666),-0.0,0.0,False
HNRNPA0 (10949),-0.0,0.0,False
YIPF7 (285525),-0.0,0.0,False
ZNF619 (285267),0.0,0.0,False
SPATA31C2 (645961),0.0,0.0,False
UBE2N (7334),0.0,0.0,False
ZBTB41 (360023),0.0,0.0,False
GRB2 (2885),0.0,0.0,False
AP3S1 (1176),0.0,0.0,False
CCDC184 (387856),-0.0,0.0,False
SVBP (374969),0.0,0.0,False
MYOZ1 (58529),0.0,0.0,False
TMEM187 (8269),0.0,0.0,False
ZNF518A (9849),-0.0,0.0,False
ZNF620 (253639),-0.0,0.0,False
CHID1 (66005),0.0,0.0,False
KCNJ10 (3766),-0.0,0.0,False
TMEM78 (677790),0.0,0.0,False
SPINK6 (404203),-0.0,0.0,False
LCORL (254251),0.0,0.0,False
PARD6G (84552),-0.0,0.0,False
NT5DC1 (221294),-0.0,0.0,False
MAF (4094),-0.0,0.0,False
ERBB4 (2066),0.0,0.0,False
EPM2AIP1 (9852),0.0,0.0,False
CD28 (940),-0.0,0.0,False
CA8 (767),0.0,0.0,False
SLC25A20 (788),0.0,0.0,False
CTXN1 (404217),0.0,0.0,False
AMBN (258),0.0,0.0,False
KLHL11 (55175),0.0,0.0,False
DTX3 (196403),-0.0,0.0,False
UCN3 (114131),0.0,0.0,False
P4HTM (54681),0.0,0.0,False
TUBAL3 (79861),-0.0,0.0,False
MCMDC2 (157777),-0.0,0.0,False
COX14 (84987),0.0,0.0,False
CTNNBIP1 (56998),-0.0,0.0,False
OR6B3 (150681),-0.0,0.0,False
DEFB125 (245938),0.0,0.0,False
PARP10 (84875),0.0,0.0,False
RPP25 (54913),-0.0,0.0,False
DHFR2 (200895),-0.0,0.0,False
KCTD12 (115207),-0.0,0.0,False
NSUN3 (63899),0.0,0.0,False
SUZ12 (23512),-0.0,0.0,False
DYNAP (284254),0.0,0.0,False
ZNF713 (349075),-0.0,0.0,False
PSAPL1 (768239),-0.0,0.0,False
CSRNP3 (80034),0.0,0.0,False
C10orf53 (282966),0.0,0.0,False
GPR35 (2859),0.0,0.0,False
ERN1 (2081),0.0,0.0,False
GTPBP6 (8225),-0.0,0.0,False
OTOS (150677),0.0,0.0,False
GLDC (2731),-0.0,0.0,False
BEND3 (57673),0.0,0.0,False
ZNF454 (285676),0.0,0.0,False
CEP295NL (100653515),-0.0,0.0,False
SPAG11A (653423),0.0,0.0,False
TNP2 (7142),-0.0,0.0,False
PRM3 (58531),-0.0,0.0,False
WDR6 (11180),-0.0,0.0,False
SLITRK1 (114798),-0.0,0.0,False
TMEM151B (441151),-0.0,0.0,False
ZNF543 (125919),-0.0,0.0,False
PRSS36 (146547),0.0,0.0,False
RNF212 (285498),-0.0,0.0,False
SH2D4B (387694),0.0,0.0,False
PLEC (5339),-0.0,0.0,False
POGLUT3 (143888),0.0,0.0,False
VN1R1 (57191),0.0,0.0,False
ZC3H12D (340152),-0.0,0.0,False
SH2B1 (25970),0.0,0.0,False
GEN1 (348654),-0.0,0.0,False
TMPRSS9 (360200),-0.0,0.0,False
AQP11 (282679),0.0,0.0,False
PLEKHM3 (389072),-0.0,0.0,False
NEUROG2 (63973),0.0,0.0,False
DNAJC22 (79962),-0.0,0.0,False
FAM220A (84792),0.0,0.0,False
CCDC185 (164127),-0.0,0.0,False
HTR1A (3350),-0.0,0.0,False
ZNF223 (7766),-0.0,0.0,False
ZFAND2A (90637),-0.0,0.0,False
TMEM11 (8834),-0.0,0.0,False
CALML5 (51806),-0.0,0.0,False
CALML3 (810),-0.0,0.0,False
OR2D3 (120775),-0.0,0.0,False
SHISA3 (152573),-0.0,0.0,False
KCNG2 (26251),0.0,0.0,False
ZNF354B (117608),0.0,0.0,False
CD163L1 (283316),0.0,0.0,False
AGTRAP (57085),0.0,0.0,False
TEX44 (165100),0.0,0.0,False
DEFB104B (503618),0.0,0.0,False
RHOG (391),-0.0,0.0,False
DSCAML1 (57453),0.0,0.0,False
SCN4B (6330),0.0,0.0,False
PHETA2 (150368),-0.0,0.0,False
POLE (5426),0.0,0.0,False
WDR73 (84942),-0.0,0.0,False
ACER2 (340485),-0.0,0.0,False
SLC38A9 (153129),-0.0,0.0,False
ZDHHC13 (54503),0.0,0.0,False
FBXO46 (23403),-0.0,0.0,False
IFNW1 (3467),0.0,0.0,False
SIX5 (147912),0.0,0.0,False
TMEM80 (283232),0.0,0.0,False
MTX3 (345778),0.0,0.0,False
DEAF1 (10522),0.0,0.0,False
EPS8L2 (64787),0.0,0.0,False
ZDHHC22 (283576),0.0,0.0,False
ANO6 (196527),-0.0,0.0,False
OR14C36 (127066),-0.0,0.0,False
PUS1 (80324),-0.0,0.0,False
B3GNT8 (374907),-0.0,0.0,False
RPS6KA3 (6197),-0.0,0.0,False
OR2M7 (391196),-0.0,0.0,False
CLVS1 (157807),0.0,0.0,False
RIMKLA (284716),-0.0,0.0,False
ULK1 (8408),0.0,0.0,False
ZBTB34 (403341),-0.0,0.0,False
TALDO1 (6888),0.0,0.0,False
OR2T35 (403244),-0.0,0.0,False
FAM210A (125228),-0.0,0.0,False
NUDT4B (440672),-0.0,0.0,False
CETN1 (1068),0.0,0.0,False
FAM9B (171483),-0.0,0.0,False
C19orf18 (147685),-0.0,0.0,False
MTHFR (4524),0.0,0.0,False
OR2T12 (127064),0.0,0.0,False
SMCR8 (140775),0.0,0.0,False
TCIM (56892),-0.0,0.0,False
OR51H1 (401663),0.0,0.0,False
PNMA1 (9240),-0.0,0.0,False
OR51T1 (401665),0.0,0.0,False
TCEANC (170082),0.0,0.0,False
OR51A7 (119687),0.0,0.0,False
PXMP2 (5827),0.0,0.0,False
OR51G2 (81282),0.0,0.0,False
TYMS (7298),-0.0,0.0,False
SOX11 (6664),0.0,0.0,False
GRIN1 (2902),0.0,0.0,False
WSB2 (55884),-0.0,0.0,False
FAM91A1 (157769),0.0,0.0,False
METRNL (284207),-0.0,0.0,False
IRX5 (10265),0.0,0.0,False
MAMSTR (284358),-0.0,0.0,False
ANKLE2 (23141),-0.0,0.0,False
C8G (733),0.0,0.0,False
LY6H (4062),0.0,0.0,False
FMR1NB (158521),0.0,0.0,False
SEC24C (9632),0.0,0.0,False
DPP7 (29952),-0.0,0.0,False
SHMT1 (6470),-0.0,0.0,False
FAM89B (23625),-0.0,0.0,False
FIBIN (387758),0.0,0.0,False
NFATC2IP (84901),0.0,0.0,False
FUT2 (2524),-0.0,0.0,False
THAP4 (51078),-0.0,0.0,False
MUC20 (200958),-0.0,0.0,False
GCNT4 (51301),-0.0,0.0,False
EFCAB5 (374786),0.0,0.0,False
OR51F2 (119694),-0.0,0.0,False
OR51S1 (119692),0.0,0.0,False
CHD9 (80205),-0.0,0.0,False
SPACA4 (171169),0.0,0.0,False
MBOAT4 (619373),-0.0,0.0,False
ACOT4 (122970),0.0,0.0,False
NHLH2 (4808),-0.0,0.0,False
RABEP2 (79874),0.0,0.0,False
SLC25A22 (79751),0.0,0.0,False
OR2B11 (127623),-0.0,0.0,False
RPRM (56475),-0.0,0.0,False
ST8SIA3 (51046),0.0,0.0,False
IRX3 (79191),0.0,0.0,False
VCX2 (51480),0.0,0.0,False
ZBED2 (79413),-0.0,0.0,False
OR2G2 (81470),-0.0,0.0,False
ZBTB33 (10009),-0.0,0.0,False
RBM44 (375316),0.0,0.0,False
ARIH2 (10425),-0.0,0.0,False
OR2G3 (81469),-0.0,0.0,False
CAVIN1 (284119),-0.0,0.0,False
ATOX1 (475),-0.0,0.0,False
FAM187B (148109),0.0,0.0,False
TBL1XR1 (79718),0.0,0.0,False
CSTF2T (23283),-0.0,0.0,False
PNPLA2 (57104),0.0,0.0,False
IL17RA (23765),0.0,0.0,False
ACAD9 (28976),0.0,0.0,False
GBA1 (2629),-0.0,0.0,False
C12orf54 (121273),-0.0,0.0,False
PGBD5 (79605),0.0,0.0,False
JUN (3725),0.0,0.0,False
SAMD12 (401474),-0.0,0.0,False
HASPIN (83903),0.0,0.0,False
RPLP2 (6181),0.0,0.0,False
ZNF491 (126069),0.0,0.0,False
PIDD1 (55367),0.0,0.0,False
C18orf32 (497661),-0.0,0.0,False
CD163 (9332),0.0,0.0,False
OLIG3 (167826),-0.0,0.0,False
GPR4 (2828),0.0,0.0,False
OR2T33 (391195),0.0,0.0,False
NR2C2 (7182),0.0,0.0,False
ZBTB38 (253461),-0.0,0.0,False
CASKIN2 (57513),0.0,0.0,False
TOP3A (7156),-0.0,0.0,False
KCNA2 (3737),0.0,0.0,False
CLDN22 (53842),0.0,0.0,False
FBXO39 (162517),0.0,0.0,False
GJD4 (219770),-0.0,0.0,False
FZD8 (8325),0.0,0.0,False
OR2AJ1 (127608),-0.0,0.0,False
KCNA3 (3738),-0.0,0.0,False
DEFB4B (100289462),0.0,0.0,False
DEFB103B (55894),0.0,0.0,False
MAN1B1 (11253),0.0,0.0,False
TRIM72 (493829),-0.0,0.0,False
GATD1 (347862),0.0,0.0,False
BEND2 (139105),-0.0,0.0,False
CCDC71 (64925),-0.0,0.0,False
C10orf71 (118461),-0.0,0.0,False
TGIF1 (7050),-0.0,0.0,False
OR2T8 (343172),0.0,0.0,False
ERICH5 (203111),-0.0,0.0,False
CD19 (930),0.0,0.0,False
NIM1K (167359),-0.0,0.0,False
NAP1L5 (266812),0.0,0.0,False
MIEF2 (125170),0.0,0.0,False
UBE2U (148581),0.0,0.0,False
LRRN4CL (221091),0.0,0.0,False
SAMD9L (219285),-0.0,0.0,False
UMODL1 (89766),0.0,0.0,False
MAGEF1 (64110),-0.0,0.0,False
PPFIA3 (8541),0.0,0.0,False
HIC1 (3090),0.0,0.0,False
TIMM22 (29928),0.0,0.0,False
GRINA (2907),-0.0,0.0,False
GP5 (2814),-0.0,0.0,False
MFSD4B (91749),0.0,0.0,False
ANKRD18A (253650),-0.0,0.0,False
NKX2-6 (137814),0.0,0.0,False
C3orf80 (401097),0.0,0.0,False
GARIN5B (284418),0.0,0.0,False
ZNF48 (197407),0.0,0.0,False
OR1E1 (8387),0.0,0.0,False
PTGR3 (284273),-0.0,0.0,False
SOCS4 (122809),-0.0,0.0,False
PSTK (118672),-0.0,0.0,False
TSHZ1 (10194),-0.0,0.0,False
ZNF771 (51333),0.0,0.0,False
DCTPP1 (79077),-0.0,0.0,False
SSC5D (284297),0.0,0.0,False
PUF60 (22827),-0.0,0.0,False
FIZ1 (84922),-0.0,0.0,False
BBS10 (79738),0.0,0.0,False
TMEM150B (284417),-0.0,0.0,False
WFDC11 (259239),0.0,0.0,False
COX5A (9377),-0.0,0.0,False
TMEM86B (255043),-0.0,0.0,False
F2 (2147),-0.0,0.0,False
MYL11 (29895),-0.0,0.0,False
WFDC9 (259240),0.0,0.0,False
RCC1 (1104),-0.0,0.0,False
TDRP (157695),0.0,0.0,False
FAHD1 (81889),0.0,0.0,False
MED14 (9282),0.0,0.0,False
TH (7054),-0.0,0.0,False
LYNX1 (66004),0.0,0.0,False
CSNK1A1L (122011),0.0,0.0,False
TDRD6 (221400),-0.0,0.0,False
EXOC3 (11336),0.0,0.0,False
TRNAU1AP (54952),-0.0,0.0,False
SEPTIN1 (1731),0.0,0.0,False
OR3A1 (4994),0.0,0.0,False
CCR8 (1237),0.0,0.0,False
C14orf119 (55017),-0.0,0.0,False
ZNF648 (127665),0.0,0.0,False
ZNF784 (147808),-0.0,0.0,False
SERTAD2 (9792),0.0,0.0,False
MROH1 (727957),0.0,0.0,False
MRGPRX3 (117195),0.0,0.0,False
MYADM (91663),-0.0,0.0,False
MRGPRX4 (117196),-0.0,0.0,False
FAM216B (144809),-0.0,0.0,False
CDH5 (1003),0.0,0.0,False
ATOH7 (220202),0.0,0.0,False
FOXS1 (2307),-0.0,0.0,False
PIPOX (51268),0.0,0.0,False
SYCN (342898),-0.0,0.0,False
APOBEC3B (9582),-0.0,0.0,False
PCED1B (91523),-0.0,0.0,False
NLRP8 (126205),-0.0,0.0,False
WDR97 (340390),-0.0,0.0,False
AKAP5 (9495),0.0,0.0,False
NKPD1 (284353),0.0,0.0,False
GIPC3 (126326),0.0,0.0,False
R3HDM2 (22864),0.0,0.0,False
GPBAR1 (151306),-0.0,0.0,False
OR10A7 (121364),-0.0,0.0,False
SEPHS2 (22928),-0.0,0.0,False
NRXN1 (9378),0.0,0.0,False
ITLN1 (55600),-0.0,0.0,False
B3GNT3 (10331),-0.0,0.0,False
ZNF154 (7710),-0.0,0.0,False
RNF227 (284023),0.0,0.0,False
CFAP276 (127003),0.0,0.0,False
PDXDC1 (23042),0.0,0.0,False
TIGD5 (84948),0.0,0.0,False
NLRP11 (204801),-0.0,0.0,False
ABCA13 (154664),-0.0,0.0,False
CITED4 (163732),-0.0,0.0,False
GARIN6 (196472),0.0,0.0,False
PRKRA (8575),-0.0,0.0,False
ZNRF2 (223082),0.0,0.0,False
DEFB119 (245932),0.0,0.0,False
PCGF5 (84333),0.0,0.0,False
ZNF594 (84622),0.0,0.0,False
SSTR2 (6752),0.0,0.0,False
GSX2 (170825),0.0,0.0,False
MB21D2 (151963),0.0,0.0,False
H2BC4 (8347),0.0,0.0,False
SKIDA1 (387640),0.0,0.0,False
EIF2S3B (255308),0.0,0.0,False
H2AC6 (8334),0.0,0.0,False
FUT7 (2529),0.0,0.0,False
TSPYL5 (85453),0.0,0.0,False
RNF182 (221687),0.0,0.0,False
BHLHA15 (168620),0.0,0.0,False
NRIP1 (8204),-0.0,0.0,False
KCNE1 (3753),0.0,0.0,False
SLC47A2 (146802),-0.0,0.0,False
PRF1 (5551),-0.0,0.0,False
OR2A4 (79541),0.0,0.0,False
CLRN3 (119467),0.0,0.0,False
ANKRD30B (374860),0.0,0.0,False
ZDHHC20 (253832),-0.0,0.0,False
SLC36A4 (120103),0.0,0.0,False
AGTR2 (186),-0.0,0.0,False
CHST13 (166012),-0.0,0.0,False
GPR157 (80045),0.0,0.0,False
S1PR5 (53637),-0.0,0.0,False
MAB21L1 (4081),-0.0,0.0,False
SHISA2 (387914),0.0,0.0,False
CHRM4 (1132),-0.0,0.0,False
OR10K2 (391107),-0.0,0.0,False
C3orf22 (152065),-0.0,0.0,False
TMEM64 (169200),0.0,0.0,False
YOD1 (55432),-0.0,0.0,False
MIGA1 (374986),0.0,0.0,False
GLIPR1L2 (144321),-0.0,0.0,False
RRH (10692),-0.0,0.0,False
ZNF571 (51276),0.0,0.0,False
TIGD2 (166815),-0.0,0.0,False
FZD2 (2535),-0.0,0.0,False
MEIOC (284071),0.0,0.0,False
KCTD4 (386618),0.0,0.0,False
CCDC43 (124808),0.0,0.0,False
ALX1 (8092),-0.0,0.0,False
PNPLA1 (285848),0.0,0.0,False
WFDC10A (140832),0.0,0.0,False
OAZ2 (4947),0.0,0.0,False
PLD5 (200150),0.0,0.0,False
GPR139 (124274),0.0,0.0,False
ADGRD2 (347088),0.0,0.0,False
FGD6 (55785),-0.0,0.0,False
ZNF816 (125893),0.0,0.0,False
SLC9A4 (389015),0.0,0.0,False
ITPRID1 (223075),-0.0,0.0,False
HCLS1 (3059),0.0,0.0,False
MTURN (222166),0.0,0.0,False
C11orf71 (54494),0.0,0.0,False
OR10Q1 (219960),-0.0,0.0,False
ARHGAP45 (23526),-0.0,0.0,False
GAS1 (2619),-0.0,0.0,False
SERTM1 (400120),-0.0,0.0,False
OR6K6 (128371),-0.0,0.0,False
CYP8B1 (1582),0.0,0.0,False
DEFB123 (245936),-0.0,0.0,False
ZNF609 (23060),-0.0,0.0,False
HARBI1 (283254),0.0,0.0,False
MCFD2 (90411),-0.0,0.0,False
KRTAP9-7 (100505724),0.0,0.0,False
DEFB124 (245937),-0.0,0.0,False
CCDC66 (285331),0.0,0.0,False
PAK2 (5062),-0.0,0.0,False
OR6C2 (341416),0.0,0.0,False
ARL14 (80117),-0.0,0.0,False
RPRML (388394),0.0,0.0,False
TUFM (7284),-0.0,0.0,False
TMEM107 (84314),-0.0,0.0,False
KLHDC7A (127707),-0.0,0.0,False
C3orf38 (285237),-0.0,0.0,False
MRFAP1 (93621),0.0,0.0,False
C14orf39 (317761),-0.0,0.0,False
TAS1R2 (80834),0.0,0.0,False
AURKB (9212),-0.0,0.0,False
EXD1 (161829),-0.0,0.0,False
SNX18 (112574),0.0,0.0,False
MRFAP1L1 (114932),-0.0,0.0,False
EIF3K (27335),-0.0,0.0,False
SELENOW (6415),-0.0,0.0,False
FBXO34 (55030),-0.0,0.0,False
CTC1 (80169),0.0,0.0,False
RMI1 (80010),0.0,0.0,False
RRS1 (23212),-0.0,0.0,False
EXOC3L1 (283849),-0.0,0.0,False
TRIML2 (205860),0.0,0.0,False
C12orf42 (374470),0.0,0.0,False
FARSA (2193),0.0,0.0,False
HES7 (84667),0.0,0.0,False
TMTC2 (160335),-0.0,0.0,False
HTR1F (3355),-0.0,0.0,False
PER1 (5187),0.0,0.0,False
CYC1 (1537),-0.0,0.0,False
DPM3 (54344),0.0,0.0,False
RCC2 (55920),-0.0,0.0,False
FAM133A (286499),-0.0,0.0,False
CCDC89 (220388),-0.0,0.0,False
ZFP42 (132625),0.0,0.0,False
C9orf50 (375759),-0.0,0.0,False
IGSF22 (283284),0.0,0.0,False
OR13D1 (286365),0.0,0.0,False
ERICH3 (127254),-0.0,0.0,False
ZBTB7A (51341),-0.0,0.0,False
C10orf67 (256815),-0.0,0.0,False
GAK (2580),-0.0,0.0,False
TMEM52 (339456),0.0,0.0,False
OPLAH (26873),-0.0,0.0,False
TRIM73 (375593),0.0,0.0,False
H1-8 (132243),-0.0,0.0,False
MPI (4351),-0.0,0.0,False
RIIAD1 (284485),0.0,0.0,False
GDPD4 (220032),-0.0,0.0,False
CD300LB (124599),-0.0,0.0,False
C5orf46 (389336),-0.0,0.0,False
CPNE7 (27132),-0.0,0.0,False
CPN2 (1370),0.0,0.0,False
ZHX2 (22882),0.0,0.0,False
FAM219B (57184),0.0,0.0,False
ERFE (151176),0.0,0.0,False
STX19 (415117),0.0,0.0,False
TMEM139 (135932),-0.0,0.0,False
RNF186 (54546),0.0,0.0,False
EFCAB13 (124989),0.0,0.0,False
PFAS (5198),0.0,0.0,False
SMIM10L2A (399668),0.0,0.0,False
ZNF552 (79818),-0.0,0.0,False
LGALS7B (653499),0.0,0.0,False
TPRX1 (284355),0.0,0.0,False
CYBC1 (79415),-0.0,0.0,False
HYI (81888),-0.0,0.0,False
FOXE1 (2304),0.0,0.0,False
MSC (9242),0.0,0.0,False
ZNF852 (285346),0.0,0.0,False
TAF7 (6879),0.0,0.0,False
DPY19L3 (147991),0.0,0.0,False
EXOSC4 (54512),-0.0,0.0,False
RFLNA (144347),-0.0,0.0,False
APOLD1 (81575),0.0,0.0,False
SPTY2D1 (144108),0.0,0.0,False
SAMD4B (55095),0.0,0.0,False
FCER1A (2205),-0.0,0.0,False
CATSPERE (257044),0.0,0.0,False
DNHD1 (144132),-0.0,0.0,False
LBX2 (85474),-0.0,0.0,False
SHARPIN (81858),0.0,0.0,False
SLC17A8 (246213),0.0,0.0,False
ALOX12B (242),-0.0,0.0,False
DORIP1 (122525),0.0,0.0,False
OR9A2 (135924),0.0,0.0,False
ZBTB18 (10472),-0.0,0.0,False
MKRN3 (7681),0.0,0.0,False
KLHL28 (54813),-0.0,0.0,False
FJX1 (24147),0.0,0.0,False
HNRNPCL4 (101060301),-0.0,0.0,False
GEMIN4 (50628),0.0,0.0,False
DNAJB8 (165721),0.0,0.0,False
VWA1 (64856),-0.0,0.0,False
SLITRK4 (139065),0.0,0.0,False
HTR1D (3352),0.0,0.0,False
GCC1 (79571),0.0,0.0,False
CDC42EP4 (23580),-0.0,0.0,False
TPPP2 (122664),-0.0,0.0,False
MAF1 (84232),0.0,0.0,False
LACC1 (144811),-0.0,0.0,False
ZBTB42 (100128927),-0.0,0.0,False
OR6C4 (341418),-0.0,0.0,False
OR2AP1 (121129),0.0,0.0,False
GRM8 (2918),0.0,0.0,False
LSMEM2 (132228),-0.0,0.0,False
GPHB5 (122876),0.0,0.0,False
PLD6 (201164),0.0,0.0,False
ALOX15B (247),0.0,0.0,False
ZFPM1 (161882),-0.0,0.0,False
CIITA (4261),-0.0,0.0,False
RNF151 (146310),-0.0,0.0,False
GPC5 (2262),0.0,0.0,False
EGR3 (1960),-0.0,0.0,False
CYP11B2 (1585),-0.0,0.0,False
ELMOD2 (255520),-0.0,0.0,False
LDLRAD3 (143458),-0.0,0.0,False
GVQW3 (100506127),0.0,0.0,False
MAGED1 (9500),0.0,0.0,False
CALR (811),-0.0,0.0,False
SIGLECL1 (284369),-0.0,0.0,False
ZNF664 (144348),0.0,0.0,False
TMEM125 (128218),0.0,0.0,False
HNRNPCL1 (343069),0.0,0.0,False
GGN (199720),0.0,0.0,False
PXT1 (222659),-0.0,0.0,False
FUCA1 (2517),-0.0,0.0,False
TCAIM (285343),-0.0,0.0,False
EDC3 (80153),-0.0,0.0,False
ALOXE3 (59344),-0.0,0.0,False
GIMAP7 (168537),-0.0,0.0,False
CDH4 (1002),0.0,0.0,False
SMCO3 (440087),0.0,0.0,False
RAD23A (5886),0.0,0.0,False
WSCD1 (23302),-0.0,0.0,False
PACS2 (23241),0.0,0.0,False
TMEM31 (203562),0.0,0.0,False
ARID3B (10620),-0.0,0.0,False
GATA2 (2624),0.0,0.0,False
CLK3 (1198),-0.0,0.0,False
RAB39A (54734),0.0,0.0,False
FAM156B (727866),0.0,0.0,False
PCARE (388939),0.0,0.0,False
RTL3 (203430),0.0,0.0,False
NSUN7 (79730),-0.0,0.0,False
PTPN11 (5781),0.0,0.0,False
TMEM151A (256472),0.0,0.0,False
DAND5 (199699),0.0,0.0,False
GADD45GIP1 (90480),0.0,0.0,False
VSIG10 (54621),0.0,0.0,False
LRRC37A3 (374819),0.0,0.0,False
OR51L1 (119682),0.0,0.0,False
ZWILCH (55055),-0.0,0.0,False
ABRA (137735),0.0,0.0,False
GTF2IRD2B (389524),-0.0,0.0,False
TRHR (7201),0.0,0.0,False
LIG4 (3981),-0.0,0.0,False
RALGAPA1 (253959),0.0,0.0,False
EXO1 (9156),-0.0,0.0,False
SLC6A19 (340024),-0.0,0.0,False
PODN (127435),0.0,0.0,False
CHRNA9 (55584),-0.0,0.0,False
OR2Y1 (134083),0.0,0.0,False
GLIS1 (148979),0.0,0.0,False
SLC16A13 (201232),-0.0,0.0,False
SLC16A11 (162515),0.0,0.0,False
PHLDA3 (23612),-0.0,0.0,False
ZHX3 (23051),0.0,0.0,False
ATP2A2 (488),-0.0,0.0,False
RPL4 (6124),-0.0,0.0,False
DEFB103A (414325),0.0,0.0,False
SNAPC5 (10302),-0.0,0.0,False
MFSD4A (148808),-0.0,0.0,False
SLC26A9 (115019),0.0,0.0,False
ANKRD36C (400986),0.0,0.0,False
GCSAM (257144),-0.0,0.0,False
IGDCC3 (9543),0.0,0.0,False
DENND4A (10260),-0.0,0.0,False
BBS1 (582),0.0,0.0,False
LINGO2 (158038),-0.0,0.0,False
GALNTL6 (442117),-0.0,0.0,False
CNTNAP2 (26047),0.0,0.0,False
ZCCHC12 (170261),0.0,0.0,False
C12orf76 (400073),0.0,0.0,False
VWC2L (402117),0.0,0.0,False
GOLGA6L2 (283685),-0.0,0.0,False
STARD6 (147323),0.0,0.0,False
TNK1 (8711),0.0,0.0,False
ZBTB4 (57659),0.0,0.0,False
EVX2 (344191),-0.0,0.0,False
ZNHIT2 (741),0.0,0.0,False
FAM53A (152877),0.0,0.0,False
RGMB (285704),0.0,0.0,False
FAM174A (345757),0.0,0.0,False
TLR6 (10333),0.0,0.0,False
TLR1 (7096),-0.0,0.0,False
TLR10 (81793),0.0,0.0,False
UQCC4 (283951),0.0,0.0,False
LEMD3 (23592),0.0,0.0,False
MSRB3 (253827),0.0,0.0,False
CTSF (8722),-0.0,0.0,False
CD34 (947),-0.0,0.0,False
SPATA31G1 (138724),0.0,0.0,False
SLC25A30 (253512),0.0,0.0,False
GNG5 (2787),0.0,0.0,False
TENT5D (169966),0.0,0.0,False
NWD2 (57495),0.0,0.0,False
CYB561D1 (284613),-0.0,0.0,False
GSTA3 (2940),0.0,0.0,False
PIGG (54872),-0.0,0.0,False
ZNF80 (7634),0.0,0.0,False
DDX23 (9416),0.0,0.0,False
PITPNA (5306),-0.0,0.0,False
REP15 (387849),0.0,0.0,False
ADCY6 (112),0.0,0.0,False
PRPF8 (10594),0.0,0.0,False
SNX31 (169166),-0.0,0.0,False
ZDHHC24 (254359),0.0,0.0,False
ARL13A (392509),-0.0,0.0,False
KICS2 (144577),0.0,0.0,False
MGA (23269),0.0,0.0,False
CTU2 (348180),0.0,0.0,False
SELP (6403),0.0,0.0,False
TRMT10C (54931),-0.0,0.0,False
PELI3 (246330),0.0,0.0,False
TTC9B (148014),-0.0,0.0,False
MYO1H (283446),-0.0,0.0,False
RIN1 (9610),-0.0,0.0,False
NDUFA11 (126328),0.0,0.0,False
NLRP6 (171389),0.0,0.0,False
AMY1B (277),0.0,0.0,False
CNIH2 (254263),0.0,0.0,False
DNAH12 (201625),-0.0,0.0,False
GLMN (11146),0.0,0.0,False
PDE12 (201626),-0.0,0.0,False
DENND6A (201627),-0.0,0.0,False
ADGRE1 (2015),-0.0,0.0,False
PDZK1 (5174),-0.0,0.0,False
BTC (685),0.0,0.0,False
CD248 (57124),0.0,0.0,False
FZD4 (8322),0.0,0.0,False
CEP135 (9662),-0.0,0.0,False
THAP6 (152815),0.0,0.0,False
RSRC1 (51319),-0.0,0.0,False
CATSPERD (257062),-0.0,0.0,False
RAB1B (81876),0.0,0.0,False
P2RY14 (9934),0.0,0.0,False
DHX36 (170506),-0.0,0.0,False
FUT1 (2523),-0.0,0.0,False
CD164L2 (388611),-0.0,0.0,False
GPR149 (344758),-0.0,0.0,False
GPR171 (29909),0.0,0.0,False
AMZ1 (155185),0.0,0.0,False
KCTD13 (253980),-0.0,0.0,False
OR9G1 (390174),0.0,0.0,False
ASPHD1 (253982),-0.0,0.0,False
SEZ6L2 (26470),0.0,0.0,False
OR5M3 (219482),-0.0,0.0,False
C3orf33 (285315),-0.0,0.0,False
MICOS13 (125988),0.0,0.0,False
PTDSS2 (81490),0.0,0.0,False
ODAPH (152816),-0.0,0.0,False
PCP2 (126006),-0.0,0.0,False
TMEM81 (388730),-0.0,0.0,False
SRP72 (6731),0.0,0.0,False
SLCO2A1 (6578),0.0,0.0,False
IQCK (124152),0.0,0.0,False
KY (339855),0.0,0.0,False
UGT8 (7368),0.0,0.0,False
ANGEL2 (90806),-0.0,0.0,False
CMKLR1 (1240),0.0,0.0,False
TRAM1L1 (133022),0.0,0.0,False
ZNF497 (162968),-0.0,0.0,False
MSL2 (55167),0.0,0.0,False
NPAS4 (266743),0.0,0.0,False
AKIRIN1 (79647),0.0,0.0,False
GOLT1A (127845),0.0,0.0,False
IL20RB (53833),0.0,0.0,False
KLK15 (55554),0.0,0.0,False
MRPL11 (65003),0.0,0.0,False
ZNF266 (10781),0.0,0.0,False
OR7D4 (125958),-0.0,0.0,False
SLC29A2 (3177),0.0,0.0,False
NR1D2 (9975),0.0,0.0,False
WDR49 (151790),-0.0,0.0,False
HRAS (3265),0.0,0.0,False
FAM241A (132720),-0.0,0.0,False
RPL15 (6138),0.0,0.0,False
BRMS1 (25855),0.0,0.0,False
PABPC5 (140886),-0.0,0.0,False
FGFBP3 (143282),-0.0,0.0,False
BRSK2 (9024),-0.0,0.0,False
LARP7 (51574),-0.0,0.0,False
RESF1 (55196),0.0,0.0,False
SH3PXD2B (285590),-0.0,0.0,False
LEP (3952),0.0,0.0,False
TMEM167A (153339),0.0,0.0,False
B4GAT1 (11041),0.0,0.0,False
CBY2 (220082),0.0,0.0,False
FBXO45 (200933),-0.0,0.0,False
KLHL15 (80311),0.0,0.0,False
INSM1 (3642),0.0,0.0,False
SMARCC1 (6599),0.0,0.0,False
AGR3 (155465),-0.0,0.0,False
ZNRD2 (10534),0.0,0.0,False
RNASE11 (122651),0.0,0.0,False
PPP1R14B (26472),-0.0,0.0,False
RNF26 (79102),0.0,0.0,False
TMEM196 (256130),0.0,0.0,False
THAP2 (83591),0.0,0.0,False
EHBP1L1 (254102),-0.0,0.0,False
MICOS10 (440574),0.0,0.0,False
SAA1 (6288),-0.0,0.0,False
RNASE8 (122665),0.0,0.0,False
IHO1 (339834),0.0,0.0,False
NAA20 (51126),-0.0,0.0,False
ARV1 (64801),-0.0,0.0,False
ZNF417 (147687),0.0,0.0,False
PTPRM (5797),-0.0,0.0,False
FKBP2 (2286),-0.0,0.0,False
CSPG4 (1464),-0.0,0.0,False
XCR1 (2829),-0.0,0.0,False
CHD2 (1106),0.0,0.0,False
NLRP13 (126204),-0.0,0.0,False
ADGRF3 (165082),0.0,0.0,False
NABP1 (64859),0.0,0.0,False
SNX33 (257364),-0.0,0.0,False
ZNF622 (90441),0.0,0.0,False
VEGFB (7423),0.0,0.0,False
MOB1B (92597),0.0,0.0,False
GMPPB (29925),0.0,0.0,False
TNFRSF10C (8794),-0.0,0.0,False
MST1 (4485),0.0,0.0,False
TNFRSF10D (8793),-0.0,0.0,False
PEAK1 (79834),0.0,0.0,False
DAB1 (1600),0.0,0.0,False
DAG1 (1605),-0.0,0.0,False
CCR9 (10803),-0.0,0.0,False
GLIPR1L1 (256710),0.0,0.0,False
MMRN2 (79812),-0.0,0.0,False
SNCG (6623),-0.0,0.0,False
GPR137 (56834),0.0,0.0,False
SLC2A14 (144195),0.0,0.0,False
PLAC8L1 (153770),0.0,0.0,False
ZNF483 (158399),0.0,0.0,False
DMRT2 (10655),-0.0,0.0,False
GPR151 (134391),-0.0,0.0,False
LIPM (340654),-0.0,0.0,False
C11orf86 (254439),-0.0,0.0,False
GOLGB1 (2804),0.0,0.0,False
SYT12 (91683),-0.0,0.0,False
IQCB1 (9657),0.0,0.0,False
GLRX (2745),-0.0,0.0,False
VANGL1 (81839),-0.0,0.0,False
MZT2A (653784),-0.0,0.0,False
TNKS (8658),0.0,0.0,False
ZNF449 (203523),0.0,0.0,False
KCNK7 (10089),-0.0,0.0,False
OLR1 (4973),0.0,0.0,False
IQCF1 (132141),-0.0,0.0,False
NDNF (79625),0.0,0.0,False
C1QA (712),-0.0,0.0,False
C1QB (713),0.0,0.0,False
SFT2D3 (84826),0.0,0.0,False
CST9 (128822),-0.0,0.0,False
ZBTB21 (49854),0.0,0.0,False
TRIB1 (10221),-0.0,0.0,False
MAP3K11 (4296),-0.0,0.0,False
STOX2 (56977),0.0,0.0,False
GPR148 (344561),0.0,0.0,False
OR10K1 (391109),0.0,0.0,False
PPP1R3B (79660),0.0,0.0,False
CCDC106 (29903),-0.0,0.0,False
CEP83 (51134),0.0,0.0,False
CEP19 (84984),-0.0,0.0,False
HAP1 (9001),-0.0,0.0,False
SPTBN2 (6712),0.0,0.0,False
CBX2 (84733),0.0,0.0,False
GPR160 (26996),0.0,0.0,False
PHC3 (80012),0.0,0.0,False
ZNF791 (163049),0.0,0.0,False
PHOSPHO1 (162466),0.0,0.0,False
DPY19L1 (23333),-0.0,0.0,False
NET1 (10276),-0.0,0.0,False
PLK3 (1263),-0.0,0.0,False
MARCHF10 (162333),-0.0,0.0,False
KCNH6 (81033),0.0,0.0,False
TIGD3 (220359),-0.0,0.0,False
RNF213 (57674),0.0,0.0,False
ENDOV (284131),-0.0,0.0,False
EIF1 (10209),-0.0,0.0,False
GOLIM4 (27333),0.0,0.0,False
KRT28 (162605),-0.0,0.0,False
RBM4B (83759),0.0,0.0,False
XXYLT1 (152002),0.0,0.0,False
NRROS (375387),-0.0,0.0,False
CCS (9973),0.0,0.0,False
TCAP (8557),0.0,0.0,False
LRRC63 (220416),0.0,0.0,False
RAX2 (84839),0.0,0.0,False
UBXN2A (165324),-0.0,0.0,False
CIMAP3 (128344),0.0,0.0,False
ATP5MK (84833),0.0,0.0,False
RBM4 (5936),0.0,0.0,False
SLCO4C1 (353189),0.0,0.0,False
SWSAP1 (126074),-0.0,0.0,False
MARCHF3 (115123),-0.0,0.0,False
C1QTNF1 (114897),-0.0,0.0,False
HOXB2 (3212),0.0,0.0,False
TDRD12 (91646),-0.0,0.0,False
JUP (3728),-0.0,0.0,False
SULT1B1 (27284),0.0,0.0,False
CNP (1267),-0.0,0.0,False
HES3 (390992),0.0,0.0,False
TAS1R1 (80835),0.0,0.0,False
UQCRH (7388),0.0,0.0,False
RCE1 (9986),-0.0,0.0,False
HSPB7 (27129),-0.0,0.0,False
SLC19A1 (6573),-0.0,0.0,False
APOBEC4 (403314),0.0,0.0,False
TRAPPC3L (100128327),-0.0,0.0,False
LRFN4 (78999),0.0,0.0,False
NMNAT1 (64802),0.0,0.0,False
GPRC6A (222545),0.0,0.0,False
SCAI (286205),0.0,0.0,False
UGT2A1 (10941),-0.0,0.0,False
PC (5091),-0.0,0.0,False
NUDT4 (11163),-0.0,0.0,False
EIF1AX (1964),0.0,0.0,False
SPDYE2B (100310812),-0.0,0.0,False
OR1L1 (26737),0.0,0.0,False
TOP6BL (79703),0.0,0.0,False
TOPAZ1 (375337),-0.0,0.0,False
CD7 (924),0.0,0.0,False
STAT5B (6777),0.0,0.0,False
AGFG1 (3267),-0.0,0.0,False
SPMIP3 (200159),-0.0,0.0,False
TOMM20 (9804),-0.0,0.0,False
WFIKKN2 (124857),0.0,0.0,False
BCLAF3 (256643),0.0,0.0,False
HEG1 (57493),0.0,0.0,False
SUSD5 (26032),0.0,0.0,False
MUC13 (56667),-0.0,0.0,False
SPATA3 (130560),0.0,0.0,False
ADGRG2 (10149),0.0,0.0,False
GDNF (2668),0.0,0.0,False
OR5J2 (282775),-0.0,0.0,False
ZIC4 (84107),0.0,0.0,False
OR10AG1 (282770),-0.0,0.0,False
UFSP1 (402682),-0.0,0.0,False
ATAD5 (79915),0.0,0.0,False
LRRTM4 (80059),-0.0,0.0,False
OR4D11 (219986),-0.0,0.0,False
OR11H4 (390442),0.0,0.0,False
CIDEA (1149),0.0,0.0,False
MYPOP (339344),-0.0,0.0,False
ENTHD1 (150350),0.0,0.0,False
BNIP3 (664),0.0,0.0,False
SPHK1 (8877),-0.0,0.0,False
FOXG1 (2290),0.0,0.0,False
HSF5 (124535),-0.0,0.0,False
CCDC57 (284001),-0.0,0.0,False
GPX2 (2877),-0.0,0.0,False
TCP11L1 (55346),-0.0,0.0,False
TMEM39A (55254),0.0,0.0,False
SMIM19 (114926),0.0,0.0,False
OR11H6 (122748),0.0,0.0,False
ZNF404 (342908),-0.0,0.0,False
HMGB4 (127540),0.0,0.0,False
ZNF135 (7694),0.0,0.0,False
OR4K3 (283617),0.0,0.0,False
OR4K5 (79317),-0.0,0.0,False
SLC35G1 (159371),0.0,0.0,False
OR4F21 (441308),-0.0,0.0,False
ZBTB8OS (339487),0.0,0.0,False
OR4K13 (390433),-0.0,0.0,False
RTTN (25914),-0.0,0.0,False
ANAPC2 (29882),0.0,0.0,False
OR4L1 (122742),-0.0,0.0,False
ACBD7 (414149),0.0,0.0,False
OR51B6 (390058),-0.0,0.0,False
OR10H4 (126541),-0.0,0.0,False
OR4K17 (390436),-0.0,0.0,False
MC5R (4161),0.0,0.0,False
CHMP6 (79643),-0.0,0.0,False
OR4M1 (441670),-0.0,0.0,False
YES1 (7525),-0.0,0.0,False
ASCL3 (56676),-0.0,0.0,False
PLEKHD1 (400224),0.0,0.0,False
DENND2C (163259),0.0,0.0,False
UNC119B (84747),-0.0,0.0,False
KLHL38 (340359),0.0,0.0,False
ORAI3 (93129),-0.0,0.0,False
UBE2O (63893),0.0,0.0,False
LRRN1 (57633),0.0,0.0,False
DOK7 (285489),-0.0,0.0,False
ARL4D (379),-0.0,0.0,False
A2M (2),-0.0,0.0,False
PLEKHF2 (79666),-0.0,0.0,False
TSPEAR (54084),0.0,0.0,False
ZDHHC21 (340481),0.0,0.0,False
HOXD8 (3234),-0.0,0.0,False
TUBB6 (84617),0.0,0.0,False
LYSMD3 (116068),0.0,0.0,False
AMIGO3 (386724),-0.0,0.0,False
KCNE5 (23630),-0.0,0.0,False
CSTF3 (1479),0.0,0.0,False
SSNA1 (8636),0.0,0.0,False
IP6K1 (9807),-0.0,0.0,False
CRYBG2 (55057),-0.0,0.0,False
SLC35A4 (113829),-0.0,0.0,False
ZNF683 (257101),-0.0,0.0,False
TPRN (286262),0.0,0.0,False
B3GALT6 (126792),0.0,0.0,False
MBLAC2 (153364),0.0,0.0,False
JAKMIP2 (9832),0.0,0.0,False
NUPR1 (26471),0.0,0.0,False
TMPRSS7 (344805),-0.0,0.0,False
C11orf16 (56673),0.0,0.0,False
ZNF613 (79898),0.0,0.0,False
OR4N2 (390429),0.0,0.0,False
FOXR1 (283150),0.0,0.0,False
CALCB (797),0.0,0.0,False
OR4S1 (256148),-0.0,0.0,False
LRRC37A (9884),-0.0,0.0,False
TGIF2LY (90655),0.0,0.0,False
FOXL1 (2300),-0.0,0.0,False
MYO1D (4642),-0.0,0.0,False
RNF152 (220441),0.0,0.0,False
HORMAD2 (150280),0.0,0.0,False
MEX3C (51320),-0.0,0.0,False
RMDN1 (51115),0.0,0.0,False
LMNB2 (84823),0.0,0.0,False
MAP3K19 (80122),0.0,0.0,False
B3GNT5 (84002),-0.0,0.0,False
KBTBD11 (9920),0.0,0.0,False
CNBD1 (168975),-0.0,0.0,False
OR4X1 (390113),-0.0,0.0,False
DCAF4L2 (138009),0.0,0.0,False
FOXC2 (2303),-0.0,0.0,False
OR4F17 (81099),0.0,0.0,False
BDNF (627),0.0,0.0,False
CDK5R1 (8851),-0.0,0.0,False
BASP1 (10409),0.0,0.0,False
OR52E2 (119678),-0.0,0.0,False
RUFY1 (80230),-0.0,0.0,False
DEFB104A (140596),0.0,0.0,False
MAGEB18 (286514),0.0,0.0,False
TCERG1L (256536),0.0,0.0,False
MAGEB6 (158809),0.0,0.0,False
CCDC121 (79635),0.0,0.0,False
OR51V1 (283111),-0.0,0.0,False
PFN4 (375189),0.0,0.0,False
RBIS (401466),0.0,0.0,False
ZNF843 (283933),-0.0,0.0,False
BOK (666),0.0,0.0,False
ACSF3 (197322),0.0,0.0,False
CNTD1 (124817),-0.0,0.0,False
OR4C3 (256144),0.0,0.0,False
COX8A (1351),-0.0,0.0,False
USF3 (205717),-0.0,0.0,False
DNAJC30 (84277),0.0,0.0,False
KCMF1 (56888),0.0,0.0,False
RIMS2 (9699),0.0,0.0,False
GJC3 (349149),0.0,0.0,False
EID2B (126272),0.0,0.0,False
DMRTA1 (63951),0.0,0.0,False
EID2 (163126),0.0,0.0,False
RNPEP (6051),-0.0,0.0,False
CRLF3 (51379),0.0,0.0,False
HSD11B2 (3291),0.0,0.0,False
CDC26 (246184),-0.0,0.0,False
B3GNT4 (79369),0.0,0.0,False
PRR18 (285800),-0.0,0.0,False
ZSCAN2 (54993),-0.0,0.0,False
TAC4 (255061),0.0,0.0,False
SPRYD4 (283377),0.0,0.0,False
VPS37D (155382),-0.0,0.0,False
CLEC14A (161198),-0.0,0.0,False
DIRAS1 (148252),-0.0,0.0,False
OR4C5 (79346),0.0,0.0,False
GNG7 (2788),-0.0,0.0,False
PRR15 (222171),-0.0,0.0,False
PHLDB3 (653583),-0.0,0.0,False
OR10AC1 (392133),-0.0,0.0,False
OR5AN1 (390195),-0.0,0.0,False
PLAAT3 (11145),-0.0,0.0,False
SYNE3 (161176),-0.0,0.0,False
SGF29 (112869),0.0,0.0,False
WDR25 (79446),-0.0,0.0,False
ZNF575 (284346),-0.0,0.0,False
SLCO3A1 (28232),-0.0,0.0,False
LPCAT4 (254531),-0.0,0.0,False
CLK2 (1196),0.0,0.0,False
TMEM270 (135886),-0.0,0.0,False
BAIAP2 (10458),0.0,0.0,False
OR4S2 (219431),-0.0,0.0,False
INHBC (3626),0.0,0.0,False
GOLGA8A (23015),0.0,0.0,False
CHST1 (8534),-0.0,0.0,False
CIROZ (148345),0.0,0.0,False
GAL3ST3 (89792),0.0,0.0,False
ATG13 (9776),0.0,0.0,False
MED16 (10025),-0.0,0.0,False
ARHGAP1 (392),0.0,0.0,False
CKAP5 (9793),0.0,0.0,False
CTDSP2 (10106),0.0,0.0,False
ZNF408 (79797),0.0,0.0,False
NPPA (4878),-0.0,0.0,False
DCTN2 (10540),0.0,0.0,False
HIGD2B (123346),-0.0,0.0,False
PCCA (5095),-0.0,0.0,False
DDIT3 (1649),0.0,0.0,False
VWA3A (146177),0.0,0.0,False
TP53I11 (9537),0.0,0.0,False
CENPS (378708),0.0,0.0,False
LSM1 (27257),0.0,0.0,False
TMEM9B (56674),-0.0,0.0,False
CHRNA7 (1139),-0.0,0.0,False
APOF (319),0.0,0.0,False
BANF1 (8815),0.0,0.0,False
ISX (91464),-0.0,0.0,False
PROP1 (5626),0.0,0.0,False
ZNF519 (162655),0.0,0.0,False
DOLK (22845),0.0,0.0,False
GRAMD2A (196996),0.0,0.0,False
CST6 (1474),-0.0,0.0,False
ANKS4B (257629),-0.0,0.0,False
PHYKPL (85007),-0.0,0.0,False
CCNE2 (9134),0.0,0.0,False
CATSPER1 (117144),-0.0,0.0,False
PARL (55486),-0.0,0.0,False
CSRP2 (1466),0.0,0.0,False
PTPN2 (5771),-0.0,0.0,False
FAM131A (131408),0.0,0.0,False
RTP1 (132112),0.0,0.0,False
VCPIP1 (80124),0.0,0.0,False
GK5 (256356),0.0,0.0,False
DSG4 (147409),-0.0,0.0,False
UBE2C (11065),0.0,0.0,False
ATR (545),-0.0,0.0,False
ZDHHC14 (79683),-0.0,0.0,False
CHST2 (9435),0.0,0.0,False
CTBP2 (1488),-0.0,0.0,False
TEX36 (387718),0.0,0.0,False
SLC22A1 (6580),0.0,0.0,False
KLC2 (64837),0.0,0.0,False
ZG16 (653808),0.0,0.0,False
CA5A (763),0.0,0.0,False
FBXW8 (26259),0.0,0.0,False
DES (1674),-0.0,0.0,False
PDIK1L (149420),0.0,0.0,False
SPSB4 (92369),-0.0,0.0,False
SH3BP5L (80851),0.0,0.0,False
PPM1E (22843),0.0,0.0,False
PSMD2 (5708),0.0,0.0,False
ABO (28),-0.0,0.0,False
CADM2 (253559),-0.0,0.0,False
YPEL2 (388403),-0.0,0.0,False
OR2T1 (26696),-0.0,0.0,False
MARCKSL1 (65108),-0.0,0.0,False
RAG2 (5897),0.0,0.0,False
WFDC5 (149708),0.0,0.0,False
PACS1 (55690),-0.0,0.0,False
MRPS22 (56945),0.0,0.0,False
TVP23C (201158),0.0,0.0,False
ZNF654 (55279),-0.0,0.0,False
TRAF6 (7189),-0.0,0.0,False
NRIP3 (56675),0.0,0.0,False
SCUBE2 (57758),-0.0,0.0,False
GAPT (202309),0.0,0.0,False
RAB6A (5870),0.0,0.0,False
KDF1 (126695),0.0,0.0,False
MTLN (205251),-0.0,0.0,False
CCDC197 (256369),0.0,0.0,False
ZNF77 (58492),0.0,0.0,False
TEX26 (122046),0.0,0.0,False
TOM1L2 (146691),0.0,0.0,False
PRM1 (5619),0.0,0.0,False
RMI2 (116028),-0.0,0.0,False
RPS6KB2 (6199),0.0,0.0,False
OR4B1 (119765),-0.0,0.0,False
TMEM70 (54968),0.0,0.0,False
CCDC85B (11007),-0.0,0.0,False
SUGCT (79783),-0.0,0.0,False
ERCC4 (2072),0.0,0.0,False
FOSL1 (8061),-0.0,0.0,False
B3GNTL1 (146712),-0.0,0.0,False
RBMXL3 (139804),0.0,0.0,False
MLXIP (22877),-0.0,0.0,False
RUVBL1 (8607),-0.0,0.0,False
SWI5 (375757),0.0,0.0,False
CTDNEP1 (23399),0.0,0.0,False
CCDC168 (643677),0.0,0.0,False
CBLL2 (158506),-0.0,0.0,False
MSRA (4482),-0.0,0.0,False
SFN (2810),-0.0,0.0,False
ZNF169 (169841),0.0,0.0,False
NR2F1 (7025),0.0,0.0,False
PRIMA1 (145270),-0.0,0.0,False
SLC35E3 (55508),0.0,0.0,False
TOMM5 (401505),0.0,0.0,False
EIF4E1B (253314),0.0,0.0,False
TTLL11 (158135),-0.0,0.0,False
AURKAIP1 (54998),0.0,0.0,False
P2RY2 (5029),-0.0,0.0,False
MRPL48 (51642),0.0,0.0,False
EIF1AD (84285),0.0,0.0,False
PAAF1 (80227),0.0,0.0,False
POLD4 (57804),-0.0,0.0,False
MCTP1 (79772),-0.0,0.0,False
PPP2R2D (55844),0.0,0.0,False
SART1 (9092),-0.0,0.0,False
TBC1D10C (374403),0.0,0.0,False
CCDC14 (64770),-0.0,0.0,False
RFESD (317671),-0.0,0.0,False
LPL (4023),0.0,0.0,False
PCSK1 (5122),0.0,0.0,False
CLTB (1212),-0.0,0.0,False
ARL10 (285598),-0.0,0.0,False
OR10P1 (121130),-0.0,0.0,False
ZNF25 (219749),-0.0,0.0,False
EIF3F (8665),-0.0,0.0,False
SMAD2 (4087),0.0,0.0,False
OR52W1 (120787),0.0,0.0,False
LRRC25 (126364),0.0,0.0,False
DPP10 (57628),0.0,0.0,False
CABP4 (57010),0.0,0.0,False
C11orf68 (83638),-0.0,0.0,False
UCP2 (7351),0.0,0.0,False
UCP3 (7352),-0.0,0.0,False
LONRF3 (79836),-0.0,0.0,False
DRAP1 (10589),-0.0,0.0,False
ALG10B (144245),0.0,0.0,False
KCNE3 (10008),0.0,0.0,False
CLCF1 (23529),0.0,0.0,False
LIPT2 (387787),0.0,0.0,False
PNLIP (5406),-0.0,0.0,False
UBQLN3 (50613),-0.0,0.0,False
UBQLNL (143630),0.0,0.0,False
GPR152 (390212),0.0,0.0,False
TSGA10IP (254187),0.0,0.0,False
MUCL3 (135656),-0.0,0.0,False
DDIT4 (54541),-0.0,0.0,False
ADAM18 (8749),0.0,0.0,False
SELENON (57190),-0.0,0.0,False
GMEB1 (10691),-0.0,0.0,False
ZSWIM5 (57643),0.0,0.0,False
KLHL21 (9903),0.0,0.0,False
NOL9 (79707),0.0,0.0,False
PLPP3 (8613),0.0,0.0,False
USP24 (23358),0.0,0.0,False
BSND (7809),-0.0,0.0,False
CIMAP2 (163747),0.0,0.0,False
PARS2 (25973),0.0,0.0,False
FAM151A (338094),-0.0,0.0,False
ACOT11 (26027),-0.0,0.0,False
MAGOH (4116),0.0,0.0,False
CZIB (54987),0.0,0.0,False
SLC1A7 (6512),-0.0,0.0,False
ZYG11B (79699),0.0,0.0,False
SLC45A1 (50651),-0.0,0.0,False
AK4 (205),-0.0,0.0,False
TEDC2 (80178),-0.0,0.0,False
JAK1 (3716),0.0,0.0,False
LAPTM5 (7805),-0.0,0.0,False
MATN1 (4146),-0.0,0.0,False
DHRS3 (9249),-0.0,0.0,False
LRRC38 (126755),0.0,0.0,False
PDPN (10630),0.0,0.0,False
DRAXIN (374946),0.0,0.0,False
AKR7A3 (22977),0.0,0.0,False
SLC25A34 (284723),0.0,0.0,False
TMEM82 (388595),0.0,0.0,False
FBLIM1 (54751),0.0,0.0,False
KNCN (148930),0.0,0.0,False
RBP7 (116362),0.0,0.0,False
LZIC (84328),0.0,0.0,False
CTRC (11330),0.0,0.0,False
RAVER2 (55225),0.0,0.0,False
COA7 (65260),0.0,0.0,False
ELAVL4 (1996),-0.0,0.0,False
BEND5 (79656),-0.0,0.0,False
CMPK1 (51727),0.0,0.0,False
ASRGL1 (80150),0.0,0.0,False
SAXO4 (220004),0.0,0.0,False
CYB561A3 (220002),-0.0,0.0,False
NEU3 (10825),0.0,0.0,False
CLPB (81570),0.0,0.0,False
SHANK2 (22941),0.0,0.0,False
ADCY9 (115),0.0,0.0,False
ZNF75A (7627),0.0,0.0,False
ZG16B (124220),-0.0,0.0,False
FLYWCH2 (114984),0.0,0.0,False
PAQR4 (124222),-0.0,0.0,False
BICDL2 (146439),0.0,0.0,False
NTN3 (4917),0.0,0.0,False
AMDHD2 (51005),0.0,0.0,False
TBC1D24 (57465),0.0,0.0,False
GNG3 (2785),0.0,0.0,False
UBXN1 (51035),-0.0,0.0,False
LBHD1 (79081),0.0,0.0,False
RPS6KA4 (8986),-0.0,0.0,False
TAL1 (6886),0.0,0.0,False
PDZK1IP1 (10158),-0.0,0.0,False
CYP4A22 (284541),0.0,0.0,False
FGF19 (9965),0.0,0.0,False
TPCN2 (219931),-0.0,0.0,False
LRP5 (4041),0.0,0.0,False
SYVN1 (84447),-0.0,0.0,False
TTC9C (283237),0.0,0.0,False
ITIH3 (3699),0.0,0.0,False
RPL29 (6159),-0.0,0.0,False
SLC25A45 (283130),-0.0,0.0,False
STX5 (6811),0.0,0.0,False
NXF1 (10482),0.0,0.0,False
TAF6L (10629),0.0,0.0,False
SDC3 (9672),-0.0,0.0,False
PEF1 (553115),0.0,0.0,False
RBBP4 (5928),0.0,0.0,False
ATXN7L2 (127002),-0.0,0.0,False
TRIM58 (25893),0.0,0.0,False
ZNF496 (84838),0.0,0.0,False
NLRP3 (114548),-0.0,0.0,False
CADM3 (57863),-0.0,0.0,False
ARPC5 (10092),-0.0,0.0,False
ZNF281 (23528),-0.0,0.0,False
SLC30A7 (148867),-0.0,0.0,False
EXTL2 (2135),-0.0,0.0,False
VCAM1 (7412),0.0,0.0,False
AGL (178),0.0,0.0,False
KCNT2 (343450),-0.0,0.0,False
GFI1 (2672),-0.0,0.0,False
BRINP3 (339479),-0.0,0.0,False
HFM1 (164045),-0.0,0.0,False
ZNF326 (284695),-0.0,0.0,False
SLAMF9 (89886),0.0,0.0,False
OR2M5 (127059),-0.0,0.0,False
KCNJ9 (3765),0.0,0.0,False
FCRLB (127943),-0.0,0.0,False
LRRC52 (440699),0.0,0.0,False
LMX1A (4009),0.0,0.0,False
C1orf74 (148304),-0.0,0.0,False
KLHDC9 (126823),0.0,0.0,False
SLC9C2 (284525),-0.0,0.0,False
FCGR3B (2215),-0.0,0.0,False
OLFML2B (25903),0.0,0.0,False
IGSF8 (93185),-0.0,0.0,False
SLAMF6 (114836),-0.0,0.0,False
VANGL2 (57216),-0.0,0.0,False
NCSTN (23385),-0.0,0.0,False
PEX19 (5824),-0.0,0.0,False
PEA15 (8682),0.0,0.0,False
DDR2 (4921),0.0,0.0,False
GBP4 (115361),-0.0,0.0,False
GBP2 (2634),-0.0,0.0,False
NHSL3 (57648),0.0,0.0,False
DNAI3 (126820),-0.0,0.0,False
NFIA (4774),-0.0,0.0,False
C1orf87 (127795),0.0,0.0,False
DIRAS3 (9077),-0.0,0.0,False
IL23R (149233),0.0,0.0,False
CCDC27 (148870),0.0,0.0,False
MEGF6 (1953),0.0,0.0,False
FAAP20 (199990),0.0,0.0,False
MXRA8 (54587),0.0,0.0,False
SCNN1D (6339),0.0,0.0,False
TTLL10 (254173),0.0,0.0,False
WNT4 (54361),0.0,0.0,False
CAMK2N1 (55450),-0.0,0.0,False
UBXN10 (127733),-0.0,0.0,False
TMCO4 (255104),0.0,0.0,False
TSSK3 (81629),0.0,0.0,False
OMA1 (115209),0.0,0.0,False
MYSM1 (114803),0.0,0.0,False
TM2D1 (83941),0.0,0.0,False
SNX7 (51375),-0.0,0.0,False
C1orf52 (148423),0.0,0.0,False
AKNAD1 (254268),0.0,0.0,False
HENMT1 (113802),0.0,0.0,False
EEIG2 (284611),-0.0,0.0,False
NTNG1 (22854),0.0,0.0,False
B3GALT2 (8707),0.0,0.0,False
LHX8 (431707),0.0,0.0,False
USP1 (7398),0.0,0.0,False
TYW3 (127253),0.0,0.0,False
LRRC53 (105378803),-0.0,0.0,False
LRRIQ3 (127255),0.0,0.0,False
ADGRL4 (64123),0.0,0.0,False
NEXN (91624),0.0,0.0,False
FUBP1 (8880),0.0,0.0,False
CCNF (899),0.0,0.0,False
HS3ST6 (64711),0.0,0.0,False
FLAD1 (80308),-0.0,0.0,False
MGAT4B (11282),-0.0,0.0,False
MRNIP (51149),-0.0,0.0,False
SH2B2 (10603),0.0,0.0,False
TEKTL1 (126402),-0.0,0.0,False
ALKBH4 (54784),-0.0,0.0,False
ORAI2 (80228),-0.0,0.0,False
FOXH1 (8928),0.0,0.0,False
PPP1R16A (84988),-0.0,0.0,False
COL26A1 (136227),0.0,0.0,False
ZNF333 (84449),-0.0,0.0,False
LRRC14 (9684),-0.0,0.0,False
RECQL4 (9401),-0.0,0.0,False
PWWP3A (84939),-0.0,0.0,False
PTGER1 (5731),0.0,0.0,False
TONSL (4796),-0.0,0.0,False
VPS28 (51160),0.0,0.0,False
SQSTM1 (8878),-0.0,0.0,False
RPL8 (6132),0.0,0.0,False
MEIOB (254528),0.0,0.0,False
MAML1 (9794),0.0,0.0,False
DMKN (93099),-0.0,0.0,False
FBXO27 (126433),-0.0,0.0,False
PCYT1A (5130),-0.0,0.0,False
ABCF3 (55324),0.0,0.0,False
AP2M1 (1173),0.0,0.0,False
DVL3 (1857),0.0,0.0,False
CCDC116 (164592),0.0,0.0,False
YDJC (150223),0.0,0.0,False
MFSD12 (126321),-0.0,0.0,False
CELF5 (60680),0.0,0.0,False
PSMC2 (5701),-0.0,0.0,False
NAPEPLD (222236),-0.0,0.0,False
FBXL13 (222235),-0.0,0.0,False
LRWD1 (222229),-0.0,0.0,False
PGLYRP2 (114770),0.0,0.0,False
LY6E (4061),-0.0,0.0,False
CPSF4 (10898),-0.0,0.0,False
ZNF394 (84124),-0.0,0.0,False
IER2 (9592),-0.0,0.0,False
LMNA (4000),-0.0,0.0,False
SLC25A44 (9673),-0.0,0.0,False
PMF1 (11243),-0.0,0.0,False
PAQR6 (79957),0.0,0.0,False
ENTREP3 (10712),0.0,0.0,False
RUSC1 (23623),-0.0,0.0,False
FDPS (2224),0.0,0.0,False
ANO10 (55129),-0.0,0.0,False
CRTC2 (200186),-0.0,0.0,False
CHRNB2 (1141),0.0,0.0,False
UBE2Q1 (55585),-0.0,0.0,False
IL6R (3570),0.0,0.0,False
ADAR (103),-0.0,0.0,False
NLRX1 (79671),0.0,0.0,False
VPS11 (55823),0.0,0.0,False
CCR5 (1234),-0.0,0.0,False
NBEAL2 (23218),-0.0,0.0,False
CCDC12 (151903),-0.0,0.0,False
FGFR4 (2264),0.0,0.0,False
LY6K (54742),-0.0,0.0,False
HK3 (3101),-0.0,0.0,False
CYP11B1 (1584),-0.0,0.0,False
NACC1 (112939),-0.0,0.0,False
CYP3A7 (1551),-0.0,0.0,False
CYP3A4 (1576),0.0,0.0,False
AZGP1 (563),-0.0,0.0,False
PTH1R (5745),0.0,0.0,False
FCRL3 (115352),0.0,0.0,False
LRRC71 (149499),-0.0,0.0,False
GPATCH4 (54865),-0.0,0.0,False
PPP1R35 (221908),-0.0,0.0,False
MYL3 (4634),0.0,0.0,False
UBQLN4 (56893),-0.0,0.0,False
U2AF1L4 (199746),0.0,0.0,False
BDH1 (622),-0.0,0.0,False
NPHS1 (4868),0.0,0.0,False
FMNL3 (91010),0.0,0.0,False
MED11 (400569),-0.0,0.0,False
ZNF653 (115950),-0.0,0.0,False
TREML1 (340205),0.0,0.0,False
ALOX15 (246),-0.0,0.0,False
LEMD2 (221496),0.0,0.0,False
IP6K3 (117283),-0.0,0.0,False
SPC24 (147841),0.0,0.0,False
SYCE2 (256126),0.0,0.0,False
KRT82 (3888),0.0,0.0,False
KRT84 (3890),0.0,0.0,False
RAVER1 (125950),0.0,0.0,False
TAMALIN (160622),-0.0,0.0,False
LARP4 (113251),0.0,0.0,False
OR7G1 (125962),0.0,0.0,False
RACGAP1 (29127),0.0,0.0,False
CXCL16 (58191),-0.0,0.0,False
SCIMP (388325),0.0,0.0,False
BCL6B (255877),0.0,0.0,False
SNRNP25 (79622),0.0,0.0,False
SPSB3 (90864),0.0,0.0,False
SSTR5 (6755),-0.0,0.0,False
CCDC78 (124093),0.0,0.0,False
JMJD8 (339123),0.0,0.0,False
WDR90 (197335),-0.0,0.0,False
PRR35 (146325),0.0,0.0,False
POLR3K (51728),0.0,0.0,False
ASGR2 (433),-0.0,0.0,False
CCDC42 (146849),0.0,0.0,False
RPL26 (6154),0.0,0.0,False
EIF4A1 (1973),-0.0,0.0,False
FGF11 (2256),-0.0,0.0,False
SENP3 (26168),0.0,0.0,False
TNFSF13 (8741),-0.0,0.0,False
AQP5 (362),0.0,0.0,False
PLCD3 (113026),-0.0,0.0,False
THAP8 (199745),0.0,0.0,False
DBF4B (80174),0.0,0.0,False
TMEM143 (55260),-0.0,0.0,False
ZNF577 (84765),0.0,0.0,False
SRSF2 (6427),-0.0,0.0,False
CYGB (114757),-0.0,0.0,False
PRPSAP1 (5635),0.0,0.0,False
ACOX1 (51),-0.0,0.0,False
SAP30BP (29115),-0.0,0.0,False
FDXR (2232),-0.0,0.0,False
GRIN2C (2905),0.0,0.0,False
IKZF3 (22806),0.0,0.0,False
PGAP3 (93210),0.0,0.0,False
PLXDC1 (57125),0.0,0.0,False
LRRC56 (115399),-0.0,0.0,False
ZNF382 (84911),0.0,0.0,False
COX7A1 (1346),-0.0,0.0,False
KLHL10 (317719),0.0,0.0,False
KASH5 (147872),0.0,0.0,False
HCRT (3060),-0.0,0.0,False
NAGS (162417),-0.0,0.0,False
FAM171A2 (284069),0.0,0.0,False
SHANK1 (50944),-0.0,0.0,False
JOSD2 (126119),-0.0,0.0,False
EMC10 (284361),-0.0,0.0,False
ASB16 (92591),0.0,0.0,False
LSM12 (124801),0.0,0.0,False
IZUMO2 (126123),-0.0,0.0,False
ALDH16A1 (126133),-0.0,0.0,False
CD300LG (146894),0.0,0.0,False
MPP3 (4356),0.0,0.0,False
SIGLEC16 (400709),0.0,0.0,False
SIGLEC11 (114132),0.0,0.0,False
ITGA5 (3678),0.0,0.0,False
DCD (117159),-0.0,0.0,False
FLVCR1 (28982),0.0,0.0,False
GARIN4 (149647),0.0,0.0,False
ATF3 (467),0.0,0.0,False
SPTA1 (6708),-0.0,0.0,False
SUCLG1 (8802),-0.0,0.0,False
CLASP2 (23122),-0.0,0.0,False
SERPINI1 (5274),0.0,0.0,False
SGO2 (151246),0.0,0.0,False
FCRL1 (115350),0.0,0.0,False
NFASC (23114),0.0,0.0,False
DPPA2 (151871),0.0,0.0,False
CHCHD4 (131474),0.0,0.0,False
STT3B (201595),0.0,0.0,False
GLB1L (79411),-0.0,0.0,False
FBLN2 (2199),0.0,0.0,False
TRAT1 (50852),0.0,0.0,False
FCRL4 (83417),-0.0,0.0,False
HDAC11 (79885),0.0,0.0,False
ANKZF1 (55139),0.0,0.0,False
NUAK2 (81788),0.0,0.0,False
PRKCI (5584),0.0,0.0,False
RBM15 (64783),-0.0,0.0,False
MNDA (4332),0.0,0.0,False
CD200R1 (131450),0.0,0.0,False
PPP4R2 (151987),-0.0,0.0,False
RYBP (23429),0.0,0.0,False
ICOS (29851),0.0,0.0,False
CTLA4 (1493),-0.0,0.0,False
ICA1L (130026),0.0,0.0,False
PPM1L (151742),0.0,0.0,False
FABP1 (2168),-0.0,0.0,False
RPL22L1 (200916),-0.0,0.0,False
SLC2A2 (6514),-0.0,0.0,False
EIF5A2 (56648),-0.0,0.0,False
EFHB (151651),0.0,0.0,False
AIM2 (9447),-0.0,0.0,False
IFI16 (3428),-0.0,0.0,False
PYHIN1 (149628),-0.0,0.0,False
RETNLB (84666),0.0,0.0,False
TGFBR2 (7048),-0.0,0.0,False
AZI2 (64343),0.0,0.0,False
CWC22 (57703),-0.0,0.0,False
IGFBP7 (3490),-0.0,0.0,False
TMEM169 (92691),-0.0,0.0,False
TMEM183A (92703),0.0,0.0,False
PDCL2 (132954),0.0,0.0,False
ELF3 (1999),-0.0,0.0,False
LMOD1 (25802),0.0,0.0,False
FSTL1 (11167),0.0,0.0,False
LRRC58 (116064),0.0,0.0,False
TEX55 (152405),-0.0,0.0,False
PROK2 (60675),0.0,0.0,False
EIF4E3 (317649),-0.0,0.0,False
SLC15A2 (6565),-0.0,0.0,False
ATP1A1 (476),-0.0,0.0,False
IGFN1 (91156),0.0,0.0,False
CCKAR (886),0.0,0.0,False
TRIM46 (80128),-0.0,0.0,False
KRTCAP2 (200185),-0.0,0.0,False
CXCR1 (3577),0.0,0.0,False
NEK10 (152110),0.0,0.0,False
EOMES (8320),0.0,0.0,False
CIP2A (57650),-0.0,0.0,False
IHH (3549),-0.0,0.0,False
CRYBA2 (1412),0.0,0.0,False
FEV (54738),0.0,0.0,False
CCDC141 (285025),0.0,0.0,False
ADORA1 (134),0.0,0.0,False
ARPC2 (10109),-0.0,0.0,False
STK36 (27148),0.0,0.0,False
RNF25 (64320),-0.0,0.0,False
SSR2 (6746),-0.0,0.0,False
TMEM79 (84283),-0.0,0.0,False
CCT3 (7203),-0.0,0.0,False
TSACC (128229),0.0,0.0,False
GTPBP8 (29083),0.0,0.0,False
RMP64 (25871),-0.0,0.0,False
SPICE1 (152185),-0.0,0.0,False
CRELD1 (78987),0.0,0.0,False
GYG1 (2992),-0.0,0.0,False
CCDC158 (339965),-0.0,0.0,False
PLSCR2 (57047),0.0,0.0,False
RCHY1 (25898),0.0,0.0,False
CXCL1 (2919),0.0,0.0,False
MTHFD2L (441024),0.0,0.0,False
PF4 (5196),-0.0,0.0,False
PPBP (5473),0.0,0.0,False
CXCL5 (6374),-0.0,0.0,False
CXCL3 (2921),0.0,0.0,False
TTC14 (151613),0.0,0.0,False
MTMR14 (64419),0.0,0.0,False
U2SURP (23350),-0.0,0.0,False
PCOLCE2 (26577),0.0,0.0,False
FANCD2OS (115795),0.0,0.0,False
HPS3 (84343),0.0,0.0,False
TM4SF18 (116441),-0.0,0.0,False
TOPBP1 (11073),0.0,0.0,False
SPDYA (245711),0.0,0.0,False
CLEC3B (7123),0.0,0.0,False
CDCP1 (64866),0.0,0.0,False
ZDHHC3 (51304),-0.0,0.0,False
WDR43 (23160),-0.0,0.0,False
KIF15 (56992),0.0,0.0,False
KIAA1143 (57456),-0.0,0.0,False
PLB1 (151056),-0.0,0.0,False
RYK (6259),0.0,0.0,False
SLC4A1AP (22950),0.0,0.0,False
ZNF513 (130557),-0.0,0.0,False
UCN (7349),-0.0,0.0,False
DNAJC5G (285126),-0.0,0.0,False
TCF23 (150921),-0.0,0.0,False
SNRK (54861),-0.0,0.0,False
PRRT3 (285368),0.0,0.0,False
IL17RC (84818),0.0,0.0,False
CCDC191 (57577),-0.0,0.0,False
IL17RE (132014),-0.0,0.0,False
ADAMTS9 (56999),0.0,0.0,False
PRICKLE2 (166336),0.0,0.0,False
PSMD6 (9861),-0.0,0.0,False
ATXN7 (6314),-0.0,0.0,False
THOC7 (80145),-0.0,0.0,False
C4orf36 (132989),0.0,0.0,False
C3orf49 (132200),0.0,0.0,False
ALB (213),-0.0,0.0,False
SYNPR (132204),-0.0,0.0,False
PTPN13 (5783),0.0,0.0,False
COX18 (285521),0.0,0.0,False
WDFY3 (23001),0.0,0.0,False
CDS1 (1040),0.0,0.0,False
NKX6-1 (4825),0.0,0.0,False
CADPS (8618),0.0,0.0,False
PPM1K (152926),-0.0,0.0,False
ERICH6 (131831),0.0,0.0,False
CLRN1 (7401),-0.0,0.0,False
SMIM14 (201895),0.0,0.0,False
APBB2 (323),-0.0,0.0,False
RBM47 (54502),-0.0,0.0,False
CFAP20DC (200844),0.0,0.0,False
DNASE1L3 (1776),0.0,0.0,False
ABHD6 (57406),-0.0,0.0,False
RPP14 (11102),-0.0,0.0,False
RPL9 (6133),0.0,0.0,False
GMPS (8833),-0.0,0.0,False
SLMAP (7871),-0.0,0.0,False
DCLK3 (85443),0.0,0.0,False
HESX1 (8820),-0.0,0.0,False
PTX3 (5806),0.0,0.0,False
CCNL1 (57018),-0.0,0.0,False
TIPARP (25976),-0.0,0.0,False
SLC22A15 (55356),-0.0,0.0,False
POGLUT1 (56983),0.0,0.0,False
NAXE (128240),-0.0,0.0,False
DISC1 (27185),-0.0,0.0,False
CFAP36 (112942),-0.0,0.0,False
DUSP19 (142679),0.0,0.0,False
FRZB (2487),-0.0,0.0,False
CLHC1 (130162),-0.0,0.0,False
NEUROD1 (4760),0.0,0.0,False
KCNJ3 (3760),0.0,0.0,False
LRATD1 (151354),0.0,0.0,False
ARL5A (26225),-0.0,0.0,False
SLC66A3 (130814),0.0,0.0,False
KCNF1 (3754),0.0,0.0,False
MAIP1 (79568),-0.0,0.0,False
TYW5 (129450),0.0,0.0,False
DPY30 (84661),0.0,0.0,False
MEMO1 (51072),-0.0,0.0,False
LRRTM1 (347730),0.0,0.0,False
NUP35 (129401),-0.0,0.0,False
CCDC138 (165055),0.0,0.0,False
ZSWIM2 (151112),-0.0,0.0,False
COQ8A (56997),0.0,0.0,False
NOSTRIN (115677),-0.0,0.0,False
SPATA18 (132671),-0.0,0.0,False
SGCB (6443),0.0,0.0,False
EN1 (2019),0.0,0.0,False
TEKT4 (150483),-0.0,0.0,False
SLC16A14 (151473),0.0,0.0,False
ANKRD30BL (554226),0.0,0.0,False
FBXO41 (150726),-0.0,0.0,False
H3-3A (3020),-0.0,0.0,False
CCDC74A (90557),0.0,0.0,False
VSNL1 (7447),-0.0,0.0,False
SMC6 (79677),0.0,0.0,False
WDCP (80304),-0.0,0.0,False
ACTG2 (72),0.0,0.0,False
CAPN13 (92291),0.0,0.0,False
RFTN2 (130132),0.0,0.0,False
SGPP2 (130367),0.0,0.0,False
TRIM17 (51127),0.0,0.0,False
CNST (163882),-0.0,0.0,False
TFB2M (64216),-0.0,0.0,False
KIF26B (55083),-0.0,0.0,False
WDR64 (128025),-0.0,0.0,False
ACP6 (51205),-0.0,0.0,False
NBPF20 (100288142),-0.0,0.0,False
BROX (148362),-0.0,0.0,False
C1orf115 (79762),0.0,0.0,False
SPATA17 (128153),0.0,0.0,False
BPNT1 (10380),0.0,0.0,False
SNED1 (25992),0.0,0.0,False
IER5 (51278),-0.0,0.0,False
TDRD5 (163589),0.0,0.0,False
AXDND1 (126859),0.0,0.0,False
DENND2D (79961),-0.0,0.0,False
PPP1R21 (129285),-0.0,0.0,False
KLHDC8A (55220),0.0,0.0,False
PKDCC (91461),-0.0,0.0,False
FCAMR (83953),0.0,0.0,False
SANBR (84542),-0.0,0.0,False
PEX13 (5194),0.0,0.0,False
PUS10 (150962),0.0,0.0,False
REL (5966),-0.0,0.0,False
WDR26 (80232),0.0,0.0,False
MRPL55 (128308),0.0,0.0,False
PIGR (5284),-0.0,0.0,False
OXER1 (165140),-0.0,0.0,False
FCMR (9214),0.0,0.0,False
IL24 (11009),-0.0,0.0,False
IL20 (50604),0.0,0.0,False
MAPKAPK2 (9261),-0.0,0.0,False
B3GALNT2 (148789),0.0,0.0,False
HAAO (23498),-0.0,0.0,False
CFAP221 (200373),0.0,0.0,False
INHBB (3625),0.0,0.0,False
LMOD3 (56203),-0.0,0.0,False
TDRD10 (126668),-0.0,0.0,False
MRPS18C (51023),0.0,0.0,False
HELQ (113510),0.0,0.0,False
ANTXR2 (118429),-0.0,0.0,False
ALPI (248),-0.0,0.0,False
NIPAL1 (152519),-0.0,0.0,False
PAQR3 (152559),0.0,0.0,False
GABRB1 (2560),0.0,0.0,False
ALPG (251),-0.0,0.0,False
GABRG1 (2565),-0.0,0.0,False
ALPP (250),-0.0,0.0,False
GNPDA2 (132789),0.0,0.0,False
CFAP141 (388701),-0.0,0.0,False
DCAF16 (54876),0.0,0.0,False
CRYGC (1420),-0.0,0.0,False
FZD5 (7855),-0.0,0.0,False
CGGBP1 (8545),-0.0,0.0,False
ABRAXAS1 (84142),-0.0,0.0,False
GPR155 (151556),-0.0,0.0,False
DCST1 (149095),-0.0,0.0,False
EOGT (285203),-0.0,0.0,False
TAFA4 (151647),0.0,0.0,False
KBTBD8 (84541),0.0,0.0,False
YY1AP1 (55249),-0.0,0.0,False
INAVA (55765),-0.0,0.0,False
COL6A3 (1293),0.0,0.0,False
DCST2 (127579),-0.0,0.0,False
DAPL1 (92196),0.0,0.0,False
LENEP (55891),0.0,0.0,False
HIPK1 (204851),0.0,0.0,False
PYGO2 (90780),0.0,0.0,False
CLDN1 (9076),-0.0,0.0,False
PBXIP1 (57326),-0.0,0.0,False
PMVK (10654),-0.0,0.0,False
CCNYL1 (151195),0.0,0.0,False
TGFA (7039),-0.0,0.0,False
XIRP2 (129446),-0.0,0.0,False
S100A12 (6283),-0.0,0.0,False
TNFAIP8L2 (79626),0.0,0.0,False
C1QTNF7 (114905),0.0,0.0,False
BNIPL (149428),0.0,0.0,False
PACRGL (133015),-0.0,0.0,False
CTSS (1520),-0.0,0.0,False
ANKRD23 (200539),0.0,0.0,False
RPRD2 (23248),0.0,0.0,False
NEURL3 (93082),-0.0,0.0,False
STPG2 (285555),-0.0,0.0,False
PDHA2 (5161),0.0,0.0,False
PDLIM5 (10611),-0.0,0.0,False
HPGDS (27306),0.0,0.0,False
SMARCAD1 (56916),-0.0,0.0,False
BIRC8 (112401),0.0,0.0,False
BBS5 (129880),0.0,0.0,False
SCNM1 (79005),0.0,0.0,False
TMOD4 (29765),-0.0,0.0,False
VPS72 (6944),0.0,0.0,False
IVL (3713),-0.0,0.0,False
S100A9 (6280),-0.0,0.0,False
ARHGAP25 (9938),-0.0,0.0,False
PGLYRP4 (57115),-0.0,0.0,False
SPRR2D (6703),-0.0,0.0,False
DHX57 (90957),-0.0,0.0,False
SPRR3 (6707),-0.0,0.0,False
SMCP (4184),-0.0,0.0,False
ERCC3 (2071),-0.0,0.0,False
LCE3D (84648),-0.0,0.0,False
S100A11 (6282),-0.0,0.0,False
CDC42EP3 (10602),-0.0,0.0,False
BOLA3 (388962),0.0,0.0,False
IWS1 (55677),0.0,0.0,False
RNF149 (284996),-0.0,0.0,False
SHC1 (6464),-0.0,0.0,False
ZBTB7B (51043),0.0,0.0,False
ADAM9 (8754),-0.0,0.0,False
MYO1E (4643),-0.0,0.0,False
CCNB2 (9133),-0.0,0.0,False
RNF111 (54778),0.0,0.0,False
CACNA2D3 (55799),0.0,0.0,False
ZNF19 (7567),-0.0,0.0,False
AASDH (132949),-0.0,0.0,False
HYDIN (54768),0.0,0.0,False
KIT (3815),0.0,0.0,False
ARSL (415),-0.0,0.0,False
CACNA1D (776),0.0,0.0,False
IL34 (146433),0.0,0.0,False
FCSK (197258),0.0,0.0,False
ST3GAL2 (6483),-0.0,0.0,False
ARMC12 (221481),0.0,0.0,False
CLEC18C (283971),0.0,0.0,False
CFAP107 (93190),-0.0,0.0,False
FAM81A (145773),-0.0,0.0,False
APPL1 (26060),0.0,0.0,False
BRPF1 (7862),0.0,0.0,False
PWWP3B (139221),0.0,0.0,False
TAB3 (257397),-0.0,0.0,False
C2CD2 (25966),-0.0,0.0,False
CREB3L1 (90993),0.0,0.0,False
MX1 (4599),0.0,0.0,False
TMEM164 (84187),0.0,0.0,False
SLC35B2 (347734),0.0,0.0,False
LCA5L (150082),0.0,0.0,False
ETS2 (2114),-0.0,0.0,False
ERG (2078),0.0,0.0,False
KCNJ15 (3772),-0.0,0.0,False
KCNJ6 (3763),0.0,0.0,False
DYRK1A (1859),0.0,0.0,False
VPS26C (10311),0.0,0.0,False
TSC22D3 (1831),-0.0,0.0,False
AFAP1L1 (134265),-0.0,0.0,False
DHRS4 (10901),-0.0,0.0,False
CLEC18A (348174),0.0,0.0,False
TMED6 (146456),-0.0,0.0,False
SUSD3 (203328),0.0,0.0,False
TMEM171 (134285),-0.0,0.0,False
RBPMS (11030),-0.0,0.0,False
FCHO2 (115548),-0.0,0.0,False
SMG1 (23049),0.0,0.0,False
SLC6A1 (6529),0.0,0.0,False
LYZL4 (131375),-0.0,0.0,False
ATP2B2 (491),0.0,0.0,False
NMNAT2 (23057),-0.0,0.0,False
SHCBP1L (81626),-0.0,0.0,False
NTAN1 (123803),-0.0,0.0,False
EXOG (9941),-0.0,0.0,False
SEC13 (6396),0.0,0.0,False
GHRL (51738),0.0,0.0,False
TATDN2 (9797),0.0,0.0,False
SST (6750),-0.0,0.0,False
KLHL40 (131377),-0.0,0.0,False
C8A (731),-0.0,0.0,False
TIMP4 (7079),-0.0,0.0,False
STEAP2 (261729),-0.0,0.0,False
GATAD1 (57798),-0.0,0.0,False
FZD1 (8321),0.0,0.0,False
MMP14 (4323),-0.0,0.0,False
CLDN12 (9069),-0.0,0.0,False
HTR5A (3361),-0.0,0.0,False
SSBP3 (23648),0.0,0.0,False
PAXIP1 (22976),0.0,0.0,False
SYN2 (6854),0.0,0.0,False
CDCP2 (200008),-0.0,0.0,False
LRP8 (7804),0.0,0.0,False
NECAP2 (55707),0.0,0.0,False
CPT2 (1376),0.0,0.0,False
ODR4 (54953),-0.0,0.0,False
NRG1 (3084),0.0,0.0,False
SLC38A10 (124565),-0.0,0.0,False
C9orf43 (257169),0.0,0.0,False
PALM2AKAP2 (445815),-0.0,0.0,False
EXTL1 (2134),-0.0,0.0,False
LRRC43 (254050),0.0,0.0,False
TPRG1L (127262),0.0,0.0,False
RHPN1 (114822),-0.0,0.0,False
HPD (3242),0.0,0.0,False
NCK1 (4690),0.0,0.0,False
GALNT14 (79623),0.0,0.0,False
PTPDC1 (138639),0.0,0.0,False
NLRP14 (338323),-0.0,0.0,False
UBXN11 (91544),0.0,0.0,False
GRHL3 (57822),0.0,0.0,False
DUSP2 (1844),0.0,0.0,False
MRPL17 (63875),0.0,0.0,False
CFAP251 (144406),-0.0,0.0,False
TRIM63 (84676),-0.0,0.0,False
BABAM2 (9577),0.0,0.0,False
PRXL2C (195827),0.0,0.0,False
XDH (7498),-0.0,0.0,False
XKR8 (55113),-0.0,0.0,False
ESYT3 (83850),0.0,0.0,False
CUL4B (8450),-0.0,0.0,False
RNF207 (388591),-0.0,0.0,False
COLEC12 (81035),0.0,0.0,False
CLSTN2 (64084),0.0,0.0,False
TENT5B (115572),0.0,0.0,False
FAIM (55179),0.0,0.0,False
ABHD3 (171586),-0.0,0.0,False
CNNM4 (26504),0.0,0.0,False
WASF2 (10163),0.0,0.0,False
MRAS (22808),-0.0,0.0,False
FANCC (2176),0.0,0.0,False
TMSB15A (11013),0.0,0.0,False
DZIP1L (199221),-0.0,0.0,False
EYA3 (2140),0.0,0.0,False
SLC30A2 (7780),0.0,0.0,False
PAFAH2 (5051),-0.0,0.0,False
ZNF618 (114991),0.0,0.0,False
ANKRD61 (100310846),0.0,0.0,False
GAREM2 (150946),-0.0,0.0,False
FMNL2 (114793),0.0,0.0,False
AP3S2 (10239),0.0,0.0,False
SLC37A3 (84255),-0.0,0.0,False
WDR19 (57728),-0.0,0.0,False
CABP1 (9478),-0.0,0.0,False
PSMG3 (84262),-0.0,0.0,False
ACAN (176),-0.0,0.0,False
SLC34A2 (10568),-0.0,0.0,False
BRAF (673),0.0,0.0,False
UBN2 (254048),0.0,0.0,False
SNX22 (79856),-0.0,0.0,False
SVOPL (136306),0.0,0.0,False
TMEM268 (203197),-0.0,0.0,False
DGKI (9162),0.0,0.0,False
SPPL3 (121665),-0.0,0.0,False
DPYSL5 (56896),0.0,0.0,False
DRC1 (92749),0.0,0.0,False
RER1 (11079),0.0,0.0,False
KRTCAP3 (200634),-0.0,0.0,False
AGAP1 (116987),0.0,0.0,False
LDLRAP1 (26119),-0.0,0.0,False
WIPI2 (26100),-0.0,0.0,False
SKI (6497),0.0,0.0,False
RADIL (55698),0.0,0.0,False
PEX10 (5192),0.0,0.0,False
RAB28 (9364),0.0,0.0,False
C12orf43 (64897),-0.0,0.0,False
MEGF11 (84465),0.0,0.0,False
CIB4 (130106),0.0,0.0,False
PANK4 (55229),0.0,0.0,False
TNFRSF14 (8764),-0.0,0.0,False
PRXL2B (127281),-0.0,0.0,False
RPUSD3 (285367),0.0,0.0,False
EIF4A2 (1974),-0.0,0.0,False
CXCR5 (643),0.0,0.0,False
DRAM2 (128338),-0.0,0.0,False
DPY19L4 (286148),0.0,0.0,False
ALX3 (257),0.0,0.0,False
ADAMTS3 (9508),-0.0,0.0,False
DCK (1633),0.0,0.0,False
BATF (10538),-0.0,0.0,False
KCNMA1 (3778),0.0,0.0,False
ADK (132),0.0,0.0,False
MMP16 (4325),-0.0,0.0,False
GPR61 (83873),-0.0,0.0,False
UGT2B4 (7363),-0.0,0.0,False
WIF1 (11197),0.0,0.0,False
GNAQ (2776),0.0,0.0,False
FAM161B (145483),0.0,0.0,False
GNA14 (9630),0.0,0.0,False
CFAP70 (118491),0.0,0.0,False
NDUFAF6 (137682),0.0,0.0,False
CFAP418 (157657),0.0,0.0,False
PDE6D (5147),0.0,0.0,False
PPEF2 (5470),-0.0,0.0,False
CLDN8 (9073),0.0,0.0,False
CLDN17 (26285),-0.0,0.0,False
BACH1 (571),-0.0,0.0,False
NAA11 (84779),0.0,0.0,False
MAP3K7CL (56911),0.0,0.0,False
CCT8 (10694),-0.0,0.0,False
USP16 (10600),-0.0,0.0,False
RWDD2B (10069),-0.0,0.0,False
HEMK2 (29104),0.0,0.0,False
CXCL13 (10563),0.0,0.0,False
WHAMM (123720),0.0,0.0,False
SLC28A1 (9154),0.0,0.0,False
ART3 (419),-0.0,0.0,False
ADAMTSL3 (57188),0.0,0.0,False
CFAP161 (161502),-0.0,0.0,False
MIDEAS (91748),-0.0,0.0,False
MCU (90550),-0.0,0.0,False
CARNMT1 (138199),0.0,0.0,False
PSD3 (23362),-0.0,0.0,False
SLC24A2 (25769),0.0,0.0,False
RRAGA (10670),0.0,0.0,False
SAXO1 (158297),0.0,0.0,False
MED7 (9443),-0.0,0.0,False
LSM11 (134353),0.0,0.0,False
SLC26A2 (1836),0.0,0.0,False
ELMO1 (9844),0.0,0.0,False
PPARGC1B (133522),0.0,0.0,False
CYLC2 (1539),0.0,0.0,False
RNF20 (56254),0.0,0.0,False
FMN2 (56776),0.0,0.0,False
DEPTOR (64798),0.0,0.0,False
SPAG17 (200162),-0.0,0.0,False
FZD7 (8324),-0.0,0.0,False
TMEM237 (65062),0.0,0.0,False
TRIM42 (287015),0.0,0.0,False
PXYLP1 (92370),-0.0,0.0,False
ADCY8 (114),-0.0,0.0,False
AFF2 (2334),-0.0,0.0,False
MAGEA8 (4107),0.0,0.0,False
NAT2 (10),0.0,0.0,False
KIF5A (3798),0.0,0.0,False
VPS37A (137492),0.0,0.0,False
GRIP1 (23426),0.0,0.0,False
MICU3 (286097),0.0,0.0,False
CLIC2 (1193),0.0,0.0,False
RASA2 (5922),0.0,0.0,False
RAB39B (116442),0.0,0.0,False
VBP1 (7411),0.0,0.0,False
TMBIM4 (51643),0.0,0.0,False
SLA (6503),-0.0,0.0,False
RAET1L (154064),-0.0,0.0,False
RMND1 (55005),-0.0,0.0,False
TSPAN7 (7102),0.0,0.0,False
TIAM1 (7074),0.0,0.0,False
SCAF4 (57466),-0.0,0.0,False
ZFAND3 (60685),0.0,0.0,False
NSMCE2 (286053),0.0,0.0,False
FBXO32 (114907),-0.0,0.0,False
ATAD2 (29028),0.0,0.0,False
NTAQ1 (55093),-0.0,0.0,False
TBC1D31 (93594),0.0,0.0,False
MS4A1 (931),0.0,0.0,False
BAG4 (9530),0.0,0.0,False
MAPK13 (5603),-0.0,0.0,False
AIFM1 (9131),0.0,0.0,False
UTP14A (10813),-0.0,0.0,False
GLYATL2 (219970),0.0,0.0,False
UNC5D (137970),-0.0,0.0,False
RAB11FIP1 (80223),-0.0,0.0,False
SAMD8 (142891),0.0,0.0,False
KAT6B (23522),0.0,0.0,False
ZNF689 (115509),-0.0,0.0,False
PRR14 (78994),-0.0,0.0,False
FBRS (64319),0.0,0.0,False
MALSU1 (115416),-0.0,0.0,False
BUB1B (701),0.0,0.0,False
MPV17L (255027),-0.0,0.0,False
B3GNT7 (93010),-0.0,0.0,False
LHFPL4 (375323),0.0,0.0,False
GALK2 (2585),-0.0,0.0,False
VPS8 (23355),0.0,0.0,False
ZIC3 (7547),0.0,0.0,False
FRRS1 (391059),-0.0,0.0,False
ADGRG4 (139378),0.0,0.0,False
ITGAD (3681),0.0,0.0,False
COX6A2 (1339),-0.0,0.0,False
SASS6 (163786),-0.0,0.0,False
MFSD14A (64645),-0.0,0.0,False
PHKG2 (5261),0.0,0.0,False
NPTN (27020),-0.0,0.0,False
MED19 (219541),0.0,0.0,False
RPGR (6103),-0.0,0.0,False
ZDHHC5 (25921),0.0,0.0,False
MTERF3 (51001),0.0,0.0,False
UQCRB (7381),0.0,0.0,False
GDF6 (392255),0.0,0.0,False
SH3RF2 (153769),-0.0,0.0,False
PCDH1 (5097),-0.0,0.0,False
FGF18 (8817),0.0,0.0,False
TDRD9 (122402),0.0,0.0,False
FUT6 (2528),0.0,0.0,False
ATP5MJ (9556),-0.0,0.0,False
SFXN2 (118980),0.0,0.0,False
SORCS3 (22986),0.0,0.0,False
SFR1 (119392),-0.0,0.0,False
ANKRD9 (122416),-0.0,0.0,False
PCGF6 (84108),-0.0,0.0,False
CDK20 (23552),0.0,0.0,False
PTDSS1 (9791),0.0,0.0,False
PPP2R2B (5521),-0.0,0.0,False
RPL30 (6156),-0.0,0.0,False
TYSND1 (219743),-0.0,0.0,False
UBE2L6 (9246),-0.0,0.0,False
PRG3 (10394),-0.0,0.0,False
NODAL (4838),0.0,0.0,False
LRFN2 (57497),0.0,0.0,False
CD109 (135228),-0.0,0.0,False
PHF6 (84295),0.0,0.0,False
HK1 (3098),0.0,0.0,False
KCNS2 (3788),0.0,0.0,False
HKDC1 (80201),0.0,0.0,False
FBXO43 (286151),-0.0,0.0,False
EEF1A1 (1915),0.0,0.0,False
PABIR2 (159090),-0.0,0.0,False
SUPV3L1 (6832),-0.0,0.0,False
PABIR3 (159091),-0.0,0.0,False
GPR153 (387509),-0.0,0.0,False
SLC13A3 (64849),-0.0,0.0,False
GPRASP2 (114928),0.0,0.0,False
ZNF362 (149076),-0.0,0.0,False
SSU72 (29101),0.0,0.0,False
ATAD3B (83858),0.0,0.0,False
ZBTB8A (653121),0.0,0.0,False
BSDC1 (55108),0.0,0.0,False
TMEM234 (56063),0.0,0.0,False
IQCC (55721),0.0,0.0,False
CCDC28B (79140),-0.0,0.0,False
CALM3 (808),0.0,0.0,False
PTGIR (5739),0.0,0.0,False
ARHGAP35 (2909),0.0,0.0,False
OR3A3 (8392),0.0,0.0,False
TNFRSF13C (115650),0.0,0.0,False
GNE (10020),-0.0,0.0,False
ZNF235 (9310),-0.0,0.0,False
ZNF233 (353355),-0.0,0.0,False
UBE2J2 (118424),0.0,0.0,False
FNDC5 (252995),0.0,0.0,False
RHBDL2 (54933),0.0,0.0,False
CPAMD8 (27151),0.0,0.0,False
PDE9A (5152),0.0,0.0,False
SLC37A1 (54020),-0.0,0.0,False
RSPH1 (89765),0.0,0.0,False
UBASH3A (53347),-0.0,0.0,False
TMPRSS3 (64699),-0.0,0.0,False
TFF1 (7031),0.0,0.0,False
TFF2 (7032),-0.0,0.0,False
TFF3 (7033),0.0,0.0,False
ABCG1 (9619),-0.0,0.0,False
CILP2 (148113),0.0,0.0,False
KALRN (8997),0.0,0.0,False
VMA21 (203547),0.0,0.0,False
MIX23 (131076),0.0,0.0,False
ANKLE1 (126549),-0.0,0.0,False
NR2F6 (2063),-0.0,0.0,False
ZNF221 (7638),-0.0,0.0,False
NPR2 (4882),0.0,0.0,False
ZNF222 (7673),-0.0,0.0,False
CCDC107 (203260),0.0,0.0,False
CHCHD6 (84303),0.0,0.0,False
SPON2 (10417),-0.0,0.0,False
EFCAB14 (9813),0.0,0.0,False
UROC1 (131669),0.0,0.0,False
SPMIP8 (374739),0.0,0.0,False
ACE (1636),-0.0,0.0,False
DRC7 (84229),0.0,0.0,False
ADGRG5 (221188),0.0,0.0,False
TMEM69 (51249),0.0,0.0,False
NAE1 (8883),-0.0,0.0,False
GPBP1L1 (60313),0.0,0.0,False
CCDC17 (149483),0.0,0.0,False
RSPRY1 (89970),-0.0,0.0,False
ISL2 (64843),0.0,0.0,False
PGLYRP3 (114771),-0.0,0.0,False
CTBP1 (1487),-0.0,0.0,False
LRRC36 (55282),0.0,0.0,False
TPPP3 (51673),-0.0,0.0,False
RGS12 (6002),-0.0,0.0,False
ZNF230 (7773),-0.0,0.0,False
CCDC117 (150275),0.0,0.0,False
LYPD5 (284348),-0.0,0.0,False
ABR (29),-0.0,0.0,False
ZYX (7791),-0.0,0.0,False
PSKH1 (5681),-0.0,0.0,False
FAM131B (9715),-0.0,0.0,False
ZDHHC1 (29800),-0.0,0.0,False
PIP (5304),0.0,0.0,False
C16orf86 (388284),-0.0,0.0,False
CARMIL2 (146206),0.0,0.0,False
ZFYVE28 (57732),-0.0,0.0,False
AGRP (181),-0.0,0.0,False
ATP6V0D1 (9114),-0.0,0.0,False
WDR4 (10785),0.0,0.0,False
NDUFV3 (4731),0.0,0.0,False
PKNOX1 (5316),0.0,0.0,False
ZNF761 (388561),0.0,0.0,False
SPTBN4 (57731),0.0,0.0,False
PKN3 (29941),0.0,0.0,False
ZDHHC12 (84885),0.0,0.0,False
ZER1 (10444),0.0,0.0,False
RDH13 (112724),0.0,0.0,False
SHKBP1 (92799),-0.0,0.0,False
ST6GALNAC6 (30815),0.0,0.0,False
TOR2A (27433),-0.0,0.0,False
CFAP157 (286207),0.0,0.0,False
HIPK4 (147746),0.0,0.0,False
C19orf47 (126526),0.0,0.0,False
GPSM1 (26086),0.0,0.0,False
ZNF714 (148206),0.0,0.0,False
LCN1 (3933),0.0,0.0,False
PIERCE1 (138162),-0.0,0.0,False
BRSK1 (84446),-0.0,0.0,False
COX6B2 (125965),-0.0,0.0,False
TMEM190 (147744),-0.0,0.0,False
NEK8 (284086),0.0,0.0,False
CHTOP (26097),0.0,0.0,False
S100A1 (6271),-0.0,0.0,False
CD3G (917),-0.0,0.0,False
SAFB (6294),0.0,0.0,False
PCSK7 (9159),0.0,0.0,False
TLCD1 (116238),0.0,0.0,False
JAML (120425),0.0,0.0,False
NLRP4 (147945),0.0,0.0,False
MPZL3 (196264),0.0,0.0,False
SIK3 (23387),0.0,0.0,False
DEDD2 (162989),0.0,0.0,False
MED27 (9442),-0.0,0.0,False
TAOK1 (57551),0.0,0.0,False
PLPP7 (84814),0.0,0.0,False
FCN2 (2220),-0.0,0.0,False
SLC2A6 (11182),0.0,0.0,False
CBS (875),-0.0,0.0,False
CACFD1 (11094),0.0,0.0,False
CFAP410 (755),0.0,0.0,False
AIRE (326),0.0,0.0,False
ICOSLG (23308),0.0,0.0,False
GATD3 (8209),-0.0,0.0,False
GAB3 (139716),-0.0,0.0,False
TRAPPC10 (7109),0.0,0.0,False
AGPAT3 (56894),0.0,0.0,False
RRP1 (8568),0.0,0.0,False
CSTB (1476),-0.0,0.0,False
G6PD (2539),-0.0,0.0,False
PDXK (8566),0.0,0.0,False
RRP1B (23076),0.0,0.0,False
HSF2BP (11077),0.0,0.0,False
CRYAA (1409),-0.0,0.0,False
U2AF1 (7307),-0.0,0.0,False
ZNF66 (7617),0.0,0.0,False
LRRC3 (81543),0.0,0.0,False
ITGB2 (3689),0.0,0.0,False
PCNT (5116),0.0,0.0,False
ADAMTS13 (11093),0.0,0.0,False
ZNF208 (7757),0.0,0.0,False
CLDND2 (125875),-0.0,0.0,False
PRMT2 (3275),-0.0,0.0,False
S100B (6285),-0.0,0.0,False
DIP2A (23181),0.0,0.0,False
C21orf58 (54058),0.0,0.0,False
SLX9 (85395),0.0,0.0,False
MCM3AP (8888),0.0,0.0,False
VAV2 (7410),-0.0,0.0,False
LSS (4047),0.0,0.0,False
SPATC1L (84221),0.0,0.0,False
FTCD (10841),0.0,0.0,False
RALGDS (5900),-0.0,0.0,False
SPRR2G (6706),-0.0,0.0,False
RGL4 (266747),-0.0,0.0,False
TGM7 (116179),0.0,0.0,False
TMED4 (222068),0.0,0.0,False
USF1 (7391),-0.0,0.0,False
F11R (50848),0.0,0.0,False
ITLN2 (142683),-0.0,0.0,False
HTR6 (3362),0.0,0.0,False
NBL1 (4681),-0.0,0.0,False
RNF166 (115992),0.0,0.0,False
SLAMF8 (56833),-0.0,0.0,False
ELK4 (2005),-0.0,0.0,False
TAGLN2 (8407),-0.0,0.0,False
ZSCAN12 (9753),-0.0,0.0,False
PKD1L1 (168507),0.0,0.0,False
GPAT4 (137964),0.0,0.0,False
PAGE5 (90737),0.0,0.0,False
EMSY (56946),0.0,0.0,False
COPG2 (26958),-0.0,0.0,False
PLA2G2F (64600),-0.0,0.0,False
SPATA2L (124044),0.0,0.0,False
NIT1 (4817),-0.0,0.0,False
B4GALT3 (8703),-0.0,0.0,False
FCER1G (2207),-0.0,0.0,False
SLC5A11 (115584),0.0,0.0,False
NDUFS2 (4720),-0.0,0.0,False
FHIP2B (64760),0.0,0.0,False
ADAMTS4 (9507),0.0,0.0,False
DMTN (2039),-0.0,0.0,False
PINK1 (65018),0.0,0.0,False
DEDD (9191),-0.0,0.0,False
CDA (978),-0.0,0.0,False
VWA5B1 (127731),0.0,0.0,False
FGF17 (8822),-0.0,0.0,False
EDA (1896),0.0,0.0,False
NPM2 (10361),-0.0,0.0,False
ZNF276 (92822),-0.0,0.0,False
PPP1R15B (84919),0.0,0.0,False
ALAS2 (212),-0.0,0.0,False
TOMM40L (84134),0.0,0.0,False
PFKFB1 (5207),0.0,0.0,False
AHCYL2 (23382),-0.0,0.0,False
NRG2 (9542),-0.0,0.0,False
TSPAN33 (340348),0.0,0.0,False
KCNB1 (3745),0.0,0.0,False
CNOT11 (55571),-0.0,0.0,False
CATIP (375307),0.0,0.0,False
TMSB15B (286527),0.0,0.0,False
RIBC1 (158787),0.0,0.0,False
EIF5B (9669),-0.0,0.0,False
MITD1 (129531),0.0,0.0,False
H4C8 (8365),0.0,0.0,False
CDC25C (995),-0.0,0.0,False
H2BC5 (3017),0.0,0.0,False
SHROOM4 (57477),-0.0,0.0,False
AUTS2 (26053),0.0,0.0,False
B4GALT5 (9334),-0.0,0.0,False
CD1D (912),0.0,0.0,False
CD1A (909),-0.0,0.0,False
TSR2 (90121),0.0,0.0,False
DYNC1I1 (1780),0.0,0.0,False
GDPD5 (81544),0.0,0.0,False
POM121L2 (94026),0.0,0.0,False
ZFAND2B (130617),-0.0,0.0,False
ZC3H18 (124245),0.0,0.0,False
PPP1R9A (55607),0.0,0.0,False
CPA5 (93979),-0.0,0.0,False
SPATA2 (9825),-0.0,0.0,False
NCF1 (653361),0.0,0.0,False
HMHB1 (57824),0.0,0.0,False
CD1E (913),-0.0,0.0,False
DNAH3 (55567),-0.0,0.0,False
CD1B (910),-0.0,0.0,False
CD1C (911),0.0,0.0,False
APOA2 (336),-0.0,0.0,False
MPZ (4359),-0.0,0.0,False
MED8 (112950),0.0,0.0,False
GIP (2695),0.0,0.0,False
PADI4 (23569),-0.0,0.0,False
PLA2G4D (283748),-0.0,0.0,False
PTMS (5763),-0.0,0.0,False
ADPGK (83440),-0.0,0.0,False
ARHGAP27 (201176),-0.0,0.0,False
SCUBE1 (80274),-0.0,0.0,False
GOLGA6A (342096),0.0,0.0,False
HLCS (3141),0.0,0.0,False
SIM2 (6493),0.0,0.0,False
CLDN14 (23562),0.0,0.0,False
CHAF1B (8208),-0.0,0.0,False
MORC3 (23515),-0.0,0.0,False
ACTC1 (70),-0.0,0.0,False
GJD2 (57369),-0.0,0.0,False
CBR3 (874),0.0,0.0,False
ADIPOR1 (51094),0.0,0.0,False
CYB5R1 (51706),-0.0,0.0,False
PSMD4 (5710),-0.0,0.0,False
CELF3 (11189),0.0,0.0,False
AMFR (267),-0.0,0.0,False
UBR1 (197131),0.0,0.0,False
LCE2B (26239),-0.0,0.0,False
TCHH (7062),0.0,0.0,False
STARD9 (57519),0.0,0.0,False
ALDH4A1 (8659),-0.0,0.0,False
C1R (715),-0.0,0.0,False
ATP13A2 (23400),-0.0,0.0,False
HK2 (3099),-0.0,0.0,False
CES5A (221223),0.0,0.0,False
BTG2 (7832),-0.0,0.0,False
IRX6 (79190),-0.0,0.0,False
PSMB4 (5692),0.0,0.0,False
M1AP (130951),-0.0,0.0,False
CBR1 (873),0.0,0.0,False
IGF2BP1 (10642),-0.0,0.0,False
WFDC8 (90199),0.0,0.0,False
RUNX1 (861),-0.0,0.0,False
IFNGR2 (3460),-0.0,0.0,False
MRPL10 (124995),0.0,0.0,False
IFNAR2 (3455),-0.0,0.0,False
PAXBP1 (94104),0.0,0.0,False
SYNJ1 (8867),0.0,0.0,False
CFAP298 (56683),-0.0,0.0,False
FBXW5 (54461),-0.0,0.0,False
ALG8 (79053),-0.0,0.0,False
MIS18A (54069),0.0,0.0,False
EPB41 (2035),0.0,0.0,False
RAPGEF6 (51735),-0.0,0.0,False
CDC42SE2 (56990),-0.0,0.0,False
CACHD1 (57685),0.0,0.0,False
WNT9B (7484),0.0,0.0,False
CCAR2 (57805),-0.0,0.0,False
GART (2618),0.0,0.0,False
SON (6651),0.0,0.0,False
DONSON (29980),0.0,0.0,False
KCNE2 (9992),0.0,0.0,False
CCDC24 (149473),0.0,0.0,False
CLIC6 (54102),0.0,0.0,False
SNF8 (11267),0.0,0.0,False
CIART (148523),0.0,0.0,False
UBE2Z (65264),0.0,0.0,False
RCAN1 (1827),-0.0,0.0,False
C1QC (714),0.0,0.0,False
SV2A (9900),0.0,0.0,False
HOXB13 (10481),-0.0,0.0,False
PRAC1 (84366),0.0,0.0,False
CSRP1 (1465),-0.0,0.0,False
TNNI1 (7135),-0.0,0.0,False
STC1 (6781),0.0,0.0,False
LAD1 (3898),-0.0,0.0,False
SLC6A20 (54716),-0.0,0.0,False
LZTFL1 (54585),0.0,0.0,False
FYCO1 (79443),-0.0,0.0,False
DIS3L (115752),-0.0,0.0,False
MS4A14 (84689),0.0,0.0,False
MS4A7 (58475),0.0,0.0,False
MS4A6E (245802),-0.0,0.0,False
TSC22D4 (81628),0.0,0.0,False
NYAP1 (222950),-0.0,0.0,False
GREM1 (26585),-0.0,0.0,False
SCG5 (6447),0.0,0.0,False
C15orf48 (84419),-0.0,0.0,False
YWHAB (7529),-0.0,0.0,False
MTMR10 (54893),-0.0,0.0,False
PIP4K2C (79837),0.0,0.0,False
MRPL16 (54948),-0.0,0.0,False
STX3 (6809),0.0,0.0,False
ELFN2 (114794),0.0,0.0,False
ATP23 (91419),0.0,0.0,False
MS4A5 (64232),0.0,0.0,False
CCNDBP1 (23582),-0.0,0.0,False
BMERB1 (89927),-0.0,0.0,False
EPB42 (2038),0.0,0.0,False
NUDT21 (11051),-0.0,0.0,False
PDIA3 (2923),-0.0,0.0,False
CNPY4 (245812),0.0,0.0,False
MBD6 (114785),0.0,0.0,False
MARS1 (4141),-0.0,0.0,False
EVA1C (59271),-0.0,0.0,False
MAPRE2 (10982),-0.0,0.0,False
AKTIP (64400),0.0,0.0,False
RCCD1 (91433),0.0,0.0,False
MAP1A (4130),-0.0,0.0,False
MS4A15 (219995),0.0,0.0,False
CCDC178 (374864),-0.0,0.0,False
MS4A8 (83661),0.0,0.0,False
SMAD3 (4088),-0.0,0.0,False
TGM6 (343641),0.0,0.0,False
PATL1 (219988),-0.0,0.0,False
STAT6 (6778),-0.0,0.0,False
VPS39 (23339),0.0,0.0,False
NAB2 (4665),0.0,0.0,False
ANPEP (290),0.0,0.0,False
MESP1 (55897),-0.0,0.0,False
TMEM170A (124491),-0.0,0.0,False
PEX11A (8800),0.0,0.0,False
PLIN1 (5346),-0.0,0.0,False
LDHD (197257),0.0,0.0,False
KIF7 (374654),0.0,0.0,False
PCLAF (9768),-0.0,0.0,False
FAM111A (63901),-0.0,0.0,False
LDHAL6A (160287),0.0,0.0,False
CIAO2A (84191),-0.0,0.0,False
LDHC (3948),-0.0,0.0,False
PPIB (5479),-0.0,0.0,False
YPEL4 (219539),-0.0,0.0,False
SAAL1 (113174),-0.0,0.0,False
SCNN1G (6340),0.0,0.0,False
RBPMS2 (348093),-0.0,0.0,False
NAV2 (89797),-0.0,0.0,False
ZBTB39 (9880),0.0,0.0,False
OR4D6 (219983),0.0,0.0,False
NEMP1 (23306),0.0,0.0,False
CHP2 (63928),-0.0,0.0,False
MYO1A (4640),-0.0,0.0,False
TAC3 (6866),0.0,0.0,False
CACNG2 (10369),0.0,0.0,False
GPR182 (11318),0.0,0.0,False
ANKDD1A (348094),-0.0,0.0,False
CLPX (10845),-0.0,0.0,False
PLK1 (5347),-0.0,0.0,False
TERF2IP (54386),0.0,0.0,False
DCTN5 (84516),0.0,0.0,False
C18orf54 (162681),0.0,0.0,False
GLYATL1 (92292),0.0,0.0,False
NAT16 (375607),0.0,0.0,False
TERB2 (145645),0.0,0.0,False
NKX3-1 (4824),-0.0,0.0,False
GOLGA6C (653641),0.0,0.0,False
RBFOX3 (146713),0.0,0.0,False
ENGASE (64772),0.0,0.0,False
POP5 (51367),-0.0,0.0,False
DUS2 (54920),-0.0,0.0,False
DPEP2 (64174),-0.0,0.0,False
CDK12 (51755),0.0,0.0,False
RNF214 (257160),0.0,0.0,False
IGF2 (3481),-0.0,0.0,False
ZNF91 (7644),0.0,0.0,False
HDHD2 (84064),-0.0,0.0,False
KATNAL2 (83473),0.0,0.0,False
LOXHD1 (125336),0.0,0.0,False
SNX20 (124460),0.0,0.0,False
NOD2 (64127),0.0,0.0,False
TBC1D2B (23102),0.0,0.0,False
CD3D (915),-0.0,0.0,False
TBC1D16 (125058),-0.0,0.0,False
TEPSIN (146705),-0.0,0.0,False
OR51B5 (282763),0.0,0.0,False
IRGQ (126298),-0.0,0.0,False
ZNF23 (7571),-0.0,0.0,False
PRRT2 (112476),-0.0,0.0,False
FN3K (64122),-0.0,0.0,False
OR51Q1 (390061),-0.0,0.0,False
OR51I1 (390063),-0.0,0.0,False
MMP26 (56547),0.0,0.0,False
MYO5B (4645),0.0,0.0,False
TRIM68 (55128),0.0,0.0,False
OR51E2 (81285),0.0,0.0,False
RRM1 (6240),-0.0,0.0,False
STIM1 (6786),0.0,0.0,False
ACAA2 (10449),-0.0,0.0,False
ART5 (116969),0.0,0.0,False
FBXO22 (26263),-0.0,0.0,False
C16orf92 (146378),-0.0,0.0,False
SGSM1 (129049),0.0,0.0,False
CRK (1398),0.0,0.0,False
EEIG1 (399665),-0.0,0.0,False
TMEM92 (162461),-0.0,0.0,False
BPIFB6 (128859),0.0,0.0,False
PIP5KL1 (138429),0.0,0.0,False
SAMD14 (201191),0.0,0.0,False
SUN5 (140732),-0.0,0.0,False
TTC16 (158248),-0.0,0.0,False
SNRPD1 (6632),-0.0,0.0,False
PHB1 (5245),0.0,0.0,False
GNGT2 (2793),0.0,0.0,False
PBX3 (5090),-0.0,0.0,False
B4GALNT2 (124872),0.0,0.0,False
MEI1 (150365),0.0,0.0,False
TEF (7008),-0.0,0.0,False
DUSP18 (150290),-0.0,0.0,False
ACSF2 (80221),-0.0,0.0,False
GOLGA2 (2801),0.0,0.0,False
TRUB2 (26995),-0.0,0.0,False
PRRX2 (51450),0.0,0.0,False
GPRC5B (51704),0.0,0.0,False
COQ7 (10229),0.0,0.0,False
PRR15L (79170),0.0,0.0,False
SP2 (6668),0.0,0.0,False
ISLR2 (57611),-0.0,0.0,False
C15orf39 (56905),-0.0,0.0,False
TBC1D21 (161514),0.0,0.0,False
COQ4 (51117),-0.0,0.0,False
ENDOG (2021),0.0,0.0,False
DOLPP1 (57171),0.0,0.0,False
CERCAM (51148),0.0,0.0,False
URM1 (81605),0.0,0.0,False
ANKRD40CL (55018),-0.0,0.0,False
SLC27A4 (10999),-0.0,0.0,False
MARF1 (9665),0.0,0.0,False
CATSPER2 (117155),-0.0,0.0,False
CCR1 (1230),-0.0,0.0,False
DCHS1 (8642),-0.0,0.0,False
TAF10 (6881),-0.0,0.0,False
ILK (3611),-0.0,0.0,False
CCDC182 (101927581),0.0,0.0,False
TRIM44 (54765),-0.0,0.0,False
C11orf65 (160140),-0.0,0.0,False
NUDT13 (25961),-0.0,0.0,False
SYNPO2L (79933),-0.0,0.0,False
APBB1 (322),-0.0,0.0,False
SMPD1 (6609),-0.0,0.0,False
ANAPC16 (119504),-0.0,0.0,False
TMEM100 (55273),-0.0,0.0,False
PLEKHF1 (79156),0.0,0.0,False
C2 (717),-0.0,0.0,False
BORCS7 (119032),-0.0,0.0,False
WBP1L (54838),-0.0,0.0,False
TPP1 (1200),-0.0,0.0,False
NETO1 (81832),0.0,0.0,False
SLFN5 (162394),-0.0,0.0,False
MSS51 (118490),-0.0,0.0,False
SERPINB8 (5271),-0.0,0.0,False
GARRE1 (9710),0.0,0.0,False
SERPINB7 (8710),0.0,0.0,False
CYB5R2 (51700),-0.0,0.0,False
MOGAT2 (80168),0.0,0.0,False
PPFIBP2 (8495),-0.0,0.0,False
ATP9B (374868),-0.0,0.0,False
OR2D2 (120776),0.0,0.0,False
OR10A5 (144124),0.0,0.0,False
WDR88 (126248),-0.0,0.0,False
IFTAP (119710),-0.0,0.0,False
POTED (317754),-0.0,0.0,False
RAG1 (5896),-0.0,0.0,False
USP54 (159195),-0.0,0.0,False
CYB5A (1528),-0.0,0.0,False
MYRFL (196446),0.0,0.0,False
CUL5 (8065),0.0,0.0,False
CYYR1 (116159),0.0,0.0,False
STXBP4 (252983),0.0,0.0,False
ZNF319 (57567),-0.0,0.0,False
ASPG (374569),0.0,0.0,False
API5 (8539),0.0,0.0,False
LARP6 (55323),-0.0,0.0,False
DPCD (25911),0.0,0.0,False
BAG5 (9529),-0.0,0.0,False
POLL (27343),0.0,0.0,False
BTRC (8945),0.0,0.0,False
TRMT61A (115708),0.0,0.0,False
CKB (1152),0.0,0.0,False
BRD7 (29117),-0.0,0.0,False
LRTM2 (654429),0.0,0.0,False
DEPDC4 (120863),0.0,0.0,False
C16orf78 (123970),-0.0,0.0,False
AVPR1A (552),-0.0,0.0,False
HPS6 (79803),0.0,0.0,False
SENP8 (123228),0.0,0.0,False
NOLC1 (9221),-0.0,0.0,False
PCBD1 (5092),-0.0,0.0,False
FAM227B (196951),0.0,0.0,False
ZNF202 (7753),0.0,0.0,False
COX11 (1353),0.0,0.0,False
SCN3B (55800),0.0,0.0,False
CLMP (79827),0.0,0.0,False
ARIH1 (25820),-0.0,0.0,False
CCT2 (10576),0.0,0.0,False
ALKBH3 (221120),-0.0,0.0,False
FRS2 (10818),0.0,0.0,False
SGPL1 (8879),0.0,0.0,False
TBATA (219793),0.0,0.0,False
SPIC (121599),0.0,0.0,False
GABRB3 (2562),0.0,0.0,False
COPS2 (9318),0.0,0.0,False
TUB (7275),0.0,0.0,False
RIC3 (79608),-0.0,0.0,False
LMO1 (4004),-0.0,0.0,False
BEAN1 (146227),0.0,0.0,False
BLCAP (10904),-0.0,0.0,False
MC4R (4160),0.0,0.0,False
HSP90B1 (7184),-0.0,0.0,False
CIAO2B (51647),-0.0,0.0,False
RRAD (6236),-0.0,0.0,False
CDH16 (1014),-0.0,0.0,False
CENPV (201161),-0.0,0.0,False
NDEL1 (81565),0.0,0.0,False
IQCD (115811),0.0,0.0,False
TMEM135 (65084),0.0,0.0,False
GALR1 (2587),0.0,0.0,False
CPLX4 (339302),0.0,0.0,False
SEC11C (90701),0.0,0.0,False
SLC38A8 (146167),0.0,0.0,False
TMED3 (23423),0.0,0.0,False
SERPINB12 (89777),0.0,0.0,False
CHRFAM7A (89832),-0.0,0.0,False
ATF7IP2 (80063),-0.0,0.0,False
B2M (567),-0.0,0.0,False
AP1G1 (164),-0.0,0.0,False
ACSM1 (116285),-0.0,0.0,False
NNMT (4837),0.0,0.0,False
HTR3A (3359),0.0,0.0,False
GOLM2 (113201),-0.0,0.0,False
ZNF592 (9640),0.0,0.0,False
ZCCHC18 (644353),0.0,0.0,False
MMP10 (4319),0.0,0.0,False
ZNF606 (80095),0.0,0.0,False
PLEKHA7 (144100),-0.0,0.0,False
COG1 (9382),-0.0,0.0,False
TMPRSS5 (80975),0.0,0.0,False
BEX3 (27018),-0.0,0.0,False
TVP23A (780776),-0.0,0.0,False
TK2 (7084),-0.0,0.0,False
A2ML1 (144568),0.0,0.0,False
IDH3A (3419),-0.0,0.0,False
RIMKLB (57494),0.0,0.0,False
C16orf46 (123775),-0.0,0.0,False
ATMIN (23300),-0.0,0.0,False
AKIP1 (56672),-0.0,0.0,False
CENPN (55839),-0.0,0.0,False
PRTG (283659),0.0,0.0,False
TMEM130 (222865),0.0,0.0,False
CDYL2 (124359),0.0,0.0,False
RPL27A (6157),-0.0,0.0,False
RNF169 (254225),0.0,0.0,False
TRIM66 (9866),-0.0,0.0,False
XRRA1 (143570),0.0,0.0,False
ZMAT1 (84460),-0.0,0.0,False
PLD4 (122618),-0.0,0.0,False
CRABP1 (1381),0.0,0.0,False
WDR72 (256764),0.0,0.0,False
TMEM41B (440026),-0.0,0.0,False
PKD1L2 (114780),-0.0,0.0,False
LEO1 (123169),-0.0,0.0,False
MCM7 (4176),-0.0,0.0,False
ZSCAN21 (7589),-0.0,0.0,False
CLEC4D (338339),0.0,0.0,False
ZNF3 (7551),-0.0,0.0,False
CLEC4E (26253),-0.0,0.0,False
CCDC68 (80323),-0.0,0.0,False
CLEC3A (10143),0.0,0.0,False
NDST2 (8509),0.0,0.0,False
ZNF143 (7702),-0.0,0.0,False
HDGFL3 (50810),-0.0,0.0,False
PRKCB (5579),0.0,0.0,False
MAPK7 (5598),0.0,0.0,False
WEE1 (7465),-0.0,0.0,False
MFAP4 (4239),0.0,0.0,False
TMX3 (54495),0.0,0.0,False
ZNF226 (7769),-0.0,0.0,False
ZNF180 (7733),-0.0,0.0,False
PPP2R3B (28227),0.0,0.0,False
ZCCHC4 (29063),0.0,0.0,False
RBPJ (3516),0.0,0.0,False
ZFP3 (124961),0.0,0.0,False
MAPK1IP1L (93487),-0.0,0.0,False
HOOK3 (84376),0.0,0.0,False
RNF187 (149603),0.0,0.0,False
OR2C1 (4993),0.0,0.0,False
THAP9 (79725),0.0,0.0,False
H3-4 (8290),0.0,0.0,False
FAM83B (222584),-0.0,0.0,False
VASN (114990),0.0,0.0,False
SETD5 (55209),0.0,0.0,False
KCNJ4 (3761),0.0,0.0,False
OR2B2 (81697),-0.0,0.0,False
OR1F1 (4992),0.0,0.0,False
RAB4A (5867),-0.0,0.0,False
LMBRD1 (55788),-0.0,0.0,False
PTGDR (5729),0.0,0.0,False
ZNF668 (79759),0.0,0.0,False
TTC39C (125488),0.0,0.0,False
MGAT2 (4247),-0.0,0.0,False
KIF5C (3800),0.0,0.0,False
COA6 (388753),0.0,0.0,False
UQCC5 (440957),0.0,0.0,False
FOXI1 (2299),-0.0,0.0,False
NT5DC2 (64943),0.0,0.0,False
PTF1A (256297),0.0,0.0,False
IRF2BP2 (359948),-0.0,0.0,False
KCNV2 (169522),0.0,0.0,False
DNAJC7 (7266),0.0,0.0,False
NKIRAS2 (28511),0.0,0.0,False
POLR2J3 (548644),0.0,0.0,False
UBTD2 (92181),-0.0,0.0,False
GNG4 (2786),0.0,0.0,False
GLYCTK (132158),-0.0,0.0,False
KIAA1586 (57691),0.0,0.0,False
NUDT16L1 (84309),0.0,0.0,False
ANKS3 (124401),0.0,0.0,False
PAFAH1B2 (5049),0.0,0.0,False
TRANK1 (9881),-0.0,0.0,False
C2CD3 (26005),0.0,0.0,False
ATG16L2 (89849),0.0,0.0,False
SPINDOC (144097),-0.0,0.0,False
PLAAT5 (117245),-0.0,0.0,False
SLC3A2 (6520),0.0,0.0,False
POLR2G (5436),0.0,0.0,False
BSCL2 (26580),-0.0,0.0,False
FTH1 (2495),0.0,0.0,False
BEST1 (7439),0.0,0.0,False
RAB3IL1 (5866),0.0,0.0,False
VWCE (220001),0.0,0.0,False
VPS37C (55048),0.0,0.0,False
DDB1 (1642),0.0,0.0,False
SDHAF2 (54949),0.0,0.0,False
TTC21A (199223),0.0,0.0,False
RPSA (3921),0.0,0.0,False
ENTPD3 (956),0.0,0.0,False
MAJIN (283129),-0.0,0.0,False
COPS6 (10980),-0.0,0.0,False
PNOC (5368),0.0,0.0,False
SCARA5 (286133),-0.0,0.0,False
PBK (55872),-0.0,0.0,False
SCARA3 (51435),0.0,0.0,False
CCDC88B (283234),-0.0,0.0,False
MAP4K2 (5871),-0.0,0.0,False
ULK4 (54986),0.0,0.0,False
SF1 (7536),0.0,0.0,False
SLC22A11 (55867),0.0,0.0,False
BATF2 (116071),-0.0,0.0,False
SAC3D1 (29901),0.0,0.0,False
NAALADL1 (10004),0.0,0.0,False
FADD (8772),-0.0,0.0,False
BMI1 (648),-0.0,0.0,False
THAP11 (57215),-0.0,0.0,False
MMADHC (27249),-0.0,0.0,False
RAB31 (11031),-0.0,0.0,False
HEXIM2 (124790),-0.0,0.0,False
SCGB1D1 (10648),0.0,0.0,False
HJV (148738),0.0,0.0,False
GBX2 (2637),-0.0,0.0,False
MTCL1 (23255),0.0,0.0,False
CAVIN2 (8436),0.0,0.0,False
FEN1 (2237),0.0,0.0,False
POLR3D (661),0.0,0.0,False
CCDC110 (256309),0.0,0.0,False
PHYHIP (9796),-0.0,0.0,False
ATXN2L (11273),0.0,0.0,False
BMP1 (649),-0.0,0.0,False
SFTPC (6440),0.0,0.0,False
LGI3 (203190),-0.0,0.0,False
TNXB (7148),-0.0,0.0,False
FNTA (2339),0.0,0.0,False
SERINC2 (347735),-0.0,0.0,False
MYL1 (4632),-0.0,0.0,False
SLC20A2 (6575),0.0,0.0,False
ZSWIM1 (90204),0.0,0.0,False
STAT3 (6774),-0.0,0.0,False
ADAM29 (11086),-0.0,0.0,False
TMUB2 (79089),0.0,0.0,False
DYNLRB2 (83657),-0.0,0.0,False
CRYGA (1418),-0.0,0.0,False
TMEM223 (79064),0.0,0.0,False
TRAPPC11 (60684),0.0,0.0,False
SNRNP48 (154007),-0.0,0.0,False
CDKN2AIP (55602),0.0,0.0,False
ING2 (3622),0.0,0.0,False
GFRA2 (2675),0.0,0.0,False
COL3A1 (1281),0.0,0.0,False
CHRM1 (1128),0.0,0.0,False
REEP4 (80346),-0.0,0.0,False
TXNDC2 (84203),0.0,0.0,False
PDHB (5162),0.0,0.0,False
HR (55806),-0.0,0.0,False
ARF4 (378),0.0,0.0,False
SCN11A (11280),0.0,0.0,False
DEGS2 (123099),0.0,0.0,False
INSM2 (84684),-0.0,0.0,False
XIRP1 (165904),-0.0,0.0,False
PPDPFL (492307),0.0,0.0,False
CX3CR1 (1524),0.0,0.0,False
MOBP (4336),0.0,0.0,False
IRF2 (3660),-0.0,0.0,False
FAM107A (11170),0.0,0.0,False
ACOX2 (8309),-0.0,0.0,False
MPLKIP (136647),0.0,0.0,False
KCTD6 (200845),0.0,0.0,False
PCMTD1 (115294),0.0,0.0,False
PXK (54899),0.0,0.0,False
SEPTIN2 (4735),0.0,0.0,False
FILIP1L (11259),-0.0,0.0,False
MFSD2A (84879),0.0,0.0,False
KCNG4 (93107),0.0,0.0,False
SCNN1B (6338),0.0,0.0,False
STIP1 (10963),0.0,0.0,False
CDC40 (51362),0.0,0.0,False
COG7 (91949),0.0,0.0,False
KLHL30 (377007),-0.0,0.0,False
RHOH (399),0.0,0.0,False
MTNR1A (4543),-0.0,0.0,False
DTYMK (1841),0.0,0.0,False
RFWD3 (55159),-0.0,0.0,False
MLKL (197259),-0.0,0.0,False
BDKRB2 (624),-0.0,0.0,False
ATG4B (23192),0.0,0.0,False
ING5 (84289),0.0,0.0,False
TAP1 (6890),-0.0,0.0,False
NLRC3 (197358),0.0,0.0,False
ZNF597 (146434),0.0,0.0,False
SRRM2 (23524),0.0,0.0,False
SERTAD3 (29946),0.0,0.0,False
ZNF526 (116115),0.0,0.0,False
TMEM145 (284339),-0.0,0.0,False
LAIR2 (3904),0.0,0.0,False
CDC42EP5 (148170),0.0,0.0,False
LENG8 (114823),0.0,0.0,False
TTYH1 (57348),0.0,0.0,False
LAIR1 (3903),-0.0,0.0,False
ANKRD33 (341405),0.0,0.0,False
TMC4 (147798),0.0,0.0,False
NFKBID (84807),-0.0,0.0,False
AXL (558),-0.0,0.0,False
CYP2S1 (29785),-0.0,0.0,False
PROSER3 (148137),-0.0,0.0,False
AQP2 (359),-0.0,0.0,False
RAB4B (53916),-0.0,0.0,False
TRAPPC9 (83696),-0.0,0.0,False
KIR3DL1 (3811),-0.0,0.0,False
NLRP7 (199713),0.0,0.0,False
ATCAY (85300),-0.0,0.0,False
UBXN6 (80700),0.0,0.0,False
CHAF1A (10036),0.0,0.0,False
TMIGD2 (126259),0.0,0.0,False
EEF2 (1938),-0.0,0.0,False
DAPK3 (1613),0.0,0.0,False
LY6D (8581),-0.0,0.0,False
PSCA (8000),-0.0,0.0,False
ZNF146 (7705),0.0,0.0,False
DNAAF3 (352909),-0.0,0.0,False
YIF1B (90522),0.0,0.0,False
C19orf33 (64073),-0.0,0.0,False
SPINT2 (10653),0.0,0.0,False
PPP1R14A (94274),0.0,0.0,False
ZNF283 (284349),0.0,0.0,False
NCKAP5L (57701),0.0,0.0,False
ZNF701 (55762),0.0,0.0,False
PLIN4 (729359),-0.0,0.0,False
ZNF528 (84436),0.0,0.0,False
MVD (4597),0.0,0.0,False
GATAD2A (54815),-0.0,0.0,False
KLHL26 (55295),-0.0,0.0,False
NIBAN3 (199786),0.0,0.0,False
JSRP1 (126306),0.0,0.0,False
MIDN (90007),0.0,0.0,False
GPX4 (2879),-0.0,0.0,False
RAB8A (4218),-0.0,0.0,False
TPM4 (7171),-0.0,0.0,False
SMG8 (55181),-0.0,0.0,False
CA4 (762),0.0,0.0,False
LPO (4025),-0.0,0.0,False
GNG8 (94235),-0.0,0.0,False
VKORC1 (79001),0.0,0.0,False
ZNF646 (9726),0.0,0.0,False
CDT1 (81620),-0.0,0.0,False
TRAPPC2L (51693),-0.0,0.0,False
ANKRD11 (29123),-0.0,0.0,False
TP53I13 (90313),0.0,0.0,False
ZNF610 (162963),0.0,0.0,False
TUBA1C (84790),0.0,0.0,False
TUBA1A (7846),0.0,0.0,False
RHEBL1 (121268),-0.0,0.0,False
CORO6 (84940),-0.0,0.0,False
KMT2D (8085),0.0,0.0,False
DHRS13 (147015),0.0,0.0,False
SPATA33 (124045),0.0,0.0,False
CACNB3 (784),0.0,0.0,False
LALBA (3906),0.0,0.0,False
ZNF641 (121274),0.0,0.0,False
RPL13 (6137),-0.0,0.0,False
PROCA1 (147011),0.0,0.0,False
RSKR (124923),0.0,0.0,False
HDGFL2 (84717),-0.0,0.0,False
ZNF444 (55311),-0.0,0.0,False
KCTD5 (54442),0.0,0.0,False
NDUFV1 (4723),0.0,0.0,False
EVPL (2125),-0.0,0.0,False
TMEM88 (92162),-0.0,0.0,False
ATP5PD (10476),0.0,0.0,False
MRPL58 (3396),-0.0,0.0,False
HID1 (283987),0.0,0.0,False
TEKT1 (83659),0.0,0.0,False
CD300A (11314),-0.0,0.0,False
CD300C (10871),0.0,0.0,False
MIS12 (79003),0.0,0.0,False
ZNF232 (7775),0.0,0.0,False
OR5I1 (10798),-0.0,0.0,False
OR8J3 (81168),-0.0,0.0,False
PRDX2 (7001),0.0,0.0,False
TBX10 (347853),0.0,0.0,False
NUDT8 (254552),-0.0,0.0,False
SRP68 (6730),0.0,0.0,False
MGAT5B (146664),-0.0,0.0,False
TMC8 (147138),-0.0,0.0,False
ZNF598 (90850),0.0,0.0,False
ABCA3 (21),0.0,0.0,False
CASKIN1 (57524),0.0,0.0,False
ECI1 (1632),0.0,0.0,False
E4F1 (1877),0.0,0.0,False
MLST8 (64223),0.0,0.0,False
RAB26 (25837),-0.0,0.0,False
SOST (50964),0.0,0.0,False
TK1 (7083),-0.0,0.0,False
FAM234A (83986),0.0,0.0,False
GHDC (84514),-0.0,0.0,False
KRT24 (192666),-0.0,0.0,False
GSDMA (284110),-0.0,0.0,False
CYP7A1 (1581),0.0,0.0,False
TMEM68 (137695),-0.0,0.0,False
CDK2AP2 (10263),0.0,0.0,False
CABP2 (51475),0.0,0.0,False
NXN (64359),0.0,0.0,False
ZNF558 (148156),0.0,0.0,False
GGT6 (124975),0.0,0.0,False
CYB5D2 (124936),0.0,0.0,False
HSD11B1L (374875),-0.0,0.0,False
TRPV3 (162514),0.0,0.0,False
TSR1 (55720),0.0,0.0,False
SRR (63826),-0.0,0.0,False
WDR81 (124997),-0.0,0.0,False
SERPINF2 (5345),-0.0,0.0,False
RILP (83547),-0.0,0.0,False
SLC43A2 (124935),-0.0,0.0,False
KIFC2 (90990),0.0,0.0,False
GPT (2875),-0.0,0.0,False
MFSD3 (113655),0.0,0.0,False
GLOD4 (51031),0.0,0.0,False
TLCD3A (79850),-0.0,0.0,False
KLK1 (3816),-0.0,0.0,False
KLK4 (9622),0.0,0.0,False
KLK2 (3817),0.0,0.0,False
OTUB1 (55611),-0.0,0.0,False
SOAT2 (8435),-0.0,0.0,False
IGFBP6 (3489),-0.0,0.0,False
SPRYD3 (84926),0.0,0.0,False
CD320 (51293),-0.0,0.0,False
ANGPTL4 (51129),-0.0,0.0,False
RCOR2 (283248),0.0,0.0,False
ACER1 (125981),0.0,0.0,False
KLK5 (25818),-0.0,0.0,False
KRT1 (3848),-0.0,0.0,False
KRT80 (144501),-0.0,0.0,False
ZNF83 (55769),0.0,0.0,False
KLK13 (26085),0.0,0.0,False
KLK11 (11012),-0.0,0.0,False
KLK6 (5653),-0.0,0.0,False
FBN1 (2200),0.0,0.0,False
SPINT1 (6692),0.0,0.0,False
PPP1R14D (54866),-0.0,0.0,False
TXLNB (167838),0.0,0.0,False
FABP7 (2173),0.0,0.0,False
CGAS (115004),-0.0,0.0,False
GRIK2 (2898),-0.0,0.0,False
SLC35A1 (10559),0.0,0.0,False
GJB7 (375519),0.0,0.0,False
LEAP2 (116842),-0.0,0.0,False
UQCRQ (27089),-0.0,0.0,False
GDF9 (2661),0.0,0.0,False
SHROOM1 (134549),-0.0,0.0,False
SEPTIN8 (23176),-0.0,0.0,False
CSF2 (1437),-0.0,0.0,False
IL3 (3562),-0.0,0.0,False
ACSL6 (23305),0.0,0.0,False
FOXQ1 (94234),-0.0,0.0,False
CCDC127 (133957),0.0,0.0,False
TLX3 (30012),-0.0,0.0,False
CITED2 (10370),0.0,0.0,False
GPER1 (2852),-0.0,0.0,False
CALHM4 (221301),0.0,0.0,False
RAET1E (135250),-0.0,0.0,False
ANKRD55 (79722),0.0,0.0,False
IL31RA (133396),0.0,0.0,False
H2AC1 (221613),-0.0,0.0,False
STXBP5 (134957),-0.0,0.0,False
SPMIP7 (100130988),-0.0,0.0,False
PDSS2 (57107),0.0,0.0,False
DACT2 (168002),-0.0,0.0,False
IL22RA2 (116379),0.0,0.0,False
TMEM200A (114801),-0.0,0.0,False
SAMD3 (154075),-0.0,0.0,False
SFXN1 (94081),-0.0,0.0,False
DCBLD1 (285761),-0.0,0.0,False
CREBRF (153222),-0.0,0.0,False
TBXT (6862),0.0,0.0,False
SLC6A18 (348932),0.0,0.0,False
TERT (7015),-0.0,0.0,False
GFM2 (84340),-0.0,0.0,False
NSA2 (10412),-0.0,0.0,False
CAGE1 (285782),-0.0,0.0,False
ENPP6 (133121),-0.0,0.0,False
SERINC5 (256987),-0.0,0.0,False
SPZ1 (84654),-0.0,0.0,False
TIGD6 (81789),0.0,0.0,False
GPX8 (493869),-0.0,0.0,False
RHOBTB3 (22836),-0.0,0.0,False
ARSK (153642),-0.0,0.0,False
CDC20B (166979),-0.0,0.0,False
GRPEL2 (134266),-0.0,0.0,False
ESM1 (11082),0.0,0.0,False
HTR4 (3360),-0.0,0.0,False
SCGB3A2 (117156),-0.0,0.0,False
NDUFS4 (4724),-0.0,0.0,False
PRDM9 (56979),0.0,0.0,False
CASP3 (836),0.0,0.0,False
PRIMPOL (201973),0.0,0.0,False
ERAP1 (51752),-0.0,0.0,False
EBF1 (1879),0.0,0.0,False
KLKB1 (3818),-0.0,0.0,False
TLR3 (7098),-0.0,0.0,False
UTP15 (84135),-0.0,0.0,False
FAM170A (340069),-0.0,0.0,False
UBLCP1 (134510),-0.0,0.0,False
ANKRA2 (57763),-0.0,0.0,False
TENT2 (167153),-0.0,0.0,False
ERAP2 (64167),-0.0,0.0,False
RICTOR (253260),0.0,0.0,False
CARTPT (9607),0.0,0.0,False
TMEM174 (134288),0.0,0.0,False
CFAP97 (57587),0.0,0.0,False
EGFLAM (133584),0.0,0.0,False
CMYA5 (202333),0.0,0.0,False
PI16 (221476),0.0,0.0,False
DAGLB (221955),0.0,0.0,False
MATCAP2 (23366),0.0,0.0,False
FNDC1 (84624),0.0,0.0,False
RAD21 (5885),0.0,0.0,False
PEX2 (5828),0.0,0.0,False
HNF4G (3174),-0.0,0.0,False
C7orf57 (136288),0.0,0.0,False
SUN3 (256979),0.0,0.0,False
C8orf48 (157773),0.0,0.0,False
ADCY1 (107),-0.0,0.0,False
DLC1 (10395),-0.0,0.0,False
SOX17 (64321),0.0,0.0,False
CTSB (1508),-0.0,0.0,False
SLC35G3 (146861),0.0,0.0,False
LMTK2 (22853),-0.0,0.0,False
BRI3 (25798),-0.0,0.0,False
PGAM2 (5224),0.0,0.0,False
SLC13A4 (26266),-0.0,0.0,False
SLC30A8 (169026),-0.0,0.0,False
MED30 (90390),0.0,0.0,False
TNFRSF11B (4982),0.0,0.0,False
DNAAF5 (54919),-0.0,0.0,False
TMEM74 (157753),-0.0,0.0,False
OXR1 (55074),0.0,0.0,False
SUN1 (23353),-0.0,0.0,False
OSGIN2 (734),0.0,0.0,False
DEFA6 (1671),-0.0,0.0,False
DEFA4 (1669),-0.0,0.0,False
DEFA5 (1670),-0.0,0.0,False
SBSPON (157869),-0.0,0.0,False
ORC5 (5001),-0.0,0.0,False
SPIDR (23514),0.0,0.0,False
CSMD3 (114788),0.0,0.0,False
KCNV1 (27012),0.0,0.0,False
EN2 (2020),-0.0,0.0,False
PHKG1 (5260),-0.0,0.0,False
CHMP4C (92421),0.0,0.0,False
COL1A2 (1278),0.0,0.0,False
STK17A (9263),-0.0,0.0,False
TAGAP (117289),0.0,0.0,False
BMPER (168667),0.0,0.0,False
CAMLG (819),-0.0,0.0,False
PTTG1 (9232),-0.0,0.0,False
RP9 (6100),0.0,0.0,False
SLU7 (10569),-0.0,0.0,False
GPR85 (54329),-0.0,0.0,False
SAMTOR (154743),-0.0,0.0,False
NEUROD6 (63974),0.0,0.0,False
COG5 (10466),0.0,0.0,False
MYOZ3 (91977),0.0,0.0,False
HCN1 (348980),0.0,0.0,False
RPS14 (6208),-0.0,0.0,False
SAP30L (79685),0.0,0.0,False
GALNT10 (55568),0.0,0.0,False
TRA2A (29896),0.0,0.0,False
RELL2 (285613),-0.0,0.0,False
KCNK5 (8645),0.0,0.0,False
KIF6 (221458),-0.0,0.0,False
USP49 (25862),0.0,0.0,False
SHH (6469),-0.0,0.0,False
FABP5 (2171),-0.0,0.0,False
ZNF704 (619279),-0.0,0.0,False
HEY1 (23462),-0.0,0.0,False
IQUB (154865),-0.0,0.0,False
SYTL3 (94120),0.0,0.0,False
ELAPOR2 (222223),0.0,0.0,False
ZNF12 (7559),-0.0,0.0,False
MIOS (54468),-0.0,0.0,False
SP8 (221833),0.0,0.0,False
CDCA7L (55536),-0.0,0.0,False
STEAP1 (26872),-0.0,0.0,False
TEX47 (219557),-0.0,0.0,False
SLC29A4 (222962),0.0,0.0,False
WDR41 (55255),-0.0,0.0,False
AGGF1 (55109),-0.0,0.0,False
F2RL1 (2150),-0.0,0.0,False
TASOR (23272),-0.0,0.0,False
ZNF691 (51058),0.0,0.0,False
ERMAP (114625),0.0,0.0,False
C1orf50 (79078),0.0,0.0,False
CLDN19 (149461),0.0,0.0,False
EXO5 (64789),0.0,0.0,False
ABLIM2 (84448),-0.0,0.0,False
S100P (6286),-0.0,0.0,False
OTOP1 (133060),0.0,0.0,False
PIGX (54965),0.0,0.0,False
RNF168 (165918),-0.0,0.0,False
UBXN7 (26043),-0.0,0.0,False
SLC51A (200931),0.0,0.0,False
ZDHHC19 (131540),0.0,0.0,False
LRPAP1 (4043),-0.0,0.0,False
SLBP (7884),0.0,0.0,False
AIMP1 (9255),0.0,0.0,False
SGMS2 (166929),0.0,0.0,False
METAP1 (23173),0.0,0.0,False
CAMP (820),-0.0,0.0,False
SHISA5 (51246),-0.0,0.0,False
ATRIP (84126),0.0,0.0,False
CCDC51 (79714),-0.0,0.0,False
PLXNB1 (5364),-0.0,0.0,False
FBXW12 (285231),0.0,0.0,False
ZNF589 (51385),0.0,0.0,False
CDC25A (993),-0.0,0.0,False
DNAJB14 (79982),-0.0,0.0,False
PGRMC2 (10424),0.0,0.0,False
BDH2 (56898),-0.0,0.0,False
SLC9B2 (133308),-0.0,0.0,False
SLC9B1 (150159),-0.0,0.0,False
EMCN (51705),-0.0,0.0,False
H2AZ1 (3015),0.0,0.0,False
ARHGEF3 (50650),-0.0,0.0,False
UVSSA (57654),0.0,0.0,False
BSN (8927),0.0,0.0,False
PBRM1 (55193),0.0,0.0,False
POLR2H (5437),0.0,0.0,False
DNALI1 (7802),0.0,0.0,False
SNIP1 (79753),0.0,0.0,False
MEAF6 (64769),0.0,0.0,False
ZC3H12A (80149),-0.0,0.0,False
GRIK3 (2899),0.0,0.0,False
YEATS2 (55689),0.0,0.0,False
TPRA1 (131601),0.0,0.0,False
ZMYM6 (9204),0.0,0.0,False
SMIM12 (113444),-0.0,0.0,False
ZNF148 (7707),0.0,0.0,False
DTX3L (151636),-0.0,0.0,False
FBXO40 (51725),0.0,0.0,False
ELP6 (54859),0.0,0.0,False
LRRC2 (79442),0.0,0.0,False
KLF15 (28999),0.0,0.0,False
CFAP100 (348807),0.0,0.0,False
CAMK2N2 (94032),-0.0,0.0,False
RPL39L (116832),-0.0,0.0,False
GNL3 (26354),0.0,0.0,False
SFMBT1 (51460),0.0,0.0,False
RFT1 (91869),-0.0,0.0,False
PRKCD (5580),-0.0,0.0,False
TKT (7086),-0.0,0.0,False
BAP1 (8314),-0.0,0.0,False
RFC4 (5984),-0.0,0.0,False
LIPH (200879),-0.0,0.0,False
RHO (6010),0.0,0.0,False
IFT122 (55764),0.0,0.0,False
HEYL (26508),0.0,0.0,False
SENP2 (59343),0.0,0.0,False
RPN1 (6184),-0.0,0.0,False
TMEM41A (90407),0.0,0.0,False
SPRY1 (10252),-0.0,0.0,False
APEH (327),-0.0,0.0,False
PRRC1 (133619),0.0,0.0,False
NPY1R (4886),-0.0,0.0,False
SLC45A2 (51151),-0.0,0.0,False
MOCS2 (4338),-0.0,0.0,False
ITGA2 (3673),-0.0,0.0,False
PRMT9 (90826),-0.0,0.0,False
TMEM184C (55751),-0.0,0.0,False
LSM6 (11157),0.0,0.0,False
OTUD4 (54726),0.0,0.0,False
ABCE1 (6059),0.0,0.0,False
ANAPC10 (10393),0.0,0.0,False
HHIP (64399),-0.0,0.0,False
ICE1 (23379),-0.0,0.0,False
ARFIP1 (27236),-0.0,0.0,False
FHIP1A (729830),0.0,0.0,False
IL15 (3600),-0.0,0.0,False
NAA15 (80155),-0.0,0.0,False
EDIL3 (10085),0.0,0.0,False
TMEM161B (153396),-0.0,0.0,False
ELOVL7 (79993),-0.0,0.0,False
STARD4 (134429),0.0,0.0,False
C5orf63 (401207),-0.0,0.0,False
CMBL (134147),0.0,0.0,False
ANKRD33B (651746),0.0,0.0,False
CCDC112 (153733),-0.0,0.0,False
F2RL2 (2151),-0.0,0.0,False
PGGT1B (5229),-0.0,0.0,False
SLC25A46 (91137),-0.0,0.0,False
NDUFAF2 (91942),-0.0,0.0,False
ADGRV1 (84059),0.0,0.0,False
RNF180 (285671),0.0,0.0,False
NIPBL (25836),0.0,0.0,False
RANBP3L (202151),0.0,0.0,False
LMBRD2 (92255),0.0,0.0,False
ZNF474 (133923),0.0,0.0,False
NPY5R (4889),0.0,0.0,False
TMEM144 (55314),-0.0,0.0,False
INTU (27152),0.0,0.0,False
SPMIP2 (152940),0.0,0.0,False
WDR82 (80335),-0.0,0.0,False
ETNPPL (64850),0.0,0.0,False
PPM1M (132160),0.0,0.0,False
POC1A (25886),-0.0,0.0,False
DUSP7 (1849),-0.0,0.0,False
GRM2 (2912),-0.0,0.0,False
TEX264 (51368),-0.0,0.0,False
RAD54L2 (23132),0.0,0.0,False
MST1R (4486),-0.0,0.0,False
MON1A (84315),-0.0,0.0,False
CAMKV (79012),-0.0,0.0,False
ABHD18 (80167),0.0,0.0,False
MFSD8 (256471),0.0,0.0,False
HSPA4L (22824),0.0,0.0,False
RNF123 (63891),-0.0,0.0,False
PITX2 (5308),-0.0,0.0,False
ARLN (401152),0.0,0.0,False
PRSS12 (8492),0.0,0.0,False
ADAD1 (132612),0.0,0.0,False
ASB5 (140458),0.0,0.0,False
HPGD (3248),-0.0,0.0,False
CEP44 (80817),0.0,0.0,False
FBXO8 (26269),0.0,0.0,False
GUCY1A1 (2982),0.0,0.0,False
MAP9 (79884),0.0,0.0,False
SMIM43 (132332),0.0,0.0,False
NDST3 (9348),0.0,0.0,False
ANXA5 (308),0.0,0.0,False
MAD2L1 (4085),0.0,0.0,False
HAND2 (9464),-0.0,0.0,False
SCRG1 (11341),-0.0,0.0,False
SAP30 (8819),-0.0,0.0,False
HMGB2 (3148),-0.0,0.0,False
GPR146 (115330),0.0,0.0,False
UNCX (340260),-0.0,0.0,False
ZFYVE19 (84936),-0.0,0.0,False
BORCS5 (118426),-0.0,0.0,False
GFI1B (8328),-0.0,0.0,False
TSC1 (7248),-0.0,0.0,False
SPACA9 (11092),0.0,0.0,False
AK8 (158067),0.0,0.0,False
FRMD7 (90167),0.0,0.0,False
ENTR1 (10807),0.0,0.0,False
PMPCA (23203),0.0,0.0,False
TMEM52B (120939),0.0,0.0,False
SNAPC4 (6621),0.0,0.0,False
CLEC1B (51266),-0.0,0.0,False
GHITM (27069),-0.0,0.0,False
ENOX2 (10495),-0.0,0.0,False
PRDX3 (10935),-0.0,0.0,False
NSD1 (64324),-0.0,0.0,False
FAM204A (63877),0.0,0.0,False
HPRT1 (3251),0.0,0.0,False
DIPK1B (138311),0.0,0.0,False
TMEM184A (202915),-0.0,0.0,False
ZMYND19 (116225),0.0,0.0,False
ZNF219 (51222),-0.0,0.0,False
NSMF (26012),0.0,0.0,False
ARHGEF40 (55701),-0.0,0.0,False
RNASE7 (84659),-0.0,0.0,False
SLC39A2 (29986),-0.0,0.0,False
METTL17 (64745),-0.0,0.0,False
PIP4P1 (90809),-0.0,0.0,False
FUNDC2 (65991),0.0,0.0,False
OR4K2 (390431),-0.0,0.0,False
JCAD (57608),-0.0,0.0,False
STK32C (282974),0.0,0.0,False
BMS1 (9790),-0.0,0.0,False
DDX21 (9188),-0.0,0.0,False
RET (5979),0.0,0.0,False
STOX1 (219736),0.0,0.0,False
QSOX2 (169714),0.0,0.0,False
ABRAXAS2 (23172),-0.0,0.0,False
ZNF503 (84858),-0.0,0.0,False
PDZD8 (118987),-0.0,0.0,False
AKR1E2 (83592),0.0,0.0,False
AMER2 (219287),0.0,0.0,False
CDX2 (1045),0.0,0.0,False
NOXRED1 (122945),-0.0,0.0,False
NGB (58157),0.0,0.0,False
TMEM63C (57156),0.0,0.0,False
TTC8 (123016),-0.0,0.0,False
ARF6 (382),-0.0,0.0,False
RPUSD4 (84881),0.0,0.0,False
NEMF (9147),0.0,0.0,False
EML5 (161436),0.0,0.0,False
KLHDC2 (23588),0.0,0.0,False
ZNF22 (7570),-0.0,0.0,False
MAGEC3 (139081),0.0,0.0,False
DEPP1 (11067),-0.0,0.0,False
KBTBD6 (89890),0.0,0.0,False
SSX5 (6758),0.0,0.0,False
OTX2 (5015),-0.0,0.0,False
PRPF18 (8559),-0.0,0.0,False
SLC18A2 (6571),0.0,0.0,False
COMTD1 (118881),-0.0,0.0,False
SOHLH1 (402381),-0.0,0.0,False
VDAC2 (7417),0.0,0.0,False
VSTM4 (196740),0.0,0.0,False
TAF3 (83860),-0.0,0.0,False
ATP5F1C (509),-0.0,0.0,False
FAAH2 (158584),-0.0,0.0,False
BEND7 (222389),-0.0,0.0,False
UCMA (221044),0.0,0.0,False
OXGR1 (27199),0.0,0.0,False
DACT1 (51339),-0.0,0.0,False
NUDT5 (11164),-0.0,0.0,False
DRGX (644168),-0.0,0.0,False
C12orf50 (160419),-0.0,0.0,False
CASP7 (840),-0.0,0.0,False
PPP1R36 (145376),-0.0,0.0,False
NELL1 (4745),-0.0,0.0,False
TCP11L2 (255394),-0.0,0.0,False
CEP57 (9702),0.0,0.0,False
LIPC (3990),0.0,0.0,False
HTRA1 (5654),0.0,0.0,False
AMOTL1 (154810),-0.0,0.0,False
R3HCC1L (27291),-0.0,0.0,False
ABTB2 (25841),-0.0,0.0,False
TAF1D (79101),0.0,0.0,False
KCNC2 (3747),0.0,0.0,False
CEP295 (85459),0.0,0.0,False
SMCO4 (56935),0.0,0.0,False
ARL5B (221079),-0.0,0.0,False
HACD1 (9200),-0.0,0.0,False
CACNB2 (783),0.0,0.0,False
C1QL3 (389941),0.0,0.0,False
PASD1 (139135),0.0,0.0,False
SPRED1 (161742),-0.0,0.0,False
TMCO5A (145942),-0.0,0.0,False
GPT2 (84706),0.0,0.0,False
NDUFB8 (4714),-0.0,0.0,False
HIF1AN (55662),-0.0,0.0,False
RPUSD2 (27079),-0.0,0.0,False
IKBIP (121457),0.0,0.0,False
RAB8B (51762),-0.0,0.0,False
AMN (81693),-0.0,0.0,False
SPATA19 (219938),0.0,0.0,False
GPR176 (11245),0.0,0.0,False
SVOP (55530),0.0,0.0,False
ADAMTS15 (170689),-0.0,0.0,False
GLB1L3 (112937),0.0,0.0,False
CMTM5 (116173),-0.0,0.0,False
IL25 (64806),-0.0,0.0,False
JAM3 (83700),-0.0,0.0,False
PTER (9317),-0.0,0.0,False
CCDC38 (120935),-0.0,0.0,False
BTNL9 (153579),-0.0,0.0,False
SLC6A5 (9152),0.0,0.0,False
ARHGAP42 (143872),0.0,0.0,False
E2F7 (144455),-0.0,0.0,False
ANKRD2 (26287),0.0,0.0,False
UBTD1 (80019),-0.0,0.0,False
FRAT1 (10023),0.0,0.0,False
HSPA12A (259217),0.0,0.0,False
ZFYVE1 (53349),-0.0,0.0,False
CYP2C19 (1557),0.0,0.0,False
ERICH6B (220081),-0.0,0.0,False
TRUB1 (142940),-0.0,0.0,False
PRAP1 (118471),-0.0,0.0,False
SALL2 (6297),-0.0,0.0,False
METTL3 (56339),0.0,0.0,False
VWA2 (340706),0.0,0.0,False
CCDC186 (55088),0.0,0.0,False
ISCA2 (122961),-0.0,0.0,False
OTOGL (283310),0.0,0.0,False
LARGE2 (120071),0.0,0.0,False
SMCO2 (341346),0.0,0.0,False
PDZRN4 (29951),-0.0,0.0,False
CLMN (79789),-0.0,0.0,False
SERPINA12 (145264),-0.0,0.0,False
IFI27 (3429),-0.0,0.0,False
IFI27L1 (122509),-0.0,0.0,False
MOAP1 (64112),-0.0,0.0,False
CPSF2 (53981),-0.0,0.0,False
PACSIN3 (29763),0.0,0.0,False
TC2N (123036),-0.0,0.0,False
AGBL2 (79841),0.0,0.0,False
RAPSN (5913),-0.0,0.0,False
PSMC3 (5702),0.0,0.0,False
SLC39A13 (91252),0.0,0.0,False
TTC7B (145567),-0.0,0.0,False
DNAAF2 (55172),-0.0,0.0,False
RPL36AL (6166),-0.0,0.0,False
LRR1 (122769),-0.0,0.0,False
MYORG (57462),0.0,0.0,False
NKX6-3 (157848),0.0,0.0,False
ZMAT4 (79698),-0.0,0.0,False
FXN (2395),0.0,0.0,False
PRKACG (5568),-0.0,0.0,False
METTL2B (55798),0.0,0.0,False
LETM2 (137994),0.0,0.0,False
NFIL3 (4783),0.0,0.0,False
ABCA1 (19),-0.0,0.0,False
NIPSNAP3B (55335),0.0,0.0,False
SYK (6850),0.0,0.0,False
DIRAS2 (54769),0.0,0.0,False
UBAP1 (51271),-0.0,0.0,False
CCDC171 (203238),-0.0,0.0,False
PSIP1 (11168),0.0,0.0,False
TMEM65 (157378),0.0,0.0,False
TMEM71 (137835),-0.0,0.0,False
MAMDC2 (256691),-0.0,0.0,False
PRSS37 (136242),0.0,0.0,False
KIF27 (55582),0.0,0.0,False
ANKS6 (203286),-0.0,0.0,False
LLCFC1 (135927),-0.0,0.0,False
TRPV6 (55503),-0.0,0.0,False
SSMEM1 (136263),-0.0,0.0,False
HNRNPK (3190),-0.0,0.0,False
QNG1 (84267),0.0,0.0,False
GKAP1 (80318),0.0,0.0,False
CPA6 (57094),-0.0,0.0,False
RASEF (158158),0.0,0.0,False
HGSNAT (138050),0.0,0.0,False
KDM1B (221656),0.0,0.0,False
ALDH1A1 (216),0.0,0.0,False
TMC1 (117531),0.0,0.0,False
C8orf34 (116328),0.0,0.0,False
NUDT2 (318),0.0,0.0,False
SPMIP6 (84688),-0.0,0.0,False
PGAP4 (84302),-0.0,0.0,False
FAM219A (203259),0.0,0.0,False
FOXK1 (221937),-0.0,0.0,False
ALDH7A1 (501),-0.0,0.0,False
PHAX (51808),-0.0,0.0,False
GBX1 (2636),-0.0,0.0,False
FMC1 (154791),0.0,0.0,False
TMUB1 (83590),-0.0,0.0,False
FASTK (10922),0.0,0.0,False
SLC7A13 (157724),0.0,0.0,False
SLC4A2 (6522),-0.0,0.0,False
CDK5 (1020),-0.0,0.0,False
INTS1 (26173),-0.0,0.0,False
CA3 (761),-0.0,0.0,False
MICALL2 (79778),-0.0,0.0,False
SPAG11B (10407),0.0,0.0,False
NOS3 (4846),-0.0,0.0,False
COX6C (1345),0.0,0.0,False
OSR2 (116039),0.0,0.0,False
YWHAZ (7534),-0.0,0.0,False
VIRMA (25962),-0.0,0.0,False
RPP25L (138716),-0.0,0.0,False
WASHC5 (9897),-0.0,0.0,False
TMEM67 (91147),-0.0,0.0,False
PDP1 (54704),0.0,0.0,False
GEM (2669),-0.0,0.0,False
FREM1 (158326),-0.0,0.0,False
INTS8 (55656),0.0,0.0,False
BAALC (79870),0.0,0.0,False
TP53INP1 (94241),-0.0,0.0,False
DCSTAMP (81501),-0.0,0.0,False
DCAF13 (25879),-0.0,0.0,False
SLC25A32 (81034),0.0,0.0,False
CTHRC1 (115908),-0.0,0.0,False
FZD6 (8323),0.0,0.0,False
FBP1 (2203),-0.0,0.0,False
ZHX1 (11244),0.0,0.0,False
RPL10L (140801),-0.0,0.0,False
ARHGAP12 (94134),-0.0,0.0,False
SUGT1 (10910),-0.0,0.0,False
CFL2 (1073),0.0,0.0,False
TSHR (7253),0.0,0.0,False
MARCHF8 (220972),-0.0,0.0,False
WRN (7486),0.0,0.0,False
SPTSSA (171546),-0.0,0.0,False
LRRC18 (474354),0.0,0.0,False
LRFN5 (145581),-0.0,0.0,False
CLDN2 (9075),-0.0,0.0,False
GPR101 (83550),-0.0,0.0,False
INTS6L (203522),0.0,0.0,False
FBXO33 (254170),-0.0,0.0,False
SLC7A3 (84889),-0.0,0.0,False
HECTD2 (143279),0.0,0.0,False
DEUP1 (159989),0.0,0.0,False
GTF2A1 (2957),0.0,0.0,False
ZCCHC24 (219654),-0.0,0.0,False
PGM2L1 (283209),-0.0,0.0,False
REEP3 (221035),0.0,0.0,False
PKNOX2 (63876),-0.0,0.0,False
PCF11 (51585),0.0,0.0,False
DDIAS (220042),0.0,0.0,False
MICU2 (221154),-0.0,0.0,False
SKA3 (221150),-0.0,0.0,False
HEPACAM (220296),0.0,0.0,False
CRYL1 (51084),-0.0,0.0,False
PHYHIPL (84457),0.0,0.0,False
GJB2 (2706),-0.0,0.0,False
MBL2 (4153),-0.0,0.0,False
PHOX2A (401),-0.0,0.0,False
INPPL1 (3636),0.0,0.0,False
FOLR2 (2350),-0.0,0.0,False
SLC16A9 (220963),-0.0,0.0,False
FAT3 (120114),-0.0,0.0,False
OTUD1 (220213),-0.0,0.0,False
CFAP47 (286464),0.0,0.0,False
ARMC3 (219681),0.0,0.0,False
OR1K1 (392392),0.0,0.0,False
OR1Q1 (158131),-0.0,0.0,False
VEGFD (2277),0.0,0.0,False
PIGA (5277),-0.0,0.0,False
PCDH19 (57526),0.0,0.0,False
ASB11 (140456),0.0,0.0,False
RNF183 (138065),0.0,0.0,False
PTCHD1 (139411),0.0,0.0,False
KIAA1958 (158405),0.0,0.0,False
CXorf58 (254158),-0.0,0.0,False
SHOC1 (158401),0.0,0.0,False
MID1IP1 (58526),0.0,0.0,False
METTL27 (155368),0.0,0.0,False
DYNLT3 (6990),0.0,0.0,False
CYBB (1536),0.0,0.0,False
STRBP (55342),0.0,0.0,False
CLDN3 (1365),0.0,0.0,False
GAPVD1 (26130),0.0,0.0,False
AQP3 (360),-0.0,0.0,False
MELK (9833),0.0,0.0,False
BRWD3 (254065),0.0,0.0,False
STOML2 (30968),-0.0,0.0,False
PIGO (84720),0.0,0.0,False
VCP (7415),-0.0,0.0,False
TRMT10B (158234),0.0,0.0,False
NOL6 (65083),-0.0,0.0,False
CARD19 (84270),-0.0,0.0,False
NDUFB6 (4712),0.0,0.0,False
HDX (139324),0.0,0.0,False
NLGN4Y (22829),-0.0,0.0,False
ZNF367 (195828),0.0,0.0,False
ATP7A (538),-0.0,0.0,False
WNK2 (65268),0.0,0.0,False
OR51E1 (143503),0.0,0.0,False
MRPS23 (51649),0.0,0.0,False
ARSJ (79642),-0.0,0.0,False
FAM187A (100528020),-0.0,0.0,False
GNAT3 (346562),-0.0,0.0,False
TRIM77 (390231),0.0,0.0,False
BBIP1 (92482),-0.0,0.0,False
LCNL1 (401562),0.0,0.0,False
VSTM5 (387804),0.0,0.0,False
HAUS3 (79441),-0.0,0.0,False
EFCAB9 (285588),-0.0,0.0,False
NEURL1B (54492),0.0,0.0,False
MTCL3 (387104),-0.0,0.0,False
FOXI3 (344167),0.0,0.0,False
PRR23E (285311),0.0,0.0,False
MBLAC1 (255374),-0.0,0.0,False
SPDYE3 (441272),-0.0,0.0,False
POU2AF3 (120376),-0.0,0.0,False
NPS (594857),-0.0,0.0,False
AS3MT (57412),-0.0,0.0,False
PLIN5 (440503),0.0,0.0,False
LNP1 (348801),0.0,0.0,False
SEC14L6 (730005),-0.0,0.0,False
IQCF6 (440956),0.0,0.0,False
IQCF5 (389124),0.0,0.0,False
ZSWIM8 (23053),0.0,0.0,False
B3GALT9 (100288842),-0.0,0.0,False
ZNF727 (442319),0.0,0.0,False
DEFB113 (245927),0.0,0.0,False
EML6 (400954),0.0,0.0,False
CPEB1 (64506),-0.0,0.0,False
NUTM2D (728130),-0.0,0.0,False
ZC3H11C (441155),-0.0,0.0,False
STARD10 (10809),0.0,0.0,False
PPME1 (51400),0.0,0.0,False
NOTO (344022),0.0,0.0,False
HIGD1C (613227),-0.0,0.0,False
SPINK13 (153218),-0.0,0.0,False
SCART1 (619207),0.0,0.0,False
ANG (283),-0.0,0.0,False
FIS1 (51024),0.0,0.0,False
MINDY4B (646951),0.0,0.0,False
ZNF891 (101060200),0.0,0.0,False
MRPL23 (6150),0.0,0.0,False
REPIN1 (29803),0.0,0.0,False
TTLL3 (26140),0.0,0.0,False
GANC (2595),-0.0,0.0,False
MEF2B (100271849),0.0,0.0,False
TM6SF2 (53345),-0.0,0.0,False
NAXD (55739),-0.0,0.0,False
ZNF90 (7643),0.0,0.0,False
AP1G2 (8906),-0.0,0.0,False
TAX1BP3 (30851),0.0,0.0,False
ZNF99 (7652),0.0,0.0,False
ZNF726 (730087),0.0,0.0,False
NUDT19 (390916),0.0,0.0,False
ITGA1 (3672),-0.0,0.0,False
IFNA7 (3444),-0.0,0.0,False
SMIM7 (79086),0.0,0.0,False
FBXO16 (157574),-0.0,0.0,False
PRCD (768206),-0.0,0.0,False
C17orf67 (339210),0.0,0.0,False
IQCJ (654502),0.0,0.0,False
C19orf38 (255809),0.0,0.0,False
SMIM30 (401397),0.0,0.0,False
SH3D21 (79729),0.0,0.0,False
ALG3 (10195),-0.0,0.0,False
TMEM213 (155006),0.0,0.0,False
TSPAN4 (7106),0.0,0.0,False
MYCBP (26292),0.0,0.0,False
LYRM4 (57128),0.0,0.0,False
MAGEB1 (4112),0.0,0.0,False
SMCO1 (255798),0.0,0.0,False
ARL16 (339231),0.0,0.0,False
CPNE1 (8904),0.0,0.0,False
C10orf105 (414152),-0.0,0.0,False
ARHGEF33 (100271715),-0.0,0.0,False
C12orf71 (728858),-0.0,0.0,False
ZNG1F (644019),0.0,0.0,False
RNF212B (100507650),0.0,0.0,False
GAGE10 (102724473),0.0,0.0,False
KCNU1 (157855),-0.0,0.0,False
GOLGA8B (440270),-0.0,0.0,False
FASTKD5 (60493),-0.0,0.0,False
UBE2QL1 (134111),-0.0,0.0,False
CFAP90 (134121),0.0,0.0,False
GRXCR1 (389207),0.0,0.0,False
PEX26 (55670),0.0,0.0,False
CIMIP2B (730112),0.0,0.0,False
GOLGA6B (55889),0.0,0.0,False
MSMP (692094),0.0,0.0,False
MUC5AC (4586),-0.0,0.0,False
NLRP2B (286430),0.0,0.0,False
PRSS41 (360226),0.0,0.0,False
DDX3X (1654),0.0,0.0,False
VPS16 (64601),-0.0,0.0,False
ZNF705D (728957),-0.0,0.0,False
KRTAP10-4 (386672),-0.0,0.0,False
DEFB115 (245929),-0.0,0.0,False
DEFB116 (245930),-0.0,0.0,False
EFCAB8 (388795),0.0,0.0,False
SIAH3 (283514),-0.0,0.0,False
SKOR2 (652991),0.0,0.0,False
KRTAP10-1 (386677),0.0,0.0,False
NPEPL1 (79716),0.0,0.0,False
FAM90A24 (441332),0.0,0.0,False
ZNF407 (55628),-0.0,0.0,False
SCRT2 (85508),0.0,0.0,False
MYL5 (4636),0.0,0.0,False
FAM90A5 (441315),-0.0,0.0,False
ZNF705G (100131980),0.0,0.0,False
ZNF705B (100132396),-0.0,0.0,False
C16orf90 (646174),0.0,0.0,False
CXorf49 (100130361),-0.0,0.0,False
IFRD2 (7866),0.0,0.0,False
UBXN2B (137886),-0.0,0.0,False
PNMA6E (649238),0.0,0.0,False
TRIM64C (646754),0.0,0.0,False
SMTNL1 (219537),0.0,0.0,False
DCDC2C (728597),0.0,0.0,False
EVPLL (645027),-0.0,0.0,False
RAD51AP2 (729475),-0.0,0.0,False
MTCP1 (4515),-0.0,0.0,False
CDRT15L2 (256223),-0.0,0.0,False
FER1L6 (654463),0.0,0.0,False
MS4A4E (643680),0.0,0.0,False
CSKMT (751071),-0.0,0.0,False
HNRNPUL2 (221092),0.0,0.0,False
TOMM6 (100188893),0.0,0.0,False
ZBED1 (9189),0.0,0.0,False
CAPN14 (440854),0.0,0.0,False
SPATA31D1 (389763),0.0,0.0,False
NPIPA8 (101059953),0.0,0.0,False
ZSWIM7 (125150),0.0,0.0,False
RTL10 (79680),0.0,0.0,False
CXorf49B (100132994),-0.0,0.0,False
GRID2IP (392862),-0.0,0.0,False
NEURL4 (84461),0.0,0.0,False
TCP11X2 (100996648),0.0,0.0,False
PHB2 (11331),0.0,0.0,False
COL28A1 (340267),-0.0,0.0,False
ACSM4 (341392),0.0,0.0,False
GPR33 (2856),-0.0,0.0,False
GSG1L2 (644070),0.0,0.0,False
NPIPA7 (101059938),0.0,0.0,False
CRPPA (729920),-0.0,0.0,False
LRRC69 (100130742),0.0,0.0,False
TBC1D26 (353149),0.0,0.0,False
ARHGEF28 (64283),0.0,0.0,False
CLDN9 (9080),-0.0,0.0,False
HBG1 (3047),0.0,0.0,False
HBE1 (3046),0.0,0.0,False
KRTAP3-1 (83896),0.0,0.0,False
SCAF8 (22828),0.0,0.0,False
CEP43 (11116),0.0,0.0,False
SFT2D2 (375035),-0.0,0.0,False
DENND1B (163486),0.0,0.0,False
CGB8 (94115),-0.0,0.0,False
NUP62 (23636),-0.0,0.0,False
SYT3 (84258),-0.0,0.0,False
KLK9 (284366),-0.0,0.0,False
ZNF611 (81856),0.0,0.0,False
ZNF580 (51157),0.0,0.0,False
POU5F1B (5462),0.0,0.0,False
KRTAP6-3 (337968),0.0,0.0,False
KRTAP10-3 (386682),0.0,0.0,False
KRTAP12-4 (386684),0.0,0.0,False
MAP10 (54627),0.0,0.0,False
CFAP45 (25790),0.0,0.0,False
ACKR1 (2532),-0.0,0.0,False
ZNF254 (9534),-0.0,0.0,False
ASIC3 (9311),0.0,0.0,False
DNLZ (728489),0.0,0.0,False
CSH2 (1443),0.0,0.0,False
OR2F1 (26211),-0.0,0.0,False
ARHGEF35 (445328),0.0,0.0,False
CCDC183 (84960),0.0,0.0,False
GIMAP1 (170575),-0.0,0.0,False
MLLT11 (10962),-0.0,0.0,False
DYNLT2B (255758),0.0,0.0,False
TRIM59 (286827),0.0,0.0,False
FAM24B (196792),0.0,0.0,False
LINGO4 (339398),-0.0,0.0,False
KLHL23 (151230),-0.0,0.0,False
CRIP1 (1396),-0.0,0.0,False
CRYGS (1427),-0.0,0.0,False
MT-ND4L (4539),-0.0,0.0,False
KRTAP3-2 (83897),-0.0,0.0,False
SUPT4H1 (6827),0.0,0.0,False
KRTAP3-3 (85293),-0.0,0.0,False
TSN (7247),0.0,0.0,False
SACM1L (22908),0.0,0.0,False
STK38L (23012),-0.0,0.0,False
AKR7L (246181),0.0,0.0,False
DIO1 (1733),0.0,0.0,False
SELENOH (280636),0.0,0.0,False
DIO2 (1734),-0.0,0.0,False
GPX3 (2878),0.0,0.0,False
XKR4 (114786),0.0,0.0,False
METTL6 (131965),0.0,0.0,False
COLQ (8292),0.0,0.0,False
ANKRD28 (23243),-0.0,0.0,False
ZCWPW2 (152098),0.0,0.0,False
TRIM71 (131405),0.0,0.0,False
VGLL3 (389136),0.0,0.0,False
SLC48A1 (55652),0.0,0.0,False
TSSK1B (83942),-0.0,0.0,False
PRR22 (163154),-0.0,0.0,False
KRTAP4-11 (653240),0.0,0.0,False
RNF208 (727800),0.0,0.0,False
OR2A42 (402317),0.0,0.0,False
RTL8B (441518),0.0,0.0,False
KRTAP2-1 (81872),0.0,0.0,False
KRTAP2-3 (730755),0.0,0.0,False
KRTAP4-9 (100132386),0.0,0.0,False
CTAGE1 (64693),0.0,0.0,False
TAS2R19 (259294),0.0,0.0,False
KRTAP9-6 (100507608),-0.0,0.0,False
KRTAP29-1 (100533177),-0.0,0.0,False
KRTAP16-1 (100505753),0.0,0.0,False
TAS2R13 (50838),0.0,0.0,False
TAS2R14 (50840),0.0,0.0,False
TAS2R50 (259296),-0.0,0.0,False
TCL1B (9623),-0.0,0.0,False
TSGA13 (114960),-0.0,0.0,False
GALT (2592),-0.0,0.0,False
LEPROT (54741),0.0,0.0,False
ATP6V1G2 (534),-0.0,0.0,False
UGT2B11 (10720),-0.0,0.0,False
RPS29 (6235),-0.0,0.0,False
DDAH2 (23564),-0.0,0.0,False
CLIC1 (1192),-0.0,0.0,False
SLC35F6 (54978),-0.0,0.0,False
S1PR3 (1903),0.0,0.0,False
TREX1 (11277),0.0,0.0,False
ATF6B (1388),-0.0,0.0,False
NCKIPSD (51517),-0.0,0.0,False
LAT (27040),-0.0,0.0,False
GPSM3 (63940),-0.0,0.0,False
SULT1A4 (445329),-0.0,0.0,False
PPP1CB (5500),0.0,0.0,False
ADAT3 (113179),-0.0,0.0,False
ZNF134 (7693),0.0,0.0,False
GTF2H4 (2968),0.0,0.0,False
DDX47 (51202),0.0,0.0,False
LTB4R (1241),0.0,0.0,False
IRF9 (10379),-0.0,0.0,False
CCL27 (10850),-0.0,0.0,False
CSNK1E (1454),-0.0,0.0,False
LEUTX (342900),-0.0,0.0,False
MDP1 (145553),-0.0,0.0,False
LTB4R2 (56413),0.0,0.0,False
SLC23A3 (151295),-0.0,0.0,False
ZNF888 (388559),0.0,0.0,False
PPM1N (147699),-0.0,0.0,False
UBD (10537),-0.0,0.0,False
KCTD11 (147040),0.0,0.0,False
EMP2 (2013),-0.0,0.0,False
KLRK1 (22914),-0.0,0.0,False
ZNF845 (91664),0.0,0.0,False
LBH (81606),0.0,0.0,False
NDUFS3 (4722),-0.0,0.0,False
NRAS (4893),0.0,0.0,False
HEXA (3073),-0.0,0.0,False
KRTAP2-4 (85294),0.0,0.0,False
KRTAP4-12 (83755),-0.0,0.0,False
PVRIG (79037),-0.0,0.0,False
PTPRCAP (5790),0.0,0.0,False
MAGEA12 (4111),0.0,0.0,False
LCAT (3931),-0.0,0.0,False
HAUS7 (55559),0.0,0.0,False
ARHGAP19 (84986),0.0,0.0,False
COG8 (84342),-0.0,0.0,False
GSTM2 (2946),0.0,0.0,False
MXD3 (83463),0.0,0.0,False
CHUK (1147),-0.0,0.0,False
QTRT1 (81890),0.0,0.0,False
ANKRD39 (51239),-0.0,0.0,False
LTC4S (4056),0.0,0.0,False
GPC2 (221914),-0.0,0.0,False
KRT222 (125113),-0.0,0.0,False
OR5AC1 (81431),0.0,0.0,False
STIMATE (375346),-0.0,0.0,False
TMX2 (51075),-0.0,0.0,False
ZBTB9 (221504),-0.0,0.0,False
VDAC1 (7416),-0.0,0.0,False
CPLX3 (594855),0.0,0.0,False
C8orf82 (414919),-0.0,0.0,False
DNAJC9 (23234),-0.0,0.0,False
SRA1 (10011),-0.0,0.0,False
SIPA1 (6494),-0.0,0.0,False
RBMXL1 (494115),-0.0,0.0,False
GBP7 (388646),-0.0,0.0,False
TTLL13 (440307),0.0,0.0,False
ARL2 (402),0.0,0.0,False
SYNJ2BP (55333),-0.0,0.0,False
ERV3-1 (2086),0.0,0.0,False
GAB4 (128954),0.0,0.0,False
C20orf202 (400831),-0.0,0.0,False
HMX1 (3166),-0.0,0.0,False
RBMY1J (378951),-0.0,0.0,False
USP17L12 (100287205),-0.0,0.0,False
LTB (4050),0.0,0.0,False
SCAMP4 (113178),0.0,0.0,False
GAGE12D (100132399),0.0,0.0,False
AKR1B15 (441282),-0.0,0.0,False
PARG (8505),-0.0,0.0,False
KLLN (100144748),-0.0,0.0,False
SPANXB1 (728695),0.0,0.0,False
OR2T7 (81458),-0.0,0.0,False
PRR20D (729246),0.0,0.0,False
USP17L5 (728386),-0.0,0.0,False
ZNF717 (100131827),0.0,0.0,False
ANHX (647589),-0.0,0.0,False
WDR46 (9277),0.0,0.0,False
C14orf132 (56967),0.0,0.0,False
GOLGA6L25 (100132202),-0.0,0.0,False
RD3L (647286),0.0,0.0,False
TEX46 (729059),0.0,0.0,False
OR9H1 (81439),-0.0,0.0,False
FNDC10 (643988),0.0,0.0,False
NUTM2E (283008),-0.0,0.0,False
VN1R4 (317703),-0.0,0.0,False
CT47A7 (653282),-0.0,0.0,False
C2orf92 (728537),0.0,0.0,False
OST4 (100128731),0.0,0.0,False
FAM174C (55009),0.0,0.0,False
MRLN (100507027),0.0,0.0,False
ORM2 (5005),-0.0,0.0,False
MT-ATP8 (4509),-0.0,0.0,False
OR2M3 (127062),0.0,0.0,False
IFNA14 (3448),0.0,0.0,False
BOD1L2 (284257),-0.0,0.0,False
POLR2J2 (246721),-0.0,0.0,False
LTA (4049),0.0,0.0,False
CT47A11 (255313),0.0,0.0,False
ZNF883 (169834),0.0,0.0,False
ERVMER34-1 (100288413),0.0,0.0,False
OR4A8 (81315),0.0,0.0,False
PIGBOS1 (101928527),-0.0,0.0,False
ELFN1 (392617),-0.0,0.0,False
NTF4 (4909),-0.0,0.0,False
NOL7 (51406),0.0,0.0,False
FRG2B (441581),0.0,0.0,False
ERCC6 (2074),0.0,0.0,False
FAM229A (100128071),0.0,0.0,False
DEFB131B (100129216),0.0,0.0,False
OR6V1 (346517),0.0,0.0,False
SLC26A6 (65010),-0.0,0.0,False
MCRIP1 (348262),-0.0,0.0,False
ZNF469 (84627),0.0,0.0,False
C2CD4D (100191040),-0.0,0.0,False
TMA7B (112268293),-0.0,0.0,False
CT47A6 (728062),0.0,0.0,False
FTCDNL1 (348751),0.0,0.0,False
TEX22 (647310),-0.0,0.0,False
C7orf78 (102725191),0.0,0.0,False
MROH5 (389690),0.0,0.0,False
C13orf42 (647166),-0.0,0.0,False
PGAM4 (441531),-0.0,0.0,False
SRRM5 (100170229),-0.0,0.0,False
TAS2R46 (259292),0.0,0.0,False
HSBP1L1 (440498),0.0,0.0,False
KIF4B (285643),0.0,0.0,False
OR52I2 (143502),0.0,0.0,False
CT47A9 (728042),0.0,0.0,False
C8orf90 (122455339),-0.0,0.0,False
TMEM185B (79134),-0.0,0.0,False
USP17L7 (392197),0.0,0.0,False
DCAF8L1 (139425),0.0,0.0,False
CROCC2 (728763),0.0,0.0,False
CLDN25 (644672),-0.0,0.0,False
PROB1 (389333),-0.0,0.0,False
FAM236D (105373251),0.0,0.0,False
SPDYE21 (442572),0.0,0.0,False
KRTAP21-3 (100288323),0.0,0.0,False
USP17L28 (728400),0.0,0.0,False
HSBP1 (3281),-0.0,0.0,False
STMND1 (401236),0.0,0.0,False
YY2 (404281),0.0,0.0,False
ANKRD63 (100131244),0.0,0.0,False
HAPSTR2 (389895),0.0,0.0,False
SETSIP (646817),0.0,0.0,False
PRB4 (5545),0.0,0.0,False
TEX48 (100505478),-0.0,0.0,False
CT47A4 (728075),0.0,0.0,False
CCDC192 (728586),-0.0,0.0,False
USP17L1 (401447),-0.0,0.0,False
MBD3L2 (125997),0.0,0.0,False
ANKRD18B (441459),-0.0,0.0,False
OR5H1 (26341),-0.0,0.0,False
PLSCR5 (389158),0.0,0.0,False
CFAP97D1 (284067),-0.0,0.0,False
OR5K2 (402135),-0.0,0.0,False
SCAND3 (114821),-0.0,0.0,False
MAGEB6B (392433),0.0,0.0,False
PPP1R2B (153743),-0.0,0.0,False
TAPBP (6892),0.0,0.0,False
PSG1 (5669),0.0,0.0,False
PRH1 (5554),0.0,0.0,False
CYP21A2 (1589),0.0,0.0,False
SBK3 (100130827),0.0,0.0,False
AKAIN1 (642597),0.0,0.0,False
TSPAN19 (144448),-0.0,0.0,False
USP17L29 (728405),0.0,0.0,False
RPS18 (6222),0.0,0.0,False
USP17L10 (100287144),0.0,0.0,False
HLA-DPA1 (3113),-0.0,0.0,False
USP17L25 (728373),0.0,0.0,False
CT47A8 (728049),0.0,0.0,False
ARL17B (100506084),-0.0,0.0,False
OR5H6 (79295),0.0,0.0,False
USP17L26 (728379),0.0,0.0,False
PRAMEF25 (441873),-0.0,0.0,False
TSPY8 (728403),0.0,0.0,False
NKX1-2 (390010),-0.0,0.0,False
PATL2 (197135),-0.0,0.0,False
SPINK8 (646424),0.0,0.0,False
ORM1 (5004),-0.0,0.0,False
RFPL4AL1 (729974),0.0,0.0,False
PGA4 (643847),0.0,0.0,False
RPL41 (6171),0.0,0.0,False
TSPY3 (728137),0.0,0.0,False
USP17L30 (728419),0.0,0.0,False
CT45A5 (441521),0.0,0.0,False
SAPCD1 (401251),-0.0,0.0,False
DHFR (1719),-0.0,0.0,False
PRAC2 (360205),0.0,0.0,False
PRR20C (729240),0.0,0.0,False
H2AL3 (115482686),0.0,0.0,False
FAM90A15 (389630),0.0,0.0,False
SSU72L6 (136157),-0.0,0.0,False
SPATA31C1 (441452),-0.0,0.0,False
OR4F3 (26683),0.0,0.0,False
ACBD6 (84320),-0.0,0.0,False
ANKRD66 (100287718),0.0,0.0,False
TEX53 (105376230),0.0,0.0,False
POTEB2 (100287399),-0.0,0.0,False
ZNF492 (57615),0.0,0.0,False
IQCF3 (401067),-0.0,0.0,False
FAM90A26 (100287045),-0.0,0.0,False
GK3 (2713),-0.0,0.0,False
PGA3 (643834),-0.0,0.0,False
PET100 (100131801),0.0,0.0,False
ZNF688 (146542),-0.0,0.0,False
MKRN2OS (100129480),0.0,0.0,False
CRIPTO3 (6998),-0.0,0.0,False
GCGR (2642),-0.0,0.0,False
LINGO3 (645191),0.0,0.0,False
TAS2R41 (259287),-0.0,0.0,False
KRTAP1-5 (83895),0.0,0.0,False
SPATA31H1 (84226),0.0,0.0,False
OR4A5 (81318),-0.0,0.0,False
AP4M1 (9179),0.0,0.0,False
KRTAP10-9 (386676),-0.0,0.0,False
OR2A5 (393046),-0.0,0.0,False
FANCG (2189),-0.0,0.0,False
PSG3 (5671),0.0,0.0,False
PPP3R1 (5534),-0.0,0.0,False
PEX39 (441150),0.0,0.0,False
EBF2 (64641),0.0,0.0,False
OR6B1 (135946),0.0,0.0,False
TRIM51G (120824),0.0,0.0,False
VAMP2 (6844),0.0,0.0,False
OR2A12 (346525),-0.0,0.0,False
KRTAP10-10 (353333),0.0,0.0,False
KRTAP12-2 (353323),-0.0,0.0,False
OR1C1 (26188),0.0,0.0,False
C19orf73 (55150),0.0,0.0,False
PPP2R2A (5520),0.0,0.0,False
OR2F2 (135948),-0.0,0.0,False
FAM200A (221786),-0.0,0.0,False
POM121L12 (285877),-0.0,0.0,False
NPTXR (23467),0.0,0.0,False
HMSD (284293),0.0,0.0,False
PLXNA4 (91584),-0.0,0.0,False
FAM200C (63920),0.0,0.0,False
OR3A2 (4995),0.0,0.0,False
KRTAP1-3 (81850),-0.0,0.0,False
PSG7 (5676),0.0,0.0,False
CEBPD (1052),0.0,0.0,False
MAGEA3 (4102),0.0,0.0,False
ZGLP1 (100125288),0.0,0.0,False
FAM228B (375190),0.0,0.0,False
OR6X1 (390260),0.0,0.0,False
PPP1R3G (648791),0.0,0.0,False
GAGE12E (729431),0.0,0.0,False
IGSF23 (147710),0.0,0.0,False
IFI30 (10437),-0.0,0.0,False
ATAD3C (219293),-0.0,0.0,False
C1orf167 (284498),0.0,0.0,False
LACTBL1 (646262),-0.0,0.0,False
RPTN (126638),0.0,0.0,False
TSTD1 (100131187),0.0,0.0,False
ZC3H11B (643136),-0.0,0.0,False
TNFRSF25 (8718),0.0,0.0,False
FAM72D (728833),-0.0,0.0,False
TMEM167B (56900),0.0,0.0,False
TMEM242 (729515),0.0,0.0,False
CELA2B (51032),-0.0,0.0,False
RSC1A1 (6248),0.0,0.0,False
FAM240C (285095),0.0,0.0,False
CCDC7 (79741),-0.0,0.0,False
FNIP1 (96459),-0.0,0.0,False
PAPOLB (56903),-0.0,0.0,False
UMAD1 (729852),-0.0,0.0,False
NBPF1 (55672),0.0,0.0,False
TAFA5 (25817),0.0,0.0,False
CATSPERZ (25858),0.0,0.0,False
RNASEK (440400),0.0,0.0,False
ZNF579 (163033),0.0,0.0,False
TDRD15 (100129278),0.0,0.0,False
SP9 (100131390),0.0,0.0,False
CEBPZOS (100505876),-0.0,0.0,False
TENM3 (55714),0.0,0.0,False
CDC14C (168448),-0.0,0.0,False
PAM16 (51025),0.0,0.0,False
CKLF (51192),-0.0,0.0,False
SYCE3 (644186),-0.0,0.0,False
TRIM16 (10626),0.0,0.0,False
HEPN1 (641654),-0.0,0.0,False
USP17L3 (645836),0.0,0.0,False
CENPVL1 (389857),-0.0,0.0,False
MSL3B (151507),-0.0,0.0,False
CENPVL3 (347549),0.0,0.0,False
ETDB (100129515),0.0,0.0,False
CT47A10 (728036),0.0,0.0,False
CPTP (80772),0.0,0.0,False
C1QTNF5 (114902),0.0,0.0,False
FAM90A13 (441314),-0.0,0.0,False
HLA-DPB1 (3115),0.0,0.0,False
CERS1 (10715),-0.0,0.0,False
SUPT20HL1 (100130302),-0.0,0.0,False
C1GALT1C1L (728819),-0.0,0.0,False
RFPL4A (342931),0.0,0.0,False
ZNF735 (730291),0.0,0.0,False
SUPT20HL2 (170067),-0.0,0.0,False
HBD (3045),0.0,0.0,False
PRR29 (92340),-0.0,0.0,False
C4B (721),-0.0,0.0,False
ADM5 (199800),-0.0,0.0,False
GAGE12H (729442),0.0,0.0,False
PLEKHM1 (9842),-0.0,0.0,False
PVALEF (388428),0.0,0.0,False
PNMA6F (105373377),-0.0,0.0,False
TMEM233 (387890),-0.0,0.0,False
PPP4R3C (139420),-0.0,0.0,False
PRRT4 (401399),-0.0,0.0,False
NDUFAF8 (284184),-0.0,0.0,False
CXorf51A (100129239),0.0,0.0,False
NPIPA3 (642778),0.0,0.0,False
GAGE12J (729396),-0.0,0.0,False
GPX5 (2880),-0.0,0.0,False
HNRNPA1L3 (642659),0.0,0.0,False
SMIM13 (221710),-0.0,0.0,False
ATXN1L (342371),-0.0,0.0,False
EBLN1 (340900),0.0,0.0,False
TINCR (257000),0.0,0.0,False
OR2A25 (392138),-0.0,0.0,False
CKMT1A (548596),-0.0,0.0,False
MYBPHL (343263),0.0,0.0,False
UBA52 (7311),-0.0,0.0,False
CCNL2 (81669),0.0,0.0,False
OR4E2 (26686),0.0,0.0,False
OR2A1 (346528),0.0,0.0,False
FADS3 (3995),0.0,0.0,False
APOL6 (80830),-0.0,0.0,False
KIR2DS4 (3809),0.0,0.0,False
SLC12A8 (84561),0.0,0.0,False
OR4C12 (283093),0.0,0.0,False
XKR9 (389668),0.0,0.0,False
FXYD7 (53822),-0.0,0.0,False
TIGD1 (200765),0.0,0.0,False
OR2A14 (135941),-0.0,0.0,False
TAS2R40 (259286),-0.0,0.0,False
PPT2 (9374),0.0,0.0,False
OR2A2 (442361),0.0,0.0,False
ZNF630 (57232),0.0,0.0,False
TRIM49D1 (399939),-0.0,0.0,False
USP17L15 (100288520),0.0,0.0,False
ZNF844 (284391),0.0,0.0,False
CDRT15 (146822),0.0,0.0,False
VPS52 (6293),0.0,0.0,False
EXOSC6 (118460),-0.0,0.0,False
USP17L2 (377630),-0.0,0.0,False
DCDC2B (149069),0.0,0.0,False
OR52B4 (143496),0.0,0.0,False
POTEJ (653781),0.0,0.0,False
POTEM (641455),-0.0,0.0,False
PSMB11 (122706),0.0,0.0,False
C21orf140 (101928147),-0.0,0.0,False
RAB6C (84084),0.0,0.0,False
FAM185A (222234),-0.0,0.0,False
OR5K3 (403277),-0.0,0.0,False
CD200R1L (344807),0.0,0.0,False
TMA7 (51372),0.0,0.0,False
RUFY2 (55680),0.0,0.0,False
GIGYF2 (26058),0.0,0.0,False
CHIC1 (53344),-0.0,0.0,False
TRAF3IP1 (26146),0.0,0.0,False
MAFB (9935),0.0,0.0,False
NEU4 (129807),0.0,0.0,False
RPA4 (29935),0.0,0.0,False
INPP5B (3633),0.0,0.0,False
TCEAL6 (158931),0.0,0.0,False
SYS1 (90196),0.0,0.0,False
TCEAL5 (340543),0.0,0.0,False
FOXO6 (100132074),0.0,0.0,False
LRRC73 (221424),-0.0,0.0,False
LRIT2 (340745),0.0,0.0,False
TRPC5OS (100329135),-0.0,0.0,False
LIPJ (142910),-0.0,0.0,False
C2orf72 (257407),-0.0,0.0,False
NHSL2 (340527),-0.0,0.0,False
CFAP44 (55779),-0.0,0.0,False
GGTA1 (2681),-0.0,0.0,False
ZDBF2 (57683),0.0,0.0,False
PTPN20 (26095),0.0,0.0,False
MACO1 (55219),-0.0,0.0,False
SYT15 (83849),0.0,0.0,False
GPRIN2 (9721),-0.0,0.0,False
NPY4R (5540),-0.0,0.0,False
AGAP9 (642517),-0.0,0.0,False
CXorf65 (158830),-0.0,0.0,False
TMEM273 (170371),0.0,0.0,False
ZDHHC18 (84243),0.0,0.0,False
TIMM23B (100652748),0.0,0.0,False
AGAP6 (414189),0.0,0.0,False
ASAH2B (653308),0.0,0.0,False
CLPSL1 (340204),0.0,0.0,False
PHACTR4 (65979),0.0,0.0,False
LIPK (643414),-0.0,0.0,False
LIPN (643418),-0.0,0.0,False
CT83 (203413),-0.0,0.0,False
IFIT1B (439996),0.0,0.0,False
DPPA5 (340168),0.0,0.0,False
KHDC3L (154288),0.0,0.0,False
OOEP (441161),0.0,0.0,False
LIME1 (54923),0.0,0.0,False
SOX18 (54345),0.0,0.0,False
PCMTD2 (55251),0.0,0.0,False
GDI1 (2664),0.0,0.0,False
RIPPLY2 (134701),0.0,0.0,False
C6orf163 (206412),0.0,0.0,False
SMIM9 (100132963),-0.0,0.0,False
RBM20 (282996),0.0,0.0,False
HSD3B2 (3284),0.0,0.0,False
HSD3B1 (3283),-0.0,0.0,False
H3C15 (333932),0.0,0.0,False
PNLIPRP3 (119548),-0.0,0.0,False
C1orf146 (388649),-0.0,0.0,False
SPANXN1 (494118),-0.0,0.0,False
SPANXA2 (728712),0.0,0.0,False
GLYATL3 (389396),0.0,0.0,False
GLT6D1 (360203),0.0,0.0,False
C1orf185 (284546),0.0,0.0,False
LCN8 (138307),0.0,0.0,False
ZYG11A (440590),0.0,0.0,False
RHOXF2B (727940),0.0,0.0,False
LDLRAD1 (388633),0.0,0.0,False
DEFB110 (245913),0.0,0.0,False
CXorf66 (347487),-0.0,0.0,False
EFCAB7 (84455),0.0,0.0,False
C1orf141 (400757),-0.0,0.0,False
CCDC160 (347475),-0.0,0.0,False
RTL8A (26071),-0.0,0.0,False
SAMD13 (148418),-0.0,0.0,False
C10orf62 (414157),0.0,0.0,False
TXNDC8 (255220),0.0,0.0,False
AWAT1 (158833),-0.0,0.0,False
DAXX (1616),0.0,0.0,False
CD300LD (100131439),-0.0,0.0,False
HSPA1L (3305),0.0,0.0,False
HSPA1A (3303),-0.0,0.0,False
HSPA1B (3304),-0.0,0.0,False
NEU1 (4758),-0.0,0.0,False
SLC44A4 (80736),-0.0,0.0,False
XAGE1B (653067),0.0,0.0,False
LAYN (143903),0.0,0.0,False
XAGE1A (653220),0.0,0.0,False
EHMT2 (10919),0.0,0.0,False
SDHD (6392),0.0,0.0,False
ZBTB12 (221527),-0.0,0.0,False
NXPE2 (120406),0.0,0.0,False
NELFE (7936),0.0,0.0,False
SKIC2 (6499),0.0,0.0,False
DXO (1797),0.0,0.0,False
LSM2 (57819),0.0,0.0,False
VARS1 (7407),0.0,0.0,False
VWA7 (80737),-0.0,0.0,False
ABHD16A (7920),0.0,0.0,False
APOM (55937),-0.0,0.0,False
NALF1 (728215),0.0,0.0,False
C6orf47 (57827),-0.0,0.0,False
GPANK1 (7918),0.0,0.0,False
CSNK2B (1460),-0.0,0.0,False
LY6G5C (80741),-0.0,0.0,False
LY6G6F (259215),0.0,0.0,False
CARD16 (114769),0.0,0.0,False
LY6G6C (80740),0.0,0.0,False
MPIG6B (80739),0.0,0.0,False
CSHL1 (1444),0.0,0.0,False
MSH5 (4439),0.0,0.0,False
MBD5 (55777),0.0,0.0,False
CASP12 (100506742),-0.0,0.0,False
BTBD17 (388419),0.0,0.0,False
WHR1 (8859),0.0,0.0,False
BMPR2 (659),0.0,0.0,False
SP5 (389058),-0.0,0.0,False
NBDY (550643),0.0,0.0,False
SPIN3 (169981),0.0,0.0,False
TAP2 (6891),-0.0,0.0,False
PSMB8 (5696),-0.0,0.0,False
COL5A2 (1290),0.0,0.0,False
HLA-DMA (3108),-0.0,0.0,False
BRD2 (6046),0.0,0.0,False
HLA-DOA (3111),-0.0,0.0,False
COL11A2 (1302),0.0,0.0,False
OXLD1 (339229),-0.0,0.0,False
RXRB (6257),0.0,0.0,False
HSD17B8 (7923),0.0,0.0,False
RING1 (6015),0.0,0.0,False
PFDN6 (10471),0.0,0.0,False
TCEA3 (6920),0.0,0.0,False
TMEM235 (283999),0.0,0.0,False
PAGE3 (139793),0.0,0.0,False
HLA-DRA (3122),-0.0,0.0,False
AGPAT1 (10554),-0.0,0.0,False
ERICH2 (285141),-0.0,0.0,False
SMIM5 (643008),0.0,0.0,False
MRPL38 (64978),-0.0,0.0,False
FKBPL (63943),0.0,0.0,False
PRRT1 (80863),-0.0,0.0,False
PJVK (494513),-0.0,0.0,False
RNF5 (6048),-0.0,0.0,False
BTNL2 (56244),-0.0,0.0,False
AGER (177),0.0,0.0,False
PBX2 (5089),0.0,0.0,False
NOTCH4 (4855),-0.0,0.0,False
TMEM225 (338661),-0.0,0.0,False
TSBP1 (10665),0.0,0.0,False
COL15A1 (1306),-0.0,0.0,False
H2BC18 (440689),0.0,0.0,False
H3C14 (126961),0.0,0.0,False
PLPP4 (196051),-0.0,0.0,False
DENND4B (9909),0.0,0.0,False
TSEN15 (116461),0.0,0.0,False
R3HDM4 (91300),0.0,0.0,False
OSTC (58505),0.0,0.0,False
FICD (11153),0.0,0.0,False
KPLCE (100129271),-0.0,0.0,False
RUSC2 (9853),0.0,0.0,False
CD3E (916),0.0,0.0,False
CES1 (1066),0.0,0.0,False
TOX (9760),0.0,0.0,False
ARHGEF15 (22899),-0.0,0.0,False
SELENOT (51714),-0.0,0.0,False
STYXL2 (92235),0.0,0.0,False
KTI12 (112970),0.0,0.0,False
MT-ND3 (4537),-0.0,0.0,False
ZNF277 (11179),-0.0,0.0,False
LTN1 (26046),-0.0,0.0,False
RUNDC1 (146923),0.0,0.0,False
CCDC152 (100129792),-0.0,0.0,False
MT-ND4 (4538),-0.0,0.0,False
CIPC (85457),-0.0,0.0,False
SHISA4 (149345),0.0,0.0,False
PRMT6 (55170),0.0,0.0,False
DCAF12L1 (139170),-0.0,0.0,False
MT-ND1 (4535),-0.0,0.0,False
SMC5 (23137),-0.0,0.0,False
ITPRIPL1 (150771),-0.0,0.0,False
STKLD1 (169436),0.0,0.0,False
PNMA5 (114824),-0.0,0.0,False
ASB12 (142689),0.0,0.0,False
SFMBT2 (57713),-0.0,0.0,False
DCAF12 (25853),-0.0,0.0,False
TYW1 (55253),0.0,0.0,False
GRK5 (2869),-0.0,0.0,False
RYR3 (6263),-0.0,0.0,False
OPA1 (4976),-0.0,0.0,False
MT-ATP6 (4508),-0.0,0.0,False
GJC2 (57165),-0.0,0.0,False
BRINP2 (57795),-0.0,0.0,False
ALPK2 (115701),0.0,0.0,False
ZNF521 (25925),-0.0,0.0,False
SCAMP5 (192683),0.0,0.0,False
MTOR (2475),0.0,0.0,False
TMEM184B (25829),0.0,0.0,False
CNOT7 (29883),0.0,0.0,False
MUC2 (4583),-0.0,0.0,False
MT-ND5 (4540),-0.0,0.0,False
GRIN3A (116443),0.0,0.0,False
ZNF830 (91603),-0.0,0.0,False
FAM169A (26049),0.0,0.0,False
RASSF9 (9182),0.0,0.0,False
RCSD1 (92241),-0.0,0.0,False
APCDD1L (164284),0.0,0.0,False
MAGEB3 (4114),0.0,0.0,False
LRIG2 (9860),-0.0,0.0,False
MT-CO1 (4512),-0.0,0.0,False
CHAMP1 (283489),-0.0,0.0,False
UBE2J1 (51465),0.0,0.0,False
SELENOM (140606),-0.0,0.0,False
HMGN2 (3151),0.0,0.0,False
SUCNR1 (56670),-0.0,0.0,False
ARHGAP11A (9824),-0.0,0.0,False
INPP5F (22876),-0.0,0.0,False
CD247 (919),-0.0,0.0,False
PNP (4860),-0.0,0.0,False
SFT2D1 (113402),-0.0,0.0,False
ZNF358 (140467),0.0,0.0,False
FOXJ3 (22887),0.0,0.0,False
GK (2710),0.0,0.0,False
LRRC10 (376132),0.0,0.0,False
PAX9 (5083),0.0,0.0,False
CAPZA2 (830),-0.0,0.0,False
TOP1 (7150),-0.0,0.0,False
DDO (8528),0.0,0.0,False
INF2 (64423),-0.0,0.0,False
TEDDM1 (127670),-0.0,0.0,False
SAMD5 (389432),0.0,0.0,False
C1orf53 (388722),-0.0,0.0,False
RAET1G (353091),-0.0,0.0,False
CR1 (1378),-0.0,0.0,False
TATDN3 (128387),-0.0,0.0,False
CAPN8 (388743),-0.0,0.0,False
STUM (375057),0.0,0.0,False
CHML (1122),-0.0,0.0,False
COX20 (116228),0.0,0.0,False
EFCAB2 (84288),0.0,0.0,False
OR2L2 (26246),-0.0,0.0,False
OR2T5 (401993),-0.0,0.0,False
GP1BB (2812),-0.0,0.0,False
TAS2R2 (338396),0.0,0.0,False
GJE1 (100126572),0.0,0.0,False
ECT2L (345930),0.0,0.0,False
GPR52 (9293),0.0,0.0,False
LORICRIN (4014),0.0,0.0,False
FAM24A (118670),-0.0,0.0,False
EEF1AKMT2 (399818),0.0,0.0,False
KPRP (448834),0.0,0.0,False
SPRR2E (6704),0.0,0.0,False
LELP1 (149018),0.0,0.0,False
PRR9 (574414),-0.0,0.0,False
FANK1 (92565),-0.0,0.0,False
NTMT2 (149281),0.0,0.0,False
FAM229B (619208),0.0,0.0,False
SPRN (503542),0.0,0.0,False
CENPW (387103),0.0,0.0,False
OR6K3 (391114),-0.0,0.0,False
TMEM244 (253582),-0.0,0.0,False
FCGR3A (2214),-0.0,0.0,False
IQANK1 (642574),0.0,0.0,False
OR10Z1 (128368),-0.0,0.0,False
PRC1 (9055),-0.0,0.0,False
OR10R2 (343406),-0.0,0.0,False
CSAG1 (158511),0.0,0.0,False
NOS1AP (9722),-0.0,0.0,False
ATG9A (79065),0.0,0.0,False
DCLRE1A (9937),-0.0,0.0,False
KIAA0753 (9851),-0.0,0.0,False
DZIP3 (9666),0.0,0.0,False
RPL39 (6170),0.0,0.0,False
SPOUT1 (51490),-0.0,0.0,False
RASGEF1A (221002),0.0,0.0,False
POU3F3 (5455),0.0,0.0,False
C1orf174 (339448),0.0,0.0,False
SREBF2 (6721),-0.0,0.0,False
L1CAM (3897),-0.0,0.0,False
MAP3K3 (4215),0.0,0.0,False
GPRASP3 (80823),-0.0,0.0,False
APRT (353),0.0,0.0,False
GPRASP1 (9737),0.0,0.0,False
TBKBP1 (9755),0.0,0.0,False
SMG5 (23381),0.0,0.0,False
SGMS1 (259230),0.0,0.0,False
RORB (6096),-0.0,0.0,False
PJA2 (9867),-0.0,0.0,False
ARMCX6 (54470),0.0,0.0,False
TGM2 (7052),-0.0,0.0,False
KIFBP (26128),0.0,0.0,False
NAGA (4668),-0.0,0.0,False
MAGEE1 (57692),0.0,0.0,False
MFAP3L (9848),-0.0,0.0,False
DMD (1756),0.0,0.0,False
L3MBTL3 (84456),-0.0,0.0,False
SOWAHA (134548),0.0,0.0,False
ZFP2 (80108),0.0,0.0,False
MT-CO3 (4514),-0.0,0.0,False
TRIM49C (642612),-0.0,0.0,False
TRIM64 (120146),-0.0,0.0,False
BAG6 (7917),0.0,0.0,False
KRTAP10-2 (386679),-0.0,0.0,False
HMGN1 (3150),0.0,0.0,False
SERF1B (728492),-0.0,0.0,False
SMN2 (6607),-0.0,0.0,False
CPT1B (1375),-0.0,0.0,False
TMEM256 (254863),0.0,0.0,False
TMSB4X (7114),-0.0,0.0,False
NAP1L4 (4676),0.0,0.0,False
RGL3 (57139),-0.0,0.0,False
C2CD4B (388125),0.0,0.0,False
OR51A4 (401666),0.0,0.0,False
OR51A2 (401667),0.0,0.0,False
OR52J3 (119679),-0.0,0.0,False
SPDYE18 (100505767),0.0,0.0,False
CCDC85C (317762),0.0,0.0,False
TP53TG3C (653550),0.0,0.0,False
MUC19 (283463),0.0,0.0,False
DENND6B (414918),0.0,0.0,False
EIF3CL (728689),-0.0,0.0,False
TECRL (253017),0.0,0.0,False
MBD3L4 (653656),0.0,0.0,False
C17orf107 (100130311),0.0,0.0,False
ETFRF1 (144363),0.0,0.0,False
SMIM45 (339674),0.0,0.0,False
CYP2D7 (1564),-0.0,0.0,False
DPF3 (8110),0.0,0.0,False
SMIM11 (54065),0.0,0.0,False
LCMT1 (51451),0.0,0.0,False
ACOT6 (641372),0.0,0.0,False
LIN52 (91750),0.0,0.0,False
HTN3 (3347),-0.0,0.0,False
CDPF1 (150383),0.0,0.0,False
VCX3B (425054),0.0,0.0,False
MFSD2B (388931),0.0,0.0,False
TP53TG3D (729264),0.0,0.0,False
IZUMO3 (100129669),-0.0,0.0,False
ITPRIPL2 (162073),0.0,0.0,False
KRTAP12-3 (386683),0.0,0.0,False
OR6C68 (403284),-0.0,0.0,False
SARNP (84324),0.0,0.0,False
NT5M (56953),0.0,0.0,False
SAP25 (100316904),-0.0,0.0,False
SNX2 (6643),-0.0,0.0,False
MGAT4D (152586),0.0,0.0,False
CTXN3 (613212),-0.0,0.0,False
TMEM170B (100113407),0.0,0.0,False
PDE7A (5150),-0.0,0.0,False
E2F4 (1874),-0.0,0.0,False
SPDYE2 (441273),-0.0,0.0,False
VIT (5212),0.0,0.0,False
LGR4 (55366),-0.0,0.0,False
SCGB2B2 (284402),0.0,0.0,False
C4orf46 (201725),0.0,0.0,False
OR6C65 (403282),0.0,0.0,False
OR6C3 (254786),0.0,0.0,False
OR6C1 (390321),-0.0,0.0,False
MT1M (4499),0.0,0.0,False
KRT81 (3887),-0.0,0.0,False
CNEP1R1 (255919),0.0,0.0,False
KRT6A (3853),0.0,0.0,False
SAMD9 (54809),-0.0,0.0,False
OR52E6 (390078),0.0,0.0,False
CFI (3426),-0.0,0.0,False
INSYN1 (388135),0.0,0.0,False
ADGRG1 (9289),-0.0,0.0,False
MT1A (4489),-0.0,0.0,False
SLCO6A1 (133482),0.0,0.0,False
MT1H (4496),0.0,0.0,False
TECPR1 (25851),-0.0,0.0,False
PRR13 (54458),0.0,0.0,False
IPO7 (10527),-0.0,0.0,False
ITSN1 (6453),0.0,0.0,False
DENND1C (79958),-0.0,0.0,False
FABP9 (646480),-0.0,0.0,False
IFITM5 (387733),0.0,0.0,False
CFAP99 (402160),0.0,0.0,False
KRTAP27-1 (643812),-0.0,0.0,False
KRTAP22-2 (100288287),-0.0,0.0,False
KRTAP20-4 (100151643),0.0,0.0,False
KRTAP20-3 (337985),0.0,0.0,False
KRTAP19-8 (728299),0.0,0.0,False
ZDHHC11B (653082),-0.0,0.0,False
SERPINB5 (5268),-0.0,0.0,False
SERPINB4 (6318),-0.0,0.0,False
SERPINB11 (89778),-0.0,0.0,False
LHFPL7 (255349),0.0,0.0,False
DOK6 (220164),0.0,0.0,False
DEFA1 (1667),0.0,0.0,False
C18orf63 (644041),0.0,0.0,False
DEFB109B (641517),0.0,0.0,False
GOLGA8O (728047),0.0,0.0,False
TMEM191C (645426),0.0,0.0,False
RNASE13 (440163),-0.0,0.0,False
COL6A6 (131873),0.0,0.0,False
HACD2 (201562),0.0,0.0,False
HLA-A (3105),-0.0,0.0,False
OR10C1 (442194),-0.0,0.0,False
TMEM200C (645369),0.0,0.0,False
LRRC30 (339291),-0.0,0.0,False
RAB12 (201475),-0.0,0.0,False
FOXL2NB (401089),0.0,0.0,False
HBA1 (3039),0.0,0.0,False
PRR23A (729627),0.0,0.0,False
TSSK2 (23617),0.0,0.0,False
ANKUB1 (389161),-0.0,0.0,False
ATP10A (57194),-0.0,0.0,False
ELOA2 (51224),0.0,0.0,False
HBM (3042),0.0,0.0,False
SMIM21 (284274),0.0,0.0,False
DEFB109C (100286963),0.0,0.0,False
SLCO1B7 (338821),-0.0,0.0,False
DNAJC19 (131118),0.0,0.0,False
NANOGNB (360030),0.0,0.0,False
C22orf42 (150297),-0.0,0.0,False
CLEC6A (93978),0.0,0.0,False
TTC23L (153657),0.0,0.0,False
GMNC (647309),-0.0,0.0,False
C16orf96 (342346),0.0,0.0,False
KLRC3 (3823),-0.0,0.0,False
KLRC2 (3822),-0.0,0.0,False
PLPP6 (403313),-0.0,0.0,False
CYS1 (192668),0.0,0.0,False
ARRDC5 (645432),-0.0,0.0,False
GAGE1 (2543),0.0,0.0,False
RIMOC1 (285636),0.0,0.0,False
CRYZL1 (9946),-0.0,0.0,False
CRLF2 (64109),-0.0,0.0,False
LRRC72 (100506049),0.0,0.0,False
C1QTNF9B (387911),0.0,0.0,False
KRTAP5-6 (440023),0.0,0.0,False
ONECUT3 (390874),0.0,0.0,False
NYNRIN (57523),-0.0,0.0,False
DAZ2 (57055),-0.0,0.0,False
RNPS1 (10921),0.0,0.0,False
EPCIP (56245),-0.0,0.0,False
OLIG2 (10215),-0.0,0.0,False
CEMP1 (752014),0.0,0.0,False
DAZ4 (57135),-0.0,0.0,False
KRTAP5-2 (440021),0.0,0.0,False
ZNF316 (100131017),-0.0,0.0,False
BHLHA9 (727857),-0.0,0.0,False
DEFB136 (613210),-0.0,0.0,False
DEFB135 (613209),0.0,0.0,False
DEFB134 (613211),-0.0,0.0,False
KRTAP5-1 (387264),0.0,0.0,False
ZBTB10 (65986),0.0,0.0,False
C11orf91 (100131378),-0.0,0.0,False
PRRC2A (7916),0.0,0.0,False
LILRB3 (11025),-0.0,0.0,False
RACK1 (10399),0.0,0.0,False
DISP3 (57540),0.0,0.0,False
PPP1R11 (6992),-0.0,0.0,False
RNF39 (80352),-0.0,0.0,False
TRIM40 (135644),-0.0,0.0,False
TRIM10 (10107),-0.0,0.0,False
FOXB2 (442425),0.0,0.0,False
ZNF616 (90317),0.0,0.0,False
TRIM15 (89870),-0.0,0.0,False
ZNF468 (90333),0.0,0.0,False
TRIM39 (56658),-0.0,0.0,False
DPRX (503834),-0.0,0.0,False
HLA-E (3133),-0.0,0.0,False
GNL1 (2794),-0.0,0.0,False
LRCOL1 (100507055),-0.0,0.0,False
HLA-G (3135),-0.0,0.0,False
TBC1D8 (11138),-0.0,0.0,False
NMS (129521),0.0,0.0,False
AKT1S1 (84335),0.0,0.0,False
OR2J2 (26707),-0.0,0.0,False
OR14J1 (442191),0.0,0.0,False
OR11A1 (26531),-0.0,0.0,False
OR2H1 (26716),-0.0,0.0,False
MAS1L (116511),-0.0,0.0,False
GABBR1 (2550),-0.0,0.0,False
IL31 (386653),-0.0,0.0,False
HLA-F (3134),-0.0,0.0,False
C9orf57 (138240),-0.0,0.0,False
CBY3 (646019),-0.0,0.0,False
OR2H2 (7932),-0.0,0.0,False
MOG (4340),-0.0,0.0,False
ASPDH (554235),-0.0,0.0,False
ZFP57 (346171),0.0,0.0,False
DDR1 (780),-0.0,0.0,False
PRR3 (80742),0.0,0.0,False
OR2J1 (442185),-0.0,0.0,False
ABCF1 (23),-0.0,0.0,False
ZNF551 (90233),-0.0,0.0,False
AADACL4 (343066),0.0,0.0,False
MICB (4277),-0.0,0.0,False
ZNF814 (730051),0.0,0.0,False
MCCD1 (401250),0.0,0.0,False
PRAMEF7 (441871),-0.0,0.0,False
PRAMEF9 (343070),-0.0,0.0,False
PRAMEF15 (653619),-0.0,0.0,False
NFKBIL1 (4795),0.0,0.0,False
LST1 (7940),-0.0,0.0,False
PRAMEF14 (729528),-0.0,0.0,False
PRAMEF19 (645414),0.0,0.0,False
PRAMEF17 (391004),-0.0,0.0,False
NCR3 (259197),0.0,0.0,False
AIF1 (199),-0.0,0.0,False
MICA (100507436),0.0,0.0,False
ZNF805 (390980),0.0,0.0,False
HLA-C (3107),-0.0,0.0,False
DEFB121 (245934),-0.0,0.0,False
KRTAP5-10 (387273),-0.0,0.0,False
KRTAP5-11 (440051),-0.0,0.0,False
PPP1R10 (5514),0.0,0.0,False
MRPS18B (28973),0.0,0.0,False
C6orf136 (221545),-0.0,0.0,False
DHX16 (8449),-0.0,0.0,False
MUC21 (394263),-0.0,0.0,False
POU5F1 (5460),-0.0,0.0,False
C6orf15 (29113),0.0,0.0,False
PSORS1C1 (170679),-0.0,0.0,False
CDSN (1041),0.0,0.0,False
PSORS1C2 (170680),-0.0,0.0,False
CCHCR1 (54535),0.0,0.0,False
ZSCAN5C (649137),-0.0,0.0,False
OR2J3 (442186),-0.0,0.0,False
OR2B3 (442184),-0.0,0.0,False
PSENEN (55851),-0.0,0.0,False
FAM221B (392307),0.0,0.0,False
OR5L2 (26338),-0.0,0.0,False
OR5D16 (390144),-0.0,0.0,False
PABPN1L (390748),0.0,0.0,False
AARD (441376),-0.0,0.0,False
SPIRE2 (84501),0.0,0.0,False
PRSS1 (5644),-0.0,0.0,False
MS4A13 (503497),0.0,0.0,False
ERICH4 (100170765),-0.0,0.0,False
TRIM13 (10206),-0.0,0.0,False
UQCC6 (728568),0.0,0.0,False
FBXO47 (494188),-0.0,0.0,False
LRRC10B (390205),0.0,0.0,False
ZNF425 (155054),0.0,0.0,False
ZNF783 (100289678),-0.0,0.0,False
PSG5 (5673),-0.0,0.0,False
PKHD1L1 (93035),0.0,0.0,False
SLFN12L (100506736),-0.0,0.0,False
SLC35B4 (84912),-0.0,0.0,False
CDKL4 (344387),0.0,0.0,False
ARID3C (138715),0.0,0.0,False
SDHAF1 (644096),0.0,0.0,False
TRIQK (286144),0.0,0.0,False
CFAP96 (441054),0.0,0.0,False
ACCSL (390110),-0.0,0.0,False
TMEM278 (643965),-0.0,0.0,False
SPATA31F1 (259308),0.0,0.0,False
LGALS7 (3963),0.0,0.0,False
FRG2 (448831),-0.0,0.0,False
TMEM240 (339453),0.0,0.0,False
CCNI2 (645121),-0.0,0.0,False
GARIN1A (346653),0.0,0.0,False
TMEM231 (79583),0.0,0.0,False
SYCE1L (100130958),0.0,0.0,False
CD177 (57126),-0.0,0.0,False
GRXCR2 (643226),0.0,0.0,False
OR2W1 (26692),0.0,0.0,False
FBXO48 (554251),-0.0,0.0,False
TCTN1 (79600),0.0,0.0,False
PNMA8B (57469),-0.0,0.0,False
SPATA31A1 (647060),-0.0,0.0,False
DCTN1 (1639),-0.0,0.0,False
ATXN2 (6311),0.0,0.0,False
MROH6 (642475),-0.0,0.0,False
MRPL53 (116540),0.0,0.0,False
ODAD4 (83538),0.0,0.0,False
FOXD4L5 (653427),-0.0,0.0,False
INSYN2B (100131897),-0.0,0.0,False
RANBP17 (64901),-0.0,0.0,False
MALRD1 (340895),-0.0,0.0,False
TRIM27 (5987),0.0,0.0,False
CFAP95 (138255),0.0,0.0,False
SPDYC (387778),-0.0,0.0,False
FAM216A (29902),0.0,0.0,False
ZBTB48 (3104),0.0,0.0,False
IGFL2 (147920),-0.0,0.0,False
MZT1 (440145),-0.0,0.0,False
UQCC3 (790955),0.0,0.0,False
ZNF155 (7711),-0.0,0.0,False
PRR20A (122183),0.0,0.0,False
PRR20B (729233),0.0,0.0,False
LRRC3C (100505591),0.0,0.0,False
SPINK9 (643394),-0.0,0.0,False
KRT25 (147183),-0.0,0.0,False
IGFL4 (444882),-0.0,0.0,False
KRT40 (125115),-0.0,0.0,False
KRTAP1-4 (728255),0.0,0.0,False
GPR20 (2843),0.0,0.0,False
KRTAP4-8 (728224),-0.0,0.0,False
KRTAP9-3 (83900),-0.0,0.0,False
NAT8B (51471),-0.0,0.0,False
TMEM253 (643382),-0.0,0.0,False
TEX50 (730159),0.0,0.0,False
HOXC9 (3225),-0.0,0.0,False
PPIAL4H (105371242),0.0,0.0,False
NBPF8 (728841),-0.0,0.0,False
NCBP2AS2 (152217),-0.0,0.0,False
MEI4 (101928601),0.0,0.0,False
EGLN2 (112398),-0.0,0.0,False
RNF225 (646862),0.0,0.0,False
SSX4B (548313),0.0,0.0,False
SLC25A53 (401612),0.0,0.0,False
CCDC194 (110806280),0.0,0.0,False
NBPF9 (400818),-0.0,0.0,False
ZIM2 (23619),-0.0,0.0,False
CT45A10 (102723631),0.0,0.0,False
TMEM185A (84548),0.0,0.0,False
ERVV-1 (147664),-0.0,0.0,False
DMRTC1 (63947),-0.0,0.0,False
H3Y1 (391769),-0.0,0.0,False
H4C15 (554313),0.0,0.0,False
HEATR9 (256957),0.0,0.0,False
PDF (64146),-0.0,0.0,False
PRAMEF5 (343068),-0.0,0.0,False
PPIAL4E (730262),-0.0,0.0,False
CCL5 (6352),-0.0,0.0,False
CT45A2 (728911),-0.0,0.0,False
MMP28 (79148),-0.0,0.0,False
NBPF19 (101060226),-0.0,0.0,False
CTAGE6 (340307),0.0,0.0,False
SRXN1 (140809),0.0,0.0,False
CTAGE15 (441294),-0.0,0.0,False
CT45A9 (102723680),0.0,0.0,False
RASL10B (91608),0.0,0.0,False
H4C14 (8370),0.0,0.0,False
C17orf50 (146853),-0.0,0.0,False
GAS2L2 (246176),0.0,0.0,False
TAF15 (8148),-0.0,0.0,False
NBPF14 (25832),0.0,0.0,False
NXF2B (728343),0.0,0.0,False
OPN1MW3 (101060233),-0.0,0.0,False
NXF2 (56001),0.0,0.0,False
SPIB (6689),-0.0,0.0,False
CTAG1A (246100),0.0,0.0,False
TEX13A (56157),0.0,0.0,False
MAGEA2 (4101),0.0,0.0,False
NFILZ (105372267),0.0,0.0,False
SSX2B (727837),-0.0,0.0,False
SCGB1C2 (653486),0.0,0.0,False
TCP11X1 (100996631),0.0,0.0,False
ARL14EPL (644100),0.0,0.0,False
SMIM17 (147670),0.0,0.0,False
SLC6A14 (11254),0.0,0.0,False
GABRQ (55879),-0.0,0.0,False
NBPF12 (149013),0.0,0.0,False
ERFL (390937),-0.0,0.0,False
SSX4 (6759),0.0,0.0,False
CCDC177 (56936),-0.0,0.0,False
SAXO3 (101059948),-0.0,0.0,False
ZNF723 (646864),0.0,0.0,False
HSFX2 (100130086),0.0,0.0,False
CT45A3 (441519),0.0,0.0,False
ZNF587B (100293516),-0.0,0.0,False
IKBKG (8517),0.0,0.0,False
MAGIX (79917),0.0,0.0,False
TMSB15C (122394733),0.0,0.0,False
FBXO17 (115290),0.0,0.0,False
TRABD2B (388630),-0.0,0.0,False
ZNF728 (388523),0.0,0.0,False
H3Y2 (340096),-0.0,0.0,False
CALR3 (125972),0.0,0.0,False
FAM236B (100132304),0.0,0.0,False
SPANXN2 (494119),-0.0,0.0,False
CT45A1 (541466),0.0,0.0,False
CSAG3 (389903),0.0,0.0,False
CSAG2 (102723547),0.0,0.0,False
LIX1L (128077),-0.0,0.0,False
MILR1 (284021),-0.0,0.0,False
SMIM32 (389332),0.0,0.0,False
GOLGA6L26 (102723623),0.0,0.0,False
GAGE13 (645051),0.0,0.0,False
GGTLC3 (728226),-0.0,0.0,False
TBC1D3H (729877),-0.0,0.0,False
SOCS7 (30837),0.0,0.0,False
ANTXRL (195977),0.0,0.0,False
H2AB1 (474382),-0.0,0.0,False
NATD1 (256302),0.0,0.0,False
OR4M2 (390538),0.0,0.0,False
CASTOR2 (729438),0.0,0.0,False
H3C8 (8355),0.0,0.0,False
GOLGA6L1 (283767),-0.0,0.0,False
NOL12 (79159),-0.0,0.0,False
TAF9 (6880),-0.0,0.0,False
USP27X (389856),-0.0,0.0,False
H2BC8 (8339),0.0,0.0,False
ADRA2B (151),-0.0,0.0,False
H2BC6 (8344),0.0,0.0,False
ZNF658 (26149),-0.0,0.0,False
DGKK (139189),0.0,0.0,False
KRTAP7-1 (337878),-0.0,0.0,False
CCL23 (6368),-0.0,0.0,False
H2BC17 (8348),0.0,0.0,False
H4C6 (8361),0.0,0.0,False
TBC1D3 (729873),0.0,0.0,False
RIMBP3B (440804),0.0,0.0,False
SPDYE10 (643862),0.0,0.0,False
TMEM269 (100129924),0.0,0.0,False
SEBOX (645832),0.0,0.0,False
RCC1L (81554),0.0,0.0,False
TBC1D3L (101060376),-0.0,0.0,False
C8orf89 (100130301),0.0,0.0,False
TBC1D3D (101060389),0.0,0.0,False
TPTE (7179),0.0,0.0,False
CEACAM20 (125931),0.0,0.0,False
CYFIP1 (23191),-0.0,0.0,False
ANKRD34A (284615),-0.0,0.0,False
LHX1 (3975),0.0,0.0,False
C2orf15 (150590),0.0,0.0,False
OR5AL1 (79482),0.0,0.0,False
SPMIP1 (100130705),-0.0,0.0,False
DCP1A (55802),-0.0,0.0,False
KRTAP10-7 (386675),-0.0,0.0,False
DOC2B (8447),-0.0,0.0,False
ZNF595 (152687),0.0,0.0,False
MUSTN1 (389125),0.0,0.0,False
CFAP206 (154313),0.0,0.0,False
CD24 (100133941),0.0,0.0,False
IFNL4 (101180976),-0.0,0.0,False
POM121C (100101267),0.0,0.0,False
KMT2B (9757),0.0,0.0,False
NUDT3 (11165),0.0,0.0,False
GTF2H5 (404672),0.0,0.0,False
GRIN2B (2904),0.0,0.0,False
OR52E1 (79296),-0.0,0.0,False
LYPD4 (147719),0.0,0.0,False
AGBL1 (123624),0.0,0.0,False
H2BC14 (8342),-0.0,0.0,False
CT45A7 (101060211),0.0,0.0,False
ZNHIT3 (9326),-0.0,0.0,False
EPOP (100170841),0.0,0.0,False
CWC25 (54883),0.0,0.0,False
H4C12 (8362),0.0,0.0,False
SPDYE8 (728524),-0.0,0.0,False
NBPF26 (101060684),0.0,0.0,False
FOXD4L6 (653404),0.0,0.0,False
TBC1D3K (101060351),0.0,0.0,False
ZBTB8B (728116),0.0,0.0,False
TMEM271 (112441426),-0.0,0.0,False
H3-7 (440686),0.0,0.0,False
SNURF (8926),-0.0,0.0,False
NDUFA7 (4701),0.0,0.0,False
LIN37 (55957),0.0,0.0,False
SMIM22 (440335),-0.0,0.0,False
HSPB9 (94086),-0.0,0.0,False
BOP1 (23246),-0.0,0.0,False
ZNF865 (100507290),-0.0,0.0,False
CLEC19A (728276),0.0,0.0,False
EPPK1 (83481),0.0,0.0,False
TMEM178B (100507421),0.0,0.0,False
SULT1A3 (6818),0.0,0.0,False
CCPG1 (9236),-0.0,0.0,False
XKR7 (343702),-0.0,0.0,False
OR4C45 (403257),0.0,0.0,False
SERTM2 (401613),-0.0,0.0,False
TLE7 (102723796),0.0,0.0,False
ANKRD20A1 (84210),-0.0,0.0,False
DUX4 (100288687),0.0,0.0,False
KCNJ18 (100134444),-0.0,0.0,False
C16orf95 (100506581),-0.0,0.0,False
GOLGA8T (653075),0.0,0.0,False
MUC22 (100507679),-0.0,0.0,False
FIGNL2 (401720),0.0,0.0,False
PIERCE2 (145788),-0.0,0.0,False
GOLGA8H (728498),0.0,0.0,False
TCF24 (100129654),0.0,0.0,False
GOLGA8S (653061),-0.0,0.0,False
HPR (3250),0.0,0.0,False
SCRT1 (83482),0.0,0.0,False
LY6L (101928108),0.0,0.0,False
GOLGA6L7 (728310),0.0,0.0,False
SMIM47 (105372440),-0.0,0.0,False
GAN (8139),0.0,0.0,False
TPBGL (100507050),0.0,0.0,False
TMEM249 (340393),0.0,0.0,False
TP53TG3B (729355),0.0,0.0,False
TUBB8 (347688),-0.0,0.0,False
PECAM1 (5175),-0.0,0.0,False
SCX (642658),0.0,0.0,False
MRC1 (4360),-0.0,0.0,False
SMIM36 (101927367),-0.0,0.0,False
TBC1D3G (101060321),-0.0,0.0,False
ERLN (100130933),-0.0,0.0,False
TPRX2 (503627),-0.0,0.0,False
TSPY1 (7258),0.0,0.0,False
TMEM179 (388021),0.0,0.0,False
TUBB3 (10381),-0.0,0.0,False
CEP95 (90799),-0.0,0.0,False
DUXA (503835),0.0,0.0,False
MC1R (4157),-0.0,0.0,False
RNASE4 (6038),-0.0,0.0,False
OR4C13 (283092),-0.0,0.0,False
OR11H7 (390441),0.0,0.0,False
TRIM34 (53840),-0.0,0.0,False
SERPINA2 (390502),-0.0,0.0,False
SPESP1 (246777),-0.0,0.0,False
OR11H2 (79334),-0.0,0.0,False
ITGB3 (3690),-0.0,0.0,False
SLC35G6 (643664),0.0,0.0,False
INAFM2 (100505573),-0.0,0.0,False
RBM15B (29890),0.0,0.0,False
ARMH2 (101928603),-0.0,0.0,False
FRRS1L (23732),0.0,0.0,False
CCDC187 (399693),-0.0,0.0,False
SPDYE6 (729597),-0.0,0.0,False
HOXB7 (3217),0.0,0.0,False
TGFBR3L (100507588),-0.0,0.0,False
AQP7B (100509620),0.0,0.0,False
GH1 (2688),-0.0,0.0,False
LYPD8 (646627),-0.0,0.0,False
SLC22A31 (146429),0.0,0.0,False
BLID (414899),0.0,0.0,False
MRPL46 (26589),-0.0,0.0,False
THTPA (79178),0.0,0.0,False
CTXND1 (100996492),0.0,0.0,False
MIA (8190),-0.0,0.0,False
GFY (100507003),0.0,0.0,False
EDDM13 (100506374),0.0,0.0,False
ANXA8 (653145),-0.0,0.0,False
NBPF15 (284565),-0.0,0.0,False
KLF14 (136259),0.0,0.0,False
PNLIPRP2 (5408),0.0,0.0,False
STRADA (92335),-0.0,0.0,False
RASSF5 (83593),-0.0,0.0,False
BAHCC1 (57597),-0.0,0.0,False
SRGAP2 (23380),-0.0,0.0,False
TXNIP (10628),-0.0,0.0,False
FSBP (100861412),0.0,0.0,False
SEC22B (9554),0.0,0.0,False
ZNF488 (118738),-0.0,0.0,False
RPL17 (6139),0.0,0.0,False
RNF115 (27246),0.0,0.0,False
TIMM23 (100287932),-0.0,0.0,False
RBM8A (9939),0.0,0.0,False
NCOA4 (8031),-0.0,0.0,False
MRPS21 (54460),-0.0,0.0,False
GDF10 (2662),0.0,0.0,False
UPK3BL1 (100134938),-0.0,0.0,False
ZNF224 (7767),-0.0,0.0,False
FDX2 (112812),0.0,0.0,False
CGB1 (114335),0.0,0.0,False
S1PR2 (9294),-0.0,0.0,False
ZNF285 (26974),-0.0,0.0,False
APOC4 (346),-0.0,0.0,False
C17orf113 (110806298),-0.0,0.0,False
MYO15B (80022),-0.0,0.0,False
LCN6 (158062),0.0,0.0,False
PTGES3L (100885848),0.0,0.0,False
ZNF850 (342892),0.0,0.0,False
AARSD1 (80755),0.0,0.0,False
FXYD1 (5348),-0.0,0.0,False
IGBP1C (645545),-0.0,0.0,False
RBP3 (5949),0.0,0.0,False
GJA5 (2702),0.0,0.0,False
OR1P1 (8391),0.0,0.0,False
NPY4R2 (100996758),-0.0,0.0,False
GTF2I (2969),-0.0,0.0,False
CCNQ (92002),0.0,0.0,False
C19orf84 (147646),0.0,0.0,False
MRPL12 (6182),-0.0,0.0,False
OVCA2 (124641),-0.0,0.0,False
SPON1 (10418),0.0,0.0,False
OR1D5 (8386),-0.0,0.0,False
SMIM28 (110806279),-0.0,0.0,False
CCER2 (643669),0.0,0.0,False
SPDYE9 (643909),0.0,0.0,False
MMP12 (4321),0.0,0.0,False
CORO7 (79585),-0.0,0.0,False
MYMX (101929726),-0.0,0.0,False
C17orf114 (119139905),-0.0,0.0,False
GREP1 (283875),0.0,0.0,False
ZNF234 (10780),0.0,0.0,False
MYZAP (100820829),-0.0,0.0,False
DPEP2NB (100131303),-0.0,0.0,False
NBPF11 (200030),-0.0,0.0,False
OTUD7B (56957),-0.0,0.0,False
MYH4 (4622),-0.0,0.0,False
DYNLL2 (140735),-0.0,0.0,False
ANXA8L1 (728113),-0.0,0.0,False
AKR1C8 (340811),-0.0,0.0,False
RHEX (440712),0.0,0.0,False
LASP1NB (100505576),0.0,0.0,False
PPIAL4A (653505),0.0,0.0,False
GDF2 (2658),0.0,0.0,False
MSMB (4477),-0.0,0.0,False
IKBKE (9641),-0.0,0.0,False
FAM72C (554282),-0.0,0.0,False
SRSF8 (10929),0.0,0.0,False
TMEM238L (100289255),-0.0,0.0,False
H3C6 (8353),0.0,0.0,False
PRAMEF27 (101929983),-0.0,0.0,False
TBC1D3B (414059),-0.0,0.0,False
PRRT1B (642515),0.0,0.0,False
TAF11L8 (112488737),-0.0,0.0,False
SSU72L4 (441584),-0.0,0.0,False
PRR33 (102724536),-0.0,0.0,False
TAF11L13 (112488747),-0.0,0.0,False
PMIS2 (111216276),-0.0,0.0,False
CPHXL (105371346),0.0,0.0,False
TAF11L11 (112488746),0.0,0.0,False
PRSS50 (29122),-0.0,0.0,False
VSIG10L2 (338667),-0.0,0.0,False
HSFX3 (101928917),-0.0,0.0,False
MYOCOS (110806290),0.0,0.0,False
CIROP (100128908),-0.0,0.0,False
ETDC (110806299),0.0,0.0,False
EXOC3L2 (90332),-0.0,0.0,False
FAM236C (109729126),0.0,0.0,False
GNG14 (105372280),0.0,0.0,False
TAF11L9 (112488745),0.0,0.0,False
SLURP2 (432355),-0.0,0.0,False
SSU72L2 (390031),-0.0,0.0,False
TAF11L3 (646103),0.0,0.0,False
SSU72L1 (390033),-0.0,0.0,False
PERCC1 (105371045),0.0,0.0,False
TAF11L2 (391742),-0.0,0.0,False
TAF11L10 (112488738),0.0,0.0,False
C2orf81 (388963),-0.0,0.0,False
TAF11L4 (391746),-0.0,0.0,False
SSU72L5 (196120),-0.0,0.0,False
TAF11L5 (646066),0.0,0.0,False
CCNYL1B (102724485),-0.0,0.0,False
SCO2 (9997),-0.0,0.0,False
C1orf202 (122455338),-0.0,0.0,False
TAF11L6 (391747),-0.0,0.0,False
MSANTD7 (100421372),-0.0,0.0,False
C19orf85 (111064650),0.0,0.0,False
LITAFD (101929989),0.0,0.0,False
SMIM39 (113523639),-0.0,0.0,False
FAM240A (100132146),0.0,0.0,False
TMEM275 (105378696),0.0,0.0,False
C1orf232 (110806296),0.0,0.0,False
TEX13C (100129520),0.0,0.0,False
DUXB (100033411),0.0,0.0,False
ADORA3 (140),0.0,0.0,False
TEX13D (100132015),-0.0,0.0,False
TMEM265 (100862671),0.0,0.0,False
BLACAT1 (101669762),-0.0,0.0,False
TMEM272 (283521),-0.0,0.0,False
RPS4Y2 (140032),-0.0,0.0,False
PAGR1 (79447),0.0,0.0,False
CCDC163 (126661),0.0,0.0,False
OR8K3 (219473),-0.0,0.0,False
PRAMEF26 (645359),-0.0,0.0,False
OR12D2 (26529),-0.0,0.0,False
KLF18 (105378952),-0.0,0.0,False
LBHD2 (107984640),0.0,0.0,False
CENPVL2 (441495),0.0,0.0,False
FAM240B (110806297),-0.0,0.0,False
HSFX4 (101927685),0.0,0.0,False
SPEM3 (107983988),-0.0,0.0,False
CSNK2A2IP (111064647),0.0,0.0,False
CCDC195 (110806281),-0.0,0.0,False
CNTNAP3C (100289279),-0.0,0.0,False
CFAP97D2 (101929355),0.0,0.0,False
CTXND2 (100996521),0.0,0.0,False
C13orf46 (100507747),0.0,0.0,False
TEX52 (101929469),0.0,0.0,False
SMIM33 (111064649),0.0,0.0,False
TEX54 (111216277),0.0,0.0,False
FAM237B (107986818),0.0,0.0,False
CCDC201 (114515518),0.0,0.0,False
SPRR5 (110806278),-0.0,0.0,False
TAF11L7 (112488736),-0.0,0.0,False
CPHXL2 (112268164),0.0,0.0,False
PCDH20 (64881),-0.0,0.0,False
FAM90A17 (728746),-0.0,0.0,False
NOTCH2NLR (101929796),0.0,0.0,False
TMEM217B (121725057),0.0,0.0,False
FAM246A (117134598),0.0,0.0,False
SMIM10L3 (122526779),-0.0,0.0,False
ASDURF (110599588),0.0,0.0,False
SPDYE13 (105180390),0.0,0.0,False
FAM246C (117134596),0.0,0.0,False
NOTCH2NLB (100996763),-0.0,0.0,False
SPDYE15 (105180391),0.0,0.0,False
FAM90A7 (441317),0.0,0.0,False
FAM90A10 (441328),0.0,0.0,False
LCE7A (122526777),0.0,0.0,False
FAM90A8 (441324),-0.0,0.0,False
MSANTD5 (102724657),-0.0,0.0,False
FAM90A14 (645651),-0.0,0.0,False
SPADH (112577516),0.0,0.0,False
SPDYE14 (641776),0.0,0.0,False
DERPC (113455421),-0.0,0.0,False
NPBWR1 (2831),-0.0,0.0,False
F8A2 (474383),0.0,0.0,False
PRRC2B (84726),0.0,0.0,False
HRURF (120766137),0.0,0.0,False
PANO1 (101927423),0.0,0.0,False
RNF228 (122319436),0.0,0.0,False
ACTL10 (170487),-0.0,0.0,False
SMIM42 (117981789),0.0,0.0,False
FAM246B (117134597),0.0,0.0,False
ATXN8 (724066),0.0,0.0,False
CIMIP3 (114841037),0.0,0.0,False
H3C3 (8352),-0.0,0.0,False
SMIM40 (113523636),-0.0,0.0,False
H3C2 (8358),0.0,0.0,False
NOTCH2NLC (100996717),-0.0,0.0,False
FAM90A23 (645572),0.0,0.0,False
FAM90A22 (645558),-0.0,0.0,False
THSD8 (111644133),0.0,0.0,False
FAM90A16 (441323),-0.0,0.0,False
SMIM38 (107984345),-0.0,0.0,False
SCYGR3 (112441429),-0.0,0.0,False
TMEM247 (388946),-0.0,0.0,False
CD300H (100130520),0.0,0.0,False
OR8B2 (26595),0.0,0.0,False
SCYGR5 (112441437),0.0,0.0,False
OR4F16 (81399),0.0,0.0,False
SCYGR2 (112441435),-0.0,0.0,False
SMIM44 (122405565),0.0,0.0,False
SCYGR8 (112441432),0.0,0.0,False
SCYGR4 (112441430),-0.0,0.0,False
SCYGR1 (112441428),-0.0,0.0,False
SCYGR10 (112441436),0.0,0.0,False
OR8B3 (390271),-0.0,0.0,False
SSU72L3 (143506),-0.0,0.0,False
SCYGR7 (112441438),0.0,0.0,False
OR8S1 (341568),0.0,0.0,False
SCYGR6 (112441431),-0.0,0.0,False
OOSP1 (255649),0.0,0.0,False
FAM90A9 (441327),0.0,0.0,False
H2BK1 (114483833),-0.0,0.0,False
OOSP3 (112577461),-0.0,0.0,False
ARHGAP11B (89839),0.0,0.0,False
OOSP4A (112577462),0.0,0.0,False
UPK3BL2 (107983993),-0.0,0.0,False
CCDC39 (339829),0.0,0.0,False
TMDD1 (112163659),-0.0,0.0,False
TOMT (120356740),0.0,0.0,False
CIST1 (729966),-0.0,0.0,False
SMIM41 (113523638),0.0,0.0,False
TBCE (6905),-0.0,0.0,False
EEF1AKMT4 (110599564),0.0,0.0,False
OR4F29 (729759),0.0,0.0,False
OR1S1 (219959),0.0,0.0,False
OR1B1 (347169),-0.0,0.0,False
TBC1D3I (102724862),-0.0,0.0,False
SPATA31A3 (727830),0.0,0.0,False
H2BC3 (3018),-0.0,0.0,False
CCL14 (6358),-0.0,0.0,False
UBE2NL (389898),0.0,0.0,False
PIP4K2B (8396),0.0,0.0,False
OR4E1 (26687),0.0,0.0,False
TADA2A (6871),0.0,0.0,False
PIK3R6 (146850),-0.0,0.0,False
H4C9 (8294),0.0,0.0,False
OR13C2 (392376),-0.0,0.0,False
CCL3L3 (414062),-0.0,0.0,False
CCL4L2 (9560),-0.0,0.0,False
ORAI1 (84876),-0.0,0.0,False
UHRF1 (29128),-0.0,0.0,False
SPATA31A7 (26165),-0.0,0.0,False
DUSP14 (11072),0.0,0.0,False
FAM25C (644054),-0.0,0.0,False
SPATA31A5 (727905),-0.0,0.0,False
RAB7B (338382),-0.0,0.0,False
F8A3 (474384),0.0,0.0,False
GOLGA6L6 (727832),0.0,0.0,False
PCGF2 (7703),-0.0,0.0,False
H2BC7 (8343),0.0,0.0,False
CCDC92B (101928991),0.0,0.0,False
PIGW (284098),-0.0,0.0,False
H4C4 (8360),-0.0,0.0,False
TYW1B (441250),0.0,0.0,False
DACH1 (1602),0.0,0.0,False
H2AC8 (3012),0.0,0.0,False
HNRNPCL3 (649330),0.0,0.0,False
H4C5 (8367),0.0,0.0,False
GSTT4 (25774),-0.0,0.0,False
H2AC16 (8332),-0.0,0.0,False
PADI6 (353238),0.0,0.0,False
SPDYE11 (100996746),0.0,0.0,False
TBC1D3F (84218),-0.0,0.0,False
GPR179 (440435),0.0,0.0,False
PRSS2 (5645),-0.0,0.0,False
PRAG1 (157285),-0.0,0.0,False
CCL4 (6351),0.0,0.0,False
H2AC15 (8330),0.0,0.0,False
LENG9 (94059),-0.0,0.0,False
CCL16 (6360),-0.0,0.0,False
H4C13 (8368),-0.0,0.0,False
GAGE2E (26749),0.0,0.0,False
ZNF2 (7549),0.0,0.0,False
NUDT18 (79873),0.0,0.0,False
SYNRG (11276),0.0,0.0,False
PPP4R3B (57223),-0.0,0.0,False
TP53TG3E (102724101),-0.0,0.0,False
MLLT6 (4302),0.0,0.0,False
ZNF280B (140883),0.0,0.0,False
H2AC12 (85235),-0.0,0.0,False
H3C11 (8354),-0.0,0.0,False
CCL18 (6362),0.0,0.0,False
FCGBP (8857),-0.0,0.0,False
H3C1 (8350),-0.0,0.0,False
TUBGCP5 (114791),-0.0,0.0,False
ARHGAP23 (57636),-0.0,0.0,False
RIMBP3 (85376),-0.0,0.0,False
HNRNPCL2 (440563),0.0,0.0,False
LYZL6 (57151),-0.0,0.0,False
CCL15 (6359),-0.0,0.0,False
H2BC9 (8345),0.0,0.0,False
HNF1B (6928),0.0,0.0,False
AATF (26574),-0.0,0.0,False
H4C7 (8369),0.0,0.0,False
XKR5 (389610),-0.0,0.0,False
GRIFIN (402635),0.0,0.0,False
FAM236A (100129407),-0.0,0.0,False
SPMAP1 (388381),-0.0,0.0,False
SRCIN1 (80725),-0.0,0.0,False
MARCKS (4082),0.0,0.0,False
OR8B4 (283162),-0.0,0.0,False
NR2E3 (10002),0.0,0.0,False
OR10A6 (390093),0.0,0.0,False
OR2S2 (56656),0.0,0.0,False
OR51G1 (79324),0.0,0.0,False
TP53TG3F (102724127),0.0,0.0,False
MRPL45 (84311),0.0,0.0,False
H3C10 (8357),0.0,0.0,False
PWWP4 (728317),0.0,0.0,False
H4C2 (8366),0.0,0.0,False
IQCA1L (392843),0.0,0.0,False
H2AC17 (8336),0.0,0.0,False
GOLGA6L10 (647042),0.0,0.0,False
H4C1 (8359),-0.0,0.0,False
MRM1 (79922),-0.0,0.0,False
C11orf98 (102288414),0.0,0.0,False
TBC1D3E (102723859),-0.0,0.0,False
OR51B2 (79345),-0.0,0.0,False
OR6Q1 (219952),-0.0,0.0,False
OR10X1 (128367),-0.0,0.0,False
OR2AG1 (144125),-0.0,0.0,False
OR51F1 (256892),-0.0,0.0,False
OR8U3 (219479),-0.0,0.0,False
PRAMEF18 (391003),-0.0,0.0,False
PPIAL4F (728945),-0.0,0.0,False
OR5D13 (390142),0.0,0.0,False
OR4C16 (219428),-0.0,0.0,False
OR4N4C (105369274),-0.0,0.0,False
OR8D2 (283160),0.0,0.0,False
OR5L1 (219437),-0.0,0.0,False
OR2T11 (127077),-0.0,0.0,False
OR52R1 (119695),0.0,0.0,False
OR2L8 (391190),-0.0,0.0,False
TSTD3 (100130890),0.0,0.0,False
PRAMEF13 (400736),-0.0,0.0,False
H2BC10 (8346),0.0,0.0,False
TMEM191B (728229),0.0,0.0,False
ZNF670 (93474),0.0,0.0,False
ACACA (31),0.0,0.0,False
SRD5A2 (6716),0.0,0.0,False
GOLGA6L22 (440243),-0.0,0.0,False
H2AB2 (474381),0.0,0.0,False
PSMB3 (5691),-0.0,0.0,False
H3C7 (8968),0.0,0.0,False
SYT15B (102724488),0.0,0.0,False
H2AB3 (83740),0.0,0.0,False
CHD9NB (105371267),-0.0,0.0,False
CCL3 (6348),-0.0,0.0,False
NEFL (4747),-0.0,0.0,False
OR13C5 (138799),-0.0,0.0,False
CT47C1 (727838),0.0,0.0,False
PNMA8C (110806277),-0.0,0.0,False
GPIHBP1 (338328),0.0,0.0,False
PKD1L3 (342372),0.0,0.0,False
OR52E5 (390082),0.0,0.0,False
CISD3 (284106),0.0,0.0,False
RDM1 (201299),-0.0,0.0,False
TBC1D3C (414060),-0.0,0.0,False
DHRS11 (79154),-0.0,0.0,False
POTEB3 (102724631),-0.0,0.0,False
C17orf78 (284099),0.0,0.0,False
H2AC4 (8335),-0.0,0.0,False
ZNF229 (7772),0.0,0.0,False
GGNBP2 (79893),-0.0,0.0,False
CT45A6 (541465),0.0,0.0,False
DDX52 (11056),-0.0,0.0,False
MYO19 (80179),-0.0,0.0,False
PRICKLE4 (29964),0.0,0.0,False
SSTR3 (6753),0.0,0.0,False
ZNF8 (7554),-0.0,0.0,False
CT45A8 (102723737),0.0,0.0,False
TEX28 (1527),-0.0,0.0,False
RNASE12 (493901),-0.0,0.0,False
ZNF578 (147660),0.0,0.0,False
MCTS1 (28985),0.0,0.0,False
LRRD1 (401387),0.0,0.0,False
ISY1 (57461),0.0,0.0,False
C1QTNF9 (338872),-0.0,0.0,False
AQP1 (358),-0.0,0.0,False
L1TD1 (54596),0.0,0.0,False
KRTAP9-1 (728318),-0.0,0.0,False
TNFRSF13B (23495),-0.0,0.0,False
FOXO3B (2310),0.0,0.0,False
KRTAP13-3 (337960),0.0,0.0,False
KIR3DL2 (3812),0.0,0.0,False
LCE1F (353137),-0.0,0.0,False
PPIL3 (53938),-0.0,0.0,False
ACAD11 (84129),0.0,0.0,False
DEFA1B (728358),-0.0,0.0,False
COX19 (90639),-0.0,0.0,False
SMKR1 (100287482),0.0,0.0,False
PNMA2 (10687),0.0,0.0,False
KRBOX1 (100506243),0.0,0.0,False
RTEL1 (51750),0.0,0.0,False
ARHGEF25 (115557),-0.0,0.0,False
CRCP (27297),0.0,0.0,False
KRTAP4-16 (85354),0.0,0.0,False
KRTAP5-8 (57830),0.0,0.0,False
C3orf85 (401081),-0.0,0.0,False
CRIPTO (6997),-0.0,0.0,False
ZNF722 (100419780),0.0,0.0,False
YAE1 (57002),-0.0,0.0,False
KRTAP10-5 (386680),-0.0,0.0,False
HLA-DOB (3112),0.0,0.0,False
NSUN6 (221078),0.0,0.0,False
MIF (4282),0.0,0.0,False
PLCXD2 (257068),-0.0,0.0,False
KRTAP4-7 (100132476),0.0,0.0,False
RDH14 (57665),0.0,0.0,False
PEDS1 (387521),-0.0,0.0,False
PSMB9 (5698),-0.0,0.0,False
LY6G5B (58496),-0.0,0.0,False
STRIT1 (100507537),0.0,0.0,False
AMY2B (280),-0.0,0.0,False
STPG4 (285051),-0.0,0.0,False
OR1J4 (26219),0.0,0.0,False
KLHL41 (10324),0.0,0.0,False
ASB14 (142686),-0.0,0.0,False
ALKBH6 (84964),-0.0,0.0,False
RBM14 (10432),-0.0,0.0,False
RNF103 (7844),0.0,0.0,False
CASTOR1 (652968),-0.0,0.0,False
TXNDC5 (81567),0.0,0.0,False
PAGE2B (389860),0.0,0.0,False
OR2W3 (343171),0.0,0.0,False
TMEM250 (90120),-0.0,0.0,False
ETDA (101928677),0.0,0.0,False
MPC1L (347411),0.0,0.0,False
LRRC37A2 (474170),0.0,0.0,False
PRR20G (100419008),0.0,0.0,False
MEIKIN (728637),-0.0,0.0,False
NME1 (4830),0.0,0.0,False
GET4 (51608),-0.0,0.0,False
TEX35 (84066),-0.0,0.0,False
LILRA2 (11027),0.0,0.0,False
LILRA4 (23547),0.0,0.0,False
ADSL (158),-0.0,0.0,False
C1orf226 (400793),-0.0,0.0,False
KRTAP9-2 (83899),-0.0,0.0,False
DEFA3 (1668),0.0,0.0,False
TNFSF12 (8742),-0.0,0.0,False
PRAMEF11 (440560),-0.0,0.0,False
MRPS17 (51373),0.0,0.0,False
WBP1 (23559),0.0,0.0,False
TLR9 (54106),0.0,0.0,False
APOBEC3G (60489),-0.0,0.0,False
CDRT4 (284040),-0.0,0.0,False
FBXW10B (374286),-0.0,0.0,False
RPL36A (6173),-0.0,0.0,False
OR5G3 (81193),-0.0,0.0,False
RBMY1E (378950),0.0,0.0,False
EIF4EBP3 (8637),-0.0,0.0,False
ERVW-1 (30816),0.0,0.0,False
RBMY1B (378948),0.0,0.0,False
STRC (161497),0.0,0.0,False
ZNF709 (163051),0.0,0.0,False
AP5Z1 (9907),-0.0,0.0,False
RTL5 (340526),-0.0,0.0,False
CCDC169 (728591),-0.0,0.0,False
CNTF (1270),-0.0,0.0,False
GNG10 (2790),0.0,0.0,False
DECR2 (26063),0.0,0.0,False
HLA-DMB (3109),-0.0,0.0,False
SERPINB10 (5273),0.0,0.0,False
ARPIN (348110),-0.0,0.0,False
MRPL20 (55052),0.0,0.0,False
PRAMEF4 (400735),-0.0,0.0,False
PSG11 (5680),-0.0,0.0,False
PSG4 (5672),-0.0,0.0,False
NICOL1 (401115),-0.0,0.0,False
UPK3B (105375355),-0.0,0.0,False
WFDC6 (140870),0.0,0.0,False
TNFRSF6B (8771),-0.0,0.0,False
KRTAP10-11 (386678),-0.0,0.0,False
AMY2A (279),-0.0,0.0,False
NAA80 (24142),0.0,0.0,False
TICAM2 (353376),0.0,0.0,False
MICAL3 (57553),-0.0,0.0,False
EFNA4 (1945),-0.0,0.0,False
KCTD7 (154881),-0.0,0.0,False
STMP1 (647087),0.0,0.0,False
VSIG8 (391123),0.0,0.0,False
PRAF2 (11230),0.0,0.0,False
STON1 (11037),0.0,0.0,False
GTF2A1L (11036),-0.0,0.0,False
EIF6 (3692),-0.0,0.0,False
PDXP (57026),-0.0,0.0,False
CT47A2 (728090),0.0,0.0,False
ATP5PO (539),-0.0,0.0,False
SPRR2A (6700),-0.0,0.0,False
TMEFF1 (8577),0.0,0.0,False
ARPC1A (10552),-0.0,0.0,False
INMT (11185),0.0,0.0,False
KRTAP5-4 (387267),0.0,0.0,False
KRTAP9-4 (85280),0.0,0.0,False
CORT (1325),0.0,0.0,False
ARPC4 (10093),0.0,0.0,False
ARHGAP8 (23779),-0.0,0.0,False
SSX2 (6757),-0.0,0.0,False
ATP5MF (9551),0.0,0.0,False
EGFL8 (80864),-0.0,0.0,False
CD302 (9936),0.0,0.0,False
RPP21 (79897),0.0,0.0,False
PLEKHO2 (80301),-0.0,0.0,False
C8orf58 (541565),0.0,0.0,False
PISD (23761),-0.0,0.0,False
ARHGDIG (398),0.0,0.0,False
PEG10 (23089),0.0,0.0,False
C22orf39 (128977),0.0,0.0,False
BGLAP (632),0.0,0.0,False
ARFGAP3 (26286),-0.0,0.0,False
PSG2 (5670),-0.0,0.0,False
TCP10L (140290),-0.0,0.0,False
MDFIC2 (107986096),0.0,0.0,False
HOGA1 (112817),0.0,0.0,False
MTFP1 (51537),-0.0,0.0,False
AMACR (23600),-0.0,0.0,False
HYPK (25764),0.0,0.0,False
KIR3DL3 (115653),-0.0,0.0,False
PI4KA (5297),0.0,0.0,False
PWP2 (5822),-0.0,0.0,False
TSPY9 (728132),0.0,0.0,False
OR2I1 (442197),-0.0,0.0,False
CT47A5 (728072),0.0,0.0,False
ZNF892 (344065),0.0,0.0,False
CCDC188 (388849),-0.0,0.0,False
H2BC12L (54145),-0.0,0.0,False
ZNF879 (345462),0.0,0.0,False
PRR20E (729250),0.0,0.0,False
TMEM229A (730130),-0.0,0.0,False
C16orf82 (162083),0.0,0.0,False
TRIM26 (7726),-0.0,0.0,False
PAGE2 (203569),0.0,0.0,False
UQCRHL (440567),0.0,0.0,False
CTXN2 (399697),-0.0,0.0,False
RPS28 (6234),-0.0,0.0,False
POTEB (100996331),-0.0,0.0,False
H2BC15 (8341),0.0,0.0,False
IFNA13 (3447),0.0,0.0,False
TSPY4 (728395),0.0,0.0,False
RBMY1A1 (5940),0.0,0.0,False
KBTBD13 (390594),-0.0,0.0,False
ZNF736 (728927),0.0,0.0,False
NPIPB2 (729978),0.0,0.0,False
SHISA8 (440829),0.0,0.0,False
APOC2 (344),-0.0,0.0,False
IFNA17 (3451),-0.0,0.0,False
IQCM (285423),0.0,0.0,False
FREY1 (143678),-0.0,0.0,False
HLA-B (3106),-0.0,0.0,False
MED14OS (100873985),0.0,0.0,False
PINLYP (390940),0.0,0.0,False
JRK (8629),-0.0,0.0,False
MCIDAS (345643),0.0,0.0,False
OR10G8 (219869),-0.0,0.0,False
FAM133B (257415),-0.0,0.0,False
C5orf58 (133874),0.0,0.0,False
CLDN34 (100288814),-0.0,0.0,False
TRIM49D2 (729384),-0.0,0.0,False
PRR23C (389152),-0.0,0.0,False
BRD3OS (266655),0.0,0.0,False
PIRT (644139),-0.0,0.0,False
TNF (7124),0.0,0.0,False
GOLGA8N (643699),0.0,0.0,False
HLA-DQB2 (3120),-0.0,0.0,False
KANTR (102723508),0.0,0.0,False
OR5H8 (79289),0.0,0.0,False
AJM1 (389813),-0.0,0.0,False
PRAMEF6 (440561),-0.0,0.0,False
USP17L13 (100287238),0.0,0.0,False
SMIM26 (388789),-0.0,0.0,False
OR5K1 (26339),-0.0,0.0,False
USP17L24 (728369),0.0,0.0,False
KRTAP25-1 (100131902),0.0,0.0,False
TMEM114 (283953),0.0,0.0,False
ASCL5 (647219),0.0,0.0,False
DYTN (391475),0.0,0.0,False
PET117 (100303755),-0.0,0.0,False
LYRM9 (201229),0.0,0.0,False
DEFB130A (245940),0.0,0.0,False
NPIPB7 (440350),0.0,0.0,False
TWIST2 (117581),0.0,0.0,False
TMEM238 (388564),-0.0,0.0,False
BTBD18 (643376),0.0,0.0,False
OR5H15 (403274),0.0,0.0,False
FAM90A20 (728430),0.0,0.0,False
GPX1 (2876),-0.0,0.0,False
RNF224 (643596),0.0,0.0,False
NPIPA9 (105376752),0.0,0.0,False
USP17L11 (100287178),-0.0,0.0,False
FAM90A3 (389611),0.0,0.0,False
FAM90A11 (441331),0.0,0.0,False
RAB6D (150786),0.0,0.0,False
DEFB130B (100133267),0.0,0.0,False
PHGR1 (644844),-0.0,0.0,False
C19orf81 (342918),-0.0,0.0,False
ZSCAN31 (64288),0.0,0.0,False
GOLGA6L24 (645202),-0.0,0.0,False
UBE2L5 (171222),0.0,0.0,False
RNF223 (401934),-0.0,0.0,False
CKMT1B (1159),-0.0,0.0,False
MBD3L5 (284428),0.0,0.0,False
CDKN2AIPNL (91368),-0.0,0.0,False
B3GNT9 (84752),-0.0,0.0,False
C4orf51 (646603),-0.0,0.0,False
TAAR9 (134860),0.0,0.0,False
USP17L8 (392188),-0.0,0.0,False
OR10G9 (219870),-0.0,0.0,False
CIMIP7 (646498),-0.0,0.0,False
CTAGE9 (643854),-0.0,0.0,False
GAGE12B (729428),-0.0,0.0,False
ARHGEF38 (54848),0.0,0.0,False
IFNA4 (3441),-0.0,0.0,False
ZNF853 (54753),-0.0,0.0,False
PATE4 (399968),-0.0,0.0,False
OR4A47 (403253),-0.0,0.0,False
PRSS56 (646960),0.0,0.0,False
KIFC1 (3833),0.0,0.0,False
FAM200B (285550),0.0,0.0,False
AMY1A (276),-0.0,0.0,False
PRAMEF33 (645382),-0.0,0.0,False
IRGM (345611),-0.0,0.0,False
GAGE12C (729422),0.0,0.0,False
C2orf74 (339804),-0.0,0.0,False
HLA-DQA2 (3118),0.0,0.0,False
ZNF737 (100129842),0.0,0.0,False
TEX51 (101929926),0.0,0.0,False
OR7E24 (26648),-0.0,0.0,False
SHISA9 (729993),0.0,0.0,False
C10orf143 (387723),0.0,0.0,False
MEIOSIN (388553),-0.0,0.0,False
RGL2 (5863),0.0,0.0,False
CT47B1 (643311),-0.0,0.0,False
TSPY10 (100289087),0.0,0.0,False
FAM237A (200726),0.0,0.0,False
TAS2R39 (259285),0.0,0.0,False
MFRP (83552),-0.0,0.0,False
ANKRD34C (390616),0.0,0.0,False
CXorf51B (100133053),0.0,0.0,False
RNF148 (378925),0.0,0.0,False
NKX1-1 (54729),-0.0,0.0,False
NFAM1 (150372),-0.0,0.0,False
SMIM27 (100129250),0.0,0.0,False
SPAAR (158376),0.0,0.0,False
RPEL1 (729020),0.0,0.0,False
RAMACL (353267),0.0,0.0,False
KDM4E (390245),-0.0,0.0,False
PPP1R3E (90673),0.0,0.0,False
HGH1 (51236),-0.0,0.0,False
SMIM1 (388588),-0.0,0.0,False
C12orf75 (387882),0.0,0.0,False
KIAA0040 (9674),-0.0,0.0,False
USP17L27 (728393),0.0,0.0,False
B3GALT4 (8705),0.0,0.0,False
ZBED5 (58486),-0.0,0.0,False
SLC35G4 (646000),-0.0,0.0,False
CCDC200 (100874261),0.0,0.0,False
CT47A1 (728096),0.0,0.0,False
GAGE12F (100008586),0.0,0.0,False
PPIAL4G (644591),-0.0,0.0,False
SLFN14 (342618),0.0,0.0,False
CLEC2L (154790),0.0,0.0,False
LCE6A (448835),0.0,0.0,False
CT47A3 (728082),0.0,0.0,False
USP17L4 (645402),0.0,0.0,False
ZBTB22 (9278),0.0,0.0,False
OR5H14 (403273),-0.0,0.0,False
PATE3 (100169851),-0.0,0.0,False
PNMA6A (84968),-0.0,0.0,False
SMIM34 (388820),0.0,0.0,False
OR13C7 (81377),0.0,0.0,False
IL10RB (3588),0.0,0.0,False
ARMS2 (387715),0.0,0.0,False
BRK1 (55845),0.0,0.0,False
KRTAP5-9 (3846),-0.0,0.0,False
DPP3 (10072),0.0,0.0,False
BORCS8 (729991),-0.0,0.0,False
DEFB109D (503838),-0.0,0.0,False
MPV17L2 (84769),0.0,0.0,False
NPIPA2 (642799),0.0,0.0,False
OR5M10 (390167),-0.0,0.0,False
EEF1G (1937),0.0,0.0,False
OR10G4 (390264),-0.0,0.0,False
MEX3A (92312),-0.0,0.0,False
IGLL5 (100423062),0.0,0.0,False
FPGT (8790),0.0,0.0,False
OR8J2 (81169),-0.0,0.0,False
RTL1 (388015),0.0,0.0,False
UBTFL1 (642623),-0.0,0.0,False
OR5M1 (390168),0.0,0.0,False
PIGY (84992),0.0,0.0,False
PRR23D1 (100131608),-0.0,0.0,False
TAS2R43 (259289),-0.0,0.0,False
CCDC179 (100500938),0.0,0.0,False
NOX5 (79400),0.0,0.0,False
OR52B2 (255725),0.0,0.0,False
EID1 (23741),-0.0,0.0,False
SMIM35 (100526771),0.0,0.0,False
OR5M11 (219487),0.0,0.0,False
OR1D4 (653166),-0.0,0.0,False
NANOGP8 (388112),-0.0,0.0,False
CCDC166 (100130274),-0.0,0.0,False
HTD2 (109703458),0.0,0.0,False
GLYATL1B (100287520),-0.0,0.0,False
EID3 (493861),0.0,0.0,False
CHMP1B (57132),-0.0,0.0,False
INS (3630),-0.0,0.0,False
CSNK2A3 (283106),-0.0,0.0,False
OOSP4B (107987155),-0.0,0.0,False
MAGEL2 (54551),-0.0,0.0,False
UTP14C (9724),-0.0,0.0,False
PRKDC (5591),-0.0,0.0,False
ATXN7L3B (552889),0.0,0.0,False
ALG11 (440138),0.0,0.0,False
PRSS51 (346702),0.0,0.0,False
EIF5AL1 (143244),0.0,0.0,False
SLC10A5 (347051),-0.0,0.0,False
PYDC2 (152138),-0.0,0.0,False
NACA2 (342538),0.0,0.0,False
SMIM18 (100507341),0.0,0.0,False
TRNP1 (388610),-0.0,0.0,False
TUG1 (55000),0.0,0.0,False
C1orf210 (149466),0.0,0.0,False
SERPINE3 (647174),0.0,0.0,False
TMEM200B (399474),-0.0,0.0,False
ETV3L (440695),0.0,0.0,False
CLDN23 (137075),-0.0,0.0,False
ZNF260 (339324),0.0,0.0,False
OR4D10 (390197),-0.0,0.0,False
OMP (4975),-0.0,0.0,False
PABPC4L (132430),0.0,0.0,False
SIGLEC12 (89858),-0.0,0.0,False
CHMP4A (29082),-0.0,0.0,False
AP5B1 (91056),0.0,0.0,False
XNDC1N (100133315),0.0,0.0,False
PBOV1 (59351),0.0,0.0,False
LYN (4067),-0.0,0.0,False
SIGLEC14 (100049587),-0.0,0.0,False
LRRC24 (441381),0.0,0.0,False
FAM90A12 (645879),0.0,0.0,False
NPIPB11 (728888),-0.0,0.0,False
CD8B2 (927),0.0,0.0,False
PINX1 (54984),-0.0,0.0,False
PRR23D2 (100133251),-0.0,0.0,False
HCAR3 (8843),-0.0,0.0,False
CCDC71L (168455),-0.0,0.0,False
ZNF350 (59348),0.0,0.0,False
OR11H12 (440153),-0.0,0.0,False
NHLRC4 (283948),0.0,0.0,False
LSM14A (26065),0.0,0.0,False
DENND11 (57189),0.0,0.0,False
C11orf97 (643037),-0.0,0.0,False
HP (3240),0.0,0.0,False
GPR142 (350383),0.0,0.0,False
KHDC1L (100129128),-0.0,0.0,False
LIMS3 (96626),0.0,0.0,False
SLC5A8 (160728),-0.0,0.0,False
CAPNS2 (84290),-0.0,0.0,False
C17orf100 (388327),-0.0,0.0,False
KLRF2 (100431172),0.0,0.0,False
ZNF253 (56242),0.0,0.0,False
STH (246744),0.0,0.0,False
TAS2R38 (5726),-0.0,0.0,False
GATC (283459),0.0,0.0,False
ZBED6 (100381270),-0.0,0.0,False
SPMIP11 (255411),-0.0,0.0,False
BACC1 (124944),0.0,0.0,False
CHURC1 (91612),-0.0,0.0,False
CLEC5A (23601),0.0,0.0,False
PRSS58 (136541),-0.0,0.0,False
MAP1LC3B2 (643246),0.0,0.0,False
OR9A4 (130075),0.0,0.0,False
TEN1 (100134934),-0.0,0.0,False
MGAM (8972),-0.0,0.0,False
CUX1 (1523),-0.0,0.0,False
CNPY2 (10330),0.0,0.0,False
INAFM1 (255783),-0.0,0.0,False
GALNT4 (8693),-0.0,0.0,False
ZNF625 (90589),0.0,0.0,False
ZNF878 (729747),0.0,0.0,False
PGA5 (5222),0.0,0.0,False
LIMS4 (100288695),0.0,0.0,False
EBLN2 (55096),-0.0,0.0,False
CLEC12B (387837),-0.0,0.0,False
CTSO (1519),-0.0,0.0,False
CYP2A6 (1548),0.0,0.0,False
KDM4F (100129053),-0.0,0.0,False
TAS2R20 (259295),0.0,0.0,False
TIFAB (497189),-0.0,0.0,False
OR6J1 (79549),0.0,0.0,False
OR4D2 (124538),-0.0,0.0,False
TRIL (9865),0.0,0.0,False
RAB44 (401258),0.0,0.0,False
OR10G2 (26534),0.0,0.0,False
FDXACB1 (91893),0.0,0.0,False
POLR2M (81488),-0.0,0.0,False
NPIPB8 (728734),-0.0,0.0,False
CARD18 (59082),0.0,0.0,False
OR8G3 (387815),0.0,0.0,False
COA8 (84334),-0.0,0.0,False
TRAPPC2B (10597),0.0,0.0,False
DNAAF4 (161582),0.0,0.0,False
ASIC5 (51802),0.0,0.0,False
OR13A1 (79290),-0.0,0.0,False
SMIM10L1 (100129361),0.0,0.0,False
POLG2 (11232),-0.0,0.0,False
SALL3 (27164),0.0,0.0,False
DND1 (373863),-0.0,0.0,False
TAS2R31 (259290),0.0,0.0,False
ZNF225 (7768),-0.0,0.0,False
ZNF432 (9668),0.0,0.0,False
HMBS (3145),0.0,0.0,False
SMIM3 (85027),-0.0,0.0,False
ZNF486 (90649),0.0,0.0,False
ZNF10 (7556),0.0,0.0,False
TAS2R30 (259293),0.0,0.0,False
SMLR1 (100507203),0.0,0.0,False
HOXA10 (3206),0.0,0.0,False
SHLD3 (112441434),-0.0,0.0,False
CFB (629),-0.0,0.0,False
RBMY1D (378949),-0.0,0.0,False
UBE2V1 (7335),0.0,0.0,False
FCGR2C (9103),-0.0,0.0,False
KRTAP20-1 (337975),0.0,0.0,False
OR2AE1 (81392),-0.0,0.0,False
ASPRV1 (151516),-0.0,0.0,False
CCDC13 (152206),-0.0,0.0,False
RAD21L1 (642636),0.0,0.0,False
KRTAP4-2 (85291),0.0,0.0,False
APOBEC3C (27350),-0.0,0.0,False
SCARF2 (91179),-0.0,0.0,False
LILRA6 (79168),-0.0,0.0,False
ERVFRD-1 (405754),-0.0,0.0,False
RBM12 (10137),-0.0,0.0,False
CFHR1 (3078),-0.0,0.0,False
KRTAP5-7 (440050),0.0,0.0,False
PTCHD4 (442213),-0.0,0.0,False
C4A (720),-0.0,0.0,False
HBB (3043),0.0,0.0,False
MISFA (100506540),0.0,0.0,False
MARCOL (105378220),-0.0,0.0,False
INSL3 (3640),0.0,0.0,False
BCKDHA (593),-0.0,0.0,False
USP51 (158880),-0.0,0.0,False
MARS2 (92935),-0.0,0.0,False
TWF2 (11344),-0.0,0.0,False
ZCCHC3 (85364),-0.0,0.0,False
CRYBB2 (1415),-0.0,0.0,False
PGAM5 (192111),-0.0,0.0,False
UBAP1L (390595),-0.0,0.0,False
H2AJ (55766),-0.0,0.0,False
CEBPA (1050),-0.0,0.0,False
ZNF585B (92285),0.0,0.0,False
N4BP2L2 (10443),0.0,0.0,False
ETV5 (2119),-0.0,0.0,False
KRTAP19-7 (337974),-0.0,0.0,False
APELA (100506013),0.0,0.0,False
LY6G6D (58530),0.0,0.0,False
TUBA4B (80086),0.0,0.0,False
OR2A7 (401427),-0.0,0.0,False
APOBEC3D (140564),-0.0,0.0,False
JMJD7 (100137047),0.0,0.0,False
KIR2DL3 (3804),-0.0,0.0,False
TMEM35B (100506144),-0.0,0.0,False
OR5V1 (81696),-0.0,0.0,False
TTC4 (7268),0.0,0.0,False
NPIPB5 (100132247),0.0,0.0,False
CFAP57 (149465),-0.0,0.0,False
LEFTY1 (10637),0.0,0.0,False
PLA2G4B (100137049),-0.0,0.0,False
NME2 (4831),0.0,0.0,False
DNAAF10 (116143),0.0,0.0,False
ZNF487 (642819),-0.0,0.0,False
MRPS6 (64968),-0.0,0.0,False
ZNF512 (84450),0.0,0.0,False
GSTA1 (2938),0.0,0.0,False
GSTA2 (2939),0.0,0.0,False
DBNDD2 (55861),-0.0,0.0,False
IFITM10 (402778),-0.0,0.0,False
TMEM225B (100289187),-0.0,0.0,False
TMEM141 (85014),0.0,0.0,False
P2RY11 (5032),0.0,0.0,False
SPRR2F (6705),0.0,0.0,False
LCE3C (353144),-0.0,0.0,False
RTL9 (57529),0.0,0.0,False
VMA12 (147007),-0.0,0.0,False
DDOST (1650),-0.0,0.0,False
KRTAP19-3 (337970),-0.0,0.0,False
MT1HL1 (645745),0.0,0.0,False
NFS1 (9054),0.0,0.0,False
ACY1 (95),-0.0,0.0,False
ADH1C (126),0.0,0.0,False
CDK11B (984),0.0,0.0,False
C8orf88 (100127983),0.0,0.0,False
PTTG2 (10744),0.0,0.0,False
USP17L20 (100287441),-0.0,0.0,False
SELENOP (6414),0.0,0.0,False
P3R3URF (110117498),0.0,0.0,False
REELD1 (345051),0.0,0.0,False
GLI4 (2738),-0.0,0.0,False
ATP6V1E2 (90423),0.0,0.0,False
GPR162 (27239),0.0,0.0,False
CDK3 (1018),-0.0,0.0,False
CHCHD10 (400916),-0.0,0.0,False
KIAA1210 (57481),-0.0,0.0,False
TRIM75 (391714),0.0,0.0,False
TUNAR (100507043),0.0,0.0,False
GYPB (2994),-0.0,0.0,False
SMIM20 (389203),0.0,0.0,False
TRMT9B (57604),0.0,0.0,False
TAF11L14 (112488740),-0.0,0.0,False
ZNF475 (100505841),0.0,0.0,False
EXOC1L (644145),0.0,0.0,False
ZNF550 (162972),0.0,0.0,False
RGS21 (431704),-0.0,0.0,False
OC90 (729330),-0.0,0.0,False
PTX4 (390667),0.0,0.0,False
OR12D1 (26530),0.0,0.0,False
FOXD1 (2297),0.0,0.0,False
DCANP1 (140947),0.0,0.0,False
SHANK3 (85358),-0.0,0.0,False
USP17L18 (100287364),-0.0,0.0,False
ALG1L2 (644974),0.0,0.0,False
RFPL4B (442247),0.0,0.0,False
ZNF345 (25850),0.0,0.0,False
ZNF674 (641339),0.0,0.0,False
PTTG1IP2 (102723899),0.0,0.0,False
USP17L23 (101241878),-0.0,0.0,False
GIMD1 (100507096),-0.0,0.0,False
DNAH10OS (642797),0.0,0.0,False
TARM1 (441864),0.0,0.0,False
YJEFN3 (374887),-0.0,0.0,False
ATP5MGL (267020),0.0,0.0,False
TAF11L12 (112488739),-0.0,0.0,False
HAUS5 (23354),0.0,0.0,False
USP17L17 (100287327),0.0,0.0,False
USP17L22 (100287513),-0.0,0.0,False
USP17L19 (100287404),0.0,0.0,False
FMN1 (342184),-0.0,0.0,False
SMIM31 (100505989),0.0,0.0,False
FOXL3 (116033993),0.0,0.0,False
ACTN3 (89),-0.0,0.0,False
C4orf54 (285556),-0.0,0.0,False
DRC12 (283152),0.0,0.0,False
ABHD14A (25864),-0.0,0.0,False
PCP4L1 (654790),0.0,0.0,False
POU5F2 (134187),0.0,0.0,False
TMEM150C (441027),0.0,0.0,False
NAIP (4671),0.0,0.0,False
ZNF324B (388569),-0.0,0.0,False
HS3ST5 (222537),0.0,0.0,False
TMEM158 (25907),0.0,0.0,False
TERB1 (283847),0.0,0.0,False
GBA3 (57733),-0.0,0.0,False
GOLGA8K (653125),-0.0,0.0,False
PDCD6 (10016),0.0,0.0,False
LGALS16 (148003),0.0,0.0,False
USP17L21 (100287478),-0.0,0.0,False
SPATS1 (221409),-0.0,0.0,False
ECSCR (641700),0.0,0.0,False
OR10J4 (391121),0.0,0.0,False
FER1L5 (90342),0.0,0.0,False
ZNF564 (163050),-0.0,0.0,False
SPMAP2L (100506564),0.0,0.0,False
CLRN2 (645104),-0.0,0.0,False
SYCP1 (6847),0.0,0.0,False
MT-ND2 (4536),-0.0,0.0,False
EGFL6 (25975),0.0,0.0,False
MIXL1 (83881),0.0,0.0,False
INPP5J (27124),0.0,0.0,False
H2BC13 (8340),-0.0,0.0,False
PURA (5813),0.0,0.0,False
C6orf120 (387263),-0.0,0.0,False
HSF1 (3297),0.0,0.0,False
NSMCE3 (56160),-0.0,0.0,False
FAM43A (131583),-0.0,0.0,False
MYADML2 (255275),0.0,0.0,False
FAF1 (11124),0.0,0.0,False
ANO9 (338440),-0.0,0.0,False
ADSS1 (122622),-0.0,0.0,False
MANEAL (149175),-0.0,0.0,False
RPS27L (51065),-0.0,0.0,False
INTS5 (80789),0.0,0.0,False
FLRT2 (23768),-0.0,0.0,False
NPY2R (4887),0.0,0.0,False
MFSD6L (162387),0.0,0.0,False
NR2C2AP (126382),0.0,0.0,False
LRRC37B (114659),0.0,0.0,False
GP1BA (2811),0.0,0.0,False
PRMT3 (10196),0.0,0.0,False
RAB11B (9230),-0.0,0.0,False
MC2R (4158),-0.0,0.0,False
TCEAL9 (51186),-0.0,0.0,False
PGBD2 (267002),0.0,0.0,False
ZNF445 (353274),0.0,0.0,False
TNFAIP2 (7127),-0.0,0.0,False
IFITM2 (10581),-0.0,0.0,False
NRBP2 (340371),0.0,0.0,False
SIGIRR (59307),-0.0,0.0,False
ZNF479 (90827),0.0,0.0,False
AQP12B (653437),0.0,0.0,False
NOMO2 (283820),0.0,0.0,False
DDX51 (317781),-0.0,0.0,False
KRT76 (51350),-0.0,0.0,False
C5orf47 (133491),-0.0,0.0,False
EFCAB10 (100130771),0.0,0.0,False
SGCZ (137868),0.0,0.0,False
IFNE (338376),0.0,0.0,False
BRI3BP (140707),-0.0,0.0,False
SIVA1 (10572),-0.0,0.0,False
TMEM106A (113277),0.0,0.0,False
TMEM121 (80757),-0.0,0.0,False
SORCS2 (57537),0.0,0.0,False
CHRM5 (1133),-0.0,0.0,False
NDUFA6 (4700),0.0,0.0,False
USP18 (11274),0.0,0.0,False
NOC4L (79050),-0.0,0.0,False
MUC6 (4588),0.0,0.0,False
OR6C70 (390327),0.0,0.0,False
FAM227A (646851),-0.0,0.0,False
AQP12A (375318),-0.0,0.0,False
ZFP90 (146198),-0.0,0.0,False
SLC22A10 (387775),-0.0,0.0,False
DGAT1 (8694),-0.0,0.0,False
RFX6 (222546),-0.0,0.0,False
SEMA4B (10509),-0.0,0.0,False
SLC24A3 (57419),0.0,0.0,False
NELFA (7469),0.0,0.0,False
ANKS1B (56899),0.0,0.0,False
CIB1 (10519),-0.0,0.0,False
SPDYE16 (102723555),0.0,0.0,False
MROH2A (339766),-0.0,0.0,False
BRF1 (2972),-0.0,0.0,False
ROBO2 (6092),0.0,0.0,False
MAFF (23764),-0.0,0.0,False
UBOX5 (22888),-0.0,0.0,False
CA13 (377677),-0.0,0.0,False
NT5C1B (93034),0.0,0.0,False
F8 (2157),-0.0,0.0,False
AP3M1 (26985),0.0,0.0,False
PRPF39 (55015),-0.0,0.0,False
PPIL6 (285755),0.0,0.0,False
ZNF74 (7625),-0.0,0.0,False
IFNLR1 (163702),-0.0,0.0,False
BRCC3 (79184),-0.0,0.0,False
L3MBTL1 (26013),0.0,0.0,False
IRF7 (3665),0.0,0.0,False
FAAP100 (80233),0.0,0.0,False
MUC1 (4582),0.0,0.0,False
ROR1 (4919),0.0,0.0,False
STAC3 (246329),-0.0,0.0,False
PARPBP (55010),0.0,0.0,False
KRT6B (3854),-0.0,0.0,False
GPRIN3 (285513),-0.0,0.0,False
TMEM179B (374395),0.0,0.0,False
KPNA7 (402569),-0.0,0.0,False
ZSWIM9 (374920),0.0,0.0,False
FAM47A (158724),0.0,0.0,False
FAM174B (400451),-0.0,0.0,False
SV2B (9899),0.0,0.0,False
FAM131C (348487),-0.0,0.0,False
LMNTD2 (256329),0.0,0.0,False
OLFML2A (169611),-0.0,0.0,False
PCGF3 (10336),-0.0,0.0,False
PDIA2 (64714),0.0,0.0,False
INKA1 (389119),-0.0,0.0,False
DBX2 (440097),0.0,0.0,False
MRPL40 (64976),0.0,0.0,False
SP1 (6667),0.0,0.0,False
AHNAK2 (113146),-0.0,0.0,False
SPATA45 (149643),-0.0,0.0,False
LSAMP (4045),-0.0,0.0,False
TLCD2 (727910),0.0,0.0,False
DLK1 (8788),-0.0,0.0,False
NR2F2 (7026),-0.0,0.0,False
PRKG1 (5592),-0.0,0.0,False
PDE6G (5148),-0.0,0.0,False
SH3BGR (6450),0.0,0.0,False
TMT1A (25840),0.0,0.0,False
KIAA0825 (285600),-0.0,0.0,False
SMYD3 (64754),0.0,0.0,False
ARL15 (54622),-0.0,0.0,False
RGPD2 (729857),0.0,0.0,False
SFTPA2 (729238),0.0,0.0,False
CCDC137 (339230),0.0,0.0,False
SPPL2C (162540),0.0,0.0,False
IL3RA (3563),0.0,0.0,False
NUPR2 (389493),0.0,0.0,False
ZBTB37 (84614),0.0,0.0,False
GALNT17 (64409),0.0,0.0,False
RBM11 (54033),0.0,0.0,False
KLHL33 (123103),-0.0,0.0,False
NOTUM (147111),0.0,0.0,False
CDNF (441549),-0.0,0.0,False
CIMIP4 (339669),-0.0,0.0,False
UBALD2 (283991),-0.0,0.0,False
C12orf56 (115749),0.0,0.0,False
SCN10A (6336),-0.0,0.0,False
CDK10 (8558),0.0,0.0,False
OR2V1 (26693),0.0,0.0,False
TARS3 (123283),-0.0,0.0,False
MRPL30 (51263),0.0,0.0,False
SP140L (93349),-0.0,0.0,False
MAPK11 (5600),-0.0,0.0,False
OR7A17 (26333),0.0,0.0,False
RAD51D (5892),0.0,0.0,False
TNFAIP8L1 (126282),-0.0,0.0,False
SOCS1 (8651),-0.0,0.0,False
HGS (9146),-0.0,0.0,False
HS6ST3 (266722),0.0,0.0,False
TEDC1 (283643),-0.0,0.0,False
ATP6V0A2 (23545),-0.0,0.0,False
GAS2L1 (10634),-0.0,0.0,False
TCN2 (6948),-0.0,0.0,False
WT1 (7490),0.0,0.0,False
OR6A2 (8590),-0.0,0.0,False
LCN12 (286256),-0.0,0.0,False
IQCF2 (389123),0.0,0.0,False
OR4N5 (390437),-0.0,0.0,False
A3GALT2 (127550),-0.0,0.0,False
PABPC1L2B (645974),-0.0,0.0,False
MAML2 (84441),0.0,0.0,False
PLA2G6 (8398),-0.0,0.0,False
ACTRT3 (84517),-0.0,0.0,False
COLEC10 (10584),0.0,0.0,False
CSF1 (1435),0.0,0.0,False
MAP7D2 (256714),-0.0,0.0,False
PKP3 (11187),0.0,0.0,False
SPATA32 (124783),0.0,0.0,False
H1-5 (3009),-0.0,0.0,False
KRTAP19-1 (337882),-0.0,0.0,False
MRGPRE (116534),-0.0,0.0,False
EFNA5 (1946),0.0,0.0,False
SS18L1 (26039),0.0,0.0,False
KCND2 (3751),0.0,0.0,False
TOP1MT (116447),-0.0,0.0,False
C1QTNF8 (390664),-0.0,0.0,False
TMEM255B (348013),-0.0,0.0,False
FOXD4L1 (200350),0.0,0.0,False
PTP4A3 (11156),-0.0,0.0,False
POU3F2 (5454),0.0,0.0,False
FOXO4 (4303),-0.0,0.0,False
OR56A3 (390083),0.0,0.0,False
TXNRD2 (10587),-0.0,0.0,False
LRRC19 (64922),0.0,0.0,False
WDR27 (253769),0.0,0.0,False
BPIFC (254240),0.0,0.0,False
NCMAP (400746),0.0,0.0,False
CCR10 (2826),-0.0,0.0,False
KNTC1 (9735),-0.0,0.0,False
THAP7 (80764),-0.0,0.0,False
SLIT3 (6586),0.0,0.0,False
GDF3 (9573),0.0,0.0,False
GAST (2520),0.0,0.0,False
SRPK3 (26576),-0.0,0.0,False
PCDH9 (5101),-0.0,0.0,False
OLIG1 (116448),-0.0,0.0,False
CMSS1 (84319),0.0,0.0,False
IRAK1 (3654),-0.0,0.0,False
DGAT2L6 (347516),0.0,0.0,False
SNRNP35 (11066),-0.0,0.0,False
PGP (283871),0.0,0.0,False
GOLGA6L4 (643707),0.0,0.0,False
TSPYL2 (64061),0.0,0.0,False
PPP1R2 (5504),-0.0,0.0,False
GPR173 (54328),0.0,0.0,False
KCNJ12 (3768),0.0,0.0,False
UBE2F (140739),0.0,0.0,False
SCFD2 (152579),0.0,0.0,False
OR1D2 (4991),-0.0,0.0,False
ACOT1 (641371),-0.0,0.0,False
OAF (220323),-0.0,0.0,False
ALDH1A3 (220),-0.0,0.0,False
SIX6 (4990),-0.0,0.0,False
S100A7A (338324),-0.0,0.0,False
OR51J1 (79470),-0.0,0.0,False
MROH7 (374977),0.0,0.0,False
ZDHHC23 (254887),-0.0,0.0,False
CCSER1 (401145),0.0,0.0,False
PRKD1 (5587),0.0,0.0,False
TACSTD2 (4070),-0.0,0.0,False
H2AC20 (8338),-0.0,0.0,False
TSSC4 (10078),0.0,0.0,False
TM2D3 (80213),0.0,0.0,False
DEFB108B (245911),-0.0,0.0,False
POU6F1 (5463),0.0,0.0,False
H2AC21 (317772),-0.0,0.0,False
KCNK12 (56660),0.0,0.0,False
PROS1 (5627),0.0,0.0,False
NUTM1 (256646),-0.0,0.0,False
PTRHD1 (391356),-0.0,0.0,False
SERINC4 (619189),0.0,0.0,False
PRR16 (51334),-0.0,0.0,False
APOO (79135),0.0,0.0,False
ZBTB7C (201501),0.0,0.0,False
PRR23B (389151),0.0,0.0,False
TRARG1 (286753),0.0,0.0,False
OSBP2 (23762),0.0,0.0,False
SATL1 (340562),0.0,0.0,False
UBE2G2 (7327),0.0,0.0,False
DYNLT2 (6991),0.0,0.0,False
SMIM10 (644538),0.0,0.0,False
ATL3 (25923),0.0,0.0,False
DDX53 (168400),0.0,0.0,False
FAM110C (642273),-0.0,0.0,False
APOBR (55911),0.0,0.0,False
KRTAP6-1 (337966),0.0,0.0,False
TMED9 (54732),0.0,0.0,False
DRD1 (1812),-0.0,0.0,False
TMEM186 (25880),0.0,0.0,False
IMMP2L (83943),-0.0,0.0,False
NUTM2A (728118),0.0,0.0,False
FMNL1 (752),0.0,0.0,False
JAG2 (3714),-0.0,0.0,False
DMRTC1B (728656),-0.0,0.0,False
CLCNKB (1188),0.0,0.0,False
TCEAL2 (140597),0.0,0.0,False
SUMO3 (6612),0.0,0.0,False
SDR42E1 (93517),-0.0,0.0,False
RBM43 (375287),-0.0,0.0,False
H1-10 (8971),-0.0,0.0,False
SRY (6736),0.0,0.0,False
BTBD6 (90135),0.0,0.0,False
ARMCX2 (9823),-0.0,0.0,False
RBM33 (155435),0.0,0.0,False
RNLS (55328),0.0,0.0,False
LRRC26 (389816),0.0,0.0,False
HDDC3 (374659),-0.0,0.0,False
EIF4ENIF1 (56478),-0.0,0.0,False
C14orf180 (400258),0.0,0.0,False
TAFA3 (284467),-0.0,0.0,False
PDE4B (5142),-0.0,0.0,False
STING1 (340061),-0.0,0.0,False
XPOT (11260),0.0,0.0,False
LPAR5 (57121),-0.0,0.0,False
PIWIL3 (440822),0.0,0.0,False
SLITRK6 (84189),-0.0,0.0,False
SPEM2 (201243),-0.0,0.0,False
SOCS3 (9021),-0.0,0.0,False
DUSP8 (1850),0.0,0.0,False
DHRS7C (201140),-0.0,0.0,False
CEND1 (51286),0.0,0.0,False
ZFP1 (162239),-0.0,0.0,False
BEX5 (340542),0.0,0.0,False
SNN (8303),0.0,0.0,False
KCNH7 (90134),0.0,0.0,False
SPDYE12 (100101268),-0.0,0.0,False
RALYL (138046),0.0,0.0,False
SEPTIN5 (5413),0.0,0.0,False
OR51M1 (390059),0.0,0.0,False
CLDN6 (9074),0.0,0.0,False
H2BC21 (8349),0.0,0.0,False
ZBTB40 (9923),0.0,0.0,False
AMER1 (139285),0.0,0.0,False
CDCA2 (157313),-0.0,0.0,False
KRBA2 (124751),0.0,0.0,False
FOXD4L4 (349334),-0.0,0.0,False
ODF4 (146852),0.0,0.0,False
PRSS55 (203074),0.0,0.0,False
SEPTIN9 (10801),-0.0,0.0,False
ZNF93 (81931),0.0,0.0,False
MED12 (9968),0.0,0.0,False
LMLN (89782),-0.0,0.0,False
P4HB (5034),-0.0,0.0,False
PSMD13 (5719),0.0,0.0,False
DEFB132 (400830),0.0,0.0,False
ARHGAP30 (257106),0.0,0.0,False
OR9Q2 (219957),0.0,0.0,False
CLCNKA (1187),0.0,0.0,False
OR9Q1 (219956),-0.0,0.0,False
TMEM222 (84065),0.0,0.0,False
ZNF396 (252884),-0.0,0.0,False
MYT1L (23040),0.0,0.0,False
INSIG1 (3638),0.0,0.0,False
RGS7BP (401190),0.0,0.0,False
KLK12 (43849),0.0,0.0,False
PCLO (27445),-0.0,0.0,False
AKAP14 (158798),0.0,0.0,False
BTN3A2 (11118),-0.0,0.0,False
GNG2 (54331),-0.0,0.0,False
RPS23 (6228),-0.0,0.0,False
SEPTIN10 (151011),0.0,0.0,False
FAM86B1 (85002),-0.0,0.0,False
CYP4F8 (11283),0.0,0.0,False
DEFB106A (245909),0.0,0.0,False
FSD2 (123722),-0.0,0.0,False
KATNA1 (11104),0.0,0.0,False
HPDL (84842),-0.0,0.0,False
DEFB105B (504180),0.0,0.0,False
UBE2H (7328),0.0,0.0,False
SPATC1 (375686),0.0,0.0,False
SMIM29 (221491),-0.0,0.0,False
CYP4F3 (4051),0.0,0.0,False
NF2 (4771),0.0,0.0,False
DEFB107A (245910),-0.0,0.0,False
CEACAM19 (56971),-0.0,0.0,False
GPATCH8 (23131),-0.0,0.0,False
FOXD2 (2306),-0.0,0.0,False
SMYD4 (114826),0.0,0.0,False
NAP1L2 (4674),0.0,0.0,False
FAM228A (653140),0.0,0.0,False
KIF24 (347240),-0.0,0.0,False
TMPRSS12 (283471),-0.0,0.0,False
NUDT17 (200035),-0.0,0.0,False
ANKRD37 (353322),0.0,0.0,False
RXRA (6256),-0.0,0.0,False
THBS2 (7058),-0.0,0.0,False
SLC36A2 (153201),0.0,0.0,False
SLC36A3 (285641),0.0,0.0,False
TMEM212 (389177),-0.0,0.0,False
RGS9BP (388531),0.0,0.0,False
BACE1 (23621),0.0,0.0,False
PRELID2 (153768),-0.0,0.0,False
NAP1L3 (4675),0.0,0.0,False
OR10T2 (128360),0.0,0.0,False
ZNF555 (148254),-0.0,0.0,False
PPP1CC (5501),-0.0,0.0,False
GABRA5 (2558),-0.0,0.0,False
MINAR2 (100127206),0.0,0.0,False
ZNF75D (7626),0.0,0.0,False
CYP4X1 (260293),-0.0,0.0,False
KPNA4 (3840),0.0,0.0,False
SPATA12 (353324),-0.0,0.0,False
ZNF197 (10168),0.0,0.0,False
ZNF501 (115560),0.0,0.0,False
KRT3 (3850),-0.0,0.0,False
OR6P1 (128366),0.0,0.0,False
TRDN (10345),0.0,0.0,False
FCAR (2204),0.0,0.0,False
KRT26 (353288),-0.0,0.0,False
GLDN (342035),-0.0,0.0,False
NKRF (55922),-0.0,0.0,False
CCDC30 (728621),0.0,0.0,False
CD300E (342510),-0.0,0.0,False
GOLGA8R (101059918),0.0,0.0,False
KRT10 (3858),-0.0,0.0,False
ARAP1 (116985),0.0,0.0,False
PDE2A (5138),-0.0,0.0,False
TOR3A (64222),-0.0,0.0,False
TRABD2A (129293),0.0,0.0,False
ZNF395 (55893),-0.0,0.0,False
P2RY4 (5030),-0.0,0.0,False
SERPINA11 (256394),0.0,0.0,False
ZDHHC17 (23390),-0.0,0.0,False
RTN4RL2 (349667),-0.0,0.0,False
C1QL4 (338761),0.0,0.0,False
FGF3 (2248),0.0,0.0,False
TNFRSF18 (8784),-0.0,0.0,False
TMEM17 (200728),-0.0,0.0,False
OR13F1 (138805),0.0,0.0,False
ERCC6L (54821),0.0,0.0,False
MAPT (4137),0.0,0.0,False
QRFPR (84109),0.0,0.0,False
POFUT2 (23275),0.0,0.0,False
PDZD7 (79955),-0.0,0.0,False
ZACN (353174),0.0,0.0,False
KRTAP22-1 (337979),-0.0,0.0,False
KRTAP19-6 (337973),-0.0,0.0,False
CFAP144 (440585),0.0,0.0,False
KRTAP21-1 (337977),-0.0,0.0,False
ACTL7A (10881),-0.0,0.0,False
KANK3 (256949),0.0,0.0,False
KRTAP23-1 (337963),0.0,0.0,False
KRTAP19-5 (337972),0.0,0.0,False
EFCAB6 (64800),0.0,0.0,False
KRTAP13-4 (284827),0.0,0.0,False
KRTAP6-2 (337967),-0.0,0.0,False
KRTAP15-1 (254950),-0.0,0.0,False
KRTAP19-4 (337971),-0.0,0.0,False
KRTAP19-2 (337969),0.0,0.0,False
TMEM232 (642987),0.0,0.0,False
PPARA (5465),0.0,0.0,False
OR13C8 (138802),0.0,0.0,False
KRTAP17-1 (83902),0.0,0.0,False
KRT14 (3861),-0.0,0.0,False
SPDYE17 (102723849),0.0,0.0,False
LCE1A (353131),-0.0,0.0,False
FSCN2 (25794),0.0,0.0,False
MPPED1 (758),0.0,0.0,False
OR10H1 (26539),-0.0,0.0,False
BCR (613),-0.0,0.0,False
CCDC73 (493860),-0.0,0.0,False
CFAP73 (387885),-0.0,0.0,False
LYRM7 (90624),0.0,0.0,False
CYP27C1 (339761),-0.0,0.0,False
MAGEE2 (139599),-0.0,0.0,False
BCDIN3D (144233),0.0,0.0,False
C17orf58 (284018),0.0,0.0,False
ZFP91 (80829),0.0,0.0,False
PRR5 (55615),0.0,0.0,False
PRG2 (5553),0.0,0.0,False
CARMIL3 (90668),-0.0,0.0,False
FOXI2 (399823),0.0,0.0,False
SPIN4 (139886),-0.0,0.0,False
ZNF732 (654254),0.0,0.0,False
ZSCAN30 (100101467),0.0,0.0,False
SELENOV (348303),0.0,0.0,False
HEXIM1 (10614),-0.0,0.0,False
KRT16 (3868),-0.0,0.0,False
TNFRSF4 (7293),-0.0,0.0,False
LILRB4 (11006),0.0,0.0,False
TPCN1 (53373),0.0,0.0,False
ZNF397 (84307),0.0,0.0,False
SPATA31D3 (389762),0.0,0.0,False
CXCR3 (2833),-0.0,0.0,False
VSIG10L (147645),-0.0,0.0,False
IFNA10 (3446),0.0,0.0,False
KCNK18 (338567),-0.0,0.0,False
HYAL3 (8372),0.0,0.0,False
FOXE3 (2301),0.0,0.0,False
PABPC1L2A (340529),-0.0,0.0,False
GPAT2 (150763),-0.0,0.0,False
PBX1 (5087),-0.0,0.0,False
PIGP (51227),0.0,0.0,False
THNSL1 (79896),-0.0,0.0,False
TMPRSS11B (132724),0.0,0.0,False
ZNF829 (374899),0.0,0.0,False
NPIPB4 (440345),-0.0,0.0,False
TMEM210 (100505993),0.0,0.0,False
EVI2B (2124),0.0,0.0,False
CCDC190 (339512),0.0,0.0,False
DNAH14 (127602),0.0,0.0,False
GNB1L (54584),-0.0,0.0,False
ARL17A (51326),0.0,0.0,False
BCAP31 (10134),-0.0,0.0,False
NPAP1 (23742),0.0,0.0,False
OR6C76 (390326),0.0,0.0,False
NAT8L (339983),-0.0,0.0,False
PCYT2 (5833),-0.0,0.0,False
TRIM69 (140691),0.0,0.0,False
ATP6V0C (527),0.0,0.0,False
IFITM1 (8519),0.0,0.0,False
KLHL34 (257240),-0.0,0.0,False
KRTAP5-5 (439915),0.0,0.0,False
CALHM1 (255022),0.0,0.0,False
OR4C46 (119749),-0.0,0.0,False
RTN4RL1 (146760),0.0,0.0,False
PTCH1 (5727),0.0,0.0,False
SETD4 (54093),0.0,0.0,False
KLHDC8B (200942),-0.0,0.0,False
PRSS38 (339501),-0.0,0.0,False
C16orf54 (283897),-0.0,0.0,False
POMK (84197),0.0,0.0,False
TAS2R60 (338398),0.0,0.0,False
FFAR3 (2865),-0.0,0.0,False
LAMP1 (3916),-0.0,0.0,False
BPY2C (442868),-0.0,0.0,False
IKZF1 (10320),0.0,0.0,False
SLC52A2 (79581),-0.0,0.0,False
RNPC3 (55599),-0.0,0.0,False
DMWD (1762),0.0,0.0,False
MOSMO (730094),-0.0,0.0,False
MYBL1 (4603),0.0,0.0,False
PRAME (23532),-0.0,0.0,False
LYG2 (254773),0.0,0.0,False
ZBTB3 (79842),0.0,0.0,False
SNAI3 (333929),-0.0,0.0,False
POU3F1 (5453),0.0,0.0,False
SYN3 (8224),-0.0,0.0,False
PMEL (6490),-0.0,0.0,False
NTF3 (4908),0.0,0.0,False
UBE2L3 (7332),-0.0,0.0,False
ZFP36L1 (677),-0.0,0.0,False
KRT79 (338785),-0.0,0.0,False
SHC4 (399694),-0.0,0.0,False
NDUFA4L2 (56901),0.0,0.0,False
DRG1 (4733),0.0,0.0,False
ANKFY1 (51479),0.0,0.0,False
YTHDF3 (253943),0.0,0.0,False
KCNQ5 (56479),-0.0,0.0,False
WDR53 (348793),-0.0,0.0,False
NLRP9 (338321),-0.0,0.0,False
MORF4L1 (10933),0.0,0.0,False
SPATA31A6 (389730),0.0,0.0,False
KCNIP4 (80333),0.0,0.0,False
ADAMTSL5 (339366),-0.0,0.0,False
CLDN24 (100132463),-0.0,0.0,False
ZNF696 (79943),-0.0,0.0,False
CXorf38 (159013),0.0,0.0,False
IFIT1 (3434),-0.0,0.0,False
C11orf87 (399947),0.0,0.0,False
SRL (6345),-0.0,0.0,False
NRG3 (10718),-0.0,0.0,False
ADARB2 (105),-0.0,0.0,False
NKAIN3 (286183),0.0,0.0,False
ZNF267 (10308),-0.0,0.0,False
KDM4D (55693),-0.0,0.0,False
ANKRD46 (157567),0.0,0.0,False
BCL9L (283149),-0.0,0.0,False
CENATAC (338657),0.0,0.0,False
CYP4Z1 (199974),0.0,0.0,False
WWOX (51741),0.0,0.0,False
UBL4B (164153),0.0,0.0,False
DEFB131A (644414),-0.0,0.0,False
PRR30 (339779),0.0,0.0,False
POLR3C (10623),0.0,0.0,False
TAS2R42 (353164),-0.0,0.0,False
C2orf76 (130355),0.0,0.0,False
ZBTB6 (10773),0.0,0.0,False
OR5D18 (219438),-0.0,0.0,False
TEX38 (374973),0.0,0.0,False
CYP4F2 (8529),-0.0,0.0,False
OR5D14 (219436),-0.0,0.0,False
POLR1D (51082),-0.0,0.0,False
KIF18B (146909),0.0,0.0,False
ZNRF1 (84937),0.0,0.0,False
BLOC1S4 (55330),-0.0,0.0,False
ZNF17 (7565),0.0,0.0,False
BTLA (151888),0.0,0.0,False
MRTFB (57496),0.0,0.0,False
KLHL32 (114792),0.0,0.0,False
ZNF749 (388567),-0.0,0.0,False
LCE1E (353135),-0.0,0.0,False
SOWAHB (345079),0.0,0.0,False
FFAR4 (338557),-0.0,0.0,False
MTARC1 (64757),-0.0,0.0,False
CYP4F12 (66002),-0.0,0.0,False
EDARADD (128178),-0.0,0.0,False
SAPCD2 (89958),-0.0,0.0,False
BPIFB4 (149954),-0.0,0.0,False
BPIFB3 (359710),0.0,0.0,False
PIP5K1C (23396),0.0,0.0,False
LRRC70 (100130733),0.0,0.0,False
IRS2 (8660),-0.0,0.0,False
CYP2R1 (120227),0.0,0.0,False
LEMD1 (93273),-0.0,0.0,False
LRCH3 (84859),-0.0,0.0,False
RASA3 (22821),-0.0,0.0,False
PLK5 (126520),0.0,0.0,False
SLITRK2 (84631),0.0,0.0,False
DEFB128 (245939),0.0,0.0,False
GRK1 (6011),0.0,0.0,False
TMLHE (55217),-0.0,0.0,False
CCIN (881),0.0,0.0,False
LCE3E (353145),-0.0,0.0,False
BICD2 (23299),-0.0,0.0,False
LCE3A (353142),0.0,0.0,False
SHOX (6473),0.0,0.0,False
FAM186A (121006),-0.0,0.0,False
SPACDR (402573),-0.0,0.0,False
ATP4B (496),0.0,0.0,False
NDUFA13 (51079),0.0,0.0,False
ZNF566 (84924),0.0,0.0,False
ZPBP2 (124626),0.0,0.0,False
ARGFX (503582),0.0,0.0,False
AGBL4 (84871),0.0,0.0,False
OR4F5 (79501),0.0,0.0,False
GSAP (54103),-0.0,0.0,False
NBPF6 (653149),-0.0,0.0,False
KRT5 (3852),-0.0,0.0,False
CD300LF (146722),0.0,0.0,False
ZNF529 (57711),0.0,0.0,False
CDIN1 (84529),-0.0,0.0,False
AIDA (64853),0.0,0.0,False
KRT73 (319101),-0.0,0.0,False
DLEU7 (220107),0.0,0.0,False
HTR3E (285242),-0.0,0.0,False
ZNF284 (342909),-0.0,0.0,False
CRELD2 (79174),-0.0,0.0,False
ADRA2C (152),0.0,0.0,False
EPS8L3 (79574),-0.0,0.0,False
ASB18 (401036),0.0,0.0,False
TSEN54 (283989),0.0,0.0,False
MRGPRG (386746),0.0,0.0,False
UNC5C (8633),-0.0,0.0,False
P2RY8 (286530),0.0,0.0,False
CREB3L2 (64764),0.0,0.0,False
ENPP7 (339221),0.0,0.0,False
MRPL41 (64975),-0.0,0.0,False
ERCC6L2 (375748),0.0,0.0,False
IST1 (9798),-0.0,0.0,False
ZNF708 (7562),0.0,0.0,False
TDRKH (11022),0.0,0.0,False
KCNIP1 (30820),0.0,0.0,False
FAM89A (375061),-0.0,0.0,False
NOP10 (55505),-0.0,0.0,False
ZNF716 (441234),0.0,0.0,False
RGMA (56963),-0.0,0.0,False
UBA7 (7318),-0.0,0.0,False
KCNQ3 (3786),0.0,0.0,False
MRPS16 (51021),-0.0,0.0,False
SYNM (23336),-0.0,0.0,False
UBE2E2 (7325),0.0,0.0,False
BACE2 (25825),-0.0,0.0,False
FAM153B (202134),0.0,0.0,False
CYB5D1 (124637),0.0,0.0,False
ZAR1 (326340),-0.0,0.0,False
ATP6AP2 (10159),0.0,0.0,False
HHIPL1 (84439),0.0,0.0,False
MOB2 (81532),0.0,0.0,False
SHMT2 (6472),0.0,0.0,False
EXT1 (2131),0.0,0.0,False
ARL6IP4 (51329),-0.0,0.0,False
CRYGB (1419),0.0,0.0,False
RAD51B (5890),-0.0,0.0,False
SHISAL2A (348378),0.0,0.0,False
DEXI (28955),0.0,0.0,False
TMEM30B (161291),-0.0,0.0,False
FAM181B (220382),0.0,0.0,False
TNRC18 (84629),-0.0,0.0,False
OR4A16 (81327),0.0,0.0,False
OR4A15 (81328),-0.0,0.0,False
OR4C15 (81309),0.0,0.0,False
GINS3 (64785),-0.0,0.0,False
PRKAG1 (5571),0.0,0.0,False
OR4P4 (81300),-0.0,0.0,False
COA4 (51287),0.0,0.0,False
ADO (84890),0.0,0.0,False
C5orf24 (134553),0.0,0.0,False
OR4C6 (219432),0.0,0.0,False
ZNF101 (94039),0.0,0.0,False
ZNF329 (79673),-0.0,0.0,False
CLDN7 (1366),0.0,0.0,False
IBA57 (200205),-0.0,0.0,False
FTMT (94033),-0.0,0.0,False
OR52K2 (119774),0.0,0.0,False
NEUROG1 (4762),0.0,0.0,False
CCDC149 (91050),0.0,0.0,False
TRIM49B (283116),-0.0,0.0,False
GET1 (7485),0.0,0.0,False
TMEM259 (91304),-0.0,0.0,False
OR6B2 (389090),0.0,0.0,False
PTCHD3 (374308),-0.0,0.0,False
OR52A1 (23538),-0.0,0.0,False
IDH2 (3418),0.0,0.0,False
MGAT4C (25834),0.0,0.0,False
MRPS11 (64963),-0.0,0.0,False
USH1G (124590),0.0,0.0,False
ADIG (149685),-0.0,0.0,False
CHST15 (51363),0.0,0.0,False
PNMA8A (55228),-0.0,0.0,False
RTKN2 (219790),0.0,0.0,False
SNRPE (6635),0.0,0.0,False
KCNA4 (3739),0.0,0.0,False
GABRG3 (2567),-0.0,0.0,False
NLRP10 (338322),0.0,0.0,False
OR2B8 (65944),-0.0,0.0,False
RWDD4 (201965),0.0,0.0,False
ADI1 (55256),0.0,0.0,False
RNASE10 (338879),0.0,0.0,False
MFSD5 (84975),-0.0,0.0,False
LIMK2 (3985),-0.0,0.0,False
MXRA7 (439921),0.0,0.0,False
CAV3 (859),-0.0,0.0,False
TBPL2 (387332),0.0,0.0,False
VCF2 (90736),0.0,0.0,False
GLRX5 (51218),-0.0,0.0,False
FES (2242),-0.0,0.0,False
LHFPL1 (340596),0.0,0.0,False
CEP97 (79598),0.0,0.0,False
BGN (633),0.0,0.0,False
XKRX (402415),0.0,0.0,False
SPNS3 (201305),-0.0,0.0,False
CLEC4G (339390),-0.0,0.0,False
SATB1 (6304),-0.0,0.0,False
TRAK1 (22906),0.0,0.0,False
OR10G7 (390265),-0.0,0.0,False
RXFP3 (51289),0.0,0.0,False
SKA2 (348235),-0.0,0.0,False
PLCB1 (23236),0.0,0.0,False
OR2V2 (285659),0.0,0.0,False
TSPAN10 (83882),-0.0,0.0,False
HS3ST4 (9951),0.0,0.0,False
NXPH3 (11248),0.0,0.0,False
SNORC (389084),-0.0,0.0,False
KRTAP11-1 (337880),-0.0,0.0,False
EPGN (255324),0.0,0.0,False
VCX (26609),0.0,0.0,False
EPHB3 (2049),0.0,0.0,False
CSF1R (1436),0.0,0.0,False
KPNA2 (3838),-0.0,0.0,False
EXOC7 (23265),0.0,0.0,False
FIGN (55137),0.0,0.0,False
CAPN12 (147968),-0.0,0.0,False
PRAMEF8 (391002),-0.0,0.0,False
KIAA2012 (100652824),0.0,0.0,False
GLTPD2 (388323),-0.0,0.0,False
C1S (716),0.0,0.0,False
FBXL6 (26233),-0.0,0.0,False
KCNJ14 (3770),-0.0,0.0,False
ZSCAN22 (342945),-0.0,0.0,False
MBD3L3 (653657),-0.0,0.0,False
SPACA6 (147650),-0.0,0.0,False
DCAF4L1 (285429),-0.0,0.0,False
C8orf33 (65265),0.0,0.0,False
AP1S2 (8905),0.0,0.0,False
B4GALNT4 (338707),0.0,0.0,False
TMIGD1 (388364),0.0,0.0,False
IZUMO1 (284359),-0.0,0.0,False
LIPF (8513),0.0,0.0,False
OR5P3 (120066),0.0,0.0,False
DAOA (267012),-0.0,0.0,False
PGBD4 (161779),0.0,0.0,False
TSHZ2 (128553),-0.0,0.0,False
TEX19 (400629),0.0,0.0,False
KCNK4 (50801),0.0,0.0,False
OTOL1 (131149),-0.0,0.0,False
NPLOC4 (55666),-0.0,0.0,False
CDY2A (9426),-0.0,0.0,False
TRAPPC6B (122553),-0.0,0.0,False
ZNF804B (219578),0.0,0.0,False
CACNB4 (785),0.0,0.0,False
NXPH4 (11247),0.0,0.0,False
PLCXD1 (55344),0.0,0.0,False
CLN8 (2055),0.0,0.0,False
YBEY (54059),-0.0,0.0,False
KBTBD3 (143879),-0.0,0.0,False
SLC2A4 (6517),0.0,0.0,False
RNF41 (10193),0.0,0.0,False
TIGIT (201633),-0.0,0.0,False
OR52N5 (390075),0.0,0.0,False
MAPK15 (225689),0.0,0.0,False
OR52N4 (390072),0.0,0.0,False
CHRM2 (1129),-0.0,0.0,False
HIGD1A (25994),-0.0,0.0,False
SLC26A11 (284129),0.0,0.0,False
METTL23 (124512),0.0,0.0,False
FCRL6 (343413),-0.0,0.0,False
SLC25A42 (284439),0.0,0.0,False
RPH3AL (9501),-0.0,0.0,False
TRAPPC5 (126003),0.0,0.0,False
FKRP (79147),-0.0,0.0,False
AEN (64782),-0.0,0.0,False
OR56B1 (387748),0.0,0.0,False
NQO1 (1728),-0.0,0.0,False
OR56B2 (390073),0.0,0.0,False
EHMT1 (79813),0.0,0.0,False
ADIPOQ (9370),0.0,0.0,False
F2R (2149),-0.0,0.0,False
ZNF746 (155061),0.0,0.0,False
TMEM102 (284114),-0.0,0.0,False
FRAT2 (23401),0.0,0.0,False
TLCD5 (219902),0.0,0.0,False
SLC25A41 (284427),-0.0,0.0,False
TMEM132C (92293),-0.0,0.0,False
POLR2A (5430),0.0,0.0,False
H2AC25 (92815),0.0,0.0,False
ZNF707 (286075),-0.0,0.0,False
C4orf50 (389197),0.0,0.0,False
PENK (5179),0.0,0.0,False
DHTKD1 (55526),-0.0,0.0,False
PJA1 (64219),-0.0,0.0,False
NPM1 (4869),-0.0,0.0,False
MUC16 (94025),-0.0,0.0,False
LSMEM1 (286006),0.0,0.0,False
ZFP82 (284406),0.0,0.0,False
ZNF322 (79692),0.0,0.0,False
BBS12 (166379),-0.0,0.0,False
SCRIB (23513),0.0,0.0,False
CUEDC1 (404093),0.0,0.0,False
CAPS2 (84698),-0.0,0.0,False
SSR4 (6748),0.0,0.0,False
C11orf42 (160298),-0.0,0.0,False
GREM2 (64388),0.0,0.0,False
DEFB112 (245915),0.0,0.0,False
CXCR2 (3579),0.0,0.0,False
ZNF443 (10224),0.0,0.0,False
MAP6D1 (79929),0.0,0.0,False
BHLHE22 (27319),0.0,0.0,False
PSMG4 (389362),0.0,0.0,False
HOXC10 (3226),0.0,0.0,False
PPA1 (5464),-0.0,0.0,False
MAP3K15 (389840),0.0,0.0,False
KCTD2 (23510),0.0,0.0,False
D2HGDH (728294),0.0,0.0,False
OXTR (5021),0.0,0.0,False
OR52E4 (390081),0.0,0.0,False
OR52N1 (79473),0.0,0.0,False
C1orf105 (92346),0.0,0.0,False
GPR137C (283554),0.0,0.0,False
MRPL14 (64928),0.0,0.0,False
OR52N2 (390077),-0.0,0.0,False
LRRC57 (255252),0.0,0.0,False
TCEAL8 (90843),-0.0,0.0,False
CMTR2 (55783),-0.0,0.0,False
PITPNB (23760),-0.0,0.0,False
ZNF572 (137209),0.0,0.0,False
OR56A1 (120796),-0.0,0.0,False
GPR62 (118442),-0.0,0.0,False
FAM83H (286077),0.0,0.0,False
OR56B4 (196335),0.0,0.0,False
TMEM132E (124842),0.0,0.0,False
NME9 (347736),0.0,0.0,False
SLC35C1 (55343),-0.0,0.0,False
SLX1B (79008),-0.0,0.0,False
DIPK2A (205428),0.0,0.0,False
OR2Z1 (284383),0.0,0.0,False
ZBTB20 (26137),0.0,0.0,False
OR5T2 (219464),-0.0,0.0,False
YIPF6 (286451),0.0,0.0,False
OR5T1 (390155),-0.0,0.0,False
OR8H1 (219469),-0.0,0.0,False
PLAG1 (5324),-0.0,0.0,False
ZNF875 (284459),0.0,0.0,False
GPR88 (54112),0.0,0.0,False
ATG9B (285973),-0.0,0.0,False
PHLDA2 (7262),-0.0,0.0,False
ZFP41 (286128),0.0,0.0,False
TNFSF15 (9966),-0.0,0.0,False
P2RY13 (53829),0.0,0.0,False
MACIR (90355),0.0,0.0,False
OR8K5 (219453),-0.0,0.0,False
AMIGO1 (57463),0.0,0.0,False
COPG1 (22820),0.0,0.0,False
RFX7 (64864),0.0,0.0,False
RELL1 (768211),-0.0,0.0,False
LSM10 (84967),0.0,0.0,False
SLC9A9 (285195),0.0,0.0,False
OR6S1 (341799),-0.0,0.0,False
ADGRB1 (575),-0.0,0.0,False
SIAH2 (6478),0.0,0.0,False
OR8H3 (390152),-0.0,0.0,False
ACTL9 (284382),-0.0,0.0,False
OR5AS1 (219447),-0.0,0.0,False
CIMAP1D (284451),0.0,0.0,False
TMEM252 (169693),0.0,0.0,False
GPR3 (2827),-0.0,0.0,False
OR8H2 (390151),-0.0,0.0,False
ANKRD62 (342850),-0.0,0.0,False
GPR135 (64582),0.0,0.0,False
SPEM1 (374768),-0.0,0.0,False
FDCSP (260436),0.0,0.0,False
SOX2 (6657),0.0,0.0,False
ZNF467 (168544),0.0,0.0,False
SAGE1 (55511),-0.0,0.0,False
DDN (23109),-0.0,0.0,False
AATK (9625),-0.0,0.0,False
UTS2R (2837),0.0,0.0,False
WASHC1 (100287171),0.0,0.0,False
OGFOD3 (79701),-0.0,0.0,False
SYNE4 (163183),0.0,0.0,False
DDX60L (91351),-0.0,0.0,False
CFAP65 (255101),0.0,0.0,False
CCL13 (6357),0.0,0.0,False
OR5M8 (219484),-0.0,0.0,False
LRRC75A (388341),0.0,0.0,False
HEPHL1 (341208),-0.0,0.0,False
ZNF678 (339500),-0.0,0.0,False
TMEM45A (55076),0.0,0.0,False
RAP2B (5912),-0.0,0.0,False
EDDM3B (64184),0.0,0.0,False
OR52H1 (390067),0.0,0.0,False
HYCC2 (285172),-0.0,0.0,False
OR52D1 (390066),-0.0,0.0,False
MEX3D (399664),-0.0,0.0,False
EDDM3A (10876),-0.0,0.0,False
SETD2 (29072),0.0,0.0,False
FANCB (2187),-0.0,0.0,False
ZBTB2 (57621),0.0,0.0,False
MAB21L2 (10586),-0.0,0.0,False
SGSH (6448),0.0,0.0,False
OR8D4 (338662),-0.0,0.0,False
ACBD4 (79777),-0.0,0.0,False
OR6T1 (219874),0.0,0.0,False
RNF135 (84282),0.0,0.0,False
NDN (4692),-0.0,0.0,False
CCDC172 (374355),0.0,0.0,False
OR4Q3 (441669),-0.0,0.0,False
GOLGA8G (283768),0.0,0.0,False
RFLNB (359845),-0.0,0.0,False
ALYREF (10189),-0.0,0.0,False
BMP8A (353500),0.0,0.0,False
CMKLR2 (2825),0.0,0.0,False
PSG9 (5678),0.0,0.0,False
TRMT12 (55039),-0.0,0.0,False
TAFA1 (407738),0.0,0.0,False
KLHL25 (64410),0.0,0.0,False
MARCHF11 (441061),-0.0,0.0,False
NDUFB1 (4707),0.0,0.0,False
ZNF530 (348327),0.0,0.0,False
HOATZ (399949),-0.0,0.0,False
KRTAP8-1 (337879),-0.0,0.0,False
RP1L1 (94137),-0.0,0.0,False
TP53TG3 (24150),0.0,0.0,False
EFHC2 (80258),0.0,0.0,False
NOG (9241),0.0,0.0,False
MRGPRX2 (117194),0.0,0.0,False
FIGLA (344018),0.0,0.0,False
TBL3 (10607),0.0,0.0,False
ACSM2A (123876),0.0,0.0,False
MACC1 (346389),0.0,0.0,False
CBX6 (23466),-0.0,0.0,False
TBK1 (29110),-0.0,0.0,False
ASCL2 (430),-0.0,0.0,False
TMEM50A (23585),-0.0,0.0,False
UPP1 (7378),-0.0,0.0,False
CMTM4 (146223),0.0,0.0,False
LHFPL6 (10186),0.0,0.0,False
TRIM52 (84851),0.0,0.0,False
OPCML (4978),0.0,0.0,False
IFNL2 (282616),-0.0,0.0,False
OR4N4 (283694),0.0,0.0,False
PRR32 (100130613),-0.0,0.0,False
DGCR6 (8214),-0.0,0.0,False
ACP7 (390928),-0.0,0.0,False
CCR3 (1232),-0.0,0.0,False
KLRC4 (8302),-0.0,0.0,False
PRR14L (253143),-0.0,0.0,False
PSMG1 (8624),0.0,0.0,False
UTP11 (51118),0.0,0.0,False
COA5 (493753),0.0,0.0,False
TENT5C (54855),-0.0,0.0,False
MEX3B (84206),0.0,0.0,False
EP400 (57634),0.0,0.0,False
MX2 (4600),-0.0,0.0,False
GPR132 (29933),-0.0,0.0,False
TREX2 (11219),-0.0,0.0,False
SH2D7 (646892),-0.0,0.0,False
ASB7 (140460),-0.0,0.0,False
GTF2H2C (728340),-0.0,0.0,False
URAD (646625),0.0,0.0,False
ACSM5 (54988),-0.0,0.0,False
C10orf120 (399814),-0.0,0.0,False
IZUMO1R (390243),-0.0,0.0,False
H3C13 (653604),0.0,0.0,False
HMCES (56941),0.0,0.0,False
ZNF438 (220929),0.0,0.0,False
MRPL54 (116541),-0.0,0.0,False
FAM167B (84734),-0.0,0.0,False
GKN2 (200504),0.0,0.0,False
SFXN4 (119559),-0.0,0.0,False
TANGO2 (128989),-0.0,0.0,False
SERHL2 (253190),0.0,0.0,False
FBXL7 (23194),-0.0,0.0,False
ZNRF3 (84133),0.0,0.0,False
TNFAIP8L3 (388121),0.0,0.0,False
SETD3 (84193),0.0,0.0,False
PGPEP1L (145814),-0.0,0.0,False
PCBP3 (54039),0.0,0.0,False
BPY2 (9083),-0.0,0.0,False
KREMEN1 (83999),0.0,0.0,False
TRIM61 (391712),-0.0,0.0,False
LRRC55 (219527),0.0,0.0,False
DENND5A (23258),0.0,0.0,False
TMPRSS2 (7113),-0.0,0.0,False
ACTG1 (71),-0.0,0.0,False
PTP4A2 (8073),-0.0,0.0,False
ST6GALNAC3 (256435),-0.0,0.0,False
NPB (256933),0.0,0.0,False
COA3 (28958),0.0,0.0,False
PP2D1 (151649),-0.0,0.0,False
NPW (283869),0.0,0.0,False
SMTN (6525),-0.0,0.0,False
KCNH8 (131096),-0.0,0.0,False
KMT5A (387893),-0.0,0.0,False
PRKX (5613),0.0,0.0,False
SDR42E2 (100288072),-0.0,0.0,False
SH2D1A (4068),-0.0,0.0,False
OR2T10 (127069),-0.0,0.0,False
KRTAP20-2 (337976),0.0,0.0,False
CTAG1B (1485),0.0,0.0,False
CLDN5 (7122),0.0,0.0,False
OR10J5 (127385),-0.0,0.0,False
LRRC51 (120356739),-0.0,0.0,False
SPRR4 (163778),-0.0,0.0,False
CNTN2 (6900),0.0,0.0,False
OR4F6 (390648),-0.0,0.0,False
NIPSNAP1 (8508),0.0,0.0,False
EIF3C (8663),-0.0,0.0,False
DIABLO (56616),-0.0,0.0,False
TRIML1 (339976),0.0,0.0,False
FAM120C (54954),0.0,0.0,False
UQCR10 (29796),0.0,0.0,False
ADAP2 (55803),0.0,0.0,False
TBX1 (6899),0.0,0.0,False
VPS33B (26276),-0.0,0.0,False
DNAH2 (146754),-0.0,0.0,False
TTC32 (130502),-0.0,0.0,False
TRAIP (10293),-0.0,0.0,False
NPIPA6 (131675794),0.0,0.0,False
RBM12B (389677),0.0,0.0,False
FAM162B (221303),0.0,0.0,False
OLFML1 (283298),0.0,0.0,False
EMILIN3 (90187),0.0,0.0,False
BPY2B (442867),-0.0,0.0,False
NPIPA5 (100288332),-0.0,0.0,False
TUBA8 (51807),0.0,0.0,False
KCTD8 (386617),-0.0,0.0,False
SLC35F3 (148641),0.0,0.0,False
ZNF703 (80139),0.0,0.0,False
B3GALT5 (10317),-0.0,0.0,False
KCTD16 (57528),0.0,0.0,False
AIFM3 (150209),-0.0,0.0,False
FOXL2 (668),0.0,0.0,False
CHEK2 (11200),-0.0,0.0,False
CCR4 (1233),0.0,0.0,False
LIN9 (286826),-0.0,0.0,False
BTBD9 (114781),0.0,0.0,False
IQGAP3 (128239),-0.0,0.0,False
SRARP (149563),0.0,0.0,False
UTY (7404),-0.0,0.0,False
ARSI (340075),0.0,0.0,False
SCN5A (6331),-0.0,0.0,False
TOB2 (10766),-0.0,0.0,False
CNGA2 (1260),0.0,0.0,False
KIRREL1 (55243),-0.0,0.0,False
NUDT14 (256281),-0.0,0.0,False
ZNF730 (100129543),0.0,0.0,False
FAM3B (54097),-0.0,0.0,False
GPR39 (2863),-0.0,0.0,False
PNMA3 (29944),0.0,0.0,False
CFAP91 (89876),0.0,0.0,False
ANKRD45 (339416),-0.0,0.0,False
GRIN2A (2903),0.0,0.0,False
TFDP3 (51270),0.0,0.0,False
NTM (50863),-0.0,0.0,False
GALNT9 (50614),-0.0,0.0,False
EWSR1 (2130),-0.0,0.0,False
OTOP3 (347741),0.0,0.0,False
WFDC10B (280664),0.0,0.0,False
CEP63 (80254),0.0,0.0,False
C11orf54 (28970),0.0,0.0,False
TCEAL7 (56849),0.0,0.0,False
ZNF721 (170960),-0.0,0.0,False
SLC25A18 (83733),0.0,0.0,False
RGS7 (6000),0.0,0.0,False
RPL35A (6165),0.0,0.0,False
TCHHL1 (126637),0.0,0.0,False
TMEM95 (339168),-0.0,0.0,False
GLUD2 (2747),-0.0,0.0,False
ADGRG3 (222487),-0.0,0.0,False
RBM10 (8241),0.0,0.0,False
HMGN4 (10473),0.0,0.0,False
SPATA13 (221178),-0.0,0.0,False
GJC1 (10052),-0.0,0.0,False
MCEMP1 (199675),0.0,0.0,False
PCP4 (5121),0.0,0.0,False
CYLC1 (1538),-0.0,0.0,False
OTOP2 (92736),0.0,0.0,False
OR1G1 (8390),0.0,0.0,False
SLC8A1 (6546),0.0,0.0,False
AP2A2 (161),0.0,0.0,False
SPNS2 (124976),0.0,0.0,False
SOX1 (6656),0.0,0.0,False
C12orf60 (144608),-0.0,0.0,False
CADM1 (23705),0.0,0.0,False
ZNF662 (389114),-0.0,0.0,False
MTA1 (9112),0.0,0.0,False
OR4M2B (118568804),-0.0,0.0,False
CNOT10 (25904),0.0,0.0,False
COL18A1 (80781),0.0,0.0,False
LCK (3932),-0.0,0.0,False
SLC25A10 (1468),0.0,0.0,False
ALG12 (79087),-0.0,0.0,False
PAPPA (5069),0.0,0.0,False
PAQR7 (164091),-0.0,0.0,False
SLC35D3 (340146),0.0,0.0,False
HOXB4 (3214),-0.0,0.0,False
RGS6 (9628),-0.0,0.0,False
ANXA2 (302),-0.0,0.0,False
CMC4 (100272147),0.0,0.0,False
TSKU (25987),0.0,0.0,False
IGIP (492311),0.0,0.0,False
RESP18 (389075),-0.0,0.0,False
GALR2 (8811),-0.0,0.0,False
BRICD5 (283870),0.0,0.0,False
PPP1R27 (116729),-0.0,0.0,False
KCNB2 (9312),0.0,0.0,False
TTC3 (7267),0.0,0.0,False
MAFA (389692),0.0,0.0,False
NGRN (51335),-0.0,0.0,False
GRID1 (2894),-0.0,0.0,False
DDX28 (55794),-0.0,0.0,False
OR4F15 (390649),0.0,0.0,False
VMO1 (284013),-0.0,0.0,False
PLCXD3 (345557),-0.0,0.0,False
HAPSTR1 (29035),0.0,0.0,False
ACBD3 (64746),0.0,0.0,False
KRTAP13-2 (337959),-0.0,0.0,False
CRIP2 (1397),0.0,0.0,False
RPS17 (6218),-0.0,0.0,False
MAGEB17 (645864),-0.0,0.0,False
C1orf116 (79098),-0.0,0.0,False
GSTA5 (221357),-0.0,0.0,False
CCDC87 (55231),0.0,0.0,False
OR2T29 (343563),-0.0,0.0,False
HCAR2 (338442),-0.0,0.0,False
ABAT (18),0.0,0.0,False
CAMK1D (57118),0.0,0.0,False
SF3A3 (10946),-0.0,0.0,False
DDX41 (51428),-0.0,0.0,False
SPDYE4 (388333),-0.0,0.0,False
EPHA10 (284656),0.0,0.0,False
OR52L1 (338751),0.0,0.0,False
OR2T34 (127068),-0.0,0.0,False
ZNF623 (9831),0.0,0.0,False
TMEM121B (27439),-0.0,0.0,False
MAGEA2B (266740),0.0,0.0,False
FAM9A (171482),-0.0,0.0,False
OR5P2 (120065),0.0,0.0,False
SELENOF (9403),0.0,0.0,False
CCBE1 (147372),0.0,0.0,False
DAZAP2 (9802),-0.0,0.0,False
PLGLB1 (5343),0.0,0.0,False
CCDC60 (160777),0.0,0.0,False
OR52E8 (390079),0.0,0.0,False
CCDC125 (202243),0.0,0.0,False
REC114 (283677),0.0,0.0,False
BOLA2 (552900),0.0,0.0,False
OR56A4 (120793),0.0,0.0,False
NPIPA1 (9284),0.0,0.0,False
LRIT3 (345193),-0.0,0.0,False
RIPK4 (54101),-0.0,0.0,False
CCDC159 (126075),0.0,0.0,False
TEKTIP1 (100128569),-0.0,0.0,False
PMCH (5367),-0.0,0.0,False
FHL3 (2275),0.0,0.0,False
BCOR (54880),0.0,0.0,False
SYNDIG1L (646658),0.0,0.0,False
OVCH2 (341277),-0.0,0.0,False
BRD10 (158358),0.0,0.0,False
GBP6 (163351),-0.0,0.0,False
CABCOCO1 (219621),0.0,0.0,False
JRKL (8690),0.0,0.0,False
ABHD16B (140701),0.0,0.0,False
PTTG1IP (754),0.0,0.0,False
RGPD6 (729540),0.0,0.0,False
OR51B4 (79339),0.0,0.0,False
PTGDR2 (11251),0.0,0.0,False
CALHM3 (119395),-0.0,0.0,False
CSMD1 (64478),0.0,0.0,False
FAM43B (163933),0.0,0.0,False
ARHGEF37 (389337),-0.0,0.0,False
GPC6 (10082),-0.0,0.0,False
BEGAIN (57596),-0.0,0.0,False
NEB (4703),0.0,0.0,False
FREM3 (166752),0.0,0.0,False
GAS6 (2621),0.0,0.0,False
AFMID (125061),0.0,0.0,False
NKX2-5 (1482),0.0,0.0,False
IGSF5 (150084),-0.0,0.0,False
WBP2NL (164684),0.0,0.0,False
LYSMD4 (145748),-0.0,0.0,False
CEP57L1 (285753),0.0,0.0,False
RIPPLY3 (53820),0.0,0.0,False
PRORY (100533178),-0.0,0.0,False
C2CD4C (126567),-0.0,0.0,False
PRR36 (80164),0.0,0.0,False
RIMBP3C (150221),-0.0,0.0,False
GDPGP1 (390637),-0.0,0.0,False
RUVBL2 (10856),-0.0,0.0,False
POTEC (388468),0.0,0.0,False
CHST6 (4166),-0.0,0.0,False
GABRR3 (200959),0.0,0.0,False
GPR19 (2842),-0.0,0.0,False
SMDT1 (91689),-0.0,0.0,False
CALN1 (83698),-0.0,0.0,False
FANCF (2188),-0.0,0.0,False
TMEM119 (338773),0.0,0.0,False
RABIF (5877),-0.0,0.0,False
GJD3 (125111),0.0,0.0,False
RHD (6007),0.0,0.0,False
ESPN (83715),-0.0,0.0,False
PNLIPRP1 (5407),0.0,0.0,False
GTF2E2 (2961),0.0,0.0,False
KANK2 (25959),0.0,0.0,False
TPSB2 (64499),0.0,0.0,False
SERPINA1 (5265),-0.0,0.0,False
SLC2A7 (155184),0.0,0.0,False
OR1J2 (26740),0.0,0.0,False
TBC1D9B (23061),0.0,0.0,False
C1D (10438),-0.0,0.0,False
ENTPD4 (9583),-0.0,0.0,False
ZSCAN5B (342933),-0.0,0.0,False
SLC22A4 (6583),-0.0,0.0,False
CYSRT1 (375791),-0.0,0.0,False
NOL4L (140688),0.0,0.0,False
ADGRA1 (84435),-0.0,0.0,False
MAGEA6 (4105),-0.0,0.0,False
PSMD12 (5718),-0.0,0.0,False
C6orf141 (135398),-0.0,0.0,False
IL27 (246778),0.0,0.0,False
PTRH1 (138428),0.0,0.0,False
GUCA2A (2980),-0.0,0.0,False
UAP1L1 (91373),0.0,0.0,False
LYPD2 (137797),-0.0,0.0,False
MRPL21 (219927),0.0,0.0,False
PELI1 (57162),-0.0,0.0,False
LRP10 (26020),-0.0,0.0,False
TRIM33 (51592),-0.0,0.0,False
SVIL (6840),-0.0,0.0,False
DDI2 (84301),0.0,0.0,False
OR10D3 (26497),0.0,0.0,False
KRBOX5 (124411),0.0,0.0,False
BLM (641),-0.0,0.0,False
FITM2 (128486),0.0,0.0,False
SYNGAP1 (8831),0.0,0.0,False
ZNF165 (7718),-0.0,0.0,False
RAD54B (25788),0.0,0.0,False
NEK5 (341676),0.0,0.0,False
SULT1A2 (6799),-0.0,0.0,False
ZNF785 (146540),-0.0,0.0,False
SND1 (27044),0.0,0.0,False
DYNC1H1 (1778),-0.0,0.0,False
GAL3ST4 (79690),-0.0,0.0,False
LCE1C (353133),-0.0,0.0,False
IGF2R (3482),-0.0,0.0,False
KIAA1671 (85379),-0.0,0.0,False
ARRDC1 (92714),0.0,0.0,False
MAFG (4097),0.0,0.0,False
ZSCAN26 (7741),-0.0,0.0,False
H4C3 (8364),0.0,0.0,False
DTHD1 (401124),-0.0,0.0,False
ZMYM1 (79830),0.0,0.0,False
ZNF763 (284390),-0.0,0.0,False
ZNF420 (147923),0.0,0.0,False
SIGLEC15 (284266),0.0,0.0,False
GMFB (2764),-0.0,0.0,False
SLC6A17 (388662),-0.0,0.0,False
IFNL3 (282617),-0.0,0.0,False
PCBP2 (5094),0.0,0.0,False
ZNF257 (113835),0.0,0.0,False
H3C12 (8356),-0.0,0.0,False
ABCB8 (11194),0.0,0.0,False
LRRC8B (23507),-0.0,0.0,False
ACSL5 (51703),-0.0,0.0,False
ADAM32 (203102),0.0,0.0,False
PCNX3 (399909),0.0,0.0,False
ZNF772 (400720),0.0,0.0,False
ZGPAT (84619),0.0,0.0,False
OR8B8 (26493),-0.0,0.0,False
ZNF682 (91120),0.0,0.0,False
ZNF679 (168417),0.0,0.0,False
SRC (6714),-0.0,0.0,False
PGAP1 (80055),-0.0,0.0,False
SLC25A29 (123096),-0.0,0.0,False
FBXL22 (283807),0.0,0.0,False
ZNF786 (136051),0.0,0.0,False
ZNF517 (340385),0.0,0.0,False
MIB2 (142678),0.0,0.0,False
ENTPD6 (955),-0.0,0.0,False
KCNMB2 (10242),0.0,0.0,False
BCO2 (83875),0.0,0.0,False
TOPORS (10210),-0.0,0.0,False
HOXA4 (3201),0.0,0.0,False
ZNF624 (57547),0.0,0.0,False
COL4A6 (1288),-0.0,0.0,False
PIGN (23556),0.0,0.0,False
RAB40C (57799),0.0,0.0,False
ELANE (1991),0.0,0.0,False
IFT70A (92104),0.0,0.0,False
SIPA1L1 (26037),0.0,0.0,False
ATG7 (10533),0.0,0.0,False
GZMM (3004),0.0,0.0,False
MYO5A (4644),0.0,0.0,False
DMBX1 (127343),0.0,0.0,False
OR11L1 (391189),0.0,0.0,False
ENPP1 (5167),0.0,0.0,False
SERPINB2 (5055),0.0,0.0,False
DNAH10 (196385),0.0,0.0,False
CCER1 (196477),-0.0,0.0,False
ZNF433 (163059),0.0,0.0,False
PDCD1LG2 (80380),0.0,0.0,False
SERPINB13 (5275),-0.0,0.0,False
DPP4 (1803),0.0,0.0,False
MPEG1 (219972),0.0,0.0,False
CCDC154 (645811),0.0,0.0,False
CDC42SE1 (56882),-0.0,0.0,False
EOLA1 (91966),0.0,0.0,False
ZNF615 (284370),0.0,0.0,False
VN1R5 (317705),-0.0,0.0,False
MYH6 (4624),0.0,0.0,False
FAR1 (84188),0.0,0.0,False
OR6Y1 (391112),-0.0,0.0,False
FAM177B (400823),0.0,0.0,False
ZNF675 (171392),0.0,0.0,False
SLC28A3 (64078),-0.0,0.0,False
OR51D1 (390038),0.0,0.0,False
SHPK (23729),0.0,0.0,False
FABP12 (646486),-0.0,0.0,False
VEPH1 (79674),0.0,0.0,False
DCHS2 (54798),-0.0,0.0,False
H3C4 (8351),-0.0,0.0,False
CYP2B6 (1555),-0.0,0.0,False
DIO3 (1735),0.0,0.0,False
C5AR1 (728),-0.0,0.0,False
OR6N1 (128372),-0.0,0.0,False
HTT (3064),-0.0,0.0,False
ZNF860 (344787),0.0,0.0,False
ADARB1 (104),0.0,0.0,False
DACT3 (147906),-0.0,0.0,False
SLC22A5 (6584),-0.0,0.0,False
IPP (3652),0.0,0.0,False
OPALIN (93377),0.0,0.0,False
OR13G1 (441933),0.0,0.0,False
GYPE (2996),-0.0,0.0,False
RPF2 (84154),0.0,0.0,False
ZNF665 (79788),0.0,0.0,False
SLC2A10 (81031),-0.0,0.0,False
ZNF628 (89887),0.0,0.0,False
SPN (6693),-0.0,0.0,False
COL13A1 (1305),-0.0,0.0,False
PDGFA (5154),-0.0,0.0,False
MAP3K5 (4217),0.0,0.0,False
STMN3 (50861),-0.0,0.0,False
OR2L5 (81466),-0.0,0.0,False
HNRNPAB (3182),-0.0,0.0,False
GSTK1 (373156),-0.0,0.0,False
CYP2F1 (1572),0.0,0.0,False
OGDHL (55753),-0.0,0.0,False
ZNF441 (126068),0.0,0.0,False
ANXA6 (309),0.0,0.0,False
ZSCAN25 (221785),-0.0,0.0,False
MRTFA (57591),-0.0,0.0,False
ZKSCAN5 (23660),-0.0,0.0,False
ZNF136 (7695),0.0,0.0,False
RABL6 (55684),0.0,0.0,False
HRH1 (3269),0.0,0.0,False
SDHAF3 (57001),-0.0,0.0,False
WNK3 (65267),-0.0,0.0,False
TCF4 (6925),0.0,0.0,False
UGT2B15 (7366),0.0,0.0,False
ADH1B (125),-0.0,0.0,False
MMP1 (4312),0.0,0.0,False
ZNF846 (162993),-0.0,0.0,False
POTEF (728378),0.0,0.0,False
SLC22A25 (387601),-0.0,0.0,False
ZNF782 (158431),0.0,0.0,False
HDAC2 (3066),0.0,0.0,False
ZNF502 (91392),0.0,0.0,False
TRAPPC4 (51399),0.0,0.0,False
IFT70B (150737),-0.0,0.0,False
TRPV1 (7442),0.0,0.0,False
NF1 (4763),0.0,0.0,False
ALKAL1 (389658),-0.0,0.0,False
ZNF431 (170959),0.0,0.0,False
AMZ2 (51321),-0.0,0.0,False
ZNF512B (57473),0.0,0.0,False
ZNF33B (7582),-0.0,0.0,False
HSH2D (84941),-0.0,0.0,False
SLC30A10 (55532),-0.0,0.0,False
TOMM7 (54543),0.0,0.0,False
ERI2 (112479),0.0,0.0,False
ZFP62 (643836),-0.0,0.0,False
FAM180B (399888),-0.0,0.0,False
TLR7 (51284),-0.0,0.0,False
TECPR2 (9895),-0.0,0.0,False
MBD3L2B (729458),-0.0,0.0,False
MYO6 (4646),0.0,0.0,False
ZNF418 (147686),0.0,0.0,False
XRCC2 (7516),0.0,0.0,False
TPK1 (27010),0.0,0.0,False
ANAPC7 (51434),0.0,0.0,False
TCEAL3 (85012),-0.0,0.0,False
GDAP2 (54834),0.0,0.0,False
PRPF40A (55660),0.0,0.0,False
ARL9 (132946),-0.0,0.0,False
SULT1A1 (6817),0.0,0.0,False
NCOR2 (9612),-0.0,0.0,False
IPO4 (79711),-0.0,0.0,False
ESRRG (2104),-0.0,0.0,False
C20orf96 (140680),-0.0,0.0,False
GK2 (2712),0.0,0.0,False
SIAH1 (6477),-0.0,0.0,False
FGF16 (8823),0.0,0.0,False
ZNF799 (90576),0.0,0.0,False
SLC6A9 (6536),0.0,0.0,False
AFAP1 (60312),-0.0,0.0,False
NACA (4666),0.0,0.0,False
CACNA1H (8912),0.0,0.0,False
OR5AC2 (81050),0.0,0.0,False
PLXNB2 (23654),0.0,0.0,False
PFN3 (345456),-0.0,0.0,False
LAMA2 (3908),0.0,0.0,False
HBG2 (3048),-0.0,0.0,False
SULF2 (55959),-0.0,0.0,False
CCDC196 (440184),-0.0,0.0,False
MYO18A (399687),-0.0,0.0,False
FAM72A (729533),-0.0,0.0,False
MME (4311),-0.0,0.0,False
MAN2A2 (4122),-0.0,0.0,False
BORCS6 (54785),-0.0,0.0,False
SPTSSB (165679),-0.0,0.0,False
OR2T3 (343173),0.0,0.0,False
VKORC1L1 (154807),0.0,0.0,False
DAPK1 (1612),0.0,0.0,False
ZNF398 (57541),0.0,0.0,False
SCN8A (6334),0.0,0.0,False
SLC39A10 (57181),-0.0,0.0,False
ZNF705A (440077),-0.0,0.0,False
OR2T4 (127074),-0.0,0.0,False
NOP9 (161424),-0.0,0.0,False
FAM3C (10447),-0.0,0.0,False
SRGAP1 (57522),0.0,0.0,False
TMEM26 (219623),-0.0,0.0,False
FLNA (2316),0.0,0.0,False
PDLIM7 (9260),0.0,0.0,False
HCAR1 (27198),-0.0,0.0,False
ARHGEF12 (23365),0.0,0.0,False
ANKRD36B (57730),0.0,0.0,False
KPNA5 (3841),0.0,0.0,False
SPMIP10 (389320),-0.0,0.0,False
H2BC26 (128312),0.0,0.0,False
CASP4 (837),-0.0,0.0,False
AP2A1 (160),0.0,0.0,False
ZNF585A (199704),0.0,0.0,False
METTL9 (51108),0.0,0.0,False
EOLA2 (541578),0.0,0.0,False
ZNF100 (163227),0.0,0.0,False
SERTAD1 (29950),-0.0,0.0,False
ZNF470 (388566),0.0,0.0,False
ZNF429 (353088),0.0,0.0,False
ZNF138 (7697),-0.0,0.0,False
WDR45 (11152),0.0,0.0,False
FUT11 (170384),0.0,0.0,False
NPIPB9 (100507607),0.0,0.0,False
FAM163B (642968),0.0,0.0,False
WDR5B (54554),0.0,0.0,False
LAGE3 (8270),0.0,0.0,False
ANXA4 (307),-0.0,0.0,False
SMIM10L2B (644596),0.0,0.0,False
LAMB3 (3914),-0.0,0.0,False
ZNG1C (445571),-0.0,0.0,False
LCE1B (353132),-0.0,0.0,False
CRACDL (343990),-0.0,0.0,False
STRN3 (29966),0.0,0.0,False
H2AC11 (8969),0.0,0.0,False
MAML3 (55534),-0.0,0.0,False
TLE1 (7088),0.0,0.0,False
OR52K1 (390036),0.0,0.0,False
CD47 (961),-0.0,0.0,False
OR14A16 (284532),-0.0,0.0,False
POU3F4 (5456),0.0,0.0,False
ZNF700 (90592),-0.0,0.0,False
S100A2 (6273),-0.0,0.0,False
CLPSL2 (389383),0.0,0.0,False
H2AC13 (8329),0.0,0.0,False
GM2A (2760),-0.0,0.0,False
COL27A1 (85301),-0.0,0.0,False
HLA-DQA1 (3117),-0.0,0.0,False
ZNF239 (8187),0.0,0.0,False
SPINK14 (408187),0.0,0.0,False
SPRR2B (6701),-0.0,0.0,False
PPTC7 (160760),-0.0,0.0,False
ZFP28 (140612),0.0,0.0,False
H2AC7 (3013),0.0,0.0,False
NHLRC2 (374354),0.0,0.0,False
RGPD4 (285190),0.0,0.0,False
TOMM20L (387990),-0.0,0.0,False
KRT39 (390792),0.0,0.0,False
PATE2 (399967),0.0,0.0,False
CHRNG (1146),-0.0,0.0,False
ARID5A (10865),-0.0,0.0,False
ADA (100),-0.0,0.0,False
POTEI (653269),0.0,0.0,False
OR11G2 (390439),-0.0,0.0,False
MVB12B (89853),0.0,0.0,False
ZSCAN16 (80345),-0.0,0.0,False
SLC22A24 (283238),0.0,0.0,False
OR51C1 (401661),0.0,0.0,False
KRTAP26-1 (388818),-0.0,0.0,False
ZNF26 (7574),0.0,0.0,False
ZNF480 (147657),0.0,0.0,False
ZXDB (158586),0.0,0.0,False
ZNF568 (374900),0.0,0.0,False
OR14L1 (127617),-0.0,0.0,False
CCT8L2 (150160),-0.0,0.0,False
KRTAP4-1 (85285),-0.0,0.0,False
ZNF583 (147949),0.0,0.0,False
NRARP (441478),0.0,0.0,False
TXNRD1 (7296),0.0,0.0,False
ZNF69 (7620),-0.0,0.0,False
TCAF1 (9747),-0.0,0.0,False
MT1F (4494),0.0,0.0,False
OGA (10724),0.0,0.0,False
NTRK1 (4914),-0.0,0.0,False
ITSN2 (50618),-0.0,0.0,False
ZNF587 (84914),-0.0,0.0,False
TPM2 (7169),0.0,0.0,False
RTP2 (344892),-0.0,0.0,False
CNGA1 (1259),-0.0,0.0,False
C2CD4A (145741),0.0,0.0,False
PLN (5350),-0.0,0.0,False
GPN1 (11321),0.0,0.0,False
ZNF43 (7594),0.0,0.0,False
ARMH1 (339541),0.0,0.0,False
MAFK (7975),0.0,0.0,False
ATL1 (51062),-0.0,0.0,False
SH3BGRL2 (83699),-0.0,0.0,False
HLA-DRB5 (3127),-0.0,0.0,False
TMA16 (55319),0.0,0.0,False
YTHDF2 (51441),-0.0,0.0,False
B3GNT6 (192134),0.0,0.0,False
ANKRD35 (148741),-0.0,0.0,False
ZNF808 (388558),0.0,0.0,False
TMEM207 (131920),0.0,0.0,False
KRTAP13-1 (140258),-0.0,0.0,False
ITGBL1 (9358),-0.0,0.0,False
UVRAG (7405),0.0,0.0,False
CARD11 (84433),-0.0,0.0,False
OR5B21 (219968),-0.0,0.0,False
UCKL1 (54963),0.0,0.0,False
KRTAP4-5 (85289),-0.0,0.0,False
TMEM116 (89894),0.0,0.0,False
HELZ (9931),-0.0,0.0,False
UBL5 (59286),0.0,0.0,False
STYX (6815),0.0,0.0,False
SLC29A3 (55315),-0.0,0.0,False
RPL23A (6147),0.0,0.0,False
DDX42 (11325),-0.0,0.0,False
FKBP1C (642489),-0.0,0.0,False
CSF2RA (1438),0.0,0.0,False
QRICH1 (54870),-0.0,0.0,False
RPS6KL1 (83694),-0.0,0.0,False
ZNF485 (220992),0.0,0.0,False
PEG3 (5178),0.0,0.0,False
SDAD1 (55153),0.0,0.0,False
DCAF12L2 (340578),0.0,0.0,False
GFPT1 (2673),0.0,0.0,False
WWP2 (11060),-0.0,0.0,False
SPRED2 (200734),-0.0,0.0,False
ASPH (444),0.0,0.0,False
GET3 (439),0.0,0.0,False
PIM3 (415116),-0.0,0.0,False
HOXC4 (3221),0.0,0.0,False
ZKSCAN8 (7745),-0.0,0.0,False
ZNF813 (126017),0.0,0.0,False
ZNF442 (79973),0.0,0.0,False
MYL4 (4635),0.0,0.0,False
HYLS1 (219844),0.0,0.0,False
TMEM239 (100288797),0.0,0.0,False
PHETA1 (144717),-0.0,0.0,False
ZNF28 (7576),0.0,0.0,False
ZNF511 (118472),-0.0,0.0,False
SULT1C2 (6819),-0.0,0.0,False
MAGEA1 (4100),0.0,0.0,False
UNC13B (10497),0.0,0.0,False
ECI2 (10455),0.0,0.0,False
ANKRD13B (124930),-0.0,0.0,False
DLL1 (28514),-0.0,0.0,False
TOGARAM1 (23116),0.0,0.0,False
GLMP (112770),-0.0,0.0,False
MT-CO2 (4513),-0.0,0.0,False
CEP290 (80184),0.0,0.0,False
GPX6 (257202),0.0,0.0,False
IPO9 (55705),-0.0,0.0,False
MT-ND6 (4541),-0.0,0.0,False
EIF1AY (9086),-0.0,0.0,False
ABCA4 (24),0.0,0.0,False
FAN1 (22909),0.0,0.0,False
SLC9A6 (10479),0.0,0.0,False
SAXO5 (374877),0.0,0.0,False
MT-CYB (4519),-0.0,0.0,False
LDB1 (8861),-0.0,0.0,False
SLC5A3 (6526),0.0,0.0,False
COLGALT2 (23127),-0.0,0.0,False
RPL10A (4736),0.0,0.0,False
OXCT2 (64064),0.0,0.0,False
PLXNB3 (5365),-0.0,0.0,False
CDC42BPB (9578),0.0,0.0,False
GPATCH3 (63906),0.0,0.0,False
SMURF1 (57154),-0.0,0.0,False
PPP1R14C (81706),-0.0,0.0,False
ZNF652 (22834),0.0,0.0,False
LRRTM3 (347731),-0.0,0.0,False
MSRB1 (51734),0.0,0.0,False
F5 (2153),-0.0,0.0,False
SMOC1 (64093),-0.0,0.0,False
CTR9 (9646),-0.0,0.0,False
PAPSS2 (9060),-0.0,0.0,False
TUSC1 (286319),0.0,0.0,False
C20orf203 (284805),0.0,0.0,False
OR5BS1 (390313),-0.0,0.0,False
ZNF536 (9745),-0.0,0.0,False
LRBA (987),-0.0,0.0,False
TLK1 (9874),0.0,0.0,False
NUDT16 (131870),0.0,0.0,False
ARC (23237),0.0,0.0,False
SH2D1B (117157),-0.0,0.0,False
SPANXC (64663),0.0,0.0,False
RD3 (343035),-0.0,0.0,False
SLC34A3 (142680),0.0,0.0,False
DDX39B (7919),-0.0,0.0,False
CTNND1 (1500),-0.0,0.0,False
ZNF789 (285989),-0.0,0.0,False
WDHD1 (11169),-0.0,0.0,False
KCNRG (283518),-0.0,0.0,False
ZNF627 (199692),0.0,0.0,False
MMP17 (4326),-0.0,0.0,False
OR2M2 (391194),0.0,0.0,False
BAZ1A (11177),-0.0,0.0,False
STK39 (27347),-0.0,0.0,False
SKIC3 (9652),-0.0,0.0,False
OR10G6 (79490),0.0,0.0,False
LPA (4018),0.0,0.0,False
CALM1 (801),-0.0,0.0,False
C6orf89 (221477),0.0,0.0,False
TAT (6898),-0.0,0.0,False
NCOA6 (23054),0.0,0.0,False
AKR1C4 (1109),-0.0,0.0,False
FAM3D (131177),0.0,0.0,False
KLHL9 (55958),0.0,0.0,False
ZNF534 (147658),0.0,0.0,False
MDM4 (4194),-0.0,0.0,False
CCDC69 (26112),-0.0,0.0,False
COPS8 (10920),0.0,0.0,False
ZXDA (7789),0.0,0.0,False
SZT2 (23334),0.0,0.0,False
SPTAN1 (6709),-0.0,0.0,False
H4C16 (121504),-0.0,0.0,False
SLC22A12 (116085),-0.0,0.0,False
MEIG1 (644890),-0.0,0.0,False
UGT2B17 (7367),0.0,0.0,False
OR1S2 (219958),-0.0,0.0,False
NKIRAS1 (28512),0.0,0.0,False
MYO1C (4641),0.0,0.0,False
CYRIA (81553),0.0,0.0,False
PRB3 (5544),0.0,0.0,False
ZNF790 (388536),-0.0,0.0,False
SGTB (54557),0.0,0.0,False
ADAMTSL2 (9719),0.0,0.0,False
GPAA1 (8733),0.0,0.0,False
INKA2 (55924),-0.0,0.0,False
OR8G1 (26494),0.0,0.0,False
ZNF181 (339318),0.0,0.0,False
KIF13B (23303),-0.0,0.0,False
NRAP (4892),0.0,0.0,False
ADH5 (128),0.0,0.0,False
ERO1A (30001),-0.0,0.0,False
ZNF71 (58491),0.0,0.0,False
FCHSD1 (89848),-0.0,0.0,False
PLCG2 (5336),-0.0,0.0,False
OR5H2 (79310),0.0,0.0,False
ZNF311 (282890),-0.0,0.0,False
ZNF823 (55552),0.0,0.0,False
ZNF677 (342926),0.0,0.0,False
SLC22A6 (9356),0.0,0.0,False
HES5 (388585),0.0,0.0,False
IFNA1 (3439),-0.0,0.0,False
HRNR (388697),-0.0,0.0,False
SPG7 (6687),-0.0,0.0,False
TEAD4 (7004),0.0,0.0,False
H2BC12 (85236),0.0,0.0,False
CYP2A13 (1553),-0.0,0.0,False
CFAP299 (255119),-0.0,0.0,False
S100A6 (6277),-0.0,0.0,False
OCLN (100506658),0.0,0.0,False
RPL37A (6168),0.0,0.0,False
LHFPL5 (222662),0.0,0.0,False
CFAP43 (80217),0.0,0.0,False
S100A10 (6281),-0.0,0.0,False
PSAP (5660),-0.0,0.0,False
SCGB1D4 (404552),-0.0,0.0,False
PHF2 (5253),0.0,0.0,False
CR1L (1379),-0.0,0.0,False
ZNF460 (10794),0.0,0.0,False
RPE (6120),-0.0,0.0,False
FAM114A1 (92689),0.0,0.0,False
OR6C74 (254783),0.0,0.0,False
KLHL14 (57565),0.0,0.0,False
PARVA (55742),0.0,0.0,False
NMB (4828),-0.0,0.0,False
HOXC6 (3223),-0.0,0.0,False
TXNRD3 (114112),0.0,0.0,False
CFD (1675),0.0,0.0,False
ATAD3A (55210),0.0,0.0,False
SLC9A8 (23315),-0.0,0.0,False
CCDC180 (100499483),-0.0,0.0,False
ZNF461 (92283),0.0,0.0,False
FAM118B (79607),0.0,0.0,False
OR52M1 (119772),0.0,0.0,False
OR5B17 (219965),0.0,0.0,False
ZNF780A (284323),0.0,0.0,False
STPG3 (441476),0.0,0.0,False
TAF13 (6884),0.0,0.0,False
ZNF81 (347344),0.0,0.0,False
KLHDC1 (122773),-0.0,0.0,False
EME2 (197342),0.0,0.0,False
MCMBP (79892),-0.0,0.0,False
MAP1LC3C (440738),0.0,0.0,False
AADACL2 (344752),0.0,0.0,False
RPL12 (6136),-0.0,0.0,False
HSD17B11 (51170),-0.0,0.0,False
CYP2A7 (1549),-0.0,0.0,False
DEFB107B (503614),0.0,0.0,False
OR2L3 (391192),-0.0,0.0,False
MB (4151),0.0,0.0,False
LPAR1 (1902),0.0,0.0,False
TOR4A (54863),-0.0,0.0,False
CHSY3 (337876),0.0,0.0,False
ZNF248 (57209),0.0,0.0,False
OR2T6 (254879),-0.0,0.0,False
ADH4 (127),-0.0,0.0,False
TMPRSS11F (389208),0.0,0.0,False
KRTAP4-6 (81871),0.0,0.0,False
SFI1 (9814),-0.0,0.0,False
NUP62CL (54830),-0.0,0.0,False
CD2AP (23607),0.0,0.0,False
KRTAP9-9 (81870),0.0,0.0,False
HIBCH (26275),-0.0,0.0,False
ZNF544 (27300),0.0,0.0,False
TMEM229B (161145),-0.0,0.0,False
DDRGK1 (65992),-0.0,0.0,False
ZNF334 (55713),-0.0,0.0,False
BPIFA1 (51297),-0.0,0.0,False
ZNF607 (84775),0.0,0.0,False
CLEC4C (170482),0.0,0.0,False
TFDP1 (7027),-0.0,0.0,False
FAM47C (442444),-0.0,0.0,False
ZNF251 (90987),0.0,0.0,False
SOWAHC (65124),0.0,0.0,False
SVIP (258010),0.0,0.0,False
MAN1A2 (10905),0.0,0.0,False
MIER1 (57708),0.0,0.0,False
HMGN5 (79366),-0.0,0.0,False
NPIPB6 (728741),0.0,0.0,False
ZNF770 (54989),0.0,0.0,False
ZBTB14 (7541),-0.0,0.0,False
SULT1C4 (27233),-0.0,0.0,False
DNM3 (26052),0.0,0.0,False
AKR1B10 (57016),-0.0,0.0,False
DLGAP2 (9228),-0.0,0.0,False
ODAD3 (115948),0.0,0.0,False
IRAK4 (51135),0.0,0.0,False
NOL8 (55035),0.0,0.0,False
KEL (3792),-0.0,0.0,False
CLEC9A (283420),-0.0,0.0,False
C1orf122 (127687),0.0,0.0,False
LEKR1 (389170),-0.0,0.0,False
GOLGA6L9 (440295),0.0,0.0,False
ELOVL2 (54898),0.0,0.0,False
AKAP17A (8227),0.0,0.0,False
MBP (4155),-0.0,0.0,False
VPS13A (23230),0.0,0.0,False
MPZL1 (9019),-0.0,0.0,False
ZNF121 (7675),0.0,0.0,False
MRPL42 (28977),0.0,0.0,False
ENTPD7 (57089),0.0,0.0,False
SPANXA1 (30014),0.0,0.0,False
AVPR1B (553),0.0,0.0,False
NPIPB13 (613037),0.0,0.0,False
POTEH (23784),-0.0,0.0,False
MARCHF5 (54708),0.0,0.0,False
PRIM1 (5557),-0.0,0.0,False
GRK6 (2870),0.0,0.0,False
SIRPA (140885),0.0,0.0,False
ZNF667 (63934),0.0,0.0,False
ZNF335 (63925),0.0,0.0,False
MAK16 (84549),0.0,0.0,False
ZNF84 (7637),0.0,0.0,False
ZNF273 (10793),0.0,0.0,False
RPS4X (6191),0.0,0.0,False
TUBA3C (7278),-0.0,0.0,False
ZNF560 (147741),0.0,0.0,False
MYL6B (140465),0.0,0.0,False
RFX8 (731220),-0.0,0.0,False
TRAPPC2 (6399),0.0,0.0,False
RILPL1 (353116),0.0,0.0,False
MESP2 (145873),-0.0,0.0,False
GPR89B (51463),0.0,0.0,False
PLA2G4E (123745),-0.0,0.0,False
SCGB1C1 (147199),0.0,0.0,False
ZFTA (65998),0.0,0.0,False
WNT7B (7477),-0.0,0.0,False
RAB42 (115273),0.0,0.0,False
TREML4 (285852),0.0,0.0,False
TMEM221 (100130519),-0.0,0.0,False
RNF133 (168433),0.0,0.0,False
ARL4C (10123),0.0,0.0,False
NWD1 (284434),-0.0,0.0,False
NRN1L (123904),0.0,0.0,False
CLCN1 (1180),-0.0,0.0,False
ZNF490 (57474),-0.0,0.0,False
FAM25A (643161),0.0,0.0,False
EYS (346007),0.0,0.0,False
C6orf132 (647024),0.0,0.0,False
NHS (4810),-0.0,0.0,False
SMTNL2 (342527),0.0,0.0,False
HEPACAM2 (253012),0.0,0.0,False
ZNF626 (199777),0.0,0.0,False
TMPPE (643853),0.0,0.0,False
CIMIP2A (401565),-0.0,0.0,False
OTOG (340990),0.0,0.0,False
AGRN (375790),0.0,0.0,False
DAZ1 (1617),-0.0,0.0,False
KRTAP10-6 (386674),-0.0,0.0,False
COL4A5 (1287),-0.0,0.0,False
NUTM2G (441457),-0.0,0.0,False
TMEM215 (401498),-0.0,0.0,False
MAPK12 (6300),0.0,0.0,False
OR2AG2 (338755),0.0,0.0,False
C19orf67 (646457),-0.0,0.0,False
UBQLN2 (29978),0.0,0.0,False
LAMTOR4 (389541),-0.0,0.0,False
S100A3 (6274),-0.0,0.0,False
OR51I2 (390064),-0.0,0.0,False
CLEC17A (388512),-0.0,0.0,False
DMBT1 (1755),-0.0,0.0,False
LRRC74B (400891),0.0,0.0,False
SHISA7 (729956),0.0,0.0,False
FYB2 (199920),0.0,0.0,False
GFRAL (389400),0.0,0.0,False
PALM3 (342979),0.0,0.0,False
PABIR1 (116224),0.0,0.0,False
TTC24 (164118),0.0,0.0,False
CCDC157 (550631),0.0,0.0,False
OR6C75 (390323),0.0,0.0,False
ASCL4 (121549),0.0,0.0,False
P2RX2 (22953),0.0,0.0,False
EIF4EBP1 (1978),0.0,0.0,False
LCN10 (414332),-0.0,0.0,False
LDLRAD2 (401944),-0.0,0.0,False
C2orf66 (401027),-0.0,0.0,False
ZSCAN23 (222696),-0.0,0.0,False
RTP5 (285093),0.0,0.0,False
MORN2 (729967),0.0,0.0,False
TPRG1 (285386),0.0,0.0,False
OR7D2 (162998),-0.0,0.0,False
C17orf99 (100141515),-0.0,0.0,False
RINL (126432),0.0,0.0,False
PLA2G2C (391013),-0.0,0.0,False
OVCH1 (341350),0.0,0.0,False
ZCCHC13 (389874),-0.0,0.0,False
KLHL17 (339451),0.0,0.0,False
CPSF4L (642843),-0.0,0.0,False
DNER (92737),0.0,0.0,False
COL14A1 (7373),0.0,0.0,False
ZFTRAF1 (50626),0.0,0.0,False
ZC3H6 (376940),0.0,0.0,False
PRKAR1B (5575),-0.0,0.0,False
H1-2 (3006),0.0,0.0,False
H3-5 (440093),0.0,0.0,False
H2AX (3014),0.0,0.0,False
IER5L (389792),0.0,0.0,False
SLC24A5 (283652),-0.0,0.0,False
CERKL (375298),-0.0,0.0,False
BLOC1S5 (63915),0.0,0.0,False
NANOS2 (339345),0.0,0.0,False
CHM (1121),-0.0,0.0,False
MAGEB5 (347541),0.0,0.0,False
SELL (6402),-0.0,0.0,False
DYNLT4 (343521),-0.0,0.0,False
GPR21 (2844),0.0,0.0,False
CLEC2A (387836),-0.0,0.0,False
PDCD1 (5133),0.0,0.0,False
PPP3R2 (5535),0.0,0.0,False
JAKMIP3 (282973),0.0,0.0,False
INSC (387755),0.0,0.0,False
SERPINA5 (5104),-0.0,0.0,False
ACTMAP (284325),-0.0,0.0,False
DUSP28 (285193),0.0,0.0,False
FBLL1 (345630),0.0,0.0,False
NDOR1 (27158),-0.0,0.0,False
RALGAPA2 (57186),-0.0,0.0,False
OR2G6 (391211),-0.0,0.0,False
NBR1 (4077),0.0,0.0,False
CCDC9B (388115),-0.0,0.0,False
HBA2 (3040),-0.0,0.0,False
LCTL (197021),-0.0,0.0,False
SRSF10 (10772),-0.0,0.0,False
CFAP77 (389799),0.0,0.0,False
FAM83G (644815),0.0,0.0,False
COL25A1 (84570),0.0,0.0,False
KRTDAP (388533),-0.0,0.0,False
NCCRP1 (342897),-0.0,0.0,False
IFNA2 (3440),0.0,0.0,False
GPR15LG (387695),0.0,0.0,False
NUTM2B (729262),0.0,0.0,False
ZP3 (7784),-0.0,0.0,False
HES4 (57801),0.0,0.0,False
ZNF383 (163087),0.0,0.0,False
RUFY4 (285180),0.0,0.0,False
C15orf62 (643338),0.0,0.0,False
OR7A5 (26659),-0.0,0.0,False
HYKK (123688),-0.0,0.0,False
IL17REL (400935),0.0,0.0,False
PLA2G2A (5320),-0.0,0.0,False
COMMD6 (170622),-0.0,0.0,False
AGAP4 (119016),-0.0,0.0,False
TUBB4B (10383),-0.0,0.0,False
ZNF793 (390927),0.0,0.0,False
POTEE (445582),0.0,0.0,False
DCUN1D3 (123879),-0.0,0.0,False
NCR3LG1 (374383),0.0,0.0,False
IGFL1 (374918),0.0,0.0,False
ZNF669 (79862),0.0,0.0,False
PEAK3 (374872),0.0,0.0,False
BSPH1 (100131137),-0.0,0.0,False
PRR19 (284338),-0.0,0.0,False
FOCAD (54914),0.0,0.0,False
CIBAR1 (137392),-0.0,0.0,False
GTF2F2 (2963),0.0,0.0,False
OR6N2 (81442),-0.0,0.0,False
SLC38A3 (10991),0.0,0.0,False
OR6C6 (283365),-0.0,0.0,False
LRRIQ4 (344657),0.0,0.0,False
SBK1 (388228),0.0,0.0,False
ZNF559 (84527),0.0,0.0,False
ENO4 (387712),0.0,0.0,False
C3orf62 (375341),-0.0,0.0,False
PLSCR1 (5359),0.0,0.0,False
CENPP (401541),0.0,0.0,False
PLSCR3 (57048),0.0,0.0,False
C2orf78 (388960),-0.0,0.0,False
KRTAP1-1 (81851),-0.0,0.0,False
TSPYL4 (23270),0.0,0.0,False
FAM9C (171484),0.0,0.0,False
EPOR (2057),-0.0,0.0,False
WDR86 (349136),-0.0,0.0,False
NPSR1 (387129),0.0,0.0,False
RSBN1L (222194),-0.0,0.0,False
BCAM (4059),0.0,0.0,False
MAGED4B (81557),0.0,0.0,False
KRT12 (3859),-0.0,0.0,False
DYNC2H1 (79659),0.0,0.0,False
FNBP1 (23048),0.0,0.0,False
LCE3B (353143),0.0,0.0,False
SESTD1 (91404),-0.0,0.0,False
LCE2D (353141),-0.0,0.0,False
GCNT1 (2650),0.0,0.0,False
MT1X (4501),-0.0,0.0,False
KRTAP9-8 (83901),-0.0,0.0,False
CIDEC (63924),-0.0,0.0,False
DCC (1630),0.0,0.0,False
CDHR4 (389118),-0.0,0.0,False
HSPA14 (51182),-0.0,0.0,False
H2AP (25763),-0.0,0.0,False
PTMA (5757),-0.0,0.0,False
GJA4 (2701),0.0,0.0,False
PLEKHG7 (440107),0.0,0.0,False
COL4A1 (1282),-0.0,0.0,False
KCNJ11 (3767),0.0,0.0,False
TAF9B (51616),0.0,0.0,False
C11orf96 (387763),-0.0,0.0,False
H1-6 (3010),0.0,0.0,False
FPR3 (2359),-0.0,0.0,False
LHFPL3 (375612),0.0,0.0,False
LUZP2 (338645),-0.0,0.0,False
MAGI2 (9863),0.0,0.0,False
DAZ3 (57054),-0.0,0.0,False
ZNF546 (339327),0.0,0.0,False
SIRT7 (51547),-0.0,0.0,False
LCE2C (353140),-0.0,0.0,False
CCK (885),0.0,0.0,False
PLCD1 (5333),-0.0,0.0,False
DEFB106B (503841),-0.0,0.0,False
OR2AK2 (391191),-0.0,0.0,False
TEAD1 (7003),-0.0,0.0,False
C3orf70 (285382),-0.0,0.0,False
TMEM262 (100130348),0.0,0.0,False
TMPRSS11A (339967),-0.0,0.0,False
RPS19BP1 (91582),-0.0,0.0,False
TMEM216 (51259),0.0,0.0,False
CYP4A11 (1579),0.0,0.0,False
TMPRSS6 (164656),0.0,0.0,False
GPR141 (353345),-0.0,0.0,False
SAMD7 (344658),0.0,0.0,False
KRTAP21-2 (337978),0.0,0.0,False
ENTPD5 (957),0.0,0.0,False
MITF (4286),-0.0,0.0,False
HEATR4 (399671),-0.0,0.0,False
SPATA21 (374955),0.0,0.0,False
KRTAP12-1 (353332),0.0,0.0,False
LCE2A (353139),0.0,0.0,False
H1-7 (341567),0.0,0.0,False
SHTN1 (57698),0.0,0.0,False
ANGPTL5 (253935),0.0,0.0,False
RNF220 (55182),0.0,0.0,False
FOXD3 (27022),-0.0,0.0,False
NAP1L1 (4673),0.0,0.0,False
VSTM2B (342865),0.0,0.0,False
AKR1C1 (1645),-0.0,0.0,False
LYPD6 (130574),-0.0,0.0,False
SLIT1 (6585),-0.0,0.0,False
CMC1 (152100),0.0,0.0,False
LILRA5 (353514),0.0,0.0,False
ATP13A5 (344905),0.0,0.0,False
PRR27 (401137),-0.0,0.0,False
TMEM220 (388335),0.0,0.0,False
C2orf88 (84281),0.0,0.0,False
ADH1A (124),-0.0,0.0,False
SSX7 (280658),-0.0,0.0,False
C9orf153 (389766),0.0,0.0,False
OR52B6 (340980),0.0,0.0,False
SECISBP2 (79048),-0.0,0.0,False
FANCA (2175),0.0,0.0,False
NHEJ1 (79840),-0.0,0.0,False
TCEA1 (6917),-0.0,0.0,False
AMY1C (278),0.0,0.0,False
GABRD (2563),-0.0,0.0,False
DNAJB13 (374407),0.0,0.0,False
THSD4 (79875),0.0,0.0,False
KBTBD12 (166348),-0.0,0.0,False
SLC18A3 (6572),0.0,0.0,False
TMEM203 (94107),0.0,0.0,False
SEMA4D (10507),0.0,0.0,False
KRTAP10-8 (386681),-0.0,0.0,False
LIN28B (389421),-0.0,0.0,False
PEAR1 (375033),-0.0,0.0,False
RTL4 (340595),0.0,0.0,False
HELT (391723),-0.0,0.0,False
ZFP69 (339559),0.0,0.0,False
SOWAHD (347454),0.0,0.0,False
TMEM202 (338949),0.0,0.0,False
ZFP69B (65243),0.0,0.0,False
CARD9 (64170),0.0,0.0,False
DIPK1C (125704),-0.0,0.0,False
ZNF70 (7621),0.0,0.0,False
SPATA31F3 (100129969),0.0,0.0,False
FANCM (57697),-0.0,0.0,False
TMEM72 (643236),0.0,0.0,False
MCRS1 (10445),0.0,0.0,False
DNAH17 (8632),0.0,0.0,False
OR2T27 (403239),-0.0,0.0,False
EZHIP (340602),0.0,0.0,False
IFT140 (9742),0.0,0.0,False
AMTN (401138),0.0,0.0,False
MAGEH1 (28986),0.0,0.0,False
ZNF385C (201181),0.0,0.0,False
PLEKHN1 (84069),0.0,0.0,False
COX8C (341947),-0.0,0.0,False
DPPA3 (359787),0.0,0.0,False
NHLRC1 (378884),-0.0,0.0,False
FOXD4L3 (286380),-0.0,0.0,False
NANOS3 (342977),0.0,0.0,False
USP7 (7874),0.0,0.0,False
TLR5 (7100),0.0,0.0,False
CYP26C1 (340665),0.0,0.0,False
SBK2 (646643),0.0,0.0,False
AGMO (392636),-0.0,0.0,False
PRAMEF10 (343071),-0.0,0.0,False
POTEG (404785),-0.0,0.0,False
TET3 (200424),0.0,0.0,False
ZNF286A (57335),0.0,0.0,False
ISG15 (9636),-0.0,0.0,False
VMAC (400673),0.0,0.0,False
TRPV2 (51393),-0.0,0.0,False
ERAS (3266),0.0,0.0,False
B3GLCT (145173),0.0,0.0,False
ERC2 (26059),0.0,0.0,False
HAPLN4 (404037),0.0,0.0,False
C5orf52 (100190949),0.0,0.0,False
SAMD11 (148398),0.0,0.0,False
EXD3 (54932),0.0,0.0,False
DHRS4L2 (317749),-0.0,0.0,False
RGPD1 (400966),0.0,0.0,False
ZKSCAN4 (387032),-0.0,0.0,False
LIAT1 (400566),-0.0,0.0,False
MYMK (389827),-0.0,0.0,False
OR5W2 (390148),-0.0,0.0,False
NKAIN2 (154215),0.0,0.0,False
PAQR9 (344838),0.0,0.0,False
ZNF605 (100289635),0.0,0.0,False
OR6M1 (390261),0.0,0.0,False
S100A4 (6275),-0.0,0.0,False
ZNF79 (7633),-0.0,0.0,False
WDSUB1 (151525),-0.0,0.0,False
ZNF250 (58500),-0.0,0.0,False
SPATS2L (26010),-0.0,0.0,False
AKR1C3 (8644),-0.0,0.0,False
SERPINA3 (12),-0.0,0.0,False
MYT1 (4661),0.0,0.0,False
VN1R2 (317701),-0.0,0.0,False
HLA-DRB1 (3123),-0.0,0.0,False
MATCAP1 (653319),-0.0,0.0,False
OR8A1 (390275),0.0,0.0,False
CFAP119 (90835),-0.0,0.0,False
TDRD7 (23424),-0.0,0.0,False
ZNF699 (374879),0.0,0.0,False
KRTAP4-3 (85290),-0.0,0.0,False
FAT4 (79633),0.0,0.0,False
KIF19 (124602),0.0,0.0,False
HRCT1 (646962),0.0,0.0,False
SRGAP3 (9901),0.0,0.0,False
RYR1 (6261),0.0,0.0,False
ZNF766 (90321),0.0,0.0,False
SIRPB2 (284759),-0.0,0.0,False
GREB1 (9687),0.0,0.0,False
MPHOSPH8 (54737),0.0,0.0,False
SEMA4A (64218),0.0,0.0,False
OR6K2 (81448),-0.0,0.0,False
CTSE (1510),-0.0,0.0,False
TMEM63A (9725),-0.0,0.0,False
OR10J1 (26476),-0.0,0.0,False
STK40 (83931),0.0,0.0,False
ACADSB (36),-0.0,0.0,False
ZNF681 (148213),0.0,0.0,False
SPOCK3 (50859),-0.0,0.0,False
OR5K4 (403278),-0.0,0.0,False
FAM217B (63939),-0.0,0.0,False
PAX5 (5079),0.0,0.0,False
GSPT2 (23708),-0.0,0.0,False
KIAA0408 (9729),-0.0,0.0,False
NEMP2 (100131211),-0.0,0.0,False
SPATA31D4 (389761),-0.0,0.0,False
TOGARAM2 (165186),0.0,0.0,False
SLC35E2B (728661),0.0,0.0,False
KAZN (23254),0.0,0.0,False
S100A14 (57402),-0.0,0.0,False
SPANXN4 (441525),0.0,0.0,False
FAM53B (9679),-0.0,0.0,False
LIN54 (132660),0.0,0.0,False
RRP7A (27341),-0.0,0.0,False
FOXR2 (139628),-0.0,0.0,False
ZKSCAN3 (80317),-0.0,0.0,False
ALKAL2 (285016),0.0,0.0,False
TBC1D28 (254272),-0.0,0.0,False
C8orf76 (84933),0.0,0.0,False
CXCL17 (284340),0.0,0.0,False
OR2L13 (284521),-0.0,0.0,False
MYBPC1 (4604),0.0,0.0,False
PTPRT (11122),-0.0,0.0,False
IL1RAP (3556),-0.0,0.0,False
ZNF724 (440519),0.0,0.0,False
SYCP2 (10388),0.0,0.0,False
BLOC1S2 (282991),-0.0,0.0,False
GJB4 (127534),-0.0,0.0,False
OTUD6A (139562),0.0,0.0,False
RASSF10 (644943),-0.0,0.0,False
NCR1 (9437),0.0,0.0,False
ZFP92 (139735),-0.0,0.0,False
SH2D5 (400745),0.0,0.0,False
MMP23B (8510),0.0,0.0,False
HMGB1 (3146),-0.0,0.0,False
KRTAP5-3 (387266),0.0,0.0,False
SULT1C3 (442038),0.0,0.0,False
GJB5 (2709),-0.0,0.0,False
TRRAP (8295),0.0,0.0,False
EPHB4 (2050),-0.0,0.0,False
NOXO1 (124056),-0.0,0.0,False
THEM5 (284486),-0.0,0.0,False
SPANXD (64648),0.0,0.0,False
EVL (51466),0.0,0.0,False
PTPN1 (5770),0.0,0.0,False
ZNF774 (342132),0.0,0.0,False
INCA1 (388324),0.0,0.0,False
ZNF140 (7699),0.0,0.0,False
OR4Q2 (390432),-0.0,0.0,False
ZNF34 (80778),0.0,0.0,False
SLC35F1 (222553),-0.0,0.0,False
ASB13 (79754),-0.0,0.0,False
FUT4 (2526),0.0,0.0,False
SRGAP2B (647135),-0.0,0.0,False
PRTN3 (5657),0.0,0.0,False
ZNF765 (91661),0.0,0.0,False
ZNF124 (7678),0.0,0.0,False
NPIPB15 (440348),-0.0,0.0,False
ZNF775 (285971),0.0,0.0,False
PIK3R4 (30849),-0.0,0.0,False
ZNF777 (27153),0.0,0.0,False
YRDC (79693),0.0,0.0,False
ARMCX4 (100131755),-0.0,0.0,False
ZNF569 (148266),0.0,0.0,False
ASMT (438),0.0,0.0,False
XRCC6 (2547),-0.0,0.0,False
CRYBA4 (1413),-0.0,0.0,False
TSC22D2 (9819),0.0,0.0,False
NBPF4 (148545),-0.0,0.0,False
PPP1R26 (9858),-0.0,0.0,False
C20orf204 (284739),0.0,0.0,False
S100A5 (6276),0.0,0.0,False
NUDT11 (55190),0.0,0.0,False
LONP1 (9361),-0.0,0.0,False
TUBB (203068),-0.0,0.0,False
WDR5 (11091),-0.0,0.0,False
GRM7 (2917),-0.0,0.0,False
GTF2IRD2 (84163),0.0,0.0,False
ZNF493 (284443),0.0,0.0,False
ZNF836 (162962),0.0,0.0,False
OR10J3 (441911),-0.0,0.0,False
ZNF471 (57573),0.0,0.0,False
PPIA (5478),-0.0,0.0,False
SFTA2 (389376),0.0,0.0,False
OR10S1 (219873),0.0,0.0,False
ZNF107 (51427),-0.0,0.0,False
OR2C3 (81472),0.0,0.0,False
OR2T2 (401992),-0.0,0.0,False
XPNPEP3 (63929),0.0,0.0,False
SUPT5H (6829),0.0,0.0,False
LCOR (84458),-0.0,0.0,False
SUPT3H (8464),0.0,0.0,False
BECN2 (441925),0.0,0.0,False
NIF3L1 (60491),-0.0,0.0,False
ZKSCAN7 (55888),0.0,0.0,False
ELAVL3 (1995),0.0,0.0,False
NTNG2 (84628),0.0,0.0,False
ZNF565 (147929),0.0,0.0,False
CPNE4 (131034),-0.0,0.0,False
CD55 (1604),-0.0,0.0,False
ZNF729 (100287226),0.0,0.0,False
OR8D1 (283159),0.0,0.0,False
ATP2A1 (487),-0.0,0.0,False
NLGN3 (54413),-0.0,0.0,False
CGB7 (94027),-0.0,0.0,False
STK31 (56164),-0.0,0.0,False
GIMAP5 (55340),0.0,0.0,False
POM121 (9883),0.0,0.0,False
IARS1 (3376),0.0,0.0,False
FHIT (2272),-0.0,0.0,False
DRICH1 (51233),-0.0,0.0,False
CLEC20A (400797),-0.0,0.0,False
TMEM198 (130612),-0.0,0.0,False
NHLRC3 (387921),-0.0,0.0,False
TMEM201 (199953),0.0,0.0,False
SHISA6 (388336),-0.0,0.0,False
TMCO2 (127391),0.0,0.0,False
MTF1 (4520),0.0,0.0,False
ZNF548 (147694),-0.0,0.0,False
PLA2G2E (30814),-0.0,0.0,False
PRELP (5549),0.0,0.0,False
CATSPER4 (378807),0.0,0.0,False
SKOR1 (390598),-0.0,0.0,False
ADRB3 (155),0.0,0.0,False
PLET1 (349633),-0.0,0.0,False
OPTC (26254),0.0,0.0,False
SPRED3 (399473),-0.0,0.0,False
FZD9 (8326),0.0,0.0,False
HMX2 (3167),-0.0,0.0,False
SNTN (132203),-0.0,0.0,False
ZDHHC11 (79844),-0.0,0.0,False
TMC3 (342125),0.0,0.0,False
LRRK2 (120892),-0.0,0.0,False
MSL1 (339287),0.0,0.0,False
ASTL (431705),0.0,0.0,False
KLRG2 (346689),0.0,0.0,False
FBF1 (85302),0.0,0.0,False
POTEA (340441),0.0,0.0,False
ZNF563 (147837),0.0,0.0,False
CALHM6 (441168),-0.0,0.0,False
FAM78B (149297),-0.0,0.0,False
BEND4 (389206),0.0,0.0,False
RPL14 (9045),-0.0,0.0,False
ENTPD8 (377841),0.0,0.0,False
SLX4 (84464),0.0,0.0,False
CNR2 (1269),0.0,0.0,False
BCL2L15 (440603),-0.0,0.0,False
NOXA1 (10811),-0.0,0.0,False
GJB3 (2707),-0.0,0.0,False
RBM34 (23029),-0.0,0.0,False
CC2D2B (387707),0.0,0.0,False
PTAR1 (375743),0.0,0.0,False
S100A16 (140576),-0.0,0.0,False
DPYD (1806),-0.0,0.0,False
RTL6 (84247),0.0,0.0,False
ZNF177 (7730),0.0,0.0,False
GOLGA8M (653720),0.0,0.0,False
IGFL3 (388555),0.0,0.0,False
HMX3 (340784),-0.0,0.0,False
NANOS1 (340719),0.0,0.0,False
SUMO2 (6613),-0.0,0.0,False
ASAH2 (56624),-0.0,0.0,False
FAM72B (653820),0.0,0.0,False
CLN3 (1201),0.0,0.0,False
CFAP54 (144535),-0.0,0.0,False
RNASE9 (390443),0.0,0.0,False
SAXO2 (283726),0.0,0.0,False
RHCE (6006),0.0,0.0,False
QRFP (347148),0.0,0.0,False
FSIP2 (401024),0.0,0.0,False
TMEM120B (144404),0.0,0.0,False
FAM221A (340277),-0.0,0.0,False
VWC2 (375567),0.0,0.0,False
OSTN (344901),-0.0,0.0,False
DUSP29 (338599),0.0,0.0,False
ZDHHC9 (51114),0.0,0.0,False
C2orf80 (389073),-0.0,0.0,False
KRTAP24-1 (643803),-0.0,0.0,False
OR56A5 (390084),0.0,0.0,False
UROS (7390),0.0,0.0,False
SLC4A5 (57835),0.0,0.0,False
PARVB (29780),-0.0,0.0,False
IDO2 (169355),0.0,0.0,False
BSX (390259),-0.0,0.0,False
INSYN2A (642938),0.0,0.0,False
PNRC2 (55629),0.0,0.0,False
TMEM120A (83862),-0.0,0.0,False
FAM47E (100129583),-0.0,0.0,False
GRAPL (400581),0.0,0.0,False
ZNF573 (126231),0.0,0.0,False
CLDN4 (1364),-0.0,0.0,False
FSCB (84075),-0.0,0.0,False
NKAPL (222698),-0.0,0.0,False
FAM47B (170062),-0.0,0.0,False
PLAC9 (219348),0.0,0.0,False
ANKRD34B (340120),0.0,0.0,False
SP6 (80320),0.0,0.0,False
BLOC1S3 (388552),0.0,0.0,False
IL1RAPL2 (26280),0.0,0.0,False
PRSS48 (345062),-0.0,0.0,False
SF3B3 (23450),-0.0,0.0,False
FAM25G (100133093),-0.0,0.0,False
JPT1 (51155),-0.0,0.0,False
ZNF527 (84503),0.0,0.0,False
ZAR1L (646799),0.0,0.0,False
BTBD8 (284697),0.0,0.0,False
TRIM64B (642446),-0.0,0.0,False
SPANXN3 (139067),-0.0,0.0,False
TSPYL1 (7259),0.0,0.0,False
NUGGC (389643),-0.0,0.0,False
C15orf61 (145853),-0.0,0.0,False
MAOA (4128),-0.0,0.0,False
ZNF600 (162966),0.0,0.0,False
KRTAP10-12 (386685),0.0,0.0,False
DCAF8L2 (347442),-0.0,0.0,False
PCDH18 (54510),0.0,0.0,False
KRT77 (374454),0.0,0.0,False
OR14I1 (401994),0.0,0.0,False
ZNF33A (7581),0.0,0.0,False
S100A13 (6284),0.0,0.0,False
ARID2 (196528),0.0,0.0,False
VSTM1 (284415),0.0,0.0,False
TRMT2B (79979),-0.0,0.0,False
LITAF (9516),-0.0,0.0,False
HUS1B (135458),-0.0,0.0,False
ZNF292 (23036),0.0,0.0,False
LRRC66 (339977),-0.0,0.0,False
LIPI (149998),0.0,0.0,False
SLC15A5 (729025),0.0,0.0,False
NELFB (25920),-0.0,0.0,False
AADACL3 (126767),-0.0,0.0,False
MSANTD1 (345222),0.0,0.0,False
NOC2L (26155),0.0,0.0,False
C9orf152 (401546),0.0,0.0,False
UTS2B (257313),0.0,0.0,False
FAM120AOS (158293),0.0,0.0,False
NYX (60506),0.0,0.0,False
CFAP126 (257177),0.0,0.0,False
HACD4 (401494),0.0,0.0,False
KCTD21 (283219),0.0,0.0,False
SBSN (374897),0.0,0.0,False
ADAT2 (134637),-0.0,0.0,False
RNF222 (643904),-0.0,0.0,False
GAGE2A (729447),0.0,0.0,False
H1-0 (3005),-0.0,0.0,False
APOD (347),-0.0,0.0,False
FAM111B (374393),0.0,0.0,False
RELN (5649),0.0,0.0,False
CGB5 (93659),-0.0,0.0,False
RNFT1 (51136),-0.0,0.0,False
MAGEB16 (139604),0.0,0.0,False
ALKBH2 (121642),-0.0,0.0,False
ANKDD1B (728780),-0.0,0.0,False
NDUFA4 (4697),-0.0,0.0,False
ZNF567 (163081),0.0,0.0,False
DUSP21 (63904),-0.0,0.0,False
VHLL (391104),0.0,0.0,False
FLACC1 (130540),-0.0,0.0,False
CXADR (1525),0.0,0.0,False
KCTD18 (130535),0.0,0.0,False
HYAL4 (23553),-0.0,0.0,False
TAF6 (6878),0.0,0.0,False
PTPRZ1 (5803),-0.0,0.0,False
NUDT1 (4521),-0.0,0.0,False
SNX8 (29886),-0.0,0.0,False
EIF3B (8662),-0.0,0.0,False
ZKSCAN1 (7586),-0.0,0.0,False
CYP3A5 (1577),-0.0,0.0,False
PTCD1 (26024),-0.0,0.0,False
BUD31 (8896),-0.0,0.0,False
PDAP1 (11333),0.0,0.0,False
NPTX2 (4885),-0.0,0.0,False
HSPB1 (3315),-0.0,0.0,False
CCL24 (6369),-0.0,0.0,False
CHCHD2 (51142),0.0,0.0,False
CASP2 (835),-0.0,0.0,False
WASL (8976),0.0,0.0,False
SPAM1 (6677),0.0,0.0,False
CDC37L1 (55664),0.0,0.0,False
AIMP2 (7965),0.0,0.0,False
MOGAT3 (346606),-0.0,0.0,False
AP1S1 (1174),0.0,0.0,False
SERPINE1 (5054),-0.0,0.0,False
LSM5 (23658),0.0,0.0,False
AGFG2 (3268),-0.0,0.0,False
IMPDH1 (3614),-0.0,0.0,False
USP42 (84132),-0.0,0.0,False
RBM28 (55131),0.0,0.0,False
PPP1R17 (10842),0.0,0.0,False
FBXO24 (26261),-0.0,0.0,False
PCOLCE (5118),0.0,0.0,False
PAX4 (5078),0.0,0.0,False
MOSPD3 (64598),-0.0,0.0,False
FSCN3 (29999),-0.0,0.0,False
TFR2 (7036),0.0,0.0,False
GHRHR (2692),-0.0,0.0,False
MINDY4 (84182),-0.0,0.0,False
CRHR2 (1395),0.0,0.0,False
GARS1 (2617),0.0,0.0,False
IQCE (23288),-0.0,0.0,False
BRAT1 (221927),-0.0,0.0,False
HOXA6 (3203),-0.0,0.0,False
HOXA5 (3202),-0.0,0.0,False
LFNG (3955),0.0,0.0,False
HOXA3 (3200),-0.0,0.0,False
HOXA2 (3199),-0.0,0.0,False
DNAJB6 (10049),0.0,0.0,False
HOXA1 (3198),0.0,0.0,False
WNT2 (7472),0.0,0.0,False
LMBR1 (64327),0.0,0.0,False
RNF32 (140545),-0.0,0.0,False
MET (4233),-0.0,0.0,False
CAV1 (857),0.0,0.0,False
CAV2 (858),0.0,0.0,False
ANKRD7 (56311),0.0,0.0,False
VIPR2 (7434),-0.0,0.0,False
TSPAN12 (23554),0.0,0.0,False
GRB10 (2887),0.0,0.0,False
NOD1 (10392),-0.0,0.0,False
STX1A (6804),-0.0,0.0,False
PLEKHA8 (84725),-0.0,0.0,False
FKBP14 (55033),0.0,0.0,False
COBL (23242),-0.0,0.0,False
ABHD11 (83451),-0.0,0.0,False
CHN2 (1124),0.0,0.0,False
SSBP1 (6742),-0.0,0.0,False
CPVL (54504),0.0,0.0,False
TAX1BP1 (8887),-0.0,0.0,False
HIBADH (11112),-0.0,0.0,False
EVX1 (2128),-0.0,0.0,False
CPED1 (79974),-0.0,0.0,False
HOXA13 (3209),-0.0,0.0,False
C1GALT1 (56913),-0.0,0.0,False
PLOD3 (8985),-0.0,0.0,False
RPA3 (6119),-0.0,0.0,False
GCK (2645),0.0,0.0,False
PRUNE2 (158471),0.0,0.0,False
TMEM245 (23731),0.0,0.0,False
NMRK1 (54981),0.0,0.0,False
SPIN1 (10927),0.0,0.0,False
FSD1L (83856),-0.0,0.0,False
FKTN (2218),0.0,0.0,False
LHX2 (9355),0.0,0.0,False
SLC1A1 (6505),-0.0,0.0,False
SPATA6L (55064),-0.0,0.0,False
LIMK1 (3984),-0.0,0.0,False
EIF4H (7458),0.0,0.0,False
CLIP2 (7461),-0.0,0.0,False
GALNTL5 (168391),0.0,0.0,False
TBL2 (26608),0.0,0.0,False
YKT6 (10652),0.0,0.0,False
MEGF9 (1955),0.0,0.0,False
TRIM14 (9830),0.0,0.0,False
CORO2A (7464),-0.0,0.0,False
PTGR1 (22949),0.0,0.0,False
ENG (2022),-0.0,0.0,False
DNM1 (1759),-0.0,0.0,False
TNFSF8 (944),0.0,0.0,False
AKNA (80709),0.0,0.0,False
AMBP (259),-0.0,0.0,False
SUSD1 (64420),-0.0,0.0,False
LHX6 (26468),0.0,0.0,False
TGFBR1 (7046),-0.0,0.0,False
TLE4 (7091),-0.0,0.0,False
ECM2 (1842),0.0,0.0,False
ASPN (54829),0.0,0.0,False
OGN (4969),0.0,0.0,False
C5 (727),-0.0,0.0,False
SEC61B (10952),0.0,0.0,False
BCL7B (9275),-0.0,0.0,False
MYL7 (58498),0.0,0.0,False
ZNHIT1 (10467),0.0,0.0,False
POLD2 (5425),0.0,0.0,False
ACTR3C (653857),0.0,0.0,False
ANKMY2 (57037),-0.0,0.0,False
MEOX2 (4223),-0.0,0.0,False
MEST (4232),-0.0,0.0,False
SFRP4 (6424),0.0,0.0,False
ZNF862 (643641),0.0,0.0,False
CEP41 (95681),-0.0,0.0,False
EZH2 (2146),-0.0,0.0,False
TMEM106B (54664),-0.0,0.0,False
NRF1 (4899),-0.0,0.0,False
PHF14 (9678),-0.0,0.0,False
MYL10 (93408),-0.0,0.0,False
GLCCI1 (113263),0.0,0.0,False
NOBOX (135935),-0.0,0.0,False
CLDN15 (24146),-0.0,0.0,False
POU6F2 (11281),0.0,0.0,False
TSPAN13 (27075),0.0,0.0,False
RARRES2 (5919),-0.0,0.0,False
COA1 (55744),-0.0,0.0,False
AEBP1 (165),0.0,0.0,False
PRKAG2 (51422),0.0,0.0,False
RHEB (6009),0.0,0.0,False
TMEM248 (55069),-0.0,0.0,False
URGCP (55665),0.0,0.0,False
BLVRA (644),-0.0,0.0,False
MRPL32 (64983),0.0,0.0,False
AGR2 (10551),-0.0,0.0,False
PSMA2 (5683),-0.0,0.0,False
GLI3 (2737),0.0,0.0,False
TMEM176B (28959),-0.0,0.0,False
GIMAP2 (26157),-0.0,0.0,False
CHCHD3 (54927),-0.0,0.0,False
AHR (196),0.0,0.0,False
H2AZ2 (94239),-0.0,0.0,False
TFEC (22797),0.0,0.0,False
ADAP1 (11033),-0.0,0.0,False
SYNGR4 (23546),0.0,0.0,False
FAM83E (54854),0.0,0.0,False
PLPPR2 (64748),0.0,0.0,False
CAPS (828),-0.0,0.0,False
TMEM205 (374882),0.0,0.0,False
DBP (1628),-0.0,0.0,False
RAB3D (9545),0.0,0.0,False
HAS1 (3036),-0.0,0.0,False
CABP5 (56344),0.0,0.0,False
SIGLEC5 (8778),-0.0,0.0,False
PLA2G4C (8605),0.0,0.0,False
ZNF175 (7728),0.0,0.0,False
SIGLEC6 (946),0.0,0.0,False
LIG1 (3978),-0.0,0.0,False
CARD8 (22900),-0.0,0.0,False
ODAD1 (93233),0.0,0.0,False
RASIP1 (54922),-0.0,0.0,False
SPMAP2 (51298),-0.0,0.0,False
FGF21 (26291),0.0,0.0,False
LILRB5 (10990),0.0,0.0,False
TFPT (29844),-0.0,0.0,False
PRPF31 (26121),-0.0,0.0,False
LENG1 (79165),0.0,0.0,False
MAST1 (22983),-0.0,0.0,False
DNASE2 (1777),-0.0,0.0,False
KLF1 (10661),0.0,0.0,False
GCDH (2639),0.0,0.0,False
BCAT2 (587),-0.0,0.0,False
CACNG7 (59284),-0.0,0.0,False
WDR83OS (51398),0.0,0.0,False
TNPO2 (30000),0.0,0.0,False
PPP2R1A (5518),-0.0,0.0,False
PLEKHA4 (57664),-0.0,0.0,False
MIER2 (54531),-0.0,0.0,False
CLEC11A (6320),0.0,0.0,False
GRIN2D (2906),-0.0,0.0,False
RPL18A (6142),0.0,0.0,False
GRWD1 (83743),-0.0,0.0,False
ICAM5 (7087),0.0,0.0,False
NKG7 (4818),0.0,0.0,False
NOP53 (29997),-0.0,0.0,False
RPS19 (6223),-0.0,0.0,False
ICAM4 (3386),0.0,0.0,False
LIM2 (3982),0.0,0.0,False
CD79A (973),0.0,0.0,False
SIGLEC8 (27181),-0.0,0.0,False
MRPL4 (51073),0.0,0.0,False
MYH14 (79784),0.0,0.0,False
PLIN3 (10226),-0.0,0.0,False
CEACAM4 (1089),-0.0,0.0,False
DMAC2 (55101),-0.0,0.0,False
DENND3 (22898),0.0,0.0,False
TGFB1 (7040),-0.0,0.0,False
ETFB (2109),-0.0,0.0,False
CD33 (945),0.0,0.0,False
CEACAM5 (1048),0.0,0.0,False
MEIS3 (56917),-0.0,0.0,False
CYTH2 (9266),-0.0,0.0,False
KDELR1 (10945),-0.0,0.0,False
MEGF8 (1954),-0.0,0.0,False
ZNRF4 (148066),0.0,0.0,False
CNFN (84518),-0.0,0.0,False
PTPRS (5802),0.0,0.0,False
ATP1A3 (478),-0.0,0.0,False
CRX (1406),-0.0,0.0,False
RABAC1 (10567),0.0,0.0,False
NAPA (8775),-0.0,0.0,False
CDC37 (11140),-0.0,0.0,False
SULT2A1 (6822),0.0,0.0,False
TYK2 (7297),0.0,0.0,False
BABAM1 (29086),0.0,0.0,False
JAK3 (3718),0.0,0.0,False
SLC5A5 (6528),0.0,0.0,False
NPVF (64111),0.0,0.0,False
ETHE1 (23474),-0.0,0.0,False
PON3 (5446),-0.0,0.0,False
PIK3CG (5294),-0.0,0.0,False
POLR1F (221830),-0.0,0.0,False
NAMPT (10135),0.0,0.0,False
BET1 (10282),0.0,0.0,False
TFPI2 (7980),-0.0,0.0,False
DNAJC2 (27000),-0.0,0.0,False
PMPCB (9512),-0.0,0.0,False
CDK6 (1021),-0.0,0.0,False
RASA4 (10156),-0.0,0.0,False
GTPBP10 (85865),-0.0,0.0,False
CFAP69 (79846),0.0,0.0,False
RUNDC3B (154661),0.0,0.0,False
AVL9 (23080),-0.0,0.0,False
SMG9 (56006),-0.0,0.0,False
PON2 (5445),-0.0,0.0,False
ITGB8 (3696),0.0,0.0,False
HBP1 (26959),0.0,0.0,False
PTN (5764),-0.0,0.0,False
OGDH (4967),0.0,0.0,False
IFT56 (79989),0.0,0.0,False
ZC3HAV1 (56829),-0.0,0.0,False
ATP6V0A4 (50617),0.0,0.0,False
GSDME (1687),-0.0,0.0,False
PALS2 (51678),0.0,0.0,False
STEAP1B (256227),-0.0,0.0,False
DUS4L (11062),-0.0,0.0,False
MTPN (136319),0.0,0.0,False
DLX5 (1749),0.0,0.0,False
CBLL1 (79872),-0.0,0.0,False
DNAH11 (8701),0.0,0.0,False
WDR91 (29062),-0.0,0.0,False
SP4 (6671),0.0,0.0,False
CADM4 (199731),-0.0,0.0,False
ZNF85 (7639),0.0,0.0,False
KCNN1 (3780),-0.0,0.0,False
SIPA1L3 (23094),0.0,0.0,False
TMEM147 (10430),0.0,0.0,False
ARMC6 (93436),-0.0,0.0,False
ATP4A (495),0.0,0.0,False
ETV2 (2116),0.0,0.0,False
DDX49 (54555),-0.0,0.0,False
COPE (11316),-0.0,0.0,False
UPK1A (11045),-0.0,0.0,False
COMP (1311),-0.0,0.0,False
CRTC1 (23373),-0.0,0.0,False
ELL (8178),-0.0,0.0,False
ISYNA1 (51477),-0.0,0.0,False
PDE4C (5143),0.0,0.0,False
RAB3A (5864),-0.0,0.0,False
PIK3R2 (5296),0.0,0.0,False
ARRDC2 (27106),-0.0,0.0,False
GAPDHS (26330),-0.0,0.0,False
MAG (4099),0.0,0.0,False
TMEM59L (25789),-0.0,0.0,False
SCN1B (6324),-0.0,0.0,False
GRIK5 (2901),0.0,0.0,False
ZNF574 (64763),0.0,0.0,False
ATP13A1 (57130),-0.0,0.0,False
GSK3A (2931),-0.0,0.0,False
ERF (2077),-0.0,0.0,False
PBX4 (80714),0.0,0.0,False
ZNF14 (7561),0.0,0.0,False
HAMP (57817),0.0,0.0,False
HPN (3249),-0.0,0.0,False
SUGP1 (57794),-0.0,0.0,False
FKBP8 (23770),-0.0,0.0,False
KXD1 (79036),-0.0,0.0,False
LSR (51599),-0.0,0.0,False
USF2 (7392),-0.0,0.0,False
AK1 (203),-0.0,0.0,False
RLN2 (6019),0.0,0.0,False
FZR1 (51343),0.0,0.0,False
MRPL27 (51264),0.0,0.0,False
COL1A1 (1277),0.0,0.0,False
PPP1R9B (84687),0.0,0.0,False
EZH1 (2145),0.0,0.0,False
ABI3 (51225),0.0,0.0,False
CNTNAP1 (8506),0.0,0.0,False
MLX (6945),-0.0,0.0,False
HSD17B1 (3292),0.0,0.0,False
NAGLU (4669),-0.0,0.0,False
RAB5C (5878),-0.0,0.0,False
KAT2A (2648),0.0,0.0,False
DHX58 (79132),-0.0,0.0,False
KRT32 (3882),-0.0,0.0,False
PEX12 (5193),0.0,0.0,False
CCL1 (6346),0.0,0.0,False
CCL8 (6355),0.0,0.0,False
SGCA (6442),-0.0,0.0,False
VAT1 (10493),-0.0,0.0,False
RLN1 (6013),0.0,0.0,False
LRRC59 (55379),0.0,0.0,False
EFNB3 (1949),0.0,0.0,False
PRKAR1A (5573),-0.0,0.0,False
SLC16A6 (9120),-0.0,0.0,False
HLF (3131),0.0,0.0,False
EFTUD2 (9343),-0.0,0.0,False
CACNG1 (786),0.0,0.0,False
DUSP3 (1845),0.0,0.0,False
SMURF2 (64750),0.0,0.0,False
MPP2 (4355),-0.0,0.0,False
PPY (5539),0.0,0.0,False
LUC7L3 (51747),0.0,0.0,False
ABCC3 (8714),-0.0,0.0,False
HDAC5 (10014),-0.0,0.0,False
ALOX12 (239),-0.0,0.0,False
RND2 (8153),0.0,0.0,False
CCL2 (6347),0.0,0.0,False
CCL7 (6354),0.0,0.0,False
ASIC2 (40),-0.0,0.0,False
LGALS3BP (3959),-0.0,0.0,False
SLC6A4 (6532),0.0,0.0,False
C1QBP (708),-0.0,0.0,False
NUP88 (4927),-0.0,0.0,False
RAI1 (10743),-0.0,0.0,False
CHRNE (1145),0.0,0.0,False
RASD1 (51655),0.0,0.0,False
SLC25A11 (8402),0.0,0.0,False
RNF167 (26001),-0.0,0.0,False
PFN1 (5216),-0.0,0.0,False
ENO3 (2027),-0.0,0.0,False
HOXB6 (3216),-0.0,0.0,False
MED13 (9969),0.0,0.0,False
CAMTA2 (23125),-0.0,0.0,False
INTS2 (57508),-0.0,0.0,False
GALK1 (2584),0.0,0.0,False
BLMH (642),0.0,0.0,False
CPD (1362),-0.0,0.0,False
GOSR1 (9527),0.0,0.0,False
SYNGR2 (9144),-0.0,0.0,False
PSMD11 (5717),-0.0,0.0,False
CYTH1 (9267),-0.0,0.0,False
C17orf75 (64149),0.0,0.0,False
DDX5 (1655),-0.0,0.0,False
UTP6 (55813),0.0,0.0,False
B9D1 (27077),0.0,0.0,False
ICAM2 (3384),-0.0,0.0,False
CCDC47 (57003),-0.0,0.0,False
SMARCD2 (6603),-0.0,0.0,False
ALDH3A1 (218),-0.0,0.0,False
AKAP10 (11216),-0.0,0.0,False
FTSJ3 (117246),-0.0,0.0,False
DRG2 (1819),0.0,0.0,False
MED31 (51003),0.0,0.0,False
FAM20A (54757),-0.0,0.0,False
YWHAE (7531),0.0,0.0,False
MMD (23531),-0.0,0.0,False
NMU (10874),0.0,0.0,False
IL2 (3558),0.0,0.0,False
KLHL2 (11275),-0.0,0.0,False
GAB1 (2549),0.0,0.0,False
INPP4B (8821),-0.0,0.0,False
ZNF330 (27309),0.0,0.0,False
TBC1D9 (23158),0.0,0.0,False
NDUFC1 (4717),0.0,0.0,False
ELF2 (1998),0.0,0.0,False
MAPK10 (5602),0.0,0.0,False
UBE2D3 (7323),-0.0,0.0,False
MANBA (4126),-0.0,0.0,False
AREG (374),-0.0,0.0,False
NFKB1 (4790),-0.0,0.0,False
PF4V1 (5197),0.0,0.0,False
LAMTOR3 (8649),-0.0,0.0,False
CPE (1363),0.0,0.0,False
RPL34 (6164),0.0,0.0,False
WFS1 (7466),-0.0,0.0,False
SEPSECS (51091),-0.0,0.0,False
TBC1D19 (55296),0.0,0.0,False
NEIL3 (55247),0.0,0.0,False
FBXW7 (55294),-0.0,0.0,False
SLC2A9 (56606),-0.0,0.0,False
TRIM2 (23321),-0.0,0.0,False
CPZ (8532),0.0,0.0,False
SOD3 (6649),-0.0,0.0,False
GRPEL1 (80273),0.0,0.0,False
DHX15 (1665),-0.0,0.0,False
GALNT7 (51809),0.0,0.0,False
AADAT (51166),-0.0,0.0,False
CLCN3 (1182),-0.0,0.0,False
FRG1 (2483),-0.0,0.0,False
GAR1 (54433),-0.0,0.0,False
CRACD (57482),-0.0,0.0,False
CHIC2 (26511),-0.0,0.0,False
RANGRF (29098),-0.0,0.0,False
SMR3A (26952),-0.0,0.0,False
PMP22 (5376),-0.0,0.0,False
CDR2L (30850),0.0,0.0,False
TMEM97 (27346),0.0,0.0,False
IFT20 (90410),0.0,0.0,False
TNFAIP1 (7126),0.0,0.0,False
VTN (7448),-0.0,0.0,False
TMEM104 (54868),-0.0,0.0,False
NAT9 (26151),0.0,0.0,False
MYH3 (4621),-0.0,0.0,False
NHERF1 (9368),0.0,0.0,False
MYH1 (4619),0.0,0.0,False
RCVRN (5957),0.0,0.0,False
WSB1 (26118),0.0,0.0,False
DHRS7B (25979),-0.0,0.0,False
DPH1 (1801),0.0,0.0,False
FOXN1 (8456),0.0,0.0,False
UNC119 (9094),0.0,0.0,False
ALDOC (230),-0.0,0.0,False
OCIAD1 (54940),-0.0,0.0,False
ODAM (54959),0.0,0.0,False
SULT1E1 (6783),0.0,0.0,False
USP46 (64854),0.0,0.0,False
DCUN1D4 (23142),0.0,0.0,False
CWH43 (80157),0.0,0.0,False
UGT2B10 (7365),-0.0,0.0,False
SLAIN2 (57606),0.0,0.0,False
SUPT6H (6830),0.0,0.0,False
GNRHR (2798),0.0,0.0,False
GABRA4 (2557),0.0,0.0,False
TMEM33 (55161),-0.0,0.0,False
PHOX2B (8929),-0.0,0.0,False
PHF12 (57649),0.0,0.0,False
RAB34 (83871),0.0,0.0,False
PIGL (9487),0.0,0.0,False
RECQL5 (9400),0.0,0.0,False
CBX1 (10951),0.0,0.0,False
PDLIM1 (9124),0.0,0.0,False
MAPK8 (5599),-0.0,0.0,False
DDX50 (79009),0.0,0.0,False
TRDMT1 (1787),-0.0,0.0,False
PKD2L1 (9033),0.0,0.0,False
EIF3A (8661),-0.0,0.0,False
ERLIN1 (10613),0.0,0.0,False
CXCL12 (6387),0.0,0.0,False
RAB11FIP2 (22841),0.0,0.0,False
DNMBP (23268),-0.0,0.0,False
RASSF4 (83937),-0.0,0.0,False
PHYH (5264),-0.0,0.0,False
HPS1 (3257),-0.0,0.0,False
ATRNL1 (26033),0.0,0.0,False
GATA3 (2625),-0.0,0.0,False
DNTT (1791),0.0,0.0,False
SEC23IP (11196),-0.0,0.0,False
ATE1 (11101),-0.0,0.0,False
NSMCE4A (54780),-0.0,0.0,False
CCSER2 (54462),0.0,0.0,False
TWNK (56652),-0.0,0.0,False
TLX1 (3195),0.0,0.0,False
LIPA (3988),-0.0,0.0,False
ACTA2 (59),0.0,0.0,False
MINPP1 (9562),-0.0,0.0,False
BMPR1A (657),-0.0,0.0,False
PPP3CB (5532),-0.0,0.0,False
PLEKHA1 (59338),0.0,0.0,False
MICU1 (10367),-0.0,0.0,False
SPOCK2 (9806),-0.0,0.0,False
VSIR (64115),-0.0,0.0,False
CDH23 (64072),-0.0,0.0,False
UNC5B (219699),-0.0,0.0,False
PALD1 (27143),-0.0,0.0,False
CCNJ (54619),-0.0,0.0,False
DVL1 (1855),0.0,0.0,False
SFXN3 (81855),-0.0,0.0,False
ZFAND5 (7763),0.0,0.0,False
RGP1 (9827),0.0,0.0,False
CREB3 (10488),0.0,0.0,False
TYRP1 (7306),-0.0,0.0,False
FUBP3 (8939),0.0,0.0,False
CA9 (768),-0.0,0.0,False
KCNT1 (57582),0.0,0.0,False
TESK1 (7016),0.0,0.0,False
NCS1 (23413),0.0,0.0,False
ELAVL2 (1993),-0.0,0.0,False
KANK1 (23189),-0.0,0.0,False
DOCK8 (81704),0.0,0.0,False
KDM4C (23081),0.0,0.0,False
RIC1 (57589),0.0,0.0,False
TBC1D13 (54662),0.0,0.0,False
PLGRKT (55848),0.0,0.0,False
MPDZ (8777),0.0,0.0,False
LHX3 (8022),0.0,0.0,False
RIGI (23586),-0.0,0.0,False
SH3GL2 (6456),0.0,0.0,False
EXOSC3 (51010),0.0,0.0,False
ABHD17B (51104),0.0,0.0,False
UBE2R2 (54926),-0.0,0.0,False
SHB (6461),-0.0,0.0,False
ABCA2 (20),-0.0,0.0,False
PTGDS (5730),0.0,0.0,False
SETX (23064),-0.0,0.0,False
EDF1 (8721),-0.0,0.0,False
APBA1 (320),0.0,0.0,False
NPDC1 (56654),0.0,0.0,False
RAPGEF1 (2889),0.0,0.0,False
BAG1 (573),-0.0,0.0,False
GLIS3 (169792),0.0,0.0,False
PIP5K1B (8395),-0.0,0.0,False
LZTS2 (84445),-0.0,0.0,False
KAZALD1 (81621),0.0,0.0,False
CDK5RAP3 (80279),0.0,0.0,False
RPL28 (6158),-0.0,0.0,False
PSMD3 (5709),0.0,0.0,False
CSF3 (1440),0.0,0.0,False
UBTF (7343),0.0,0.0,False
RUNDC3A (10900),0.0,0.0,False
FBXL20 (84961),0.0,0.0,False
RPL19 (6143),0.0,0.0,False
GIT1 (28964),0.0,0.0,False
NUFIP2 (57532),0.0,0.0,False
CRYBA1 (1411),0.0,0.0,False
KRT23 (25984),0.0,0.0,False
CYP2C18 (1562),0.0,0.0,False
LGI1 (9211),-0.0,0.0,False
PBLD (64081),-0.0,0.0,False
PPIF (10105),-0.0,0.0,False
DNAJC12 (56521),0.0,0.0,False
CASC3 (22794),0.0,0.0,False
RAPGEFL1 (51195),-0.0,0.0,False
RGS9 (8787),0.0,0.0,False
DHX40 (79665),-0.0,0.0,False
RPS6KB1 (6198),0.0,0.0,False
PNPO (55163),0.0,0.0,False
GOSR2 (9570),0.0,0.0,False
KPNB1 (3837),0.0,0.0,False
TUBD1 (51174),0.0,0.0,False
KRT37 (8688),-0.0,0.0,False
P2RX1 (5023),-0.0,0.0,False
RNF43 (54894),-0.0,0.0,False
TRIM37 (4591),0.0,0.0,False
MTMR4 (9110),0.0,0.0,False
SEPTIN4 (5414),-0.0,0.0,False
RAD51C (5889),0.0,0.0,False
ASPA (443),0.0,0.0,False
WNT3 (7473),-0.0,0.0,False
ZMIZ1 (57178),-0.0,0.0,False
UBE2S (27338),-0.0,0.0,False
FBXW4 (6468),0.0,0.0,False
CCNY (219771),0.0,0.0,False
GTPBP4 (23560),-0.0,0.0,False
LARP4B (23185),-0.0,0.0,False
LHPP (64077),0.0,0.0,False
ACBD5 (91452),-0.0,0.0,False
ANKRD26 (22852),0.0,0.0,False
SUFU (51684),-0.0,0.0,False
CUEDC2 (79004),0.0,0.0,False
FBXL15 (79176),-0.0,0.0,False
CPEB3 (22849),0.0,0.0,False
ARHGAP21 (57584),-0.0,0.0,False
GBF1 (8729),0.0,0.0,False
PITX3 (5309),-0.0,0.0,False
TNKS2 (80351),-0.0,0.0,False
NPM3 (10360),-0.0,0.0,False
FGF8 (2253),0.0,0.0,False
EDRF1 (26098),0.0,0.0,False
BCCIP (56647),-0.0,0.0,False
MTPAP (55149),-0.0,0.0,False
TASOR2 (54906),0.0,0.0,False
CUL2 (8453),0.0,0.0,False
CCDC6 (8030),-0.0,0.0,False
TFAM (7019),-0.0,0.0,False
SHOC2 (8036),0.0,0.0,False
SMC3 (9126),-0.0,0.0,False
XPNPEP1 (7511),-0.0,0.0,False
SORCS1 (114815),-0.0,0.0,False
NEURL1 (9148),0.0,0.0,False
GLRX3 (10539),-0.0,0.0,False
EBF3 (253738),0.0,0.0,False
MAP3K8 (1326),0.0,0.0,False
STN1 (79991),-0.0,0.0,False
PITRM1 (10531),-0.0,0.0,False
SH3PXD2A (9644),-0.0,0.0,False
BBC3 (27113),-0.0,0.0,False
HNRNPUL1 (11100),-0.0,0.0,False
NSD2 (7468),-0.0,0.0,False
SYTL4 (94121),-0.0,0.0,False
KLF8 (11279),0.0,0.0,False
RBM3 (5935),-0.0,0.0,False
MAGED2 (10916),0.0,0.0,False
ITIH6 (347365),-0.0,0.0,False
PORCN (64840),-0.0,0.0,False
PIN4 (5303),-0.0,0.0,False
FGD1 (2245),0.0,0.0,False
PCDH11X (27328),0.0,0.0,False
GABRE (2564),-0.0,0.0,False
KLHL4 (56062),0.0,0.0,False
TIMP1 (7076),-0.0,0.0,False
CD40LG (959),-0.0,0.0,False
VGLL1 (51442),-0.0,0.0,False
HTATSF1 (27336),-0.0,0.0,False
BRS3 (680),0.0,0.0,False
SRPX2 (27286),0.0,0.0,False
ZDHHC15 (158866),-0.0,0.0,False
CMC2 (56942),0.0,0.0,False
CENPI (2491),0.0,0.0,False
CAB39L (81617),0.0,0.0,False
CDADC1 (81602),0.0,0.0,False
MLNR (2862),0.0,0.0,False
FNDC3A (22862),-0.0,0.0,False
TNFSF13B (10673),-0.0,0.0,False
NDFIP2 (54602),-0.0,0.0,False
HTR2A (3356),0.0,0.0,False
FGF14 (2259),-0.0,0.0,False
NALCN (259232),-0.0,0.0,False
RUBCNL (80183),-0.0,0.0,False
BEX4 (56271),0.0,0.0,False
ARMCX3 (51566),0.0,0.0,False
GLA (2717),-0.0,0.0,False
PBDC1 (51260),-0.0,0.0,False
DRP2 (1821),-0.0,0.0,False
PCYT1B (9468),-0.0,0.0,False
USP11 (8237),-0.0,0.0,False
CDK16 (5127),0.0,0.0,False
JADE3 (9767),0.0,0.0,False
PIM2 (11040),0.0,0.0,False
FMR1 (2332),-0.0,0.0,False
SLC25A14 (9016),-0.0,0.0,False
OPN1LW (5956),-0.0,0.0,False
KCND1 (3750),0.0,0.0,False
PPP1R2C (80316),-0.0,0.0,False
RBBP7 (5931),0.0,0.0,False
ZC3H12B (340554),0.0,0.0,False
ASB9 (140462),-0.0,0.0,False
MTMR8 (55613),0.0,0.0,False
SMARCA1 (6594),-0.0,0.0,False
ELF4 (2000),0.0,0.0,False
NAA10 (8260),-0.0,0.0,False
PLS3 (5358),0.0,0.0,False
LUZP4 (51213),0.0,0.0,False
SCML2 (10389),0.0,0.0,False
SLC35A2 (7355),0.0,0.0,False
PQBP1 (10084),0.0,0.0,False
SMS (6611),0.0,0.0,False
RP2 (6102),0.0,0.0,False
GPR50 (9248),0.0,0.0,False
EEA1 (8411),0.0,0.0,False
CD99L2 (83692),0.0,0.0,False
UBL4A (8266),0.0,0.0,False
PHEX (5251),0.0,0.0,False
MAGT1 (84061),0.0,0.0,False
RS1 (6247),0.0,0.0,False
GATA1 (2623),-0.0,0.0,False
PGK1 (5230),-0.0,0.0,False
RAB40AL (282808),-0.0,0.0,False
TAFAZZIN (6901),0.0,0.0,False
EMD (2010),0.0,0.0,False
PCSK1N (27344),0.0,0.0,False
KLF5 (688),0.0,0.0,False
ACP5 (54),-0.0,0.0,False
DNAJC3 (5611),-0.0,0.0,False
NFAT5 (10725),-0.0,0.0,False
USB1 (79650),-0.0,0.0,False
MMP15 (4324),-0.0,0.0,False
ZNF821 (55565),-0.0,0.0,False
PARD6A (50855),-0.0,0.0,False
POLR2C (5432),-0.0,0.0,False
ACD (65057),-0.0,0.0,False
CTCF (10664),-0.0,0.0,False
CCL17 (6361),-0.0,0.0,False
DHODH (1723),-0.0,0.0,False
CCL22 (6367),-0.0,0.0,False
ZNF423 (23090),0.0,0.0,False
PLLP (51090),-0.0,0.0,False
ARL2BP (23568),-0.0,0.0,False
CBLN1 (869),-0.0,0.0,False
N4BP1 (9683),-0.0,0.0,False
CFAP263 (29070),0.0,0.0,False
PRSS54 (221191),-0.0,0.0,False
NME3 (4832),-0.0,0.0,False
SMPD3 (55512),0.0,0.0,False
WDR59 (79726),0.0,0.0,False
FA2H (79152),-0.0,0.0,False
ESRP2 (80004),0.0,0.0,False
PLA2G15 (23659),0.0,0.0,False
SLC7A6 (9057),-0.0,0.0,False
SLC7A6OS (84138),-0.0,0.0,False
COG4 (25839),-0.0,0.0,False
NDRG4 (65009),-0.0,0.0,False
TANGO6 (79613),-0.0,0.0,False
HAS3 (3038),-0.0,0.0,False
VAC14 (55697),-0.0,0.0,False
SLC38A7 (55238),-0.0,0.0,False
SETD6 (79918),-0.0,0.0,False
PSMD7 (5713),0.0,0.0,False
LONP2 (83752),-0.0,0.0,False
TSNAXIP1 (55815),0.0,0.0,False
UGGT2 (55757),-0.0,0.0,False
CENPT (80152),0.0,0.0,False
ACOD1 (730249),-0.0,0.0,False
INTS6 (26512),0.0,0.0,False
KATNAL1 (84056),-0.0,0.0,False
DGKH (160851),0.0,0.0,False
VWA8 (23078),-0.0,0.0,False
RGCC (28984),0.0,0.0,False
FLT1 (2321),-0.0,0.0,False
KPNA3 (3839),0.0,0.0,False
SLC25A15 (10166),0.0,0.0,False
MRPS31 (10240),-0.0,0.0,False
SUPT20H (55578),0.0,0.0,False
PARP4 (143),-0.0,0.0,False
SGCG (6445),0.0,0.0,False
FGF9 (2254),0.0,0.0,False
ARHGEF7 (8874),-0.0,0.0,False
DHRS12 (79758),-0.0,0.0,False
MEDAG (84935),0.0,0.0,False
TSC22D1 (8848),-0.0,0.0,False
GDPD3 (79153),0.0,0.0,False
NUP93 (9688),-0.0,0.0,False
NUTF2 (10204),-0.0,0.0,False
LYRM1 (57149),0.0,0.0,False
PHKB (5257),-0.0,0.0,False
MT4 (84560),0.0,0.0,False
ELMO3 (79767),-0.0,0.0,False
MAPK3 (5595),0.0,0.0,False
CLN5 (1203),-0.0,0.0,False
CORO1A (11151),-0.0,0.0,False
HSF4 (3299),-0.0,0.0,False
ZNF629 (23361),0.0,0.0,False
MGRN1 (23295),0.0,0.0,False
MSLN (10232),0.0,0.0,False
OLFM4 (10562),-0.0,0.0,False
BMX (660),-0.0,0.0,False
PLP2 (5355),-0.0,0.0,False
SYP (6855),0.0,0.0,False
SEC23B (10483),-0.0,0.0,False
MANBAL (63905),0.0,0.0,False
NOP56 (10528),-0.0,0.0,False
MROH8 (140699),-0.0,0.0,False
KIF3B (9371),0.0,0.0,False
PAK5 (57144),0.0,0.0,False
SAMHD1 (25939),0.0,0.0,False
POFUT1 (23509),0.0,0.0,False
CRNKL1 (51340),-0.0,0.0,False
TLDC2 (140711),-0.0,0.0,False
TM9SF4 (9777),0.0,0.0,False
HCK (3055),0.0,0.0,False
MYL9 (10398),0.0,0.0,False
CCM2L (140706),0.0,0.0,False
PDYN (5173),0.0,0.0,False
HAO1 (54363),-0.0,0.0,False
IDH3B (3420),-0.0,0.0,False
MAPRE1 (22919),0.0,0.0,False
JAG1 (182),-0.0,0.0,False
BPI (671),-0.0,0.0,False
WFDC2 (10406),-0.0,0.0,False
ACTR5 (79913),0.0,0.0,False
ASIP (434),0.0,0.0,False
CST3 (1471),-0.0,0.0,False
SLC32A1 (140679),0.0,0.0,False
CST9L (128821),-0.0,0.0,False
CHMP4B (128866),0.0,0.0,False
CDK5RAP1 (51654),0.0,0.0,False
PXMP4 (11264),0.0,0.0,False
RPRD1B (58490),0.0,0.0,False
E2F1 (1869),0.0,0.0,False
TTI1 (9675),0.0,0.0,False
OXT (5020),-0.0,0.0,False
SNTA1 (6640),0.0,0.0,False
FERMT1 (55612),-0.0,0.0,False
SIRPB1 (10326),0.0,0.0,False
PPP1R16B (26051),0.0,0.0,False
MYLK2 (85366),0.0,0.0,False
PTK6 (5753),-0.0,0.0,False
EEF1A2 (1917),-0.0,0.0,False
CHRNA4 (1137),0.0,0.0,False
COL20A1 (57642),0.0,0.0,False
ARFGAP1 (55738),0.0,0.0,False
NKAIN4 (128414),-0.0,0.0,False
SLC17A9 (63910),-0.0,0.0,False
GID8 (54994),0.0,0.0,False
DIDO1 (11083),0.0,0.0,False
TCFL5 (10732),-0.0,0.0,False
MRGBP (55257),0.0,0.0,False
NTSR1 (4923),-0.0,0.0,False
SLCO4A1 (28231),0.0,0.0,False
PSMA7 (5688),-0.0,0.0,False
MTG2 (26164),-0.0,0.0,False
GMEB2 (26205),0.0,0.0,False
ADISSP (54976),-0.0,0.0,False
SPEF1 (25876),0.0,0.0,False
CSNK2A1 (1457),-0.0,0.0,False
SNPH (9751),-0.0,0.0,False
HM13 (81502),0.0,0.0,False
PROKR2 (128674),-0.0,0.0,False
RSPO4 (343637),0.0,0.0,False
ANGPT4 (51378),0.0,0.0,False
SLC52A3 (113278),-0.0,0.0,False
RASSF2 (9770),-0.0,0.0,False
CDC25B (994),-0.0,0.0,False
TRIB3 (57761),-0.0,0.0,False
SEL1L2 (80343),0.0,0.0,False
NDUFAF5 (79133),-0.0,0.0,False
ARFRP1 (10139),0.0,0.0,False
RNF24 (11237),0.0,0.0,False
ISM1 (140862),-0.0,0.0,False
AHCY (191),-0.0,0.0,False
SPINT3 (10816),-0.0,0.0,False
CACNA1F (778),0.0,0.0,False
H2BW2 (286436),0.0,0.0,False
MCTS2 (100101490),-0.0,0.0,False
ATP1B4 (23439),-0.0,0.0,False
GUCY2F (2986),0.0,0.0,False
NXT2 (55916),-0.0,0.0,False
RHOXF1 (158800),0.0,0.0,False
NKAP (79576),-0.0,0.0,False
MID1 (4281),0.0,0.0,False
POLA1 (5422),0.0,0.0,False
PGRMC1 (10857),0.0,0.0,False
GPR143 (4935),0.0,0.0,False
TBL1X (6907),0.0,0.0,False
STS (412),0.0,0.0,False
ATG4A (115201),-0.0,0.0,False
PSMD10 (5716),0.0,0.0,False
VSIG1 (340547),-0.0,0.0,False
ALG13 (79868),0.0,0.0,False
PRPS2 (5634),0.0,0.0,False
TLR8 (51311),0.0,0.0,False
XIAP (331),0.0,0.0,False
CCDC22 (28952),0.0,0.0,False
ABCD1 (215),-0.0,0.0,False
F9 (2158),-0.0,0.0,False
MCF2 (4168),-0.0,0.0,False
ATP11C (286410),0.0,0.0,False
STAG2 (10735),-0.0,0.0,False
GLRA2 (2742),0.0,0.0,False
MOSPD1 (56180),0.0,0.0,False
SRPX (8406),-0.0,0.0,False
PAGE4 (9506),-0.0,0.0,False
SUV39H1 (6839),0.0,0.0,False
WDR13 (64743),0.0,0.0,False
CHRDL1 (91851),0.0,0.0,False
AMMECR1 (9949),-0.0,0.0,False
MXRA5 (25878),0.0,0.0,False
CSTF2 (1478),0.0,0.0,False
FAM83D (81610),0.0,0.0,False
RIOK3 (8780),-0.0,0.0,False
VAPA (9218),-0.0,0.0,False
USP14 (9097),-0.0,0.0,False
RBFA (79863),0.0,0.0,False
ADNP2 (22850),0.0,0.0,False
CDH20 (28316),0.0,0.0,False
ZNF516 (9658),0.0,0.0,False
CELF4 (56853),0.0,0.0,False
APMAP (57136),-0.0,0.0,False
ACOT8 (10005),0.0,0.0,False
TNNC2 (7125),-0.0,0.0,False
PIGU (128869),-0.0,0.0,False
SYNDIG1 (79953),0.0,0.0,False
DNTTIP1 (116092),0.0,0.0,False
DHX35 (60625),0.0,0.0,False
EPPIN (57119),0.0,0.0,False
METTL4 (64863),-0.0,0.0,False
LPIN2 (9663),0.0,0.0,False
SMCHD1 (23347),-0.0,0.0,False
LAMA1 (284217),0.0,0.0,False
RBBP8 (5932),-0.0,0.0,False
MIB1 (57534),0.0,0.0,False
POLI (11201),0.0,0.0,False
NOL4 (8715),0.0,0.0,False
ANKRD12 (23253),-0.0,0.0,False
RNF125 (54941),-0.0,0.0,False
LIPG (9388),-0.0,0.0,False
MYOM1 (8736),-0.0,0.0,False
SMAD7 (4092),0.0,0.0,False
RNMT (8731),-0.0,0.0,False
CEP192 (55125),-0.0,0.0,False
ST8SIA5 (29906),-0.0,0.0,False
CEP76 (79959),-0.0,0.0,False
MYL12A (10627),-0.0,0.0,False
MON1B (22879),-0.0,0.0,False
AXIN1 (8312),-0.0,0.0,False
CCDC9 (26093),0.0,0.0,False
RELB (5971),-0.0,0.0,False
SNRNP70 (6625),0.0,0.0,False
KCNA7 (3743),-0.0,0.0,False
SARS2 (54938),-0.0,0.0,False
TUBB4A (10382),-0.0,0.0,False
CGB3 (1082),0.0,0.0,False
LHB (3972),-0.0,0.0,False
NFKBIB (4793),-0.0,0.0,False
HNRNPL (3191),-0.0,0.0,False
ECH1 (1891),0.0,0.0,False
CGB2 (114336),0.0,0.0,False
GYS1 (2997),0.0,0.0,False
NUCB1 (4924),0.0,0.0,False
TULP2 (7288),-0.0,0.0,False
MAN2B1 (4125),-0.0,0.0,False
BNIP3L (665),-0.0,0.0,False
CLPTM1 (1209),-0.0,0.0,False
CLASRP (11129),-0.0,0.0,False
HCFC1R1 (54985),-0.0,0.0,False
LIN7B (64130),0.0,0.0,False
SF3A2 (8175),0.0,0.0,False
CD37 (951),-0.0,0.0,False
KLC3 (147700),0.0,0.0,False
RNASEH2A (10535),0.0,0.0,False
SLC17A7 (57030),0.0,0.0,False
PLEKHJ1 (55111),-0.0,0.0,False
DOT1L (84444),0.0,0.0,False
ERCC2 (2068),0.0,0.0,False
PEX11G (92960),-0.0,0.0,False
PPP1R13L (10848),0.0,0.0,False
ARHGEF18 (23370),0.0,0.0,False
CKM (1158),0.0,0.0,False
PIH1D1 (55011),-0.0,0.0,False
FCGRT (2217),-0.0,0.0,False
PPP1R37 (284352),-0.0,0.0,False
ASAH1 (427),-0.0,0.0,False
FGL1 (2267),-0.0,0.0,False
KCTD9 (54793),-0.0,0.0,False
ADAM2 (2515),-0.0,0.0,False
ANXA13 (312),-0.0,0.0,False
EEF1D (1936),-0.0,0.0,False
PYCR3 (65263),0.0,0.0,False
GFUS (7264),-0.0,0.0,False
GSDMD (79792),0.0,0.0,False
UBR5 (51366),0.0,0.0,False
GML (2765),0.0,0.0,False
SNX16 (64089),0.0,0.0,False
NCALD (83988),0.0,0.0,False
CHRAC1 (54108),-0.0,0.0,False
SPAG1 (6674),0.0,0.0,False
TRPS1 (7227),0.0,0.0,False
ARMC1 (55156),0.0,0.0,False
STMN2 (11075),-0.0,0.0,False
IL7 (3574),-0.0,0.0,False
SQLE (6713),-0.0,0.0,False
SH2D4A (63898),0.0,0.0,False
INTS10 (55174),0.0,0.0,False
UBXN8 (7993),0.0,0.0,False
MCM4 (4173),-0.0,0.0,False
KLHDC4 (54758),0.0,0.0,False
TUSC3 (7991),0.0,0.0,False
NEFM (4741),-0.0,0.0,False
ERICH1 (157697),0.0,0.0,False
PPP2CB (5516),0.0,0.0,False
TNFRSF10A (8797),0.0,0.0,False
ERI1 (90459),0.0,0.0,False
GSR (2936),0.0,0.0,False
R3HCC1 (203069),-0.0,0.0,False
DCTN6 (10671),-0.0,0.0,False
LEPROTL1 (23484),-0.0,0.0,False
MTMR9 (66036),0.0,0.0,False
SLC39A14 (23516),-0.0,0.0,False
AMH (268),-0.0,0.0,False
DKKL1 (27120),0.0,0.0,False
OAZ1 (4946),0.0,0.0,False
CASP14 (23581),-0.0,0.0,False
AKT2 (208),0.0,0.0,False
GPI (2821),-0.0,0.0,False
CCNP (79935),0.0,0.0,False
CLC (1178),-0.0,0.0,False
DYRK1B (9149),0.0,0.0,False
FBL (2091),0.0,0.0,False
LGALS13 (29124),0.0,0.0,False
TIMM50 (92609),-0.0,0.0,False
RPS16 (6217),0.0,0.0,False
ANKRD27 (84079),0.0,0.0,False
PDCD5 (9141),0.0,0.0,False
URI1 (8725),0.0,0.0,False
CCNE1 (898),0.0,0.0,False
POP4 (10775),-0.0,0.0,False
AURKC (6795),0.0,0.0,False
PLD3 (23646),0.0,0.0,False
PRX (57716),0.0,0.0,False
PIAS4 (51588),0.0,0.0,False
CLIP3 (25999),0.0,0.0,False
CACTIN (58509),0.0,0.0,False
APLP1 (333),-0.0,0.0,False
TJP3 (27134),0.0,0.0,False
PRKD2 (25865),-0.0,0.0,False
SLC1A5 (6510),0.0,0.0,False
ZFR2 (23217),-0.0,0.0,False
OVOL3 (728361),0.0,0.0,False
NUMBL (9253),0.0,0.0,False
POLR2I (5438),0.0,0.0,False
FSD1 (79187),0.0,0.0,False
TBCB (1155),0.0,0.0,False
SHD (56961),-0.0,0.0,False
YJU2 (55702),-0.0,0.0,False
EBI3 (10148),-0.0,0.0,False
SLC1A6 (6511),-0.0,0.0,False
SYDE1 (85360),-0.0,0.0,False
TRMT1 (55621),0.0,0.0,False
ZNF419 (79744),0.0,0.0,False
MED25 (81857),0.0,0.0,False
LILRB1 (10859),-0.0,0.0,False
SGTA (6449),0.0,0.0,False
NOVA2 (4858),-0.0,0.0,False
TLE5 (166),-0.0,0.0,False
PTOV1 (53635),0.0,0.0,False
YJU2B (81576),0.0,0.0,False
TLE6 (79816),-0.0,0.0,False
IL4I1 (259307),0.0,0.0,False
TBC1D17 (79735),0.0,0.0,False
RSPH6A (81492),0.0,0.0,False
CLEC4M (10332),0.0,0.0,False
DMPK (1760),-0.0,0.0,False
RETN (56729),-0.0,0.0,False
STX10 (8677),-0.0,0.0,False
LILRA1 (11024),-0.0,0.0,False
SNAPC2 (6618),0.0,0.0,False
C19orf53 (28974),0.0,0.0,False
C19orf44 (84167),0.0,0.0,False
ILVBL (10994),-0.0,0.0,False
EPHX3 (79852),-0.0,0.0,False
AKAP8 (10270),-0.0,0.0,False
RASAL3 (64926),0.0,0.0,False
OLFM2 (93145),-0.0,0.0,False
MED26 (9441),-0.0,0.0,False
PPP6R1 (22870),-0.0,0.0,False
TIMM44 (10469),0.0,0.0,False
FAM32A (26017),-0.0,0.0,False
VRK3 (51231),-0.0,0.0,False
TNNT1 (7138),-0.0,0.0,False
ASF1B (55723),0.0,0.0,False
IL27RA (9466),0.0,0.0,False
CCDC61 (729440),-0.0,0.0,False
ZC2HC1A (51101),-0.0,0.0,False
NDRG1 (10397),0.0,0.0,False
CCN4 (8840),0.0,0.0,False
CAPN15 (6650),0.0,0.0,False
SALL1 (6299),0.0,0.0,False
BFAR (51283),-0.0,0.0,False
DNAJA3 (9093),0.0,0.0,False
HMOX2 (3163),0.0,0.0,False
USP31 (57478),0.0,0.0,False
CPPED1 (55313),0.0,0.0,False
AQP8 (343),-0.0,0.0,False
GGA2 (23062),0.0,0.0,False
ELOB (6923),0.0,0.0,False
EARS2 (124454),-0.0,0.0,False
PRSS33 (260429),-0.0,0.0,False
UBFD1 (56061),0.0,0.0,False
CLUAP1 (23059),0.0,0.0,False
ZNF174 (7727),0.0,0.0,False
GSPT1 (2935),0.0,0.0,False
TOX3 (27324),0.0,0.0,False
RBL2 (5934),0.0,0.0,False
QPRT (23475),0.0,0.0,False
NOMO1 (23420),0.0,0.0,False
SLC6A2 (6530),-0.0,0.0,False
VPS35L (57020),-0.0,0.0,False
CCP110 (9738),-0.0,0.0,False
TMC5 (79838),-0.0,0.0,False
SYT17 (51760),0.0,0.0,False
IL21R (50615),-0.0,0.0,False
KAT8 (84148),0.0,0.0,False
XYLT1 (64131),0.0,0.0,False
BCKDK (10295),0.0,0.0,False
CDIPT (10423),0.0,0.0,False
STX4 (6810),-0.0,0.0,False
MAZ (4150),0.0,0.0,False
RPGRIP1L (23322),0.0,0.0,False
PYCARD (29108),-0.0,0.0,False
PIEZO1 (9780),0.0,0.0,False
EEF2K (29904),0.0,0.0,False
KNOP1 (400506),0.0,0.0,False
CRYM (1428),-0.0,0.0,False
NME4 (4833),-0.0,0.0,False
ZNF500 (26048),0.0,0.0,False
TSC2 (7249),0.0,0.0,False
CRISPLD2 (83716),0.0,0.0,False
USP10 (9100),0.0,0.0,False
COTL1 (23406),-0.0,0.0,False
SEC14L5 (9717),0.0,0.0,False
WFDC1 (58189),-0.0,0.0,False
NAGPA (51172),-0.0,0.0,False
TAF1C (9013),-0.0,0.0,False
HSDL1 (83693),0.0,0.0,False
NECAB2 (54550),0.0,0.0,False
MPG (4350),-0.0,0.0,False
MLYCD (23417),-0.0,0.0,False
NPRL3 (8131),0.0,0.0,False
ABCC1 (4363),0.0,0.0,False
NOMO3 (408050),0.0,0.0,False
LMF1 (64788),0.0,0.0,False
FBXO31 (79791),0.0,0.0,False
MEFV (4210),0.0,0.0,False
ZP2 (7783),0.0,0.0,False
UBE2I (7329),-0.0,0.0,False
NUBP1 (4682),-0.0,0.0,False
RHBDL1 (9028),0.0,0.0,False
STUB1 (10273),0.0,0.0,False
METRN (79006),-0.0,0.0,False
FOXF1 (2294),0.0,0.0,False
SLC7A5 (8140),-0.0,0.0,False
ANTKMT (65990),-0.0,0.0,False
HAGHL (84264),-0.0,0.0,False
CLCN7 (1186),0.0,0.0,False
MTHFSD (64779),0.0,0.0,False
CIAO3 (64428),0.0,0.0,False
RNF40 (9810),0.0,0.0,False
AQP9 (366),-0.0,0.0,False
ESRP1 (54845),0.0,0.0,False
OIP5 (11339),0.0,0.0,False
EYA1 (2138),-0.0,0.0,False
RIPK2 (8767),-0.0,0.0,False
INTS9 (55756),-0.0,0.0,False
FZD3 (7976),-0.0,0.0,False
CA2 (760),-0.0,0.0,False
RP1 (6101),0.0,0.0,False
ZFAND1 (79752),0.0,0.0,False
TRIM35 (23087),-0.0,0.0,False
BRF2 (55290),0.0,0.0,False
ZDHHC2 (51201),-0.0,0.0,False
CSPP1 (79848),0.0,0.0,False
PDGFRL (5157),0.0,0.0,False
SGK3 (23678),0.0,0.0,False
MYEF2 (50804),0.0,0.0,False
BLOC1S6 (26258),-0.0,0.0,False
NBN (4683),-0.0,0.0,False
TRPA1 (8989),0.0,0.0,False
CPQ (10404),0.0,0.0,False
JPH1 (56704),0.0,0.0,False
EMC2 (9694),0.0,0.0,False
EIF3E (3646),-0.0,0.0,False
RAB2A (5862),0.0,0.0,False
GDAP1 (54332),-0.0,0.0,False
STK3 (6788),-0.0,0.0,False
DKK4 (27121),-0.0,0.0,False
IKBKB (3551),-0.0,0.0,False
DECR1 (1666),-0.0,0.0,False
NIPAL2 (79815),0.0,0.0,False
POP1 (10940),0.0,0.0,False
LAPTM4B (55353),0.0,0.0,False
SFRP1 (6422),-0.0,0.0,False
BPNT2 (54928),0.0,0.0,False
CALB1 (793),0.0,0.0,False
SLC30A4 (7782),-0.0,0.0,False
VPS18 (57617),-0.0,0.0,False
AAGAB (79719),-0.0,0.0,False
RHOV (171177),-0.0,0.0,False
CEMIP (57214),0.0,0.0,False
FAH (2184),-0.0,0.0,False
CD276 (80381),-0.0,0.0,False
RAB11A (8766),-0.0,0.0,False
IGDCC4 (57722),-0.0,0.0,False
ACSBG1 (23205),-0.0,0.0,False
AP3B2 (8120),-0.0,0.0,False
RASL12 (51285),0.0,0.0,False
MTFMT (123263),-0.0,0.0,False
TRIP4 (9325),-0.0,0.0,False
HERC1 (8925),0.0,0.0,False
CSK (1445),-0.0,0.0,False
CORO2B (10391),0.0,0.0,False
LACTB (114294),-0.0,0.0,False
IQCH (64799),0.0,0.0,False
RPAP1 (26015),0.0,0.0,False
HOMER2 (9455),0.0,0.0,False
EHD4 (30844),0.0,0.0,False
TJP1 (7082),-0.0,0.0,False
SPG11 (80208),-0.0,0.0,False
EIF3J (8669),-0.0,0.0,False
DNAJC17 (55192),0.0,0.0,False
SCG3 (29106),0.0,0.0,False
DMXL2 (23312),-0.0,0.0,False
BMF (90427),0.0,0.0,False
GABPB1 (2553),0.0,0.0,False
TMEM87A (25963),-0.0,0.0,False
TGM5 (9333),-0.0,0.0,False
DTWD1 (56986),0.0,0.0,False
OCA2 (4948),-0.0,0.0,False
ATP8B4 (79895),-0.0,0.0,False
CEP152 (22995),0.0,0.0,False
ZNF106 (64397),-0.0,0.0,False
CLNK (116449),0.0,0.0,False
SH3D19 (152503),0.0,0.0,False
PRELID3B (51012),0.0,0.0,False
ARID3A (1820),0.0,0.0,False
KISS1R (84634),0.0,0.0,False
PCYOX1 (51449),0.0,0.0,False
TIA1 (7072),-0.0,0.0,False
C2orf42 (54980),-0.0,0.0,False
TRAK2 (66008),0.0,0.0,False
AAK1 (22848),-0.0,0.0,False
THADA (63892),0.0,0.0,False
ATF2 (1386),-0.0,0.0,False
RND3 (390),-0.0,0.0,False
PLEK (5341),-0.0,0.0,False
ORC4 (5000),0.0,0.0,False
PNO1 (56902),0.0,0.0,False
COX7A2L (9167),-0.0,0.0,False
ORC2 (4999),-0.0,0.0,False
WIPF1 (7456),-0.0,0.0,False
EPAS1 (2034),0.0,0.0,False
SUMO1 (7341),-0.0,0.0,False
AMPD1 (270),-0.0,0.0,False
CD207 (50489),0.0,0.0,False
DNAJC16 (23341),0.0,0.0,False
DHCR24 (1718),0.0,0.0,False
PRRX1 (5396),-0.0,0.0,False
BCL9 (607),0.0,0.0,False
ALMS1 (7840),0.0,0.0,False
FARSB (10056),0.0,0.0,False
PARD3B (117583),0.0,0.0,False
EPHA4 (2043),-0.0,0.0,False
SPR (6697),-0.0,0.0,False
PLEKHA3 (65977),0.0,0.0,False
MSH6 (2956),-0.0,0.0,False
NFE2L2 (4780),-0.0,0.0,False
ATP6V1B1 (525),0.0,0.0,False
VAX2 (25806),-0.0,0.0,False
GRIN3B (116444),0.0,0.0,False
KYNU (8942),-0.0,0.0,False
SOS1 (6654),0.0,0.0,False
SLC1A4 (6509),-0.0,0.0,False
PLCL1 (5334),-0.0,0.0,False
HPCAL1 (3241),-0.0,0.0,False
TAF1B (9014),-0.0,0.0,False
ID2 (3398),-0.0,0.0,False
PROC (5624),-0.0,0.0,False
TPO (7173),0.0,0.0,False
STK25 (10494),0.0,0.0,False
PASK (23178),-0.0,0.0,False
PPP1R7 (5510),0.0,0.0,False
HDLBP (3069),0.0,0.0,False
SLC5A7 (60482),-0.0,0.0,False
STK16 (8576),0.0,0.0,False
ABCB6 (10058),-0.0,0.0,False
UXS1 (80146),0.0,0.0,False
CNPPD1 (27013),-0.0,0.0,False
MLPH (79083),-0.0,0.0,False
ODC1 (4953),0.0,0.0,False
BIRC6 (57448),-0.0,0.0,False
NOL10 (79954),-0.0,0.0,False
SLC25A12 (8604),0.0,0.0,False
SDC1 (6382),0.0,0.0,False
SRSF7 (6432),-0.0,0.0,False
DARS1 (1615),-0.0,0.0,False
LCT (3938),-0.0,0.0,False
DLX2 (1746),-0.0,0.0,False
RMDN2 (151393),-0.0,0.0,False
RAB3GAP1 (22930),0.0,0.0,False
PLEKHB2 (55041),-0.0,0.0,False
QPCT (25797),0.0,0.0,False
DCAF17 (80067),0.0,0.0,False
PRKD3 (23683),0.0,0.0,False
CEBPZ (10153),-0.0,0.0,False
STRN (6801),-0.0,0.0,False
GORASP2 (26003),0.0,0.0,False
MARK1 (4139),0.0,0.0,False
TNR (7143),-0.0,0.0,False
MORN1 (79906),0.0,0.0,False
RNF19B (127544),-0.0,0.0,False
MAD2L2 (10459),0.0,0.0,False
SWT1 (54823),-0.0,0.0,False
C1orf21 (81563),-0.0,0.0,False
FBXO2 (26232),0.0,0.0,False
SRM (6723),0.0,0.0,False
DOCK7 (85440),-0.0,0.0,False
MEF2D (4209),-0.0,0.0,False
LAMTOR2 (28956),-0.0,0.0,False
ARHGEF2 (9181),-0.0,0.0,False
GON4L (54856),0.0,0.0,False
RHOU (58480),-0.0,0.0,False
SFPQ (6421),0.0,0.0,False
DLGAP3 (58512),0.0,0.0,False
ASH1L (55870),0.0,0.0,False
TRIM62 (55223),0.0,0.0,False
DNAJC6 (9829),0.0,0.0,False
LEPR (3953),0.0,0.0,False
IVNS1ABP (10625),-0.0,0.0,False
GADD45A (1647),0.0,0.0,False
RPE65 (6121),-0.0,0.0,False
RGS2 (5997),-0.0,0.0,False
PRDM2 (7799),0.0,0.0,False
WLS (79971),-0.0,0.0,False
PRAMEF12 (390999),-0.0,0.0,False
PRAMEF1 (65121),0.0,0.0,False
PLA2G4A (5321),-0.0,0.0,False
KIAA2013 (90231),0.0,0.0,False
SLC35D1 (23169),-0.0,0.0,False
PDC (5132),0.0,0.0,False
NCF2 (4688),-0.0,0.0,False
SMG7 (9887),0.0,0.0,False
PRG4 (10216),-0.0,0.0,False
MFN2 (9927),0.0,0.0,False
SCAMP3 (10067),-0.0,0.0,False
S100PBP (64766),0.0,0.0,False
GPX7 (2882),0.0,0.0,False
CAPZA1 (829),-0.0,0.0,False
ICMT (23463),0.0,0.0,False
MRPL37 (51253),0.0,0.0,False
NPHS2 (7827),0.0,0.0,False
WRAP73 (49856),0.0,0.0,False
LRRC42 (115353),0.0,0.0,False
TMEM59 (9528),-0.0,0.0,False
TCEANC2 (127428),0.0,0.0,False
FAM20B (9917),-0.0,0.0,False
CEP104 (9731),0.0,0.0,False
ANGPTL1 (9068),-0.0,0.0,False
RALGPS2 (55103),0.0,0.0,False
PAPPA2 (60676),0.0,0.0,False
TPSG1 (25823),0.0,0.0,False
SCP2 (6342),0.0,0.0,False
CACYBP (27101),-0.0,0.0,False
RPL22 (6146),0.0,0.0,False
CHD5 (26038),-0.0,0.0,False
QSOX1 (5768),-0.0,0.0,False
MECR (51102),0.0,0.0,False
HDAC1 (3065),-0.0,0.0,False
RAP1A (5906),-0.0,0.0,False
ATP5PB (515),-0.0,0.0,False
WDR77 (79084),-0.0,0.0,False
EDEM3 (80267),-0.0,0.0,False
KCNC4 (3749),-0.0,0.0,False
SRSF4 (6429),0.0,0.0,False
STXBP3 (6814),-0.0,0.0,False
AMPD2 (271),0.0,0.0,False
OPRD1 (4985),-0.0,0.0,False
ELAPOR1 (57535),0.0,0.0,False
PARK7 (11315),0.0,0.0,False
ERRFI1 (54206),-0.0,0.0,False
PHF13 (148479),0.0,0.0,False
FHL2 (2274),-0.0,0.0,False
SLC9A2 (6549),0.0,0.0,False
IL18RAP (8807),0.0,0.0,False
LMAN2L (81562),0.0,0.0,False
SF3B6 (51639),0.0,0.0,False
TFCP2L1 (29842),0.0,0.0,False
EPB41L5 (57669),0.0,0.0,False
STEAP3 (55240),-0.0,0.0,False
ACTR3 (10096),0.0,0.0,False
ZAP70 (7535),0.0,0.0,False
SLC35F5 (80255),0.0,0.0,False
ACTR1B (10120),0.0,0.0,False
NCL (4691),-0.0,0.0,False
FAHD2A (51011),-0.0,0.0,False
KCNIP3 (30818),0.0,0.0,False
PIKFYVE (200576),-0.0,0.0,False
CCL20 (6364),-0.0,0.0,False
IL1A (3552),-0.0,0.0,False
TTL (150465),-0.0,0.0,False
TP53I3 (9540),-0.0,0.0,False
DNAJC27 (51277),-0.0,0.0,False
POMC (5443),0.0,0.0,False
MPV17 (4358),-0.0,0.0,False
ITGA4 (3676),0.0,0.0,False
FNDC4 (64838),-0.0,0.0,False
ITGB6 (3694),-0.0,0.0,False
NRBP1 (29959),0.0,0.0,False
EIF2B4 (8890),0.0,0.0,False
GTF3C2 (2976),-0.0,0.0,False
SLC30A3 (7781),0.0,0.0,False
STAM2 (10254),-0.0,0.0,False
TANC1 (85461),0.0,0.0,False
ACVR1 (90),-0.0,0.0,False
CYTIP (9595),0.0,0.0,False
CENPA (1058),-0.0,0.0,False
GPD2 (2820),-0.0,0.0,False
OTOF (9381),0.0,0.0,False
RTKN (6242),-0.0,0.0,False
KANSL3 (55683),0.0,0.0,False
SNX17 (9784),-0.0,0.0,False
MOB1A (55233),0.0,0.0,False
ARHGEF26 (26084),0.0,0.0,False
EIF1B (10289),-0.0,0.0,False
ABHD14B (84836),-0.0,0.0,False
ABCC5 (10057),0.0,0.0,False
RRP9 (9136),-0.0,0.0,False
PEX5L (51555),0.0,0.0,False
GORASP1 (64689),0.0,0.0,False
COMMD2 (51122),-0.0,0.0,False
WDR48 (57599),-0.0,0.0,False
ACVR2B (93),-0.0,0.0,False
MAPKAPK3 (7867),-0.0,0.0,False
CISH (1154),0.0,0.0,False
HEMK1 (51409),0.0,0.0,False
PLSCR4 (57088),0.0,0.0,False
MRPL3 (11222),0.0,0.0,False
KLHL24 (54800),0.0,0.0,False
PLCH1 (23007),-0.0,0.0,False
VIPR1 (7433),-0.0,0.0,False
SPCS1 (28972),-0.0,0.0,False
DGUOK (1716),-0.0,0.0,False
ADAM23 (8745),-0.0,0.0,False
EEF1B2 (1933),0.0,0.0,False
INO80D (54891),0.0,0.0,False
SLC4A3 (6508),-0.0,0.0,False
NEK4 (6787),0.0,0.0,False
EIF4G1 (1981),0.0,0.0,False
DNAH1 (25981),0.0,0.0,False
FOXP1 (27086),-0.0,0.0,False
CLCN2 (1181),-0.0,0.0,False
NKTR (4820),0.0,0.0,False
TNNC1 (7134),0.0,0.0,False
ZBTB47 (92999),0.0,0.0,False
SSR3 (6747),0.0,0.0,False
PSMD14 (10213),0.0,0.0,False
ASB3 (51130),0.0,0.0,False
IL18R1 (8809),0.0,0.0,False
GLS (2744),0.0,0.0,False
COQ10B (80219),-0.0,0.0,False
TXNDC9 (10190),0.0,0.0,False
OTX1 (5013),0.0,0.0,False
NEU2 (4759),0.0,0.0,False
GGCX (2677),0.0,0.0,False
CCT4 (10575),-0.0,0.0,False
KCNJ13 (3769),0.0,0.0,False
EFHD1 (80303),0.0,0.0,False
USP34 (9736),-0.0,0.0,False
IGFBP5 (3488),0.0,0.0,False
ELMOD3 (84173),-0.0,0.0,False
IGFBP2 (3485),0.0,0.0,False
UNC50 (25972),-0.0,0.0,False
PECR (55825),0.0,0.0,False
DNAH6 (1768),0.0,0.0,False
GNLY (10578),-0.0,0.0,False
SF3B1 (23451),-0.0,0.0,False
ST3GAL5 (8869),-0.0,0.0,False
IL1R2 (7850),0.0,0.0,False
IL1RL1 (9173),0.0,0.0,False
IL1RL2 (8808),-0.0,0.0,False
WNT6 (7475),0.0,0.0,False
IL1R1 (3554),0.0,0.0,False
SMYD1 (150572),-0.0,0.0,False
PRKAG3 (53632),-0.0,0.0,False
ZNF142 (7701),0.0,0.0,False
CHST10 (9486),-0.0,0.0,False
CHMP3 (51652),-0.0,0.0,False
PLCD4 (84812),-0.0,0.0,False
KDM3A (55818),-0.0,0.0,False
HSPE1 (3336),0.0,0.0,False
MOB4 (25843),0.0,0.0,False
PDCL3 (79031),0.0,0.0,False
PAPOLG (64895),0.0,0.0,False
STAT1 (6772),0.0,0.0,False
PPM1G (5496),-0.0,0.0,False
FN1 (2335),0.0,0.0,False
CLIP4 (79745),0.0,0.0,False
GRB14 (2888),-0.0,0.0,False
PCGF1 (84759),-0.0,0.0,False
NDUFS7 (374291),-0.0,0.0,False
TTC31 (64427),-0.0,0.0,False
MOGS (7841),0.0,0.0,False
INO80B (83444),0.0,0.0,False
GCA (25801),-0.0,0.0,False
RPS15 (6209),-0.0,0.0,False
IFIH1 (64135),-0.0,0.0,False
APC2 (10297),0.0,0.0,False
GCG (2641),-0.0,0.0,False
PCSK4 (54760),0.0,0.0,False
REEP6 (92840),-0.0,0.0,False
PDE1A (5136),0.0,0.0,False
TLX2 (3196),-0.0,0.0,False
AUP1 (550),-0.0,0.0,False
RTN4 (57142),-0.0,0.0,False
EVA1A (84141),0.0,0.0,False
FANCL (55120),-0.0,0.0,False
REG1A (5967),-0.0,0.0,False
EFEMP1 (2202),-0.0,0.0,False
WDR75 (84128),0.0,0.0,False
LANCL1 (10314),-0.0,0.0,False
MRPL19 (9801),0.0,0.0,False
ACADL (33),0.0,0.0,False
HTRA2 (27429),-0.0,0.0,False
CCDC88A (55704),-0.0,0.0,False
TACR1 (6869),-0.0,0.0,False
POLE4 (56655),0.0,0.0,False
GALNT3 (2591),0.0,0.0,False
DOK1 (1796),-0.0,0.0,False
LOXL3 (84695),-0.0,0.0,False
RO60 (6738),-0.0,0.0,False
UCHL5 (51377),-0.0,0.0,False
SCAP (22937),0.0,0.0,False
CCN2 (1490),0.0,0.0,False
RNF146 (81847),0.0,0.0,False
SGK1 (6446),-0.0,0.0,False
ALDH8A1 (64577),0.0,0.0,False
MYB (4602),-0.0,0.0,False
RAB32 (10981),0.0,0.0,False
AKAP7 (9465),-0.0,0.0,False
TNFAIP3 (7128),-0.0,0.0,False
FBXO30 (84085),0.0,0.0,False
PLAGL1 (5325),0.0,0.0,False
ADGB (79747),0.0,0.0,False
ZC2HC1B (153918),0.0,0.0,False
PHF3 (23469),0.0,0.0,False
SGIP1 (84251),-0.0,0.0,False
SPACA1 (81833),-0.0,0.0,False
CNR1 (1268),0.0,0.0,False
ARG1 (383),-0.0,0.0,False
TCF21 (6943),-0.0,0.0,False
BCAS2 (10286),0.0,0.0,False
PMFBP1 (83449),-0.0,0.0,False
OLFM3 (118427),0.0,0.0,False
CASQ2 (845),-0.0,0.0,False
TGIF2 (60436),-0.0,0.0,False
RPN2 (6185),0.0,0.0,False
GHRH (2691),-0.0,0.0,False
ARMC2 (84071),0.0,0.0,False
FOXO3 (2309),0.0,0.0,False
MYL12B (103910),-0.0,0.0,False
DCLRE1B (64858),0.0,0.0,False
VAMP8 (8673),-0.0,0.0,False
ZNF430 (80264),0.0,0.0,False
RXYLT1 (10329),0.0,0.0,False
SLC16A7 (9194),-0.0,0.0,False
MED28 (80306),0.0,0.0,False
FBXL5 (26234),0.0,0.0,False
UBE3D (90025),0.0,0.0,False
HMGN3 (9324),0.0,0.0,False
CASP8AP2 (9994),0.0,0.0,False
ELOVL4 (6785),0.0,0.0,False
DDX59 (83479),-0.0,0.0,False
TNNT2 (7139),-0.0,0.0,False
KIF14 (9928),-0.0,0.0,False
RPS25 (6230),0.0,0.0,False
KPTN (11133),-0.0,0.0,False
SLC8A2 (6543),0.0,0.0,False
ZNF541 (84215),0.0,0.0,False
APOA1 (335),-0.0,0.0,False
MMP8 (4317),-0.0,0.0,False
IFT46 (56912),0.0,0.0,False
TREH (11181),-0.0,0.0,False
KMT2A (4297),0.0,0.0,False
STK11 (6794),-0.0,0.0,False
A4GNT (51146),0.0,0.0,False
STAG1 (10274),0.0,0.0,False
CAMSAP2 (23271),-0.0,0.0,False
ATF6 (22926),-0.0,0.0,False
CRYGD (1421),-0.0,0.0,False
C1orf54 (79630),0.0,0.0,False
USP35 (57558),0.0,0.0,False
SPCS2 (9789),-0.0,0.0,False
ATP10B (23120),-0.0,0.0,False
IRAG2 (4033),0.0,0.0,False
DNAI7 (55259),0.0,0.0,False
CA14 (23632),-0.0,0.0,False
B4GALT6 (9331),-0.0,0.0,False
MREG (55686),0.0,0.0,False
TTR (7276),-0.0,0.0,False
KLF7 (8609),0.0,0.0,False
CREB1 (1385),0.0,0.0,False
NRP2 (8828),-0.0,0.0,False
FASTKD2 (22868),-0.0,0.0,False
TNP1 (7141),0.0,0.0,False
PKD2 (5311),0.0,0.0,False
ABCG2 (9429),-0.0,0.0,False
SPP1 (6696),-0.0,0.0,False
RAD23B (5887),-0.0,0.0,False
NDUFA8 (4702),0.0,0.0,False
PPP6C (5537),-0.0,0.0,False
BSPRY (54836),0.0,0.0,False
NEK6 (10783),0.0,0.0,False
PHF19 (26147),-0.0,0.0,False
FBXW2 (26190),-0.0,0.0,False
TRIM32 (22954),0.0,0.0,False
CNTRL (11064),-0.0,0.0,False
RAB14 (51552),-0.0,0.0,False
GLE1 (2733),0.0,0.0,False
PTPA (5524),-0.0,0.0,False
SET (6418),0.0,0.0,False
DYNC2I2 (89891),-0.0,0.0,False
ABITRAM (54942),-0.0,0.0,False
CTNNAL1 (8727),-0.0,0.0,False
HDHD3 (81932),-0.0,0.0,False
RBM18 (92400),-0.0,0.0,False
SLC46A2 (57864),-0.0,0.0,False
KDSR (2531),-0.0,0.0,False
DCAF4 (26094),0.0,0.0,False
YLPM1 (56252),-0.0,0.0,False
ZBTB45 (84878),0.0,0.0,False
C19orf25 (148223),-0.0,0.0,False
ONECUT2 (9480),-0.0,0.0,False
VPS4B (9525),-0.0,0.0,False
CSF3R (1441),-0.0,0.0,False
HSDL2 (84263),-0.0,0.0,False
ALG2 (85365),0.0,0.0,False
DENND1A (57706),-0.0,0.0,False
GALNT12 (79695),-0.0,0.0,False
INVS (27130),-0.0,0.0,False
NR4A3 (8013),-0.0,0.0,False
MAPKAP1 (79109),0.0,0.0,False
FKBP15 (23307),0.0,0.0,False
PTBP3 (9991),-0.0,0.0,False
STBD1 (8987),0.0,0.0,False
HEATR1 (55127),-0.0,0.0,False
ELL2 (22936),-0.0,0.0,False
FGF23 (8074),-0.0,0.0,False
CCND2 (894),-0.0,0.0,False
WDR35 (57539),-0.0,0.0,False
LDAH (60526),-0.0,0.0,False
HS1BP3 (64342),-0.0,0.0,False
PCDH17 (27253),-0.0,0.0,False
UCHL3 (7347),-0.0,0.0,False
KLF12 (11278),0.0,0.0,False
UBN1 (29855),0.0,0.0,False
PPL (5493),0.0,0.0,False
EEF2KMT (196483),0.0,0.0,False
RAB3GAP2 (25782),-0.0,0.0,False
MFSD1 (64747),-0.0,0.0,False
CCNI (10983),0.0,0.0,False
DNAH7 (56171),0.0,0.0,False
CYP20A1 (57404),0.0,0.0,False
NDUFB3 (4709),0.0,0.0,False
ITGB1BP1 (9270),-0.0,0.0,False
TRIM67 (440730),-0.0,0.0,False
C1orf198 (84886),0.0,0.0,False
CCDC92 (80212),0.0,0.0,False
SENP5 (205564),0.0,0.0,False
PIGZ (80235),-0.0,0.0,False
CPSF3 (51692),-0.0,0.0,False
ECRG4 (84417),0.0,0.0,False
GTF3C3 (9330),-0.0,0.0,False
TJP2 (9414),0.0,0.0,False
KLF9 (687),-0.0,0.0,False
GDA (9615),-0.0,0.0,False
TRPM6 (140803),-0.0,0.0,False
UBE2B (7320),-0.0,0.0,False
SATB2 (23314),0.0,0.0,False
COLEC11 (78989),0.0,0.0,False
CTSD (1509),-0.0,0.0,False
MUC5B (727897),-0.0,0.0,False
RLF (6018),0.0,0.0,False
KDM5B (10765),-0.0,0.0,False
RPF1 (80135),0.0,0.0,False
MFAP2 (4237),-0.0,0.0,False
SDHB (6390),0.0,0.0,False
PADI2 (11240),0.0,0.0,False
ADGRL2 (23266),0.0,0.0,False
CD48 (962),0.0,0.0,False
SLAMF1 (6504),-0.0,0.0,False
ST6GALNAC5 (81849),-0.0,0.0,False
ACADM (34),-0.0,0.0,False
ETV3 (2117),-0.0,0.0,False
AKT3 (10000),-0.0,0.0,False
RIMS3 (9783),-0.0,0.0,False
KCNQ4 (9132),0.0,0.0,False
ZNF684 (127396),0.0,0.0,False
UAP1 (6675),0.0,0.0,False
ACTL8 (81569),0.0,0.0,False
CTBS (1486),0.0,0.0,False
GBP1 (2633),0.0,0.0,False
ECE1 (1889),0.0,0.0,False
CD160 (11126),0.0,0.0,False
RAB29 (8934),-0.0,0.0,False
CDK18 (5129),-0.0,0.0,False
GPR89A (653519),0.0,0.0,False
KIF17 (57576),-0.0,0.0,False
GBP3 (2635),-0.0,0.0,False
RGS4 (5999),-0.0,0.0,False
RBBP5 (5929),-0.0,0.0,False
PLA2G2D (26279),-0.0,0.0,False
ZNHIT6 (54680),0.0,0.0,False
SSX2IP (117178),0.0,0.0,False
IGSF21 (84966),0.0,0.0,False
KLHL12 (59349),0.0,0.0,False
KMO (8564),-0.0,0.0,False
ZP4 (57829),0.0,0.0,False
GALE (2582),-0.0,0.0,False
SIPA1L2 (57568),0.0,0.0,False
NR5A2 (2494),-0.0,0.0,False
TTF2 (8458),-0.0,0.0,False
CD2 (914),-0.0,0.0,False
TFAP2E (339488),-0.0,0.0,False
CD58 (965),-0.0,0.0,False
ZBTB17 (7709),0.0,0.0,False
PHTF1 (10745),0.0,0.0,False
CRYZ (1429),0.0,0.0,False
PLEKHM2 (23207),0.0,0.0,False
CFHR3 (10878),0.0,0.0,False
TNNI3K (51086),-0.0,0.0,False
OLFML3 (56944),-0.0,0.0,False
AGMAT (79814),-0.0,0.0,False
CTH (1491),0.0,0.0,False
SRSF11 (9295),0.0,0.0,False
KIF21B (23046),-0.0,0.0,False
TMEM9 (252839),0.0,0.0,False
ADPRS (54936),0.0,0.0,False
RRAGC (64121),0.0,0.0,False
MYCL (4610),0.0,0.0,False
BMP8B (656),-0.0,0.0,False
MTR (4548),0.0,0.0,False
HPCAL4 (51440),-0.0,0.0,False
NT5C1A (84618),-0.0,0.0,False
NID1 (4811),-0.0,0.0,False
TSNAX (7257),-0.0,0.0,False
MAP7D1 (55700),-0.0,0.0,False
GNPAT (8443),-0.0,0.0,False
EXOC8 (149371),-0.0,0.0,False
MRPS15 (64960),0.0,0.0,False
OSCP1 (127700),0.0,0.0,False
HAO2 (51179),0.0,0.0,False
WARS2 (10352),0.0,0.0,False
HMGCL (3155),0.0,0.0,False
ID3 (3399),0.0,0.0,False
CHRNB4 (1143),-0.0,0.0,False
PRDX6 (9588),-0.0,0.0,False
NEK2 (4751),-0.0,0.0,False
MAN1C1 (57134),-0.0,0.0,False
MTFR1L (56181),0.0,0.0,False
STMN1 (3925),-0.0,0.0,False
RCOR3 (55758),-0.0,0.0,False
SLC35A3 (23443),0.0,0.0,False
RSRP1 (57035),0.0,0.0,False
SYF2 (25949),-0.0,0.0,False
RCAN3 (11123),0.0,0.0,False
SERPINC1 (462),-0.0,0.0,False
PLPPR4 (9890),-0.0,0.0,False
PLPPR5 (163404),-0.0,0.0,False
UTP25 (27042),-0.0,0.0,False
IRF6 (3664),-0.0,0.0,False
HSD11B1 (3290),0.0,0.0,False
RPS6KA1 (6195),-0.0,0.0,False
DHDDS (79947),0.0,0.0,False
NENF (29937),-0.0,0.0,False
SLC5A9 (200010),-0.0,0.0,False
RCN2 (5955),0.0,0.0,False
MESD (23184),-0.0,0.0,False
POLR1G (10849),0.0,0.0,False
ESYT2 (57488),0.0,0.0,False
TXNDC12 (51060),0.0,0.0,False
OSBPL9 (114883),0.0,0.0,False
MTARC2 (54996),-0.0,0.0,False
NSL1 (25936),0.0,0.0,False
STX12 (23673),0.0,0.0,False
PPP1R8 (5511),-0.0,0.0,False
RPA2 (6118),0.0,0.0,False
CENPF (1063),-0.0,0.0,False
ARID1A (8289),0.0,0.0,False
PROX1 (5629),-0.0,0.0,False
DARS2 (55157),-0.0,0.0,False
TNFSF4 (7292),-0.0,0.0,False
CR2 (1380),-0.0,0.0,False
PTBP2 (58155),-0.0,0.0,False
AKR1A1 (10327),0.0,0.0,False
PTCH2 (8643),-0.0,0.0,False
ERI3 (79033),0.0,0.0,False
B4GALT2 (8704),0.0,0.0,False
ATP6V0B (533),0.0,0.0,False
IPO13 (9670),0.0,0.0,False
ARTN (9048),0.0,0.0,False
MPL (4352),0.0,0.0,False
CDC20 (991),-0.0,0.0,False
EBNA1BP2 (10969),0.0,0.0,False
SLC2A1 (6513),0.0,0.0,False
P3H1 (64175),0.0,0.0,False
APH1A (51107),-0.0,0.0,False
PRPF3 (9129),0.0,0.0,False
CD46 (4179),-0.0,0.0,False
PRDX1 (5052),0.0,0.0,False
PIK3R3 (8503),0.0,0.0,False
TSPAN1 (10103),-0.0,0.0,False
CNN3 (1266),0.0,0.0,False
FASLG (356),-0.0,0.0,False
DPH5 (51611),-0.0,0.0,False
VAMP4 (8674),0.0,0.0,False
ABCD3 (5825),-0.0,0.0,False
F3 (2152),0.0,0.0,False
PRRC2C (23215),-0.0,0.0,False
DR1 (1810),0.0,0.0,False
BLZF1 (8548),-0.0,0.0,False
MROH9 (80133),-0.0,0.0,False
TMED5 (50999),0.0,0.0,False
NSUN4 (387338),0.0,0.0,False
FAAH (2166),0.0,0.0,False
SLC19A2 (10560),0.0,0.0,False
CCDC181 (57821),-0.0,0.0,False
NEK11 (79858),0.0,0.0,False
KLHL18 (23276),-0.0,0.0,False
STIM2 (57620),-0.0,0.0,False
RFC5 (5985),0.0,0.0,False
VDR (7421),0.0,0.0,False
SPRING1 (79794),-0.0,0.0,False
ENDOU (8909),0.0,0.0,False
RERGL (79785),0.0,0.0,False
SLC38A1 (81539),0.0,0.0,False
DDX55 (57696),-0.0,0.0,False
EIF2B1 (1967),-0.0,0.0,False
GTF2H3 (2967),-0.0,0.0,False
ARHGDIB (397),0.0,0.0,False
RASAL1 (8437),0.0,0.0,False
MGP (4256),-0.0,0.0,False
OAS2 (4939),0.0,0.0,False
OAS3 (4940),-0.0,0.0,False
CDK2AP1 (8099),-0.0,0.0,False
OGFOD2 (79676),-0.0,0.0,False
FZD10 (11211),0.0,0.0,False
STX2 (2054),-0.0,0.0,False
MAPK14 (1432),0.0,0.0,False
ADGRD1 (283383),0.0,0.0,False
NOP2 (4839),0.0,0.0,False
GAPDH (2597),-0.0,0.0,False
MRPL51 (51258),0.0,0.0,False
KRR1 (11103),0.0,0.0,False
CPSF6 (11052),0.0,0.0,False
TIMELESS (8914),0.0,0.0,False
CNOT2 (4848),0.0,0.0,False
NUP107 (57122),0.0,0.0,False
MDM1 (56890),-0.0,0.0,False
RAB5B (5869),0.0,0.0,False
IFNG (3458),-0.0,0.0,False
IL26 (55801),0.0,0.0,False
CAND1 (55832),0.0,0.0,False
TBC1D30 (23329),0.0,0.0,False
COPZ1 (22818),0.0,0.0,False
LTBR (4055),-0.0,0.0,False
SCNN1A (6337),0.0,0.0,False
GSG1 (83445),0.0,0.0,False
NAA25 (80018),0.0,0.0,False
PRMT8 (56341),-0.0,0.0,False
FOXM1 (2305),0.0,0.0,False
ITFG2 (55846),0.0,0.0,False
TRPV4 (59341),-0.0,0.0,False
MAGOHB (55110),0.0,0.0,False
WNT5B (81029),0.0,0.0,False
SLC6A12 (6539),0.0,0.0,False
ELK3 (2004),-0.0,0.0,False
LTA4H (4048),-0.0,0.0,False
METAP2 (10988),0.0,0.0,False
PPM1H (57460),0.0,0.0,False
GLI1 (2735),-0.0,0.0,False
TNS2 (23371),-0.0,0.0,False
ACSS3 (79611),0.0,0.0,False
KRT18 (3875),-0.0,0.0,False
PARP11 (57097),0.0,0.0,False
ARPC3 (10094),-0.0,0.0,False
GPN3 (51184),0.0,0.0,False
KCNA1 (3736),0.0,0.0,False
GPRC5D (55507),0.0,0.0,False
CDKN1B (1027),0.0,0.0,False
ALDH2 (217),0.0,0.0,False
ACAD10 (80724),0.0,0.0,False
CREBL2 (1389),0.0,0.0,False
DUSP16 (80824),0.0,0.0,False
MANSC1 (54682),-0.0,0.0,False
VPS29 (51699),0.0,0.0,False
AKAP3 (10566),-0.0,0.0,False
SH2B3 (10019),-0.0,0.0,False
CUX2 (23316),0.0,0.0,False
RAD51AP1 (10635),0.0,0.0,False
MYL2 (4633),-0.0,0.0,False
FGF6 (2251),-0.0,0.0,False
CHD4 (1108),-0.0,0.0,False
ACRBP (84519),0.0,0.0,False
BLTP3B (23074),0.0,0.0,False
COL12A1 (1303),0.0,0.0,False
MCM9 (254394),0.0,0.0,False
ASF1A (25842),0.0,0.0,False
ADTRP (84830),-0.0,0.0,False
CEP85L (387119),-0.0,0.0,False
NEDD9 (4739),-0.0,0.0,False
SMIM8 (57150),0.0,0.0,False
GCNT2 (2651),-0.0,0.0,False
PAK1IP1 (55003),0.0,0.0,False
TMEM14C (51522),0.0,0.0,False
MAK (4117),0.0,0.0,False
RSPH4A (345895),0.0,0.0,False
RWDD1 (51389),0.0,0.0,False
DSE (29940),0.0,0.0,False
FRK (2444),-0.0,0.0,False
TDP2 (51567),0.0,0.0,False
FAM184A (79632),0.0,0.0,False
RNGTT (8732),0.0,0.0,False
MAN1A1 (4121),-0.0,0.0,False
UST (10090),0.0,0.0,False
FANCE (2178),0.0,0.0,False
OPRM1 (4988),-0.0,0.0,False
PPARD (5467),0.0,0.0,False
MTRF1L (54516),-0.0,0.0,False
FBXO5 (26271),0.0,0.0,False
ULBP1 (80329),-0.0,0.0,False
SASH1 (23328),0.0,0.0,False
GABRR2 (2570),0.0,0.0,False
RIPOR2 (9750),-0.0,0.0,False
NCOA7 (135112),-0.0,0.0,False
HINT3 (135114),0.0,0.0,False
TPD52L1 (7164),0.0,0.0,False
HDDC2 (51020),0.0,0.0,False
SERINC1 (57515),0.0,0.0,False
BTN3A3 (10384),-0.0,0.0,False
KLRB1 (3820),-0.0,0.0,False
COPS7A (50813),0.0,0.0,False
FGFR1OP2 (26127),0.0,0.0,False
SLCO1B3 (28234),-0.0,0.0,False
NT5DC3 (51559),-0.0,0.0,False
LPCAT3 (10162),-0.0,0.0,False
PTPN6 (5777),0.0,0.0,False
C12orf57 (113246),-0.0,0.0,False
ATN1 (1822),0.0,0.0,False
ENO2 (2026),0.0,0.0,False
SPSB2 (84727),-0.0,0.0,False
GNPTAB (79158),0.0,0.0,False
TPI1 (7167),0.0,0.0,False
USP5 (8078),0.0,0.0,False
CHPT1 (56994),0.0,0.0,False
CDCA3 (83461),0.0,0.0,False
GNB3 (2784),-0.0,0.0,False
ING4 (51147),0.0,0.0,False
APOBEC1 (339),0.0,0.0,False
NANOG (79923),-0.0,0.0,False
SUDS3 (64426),0.0,0.0,False
AICDA (57379),0.0,0.0,False
SRSF9 (8683),-0.0,0.0,False
RIC8B (55188),-0.0,0.0,False
RFX4 (5992),0.0,0.0,False
COX6A1 (1337),0.0,0.0,False
PHC1 (1911),0.0,0.0,False
RAB35 (11021),-0.0,0.0,False
C2CD5 (9847),0.0,0.0,False
GOLT1B (51026),0.0,0.0,False
CLEC4A (50856),0.0,0.0,False
ST8SIA1 (6489),-0.0,0.0,False
HCFC2 (29915),0.0,0.0,False
CMAS (55907),0.0,0.0,False
PRKAB1 (5564),0.0,0.0,False
LDHB (3945),-0.0,0.0,False
LIN7A (8825),0.0,0.0,False
MYF5 (4617),0.0,0.0,False
MYF6 (4618),0.0,0.0,False
SNX15 (29907),-0.0,0.0,False
CPT1A (1374),0.0,0.0,False
ST3GAL4 (6484),0.0,0.0,False
MS4A4A (51338),0.0,0.0,False
MS4A6A (64231),0.0,0.0,False
NRXN2 (9379),0.0,0.0,False
PPP6R3 (55291),0.0,0.0,False
FOXRED1 (55572),0.0,0.0,False
KMT5B (51111),0.0,0.0,False
DCPS (28960),-0.0,0.0,False
PUS3 (83480),0.0,0.0,False
UNC93B1 (81622),0.0,0.0,False
OSBP (5007),0.0,0.0,False
EHD1 (10938),-0.0,0.0,False
ATG2A (23130),0.0,0.0,False
DTX4 (23220),-0.0,0.0,False
CCND1 (595),-0.0,0.0,False
CCDC86 (79080),0.0,0.0,False
PRPF19 (27339),-0.0,0.0,False
PANX1 (24145),0.0,0.0,False
RNF141 (50862),-0.0,0.0,False
CEP164 (22897),0.0,0.0,False
APOC3 (345),0.0,0.0,False
APOA4 (337),0.0,0.0,False
APOA5 (116519),-0.0,0.0,False
ARHGEF17 (9828),0.0,0.0,False
FOLR3 (2352),0.0,0.0,False
TMEM109 (79073),0.0,0.0,False
ANAPC15 (25906),-0.0,0.0,False
FOLR1 (2348),0.0,0.0,False
CHORDC1 (26973),0.0,0.0,False
TRIM3 (10612),0.0,0.0,False
HPX (3263),0.0,0.0,False
CCKBR (887),-0.0,0.0,False
LPXN (9404),0.0,0.0,False
SIAE (54414),-0.0,0.0,False
EIF4G2 (1982),0.0,0.0,False
DNAJC4 (3338),-0.0,0.0,False
PPARGC1A (10891),-0.0,0.0,False
UGDH (7358),0.0,0.0,False
NCAPG (64151),-0.0,0.0,False
FAM149A (25854),0.0,0.0,False
KLHL5 (51088),-0.0,0.0,False
KLF3 (51274),-0.0,0.0,False
UFSP2 (55325),-0.0,0.0,False
LRP2BP (55805),0.0,0.0,False
SNX25 (83891),0.0,0.0,False
HGFAC (3083),0.0,0.0,False
RAPGEF2 (9693),0.0,0.0,False
BST1 (683),-0.0,0.0,False
GLRB (2743),0.0,0.0,False
MFSD10 (10227),-0.0,0.0,False
NKX3-2 (579),-0.0,0.0,False
DDX25 (29118),0.0,0.0,False
CRYAB (1410),0.0,0.0,False
DBX1 (120237),0.0,0.0,False
TECTA (7007),-0.0,0.0,False
VWA5A (4013),-0.0,0.0,False
P2RX3 (5024),0.0,0.0,False
HSPA8 (3312),0.0,0.0,False
B3GAT1 (27087),-0.0,0.0,False
JHY (79864),0.0,0.0,False
CRTAM (56253),0.0,0.0,False
FNBP4 (23360),0.0,0.0,False
HTATIP2 (10553),0.0,0.0,False
MTCH2 (23788),0.0,0.0,False
ZPR1 (8882),0.0,0.0,False
ELP4 (26610),0.0,0.0,False
ZBTB16 (7704),0.0,0.0,False
CCDC34 (91057),0.0,0.0,False
CTSC (1075),0.0,0.0,False
CEP126 (57562),0.0,0.0,False
IL10RA (3587),0.0,0.0,False
CYP27B1 (1594),-0.0,0.0,False
TCIRG1 (10312),-0.0,0.0,False
SELPLG (6404),0.0,0.0,False
COQ5 (84274),0.0,0.0,False
CLEC2B (9976),0.0,0.0,False
PRDM4 (11108),-0.0,0.0,False
CD69 (969),-0.0,0.0,False
PRPF40B (25766),0.0,0.0,False
PPFIBP1 (8496),0.0,0.0,False
P3H3 (10536),-0.0,0.0,False
PSMD9 (5715),-0.0,0.0,False
VWF (7450),0.0,0.0,False
PTPN5 (84867),0.0,0.0,False
POU2AF1 (5450),-0.0,0.0,False
GTF2H1 (2965),0.0,0.0,False
HPS5 (11234),0.0,0.0,False
EXPH5 (23086),0.0,0.0,False
CORO1C (23603),0.0,0.0,False
ASIC1 (41),0.0,0.0,False
DAO (1610),-0.0,0.0,False
BIN2 (51411),0.0,0.0,False
RSRC2 (65117),-0.0,0.0,False
BCL7A (605),0.0,0.0,False
SYT10 (341359),-0.0,0.0,False
PTGES3 (10728),0.0,0.0,False
ATP5F1B (506),0.0,0.0,False
IL23A (51561),0.0,0.0,False
CAMKK2 (10645),0.0,0.0,False
CAPRIN2 (65981),-0.0,0.0,False
CSRNP2 (81566),0.0,0.0,False
MVK (4598),0.0,0.0,False
MLEC (9761),0.0,0.0,False
SLC11A2 (4891),0.0,0.0,False
KCTD10 (83892),0.0,0.0,False
TSPAN11 (441631),0.0,0.0,False
CHKA (1119),0.0,0.0,False
NDUFS8 (4728),0.0,0.0,False
GALNT18 (374378),0.0,0.0,False
NUP98 (4928),0.0,0.0,False
ACCS (84680),0.0,0.0,False
CD5 (921),0.0,0.0,False
SLC15A3 (51296),-0.0,0.0,False
COMMD9 (29099),-0.0,0.0,False
SLC1A2 (6506),0.0,0.0,False
PDHX (8050),-0.0,0.0,False
FBXO3 (26273),-0.0,0.0,False
KIAA1549L (25758),-0.0,0.0,False
HIPK3 (10114),0.0,0.0,False
NECTIN1 (5818),-0.0,0.0,False
CBL (867),0.0,0.0,False
UPK2 (7379),-0.0,0.0,False
DDX6 (1656),0.0,0.0,False
UBE4A (9354),0.0,0.0,False
BIRC2 (329),0.0,0.0,False
SCGB2A2 (4250),0.0,0.0,False
MDK (4192),-0.0,0.0,False
AMBRA1 (55626),-0.0,0.0,False
ELMOD1 (55531),0.0,0.0,False
AIP (9049),0.0,0.0,False
RPS13 (6207),0.0,0.0,False
PITPNM1 (9600),0.0,0.0,False
C11orf58 (10944),0.0,0.0,False
SOX6 (55553),-0.0,0.0,False
CALCA (796),0.0,0.0,False
C11orf21 (29125),-0.0,0.0,False
MADD (8567),-0.0,0.0,False
SLC35F2 (54733),0.0,0.0,False
CD81 (975),0.0,0.0,False
SLC67A1 (5002),-0.0,0.0,False
CARS1 (833),-0.0,0.0,False
NAA40 (79829),0.0,0.0,False
PTPMT1 (114971),0.0,0.0,False
TULP1 (7287),0.0,0.0,False
RHAG (6005),0.0,0.0,False
CSPG5 (10675),0.0,0.0,False
WWC1 (23286),0.0,0.0,False
TTC33 (23548),0.0,0.0,False
TXNDC15 (79770),-0.0,0.0,False
SEC24A (10802),-0.0,0.0,False
C9 (735),-0.0,0.0,False
TRIM23 (373),-0.0,0.0,False
LIFR (3977),-0.0,0.0,False
C5orf15 (56951),-0.0,0.0,False
NR3C1 (2908),0.0,0.0,False
FGF1 (2246),0.0,0.0,False
PPP2CA (5515),-0.0,0.0,False
NUP155 (9631),0.0,0.0,False
SKP1 (6500),0.0,0.0,False
PCDH12 (51294),0.0,0.0,False
GNPDA1 (10007),0.0,0.0,False
ST8SIA4 (7903),-0.0,0.0,False
RARS1 (5917),0.0,0.0,False
MACROH2A1 (9555),-0.0,0.0,False
KCTD20 (222658),0.0,0.0,False
TCERG1 (10915),-0.0,0.0,False
EHHADH (1962),0.0,0.0,False
UNC5A (90249),0.0,0.0,False
ZNF346 (23567),0.0,0.0,False
DBN1 (1627),0.0,0.0,False
HRH2 (3274),-0.0,0.0,False
CPEB4 (80315),-0.0,0.0,False
BNIP1 (662),-0.0,0.0,False
ATP6V0E1 (8992),-0.0,0.0,False
CDX1 (1044),-0.0,0.0,False
PDGFRB (5159),0.0,0.0,False
ERGIC1 (57222),-0.0,0.0,False
HMGXB3 (22993),-0.0,0.0,False
CSNK1A1 (1452),-0.0,0.0,False
SMAD5 (4090),-0.0,0.0,False
DPYSL3 (1809),0.0,0.0,False
IL5 (3567),-0.0,0.0,False
RAD50 (10111),-0.0,0.0,False
IL4 (3565),-0.0,0.0,False
SLC12A7 (10723),0.0,0.0,False
RASGRF2 (5924),0.0,0.0,False
MSH3 (4437),-0.0,0.0,False
TTC1 (7265),-0.0,0.0,False
BTNL8 (79908),-0.0,0.0,False
IL12B (3593),0.0,0.0,False
CNOT6 (57472),0.0,0.0,False
THBS4 (7060),0.0,0.0,False
CLINT1 (9685),0.0,0.0,False
ARSB (411),-0.0,0.0,False
THG1L (54974),-0.0,0.0,False
RNF130 (55819),0.0,0.0,False
ITK (3702),-0.0,0.0,False
GRM6 (2916),-0.0,0.0,False
HAVCR1 (26762),0.0,0.0,False
CLK4 (57396),0.0,0.0,False
CCNG1 (900),-0.0,0.0,False
POLR3G (10622),0.0,0.0,False
DROSHA (29102),0.0,0.0,False
IRX4 (50805),-0.0,0.0,False
PRLR (5618),0.0,0.0,False
AGXT2 (64902),-0.0,0.0,False
BRIX1 (55299),0.0,0.0,False
RAD1 (5810),0.0,0.0,False
PDE4D (5144),-0.0,0.0,False
LNPEP (4012),0.0,0.0,False
TARS1 (6897),0.0,0.0,False
LMNB1 (4001),-0.0,0.0,False
SLC27A6 (28965),0.0,0.0,False
ARB2A (83989),0.0,0.0,False
NPR3 (4883),0.0,0.0,False
SUB1 (10923),0.0,0.0,False
GOLPH3 (64083),0.0,0.0,False
ARRDC3 (57561),0.0,0.0,False
CNTN3 (5067),-0.0,0.0,False
SMC4 (10051),-0.0,0.0,False
SELENOK (58515),0.0,0.0,False
PRKAR2A (5576),-0.0,0.0,False
CBLB (868),0.0,0.0,False
FXR1 (8087),-0.0,0.0,False
CEP15 (57415),0.0,0.0,False
CYB561D2 (11068),0.0,0.0,False
RPL24 (6152),0.0,0.0,False
NPRL2 (10641),0.0,0.0,False
TUSC2 (11334),-0.0,0.0,False
HYAL1 (3373),-0.0,0.0,False
USP9Y (8287),-0.0,0.0,False
TFG (10342),0.0,0.0,False
GNAI2 (2771),-0.0,0.0,False
GNAT1 (2779),0.0,0.0,False
ECT2 (1894),-0.0,0.0,False
ACAP2 (23527),0.0,0.0,False
USP4 (7375),-0.0,0.0,False
BBX (56987),0.0,0.0,False
IFT57 (55081),-0.0,0.0,False
GNB4 (59345),0.0,0.0,False
SLC41A3 (54946),-0.0,0.0,False
UPK1B (7348),0.0,0.0,False
PODXL2 (50512),0.0,0.0,False
ABTB1 (80325),-0.0,0.0,False
ATP6V1A (523),-0.0,0.0,False
PLXNA1 (5361),-0.0,0.0,False
ROPN1B (152015),-0.0,0.0,False
C3orf52 (79669),-0.0,0.0,False
HHLA2 (11148),0.0,0.0,False
SNX4 (8723),0.0,0.0,False
NCBP2 (22916),-0.0,0.0,False
UMPS (7372),0.0,0.0,False
MORC1 (27136),0.0,0.0,False
GBE1 (2632),-0.0,0.0,False
IQCG (84223),-0.0,0.0,False
HES1 (3280),-0.0,0.0,False
FGF12 (2257),0.0,0.0,False
ACTR8 (93973),-0.0,0.0,False
COL7A1 (1294),-0.0,0.0,False
OGG1 (4968),0.0,0.0,False
FAM162A (26355),0.0,0.0,False
NIT2 (56954),0.0,0.0,False
AMOTL2 (51421),0.0,0.0,False
CD86 (942),0.0,0.0,False
NPHP3 (27031),0.0,0.0,False
ARL6 (84100),0.0,0.0,False
CLDN16 (10686),0.0,0.0,False
HGD (3081),0.0,0.0,False
BCL6 (604),0.0,0.0,False
HRG (3273),-0.0,0.0,False
KNG1 (3827),-0.0,0.0,False
CRBN (51185),0.0,0.0,False
TIMMDC1 (51300),0.0,0.0,False
TBCCD1 (55171),0.0,0.0,False
KPNA1 (3836),0.0,0.0,False
PCCB (5096),0.0,0.0,False
UBE3A (7337),-0.0,0.0,False
KAT2B (8850),-0.0,0.0,False
PFKFB4 (5210),-0.0,0.0,False
WNT5A (7474),0.0,0.0,False
LRRC31 (79782),0.0,0.0,False
PDCD10 (11235),0.0,0.0,False
SERPINI2 (5276),0.0,0.0,False
BCHE (590),-0.0,0.0,False
XRN1 (54464),0.0,0.0,False
ARMC8 (25852),0.0,0.0,False
TFDP2 (7029),0.0,0.0,False
RNF7 (9616),-0.0,0.0,False
GRK7 (131890),0.0,0.0,False
SLC25A36 (55186),0.0,0.0,False
RBP1 (5947),0.0,0.0,False
RBP2 (5948),-0.0,0.0,False
PDE8B (8622),0.0,0.0,False
HAND1 (9421),0.0,0.0,False
FAF2 (23197),-0.0,0.0,False
POPDC1 (11149),-0.0,0.0,False
SOBP (55084),0.0,0.0,False
EYA4 (2070),0.0,0.0,False
GMNN (51053),0.0,0.0,False
B3GAT2 (135152),0.0,0.0,False
C6orf62 (81688),0.0,0.0,False
RPS12 (6206),0.0,0.0,False
SMAP1 (60682),0.0,0.0,False
ACOT13 (55856),0.0,0.0,False
VNN2 (8875),0.0,0.0,False
VNN1 (8876),0.0,0.0,False
CRYBG1 (202),-0.0,0.0,False
ALDH5A1 (7915),0.0,0.0,False
GPLD1 (2822),0.0,0.0,False
WASF1 (8936),0.0,0.0,False
MED23 (9439),0.0,0.0,False
NR2E1 (7101),0.0,0.0,False
SNX3 (8724),0.0,0.0,False
SLC17A2 (10246),0.0,0.0,False
HECA (51696),0.0,0.0,False
CCR6 (1235),0.0,0.0,False
SLC39A7 (7922),0.0,0.0,False
OR12D3 (81797),0.0,0.0,False
EPM2A (7957),-0.0,0.0,False
PHACTR2 (9749),0.0,0.0,False
ADGRG6 (57211),-0.0,0.0,False
SLC16A10 (117247),0.0,0.0,False
HBS1L (10767),0.0,0.0,False
ARFGEF3 (57221),-0.0,0.0,False
PERP (64065),-0.0,0.0,False
FIG4 (9896),0.0,0.0,False
ZBTB24 (9841),0.0,0.0,False
PEX7 (5191),0.0,0.0,False
TRIM38 (10475),-0.0,0.0,False
COL9A1 (1297),-0.0,0.0,False
HDGFL1 (154150),-0.0,0.0,False
SLC22A2 (6582),-0.0,0.0,False
ASCC3 (10973),-0.0,0.0,False
SAYSD1 (55776),0.0,0.0,False
GLP1R (2740),-0.0,0.0,False
MDN1 (23195),-0.0,0.0,False
CD83 (9308),-0.0,0.0,False
FBXO9 (26268),0.0,0.0,False
CILK1 (22858),0.0,0.0,False
MDGA1 (266727),-0.0,0.0,False
PHACTR1 (221692),-0.0,0.0,False
RNF8 (9025),0.0,0.0,False
MCM3 (4172),0.0,0.0,False
IL17F (112744),0.0,0.0,False
IL17A (3605),-0.0,0.0,False
MRPL18 (29074),0.0,0.0,False
SRSF3 (6428),-0.0,0.0,False
STK38 (11329),0.0,0.0,False
BMP5 (653),0.0,0.0,False
BACH2 (60468),0.0,0.0,False
RBM24 (221662),0.0,0.0,False
KHDRBS2 (202559),0.0,0.0,False
SIM1 (6492),0.0,0.0,False
PTP4A1 (7803),-0.0,0.0,False
E2F3 (1871),-0.0,0.0,False
PRDM13 (59336),0.0,0.0,False
CCNC (892),0.0,0.0,False
FBXL4 (26235),0.0,0.0,False
GPR63 (81491),0.0,0.0,False
CAP2 (10486),0.0,0.0,False
FHL5 (9457),0.0,0.0,False
TSPO2 (222642),-0.0,0.0,False
RAB23 (51715),0.0,0.0,False
BAG2 (9532),0.0,0.0,False
ZNF451 (26036),0.0,0.0,False
TREML2 (79865),0.0,0.0,False
UNC93A (54346),-0.0,0.0,False
PHF1 (5252),0.0,0.0,False
CERT1 (10087),-0.0,0.0,False
CLIC5 (53405),0.0,0.0,False
DAP (1611),0.0,0.0,False
HMGCS1 (3157),0.0,0.0,False
GHR (2690),0.0,0.0,False
TENT4A (11044),0.0,0.0,False
C7 (730),-0.0,0.0,False
SEMA5A (9037),-0.0,0.0,False
MAN2A1 (4124),0.0,0.0,False
CEP72 (55722),0.0,0.0,False
NUDT12 (83594),0.0,0.0,False
HARS2 (23438),0.0,0.0,False
ERBIN (55914),-0.0,0.0,False
MEP1A (4224),-0.0,0.0,False
PRSS16 (10279),0.0,0.0,False
LY86 (9450),0.0,0.0,False
ENPP5 (59084),0.0,0.0,False
NME5 (8382),-0.0,0.0,False
BRD8 (10902),-0.0,0.0,False
KIF20A (10112),0.0,0.0,False
GZMK (3003),0.0,0.0,False
HMGCR (3156),-0.0,0.0,False
IK (3550),-0.0,0.0,False
SPARC (6678),0.0,0.0,False
TMCO6 (55374),-0.0,0.0,False
APBB3 (10307),0.0,0.0,False
CDH9 (1007),0.0,0.0,False
LOX (4015),0.0,0.0,False
NNT (23530),-0.0,0.0,False
SLC4A9 (83697),-0.0,0.0,False
HBEGF (1839),-0.0,0.0,False
PFDN1 (5201),-0.0,0.0,False
MRPS27 (23107),-0.0,0.0,False
HSPA9 (3313),-0.0,0.0,False
MRPS30 (10884),0.0,0.0,False
FBRSL1 (57666),0.0,0.0,False
TENT5A (55603),-0.0,0.0,False
CUTA (51596),0.0,0.0,False
LAMA4 (3910),-0.0,0.0,False
PPP2R5D (5528),0.0,0.0,False
BICRAL (23506),0.0,0.0,False
PRPH2 (5961),0.0,0.0,False
GUCA1B (2979),0.0,0.0,False
TBP (6908),0.0,0.0,False
FAM120B (84498),0.0,0.0,False
BYSL (705),0.0,0.0,False
CCND3 (896),0.0,0.0,False
SMOC2 (64094),-0.0,0.0,False
TFEB (7942),0.0,0.0,False
MDFI (4188),0.0,0.0,False
PDE10A (10846),-0.0,0.0,False
C6orf118 (168090),-0.0,0.0,False
QKI (9444),0.0,0.0,False
PACRG (135138),0.0,0.0,False
MRPL2 (51069),0.0,0.0,False
PTK7 (5754),0.0,0.0,False
SRF (6722),0.0,0.0,False
IMPG1 (3617),-0.0,0.0,False
BTN2A1 (11120),-0.0,0.0,False
CCN6 (8838),-0.0,0.0,False
SLC29A1 (2030),-0.0,0.0,False
TTK (7272),0.0,0.0,False
PRP4K (8899),0.0,0.0,False
VEGFA (7422),-0.0,0.0,False
SENP6 (26054),0.0,0.0,False
CUL9 (23113),0.0,0.0,False
GMDS (2762),-0.0,0.0,False
TMEM30A (55754),0.0,0.0,False
COX7A2 (1347),0.0,0.0,False
EXOC2 (55770),0.0,0.0,False
DUSP22 (56940),0.0,0.0,False
DNPH1 (10591),0.0,0.0,False
HRH3 (11255),0.0,0.0,False
TUBB1 (81027),-0.0,0.0,False
VSX2 (338917),-0.0,0.0,False
ACAA1 (30),-0.0,0.0,False
QSER1 (79832),-0.0,0.0,False
COL11A1 (1301),0.0,0.0,False
RIMBP2 (23504),0.0,0.0,False
SNRNP40 (9410),0.0,0.0,False
PTPRU (10076),-0.0,0.0,False
PIGV (55650),-0.0,0.0,False
CREB3L3 (84699),-0.0,0.0,False
GNA15 (2769),-0.0,0.0,False
OGFR (11054),-0.0,0.0,False
CCAR1 (55749),-0.0,0.0,False
WNK1 (65125),0.0,0.0,False
STYK1 (55359),0.0,0.0,False
YBX3 (8531),0.0,0.0,False
CTDP1 (9150),-0.0,0.0,False
PSD (5662),0.0,0.0,False
MPC1 (51660),0.0,0.0,False
BCAT1 (586),0.0,0.0,False
TRAM2 (9697),0.0,0.0,False
HDAC7 (51564),0.0,0.0,False
ZNF112 (7771),-0.0,0.0,False
DGAT2 (84649),0.0,0.0,False
GPBP1 (65056),-0.0,0.0,False
ARSF (416),-0.0,0.0,False
CDH3 (1001),0.0,0.0,False
MON2 (23041),0.0,0.0,False
TNK2 (10188),-0.0,0.0,False
SFSWAP (6433),-0.0,0.0,False
GUCY1B1 (2983),0.0,0.0,False
MRPS35 (60488),0.0,0.0,False
NCKAP1 (10787),0.0,0.0,False
SPAG4 (6676),-0.0,0.0,False
WNT8A (7478),-0.0,0.0,False
PRDM6 (93166),0.0,0.0,False
LZTS1 (11178),-0.0,0.0,False
SLC2A3 (6515),-0.0,0.0,False
DNAJC25 (548645),0.0,0.0,False
CDK17 (5128),0.0,0.0,False
MXD1 (4084),0.0,0.0,False
SEC61A1 (29927),0.0,0.0,False
CDK14 (5218),0.0,0.0,False
LAMC2 (3918),-0.0,0.0,False
ATP11B (23200),-0.0,0.0,False
USP13 (8975),0.0,0.0,False
MTA3 (57504),0.0,0.0,False
PITHD1 (57095),0.0,0.0,False
TMCC3 (57458),0.0,0.0,False
ATG5 (9474),0.0,0.0,False
PRDM1 (639),0.0,0.0,False
GDI2 (2665),-0.0,0.0,False
F7 (2155),0.0,0.0,False
MSH4 (4438),0.0,0.0,False
PKP2 (5318),0.0,0.0,False
SOAT1 (6646),0.0,0.0,False
PPP1R12A (4659),0.0,0.0,False
RASGRF1 (5923),-0.0,0.0,False
CAMK2B (816),0.0,0.0,False
FLYWCH1 (84256),0.0,0.0,False
GATB (5188),-0.0,0.0,False
TARBP1 (6894),-0.0,0.0,False
ALDH18A1 (5832),0.0,0.0,False
PARP12 (64761),0.0,0.0,False
TBXAS1 (6916),0.0,0.0,False
UNKL (64718),0.0,0.0,False
DGKG (1608),-0.0,0.0,False
CROCC (9696),-0.0,0.0,False
NDC1 (55706),0.0,0.0,False
YIPF1 (54432),-0.0,0.0,False
RIOK2 (55781),-0.0,0.0,False
ZC3H11A (9877),-0.0,0.0,False
ATP2B4 (493),-0.0,0.0,False
POLR3E (55718),0.0,0.0,False
CS (1431),0.0,0.0,False
LTK (4058),0.0,0.0,False
MRPS24 (64951),0.0,0.0,False
TAF2 (6873),0.0,0.0,False
FAR2 (55711),0.0,0.0,False
BTBD1 (53339),-0.0,0.0,False
DDX20 (11218),-0.0,0.0,False
SNCAIP (9627),0.0,0.0,False
ABCA7 (10347),-0.0,0.0,False
CNN2 (1265),-0.0,0.0,False
EYA2 (2139),0.0,0.0,False
SNX24 (28966),0.0,0.0,False
SLC12A2 (6558),-0.0,0.0,False
SUGP2 (10147),0.0,0.0,False
CTSA (5476),-0.0,0.0,False
LPAR2 (9170),-0.0,0.0,False
TMEM161A (54929),-0.0,0.0,False
RFXANK (8625),0.0,0.0,False
TNPO3 (23534),-0.0,0.0,False
BCAS1 (8537),-0.0,0.0,False
POU1F1 (5449),0.0,0.0,False
CHI3L2 (1117),-0.0,0.0,False
NHERF2 (9351),0.0,0.0,False
PKN2 (5586),0.0,0.0,False
WDR3 (10885),-0.0,0.0,False
OAT (4942),-0.0,0.0,False
IPO5 (3843),0.0,0.0,False
GNAI3 (2773),-0.0,0.0,False
NTHL1 (4913),-0.0,0.0,False
ZNF76 (7629),0.0,0.0,False
SBNO2 (22904),-0.0,0.0,False
AP3D1 (8943),-0.0,0.0,False
ANKS1A (23294),0.0,0.0,False
TAF11 (6882),0.0,0.0,False
CALCRL (10203),0.0,0.0,False
HMG20B (10362),-0.0,0.0,False
PMS1 (5378),0.0,0.0,False
HIPK2 (28996),0.0,0.0,False
CDON (50937),0.0,0.0,False
ELMO2 (63916),0.0,0.0,False
NGFR (4804),-0.0,0.0,False
MED29 (55588),0.0,0.0,False
EPN1 (29924),0.0,0.0,False
U2AF2 (11338),-0.0,0.0,False
ISOC2 (79763),0.0,0.0,False
CA11 (770),-0.0,0.0,False
RPL18 (6141),-0.0,0.0,False
SPHK2 (56848),-0.0,0.0,False
BICRA (29998),-0.0,0.0,False
SLC6A16 (28968),-0.0,0.0,False
EIF4B (1975),0.0,0.0,False
SEZ6 (124925),0.0,0.0,False
POLD1 (5424),0.0,0.0,False
APPBP2 (10513),0.0,0.0,False
VMP1 (81671),-0.0,0.0,False
WAPL (23063),-0.0,0.0,False
AHRR (57491),0.0,0.0,False
GSC2 (2928),0.0,0.0,False
ZNF275 (10838),-0.0,0.0,False
TM7SF3 (51768),-0.0,0.0,False
ATP2C2 (9914),0.0,0.0,False
ST3GAL6 (10402),0.0,0.0,False
DMRT3 (58524),0.0,0.0,False
CCN5 (8839),-0.0,0.0,False
TSPAN32 (10077),-0.0,0.0,False
SPA17 (53340),-0.0,0.0,False
INTS13 (55726),0.0,0.0,False
MTMR1 (8776),0.0,0.0,False
LIMCH1 (22998),-0.0,0.0,False
CASP8 (841),-0.0,0.0,False
RNF4 (6047),0.0,0.0,False
HAGH (3029),0.0,0.0,False
ADCK1 (57143),-0.0,0.0,False
GPC1 (2817),-0.0,0.0,False
SERPINB3 (6317),-0.0,0.0,False
DCBLD2 (131566),-0.0,0.0,False
GYG2 (8908),-0.0,0.0,False
ERCC8 (1161),-0.0,0.0,False
PPP1R3F (89801),0.0,0.0,False
FOXP3 (50943),0.0,0.0,False
NEDD4L (23327),0.0,0.0,False
CLPTM1L (81037),0.0,0.0,False
ARID1B (57492),0.0,0.0,False
RFC2 (5982),-0.0,0.0,False
ELN (2006),0.0,0.0,False
RCN1 (5954),0.0,0.0,False
LTBP1 (4052),-0.0,0.0,False
EPN3 (55040),0.0,0.0,False
TNFRSF9 (3604),0.0,0.0,False
UTS2 (10911),-0.0,0.0,False
PER3 (8863),-0.0,0.0,False
VAMP3 (9341),0.0,0.0,False
H6PD (9563),0.0,0.0,False
HEXB (3074),-0.0,0.0,False
PTCD2 (79810),-0.0,0.0,False
NEXMIF (340533),-0.0,0.0,False
PTGER3 (5733),0.0,0.0,False
HERPUD1 (9709),0.0,0.0,False
FHIP1B (84067),0.0,0.0,False
BCAR1 (9564),-0.0,0.0,False
COL23A1 (91522),-0.0,0.0,False
MAPK9 (5601),0.0,0.0,False
TNIP3 (79931),0.0,0.0,False
SLC4A8 (9498),0.0,0.0,False
JKAMP (51528),-0.0,0.0,False
LETMD1 (25875),-0.0,0.0,False
LIMA1 (51474),-0.0,0.0,False
MCUR1 (63933),-0.0,0.0,False
NFE2L3 (9603),-0.0,0.0,False
ARHGEF5 (7984),0.0,0.0,False
DKK3 (27122),0.0,0.0,False
ADAMTS6 (11174),0.0,0.0,False
KITLG (4254),0.0,0.0,False
RAD51 (5888),-0.0,0.0,False
R3HDM1 (23518),0.0,0.0,False
FAM184B (27146),-0.0,0.0,False
ARHGAP6 (395),0.0,0.0,False
WWC3 (55841),0.0,0.0,False
SCML1 (6322),0.0,0.0,False
FERRY3 (57102),0.0,0.0,False
ANO2 (57101),0.0,0.0,False
XK (7504),0.0,0.0,False
DTNBP1 (84062),0.0,0.0,False
KATNIP (23247),0.0,0.0,False
CP (1356),-0.0,0.0,False
TPR (7175),-0.0,0.0,False
ARAP2 (116984),-0.0,0.0,False
ATOSA (56204),-0.0,0.0,False
POLR2B (5431),-0.0,0.0,False
ATP6V1H (51606),-0.0,0.0,False
MAP4 (4134),0.0,0.0,False
GOPC (57120),0.0,0.0,False
ROS1 (6098),0.0,0.0,False
LMO3 (55885),0.0,0.0,False
FAM120A (23196),0.0,0.0,False
CELF2 (10659),0.0,0.0,False
VPS13D (55187),0.0,0.0,False
RSF1 (51773),0.0,0.0,False
GUCA1A (2978),0.0,0.0,False
MRPS10 (55173),0.0,0.0,False
SNX29 (92017),0.0,0.0,False
HDAC9 (9734),-0.0,0.0,False
TNFRSF17 (608),0.0,0.0,False
ZNF800 (168850),0.0,0.0,False
RRM2B (50484),-0.0,0.0,False
CC2D2A (57545),-0.0,0.0,False
NOP16 (51491),0.0,0.0,False
TSPAN17 (26262),0.0,0.0,False
HOMER3 (9454),-0.0,0.0,False
POLQ (10721),-0.0,0.0,False
TRAF3IP2 (10758),-0.0,0.0,False
TBC1D22A (25771),-0.0,0.0,False
TAB2 (23118),0.0,0.0,False
CYFIP2 (26999),-0.0,0.0,False
FAM114A2 (10827),-0.0,0.0,False
CUL1 (8454),0.0,0.0,False
KCNH2 (3757),0.0,0.0,False
SZRD1 (26099),0.0,0.0,False
NOP58 (51602),0.0,0.0,False
GALC (2581),0.0,0.0,False
RELT (84957),0.0,0.0,False
FAM168A (23201),0.0,0.0,False
CHRDL2 (25884),-0.0,0.0,False
CBLN4 (140689),0.0,0.0,False
SPO11 (23626),0.0,0.0,False
ATP9A (10079),-0.0,0.0,False
PLEKHH1 (57475),-0.0,0.0,False
GINM1 (116254),0.0,0.0,False
EIF2AK2 (5610),0.0,0.0,False
USP36 (57602),-0.0,0.0,False
ZFR (51663),0.0,0.0,False
IL17RB (55540),-0.0,0.0,False
RC3H2 (54542),0.0,0.0,False
TRAF1 (7185),-0.0,0.0,False
PHF21B (112885),-0.0,0.0,False
NPFFR2 (10886),0.0,0.0,False
ZNF280C (55609),0.0,0.0,False
HPF1 (54969),0.0,0.0,False
KMT2C (58508),0.0,0.0,False
ITIH1 (3697),-0.0,0.0,False
ITIH4 (3700),-0.0,0.0,False
MRPL43 (84545),-0.0,0.0,False
PUM2 (23369),-0.0,0.0,False
CCDC85A (114800),-0.0,0.0,False
MCOLN3 (55283),-0.0,0.0,False
SYNE2 (23224),0.0,0.0,False
FOXC1 (2296),-0.0,0.0,False
PIK3CB (5291),0.0,0.0,False
KIF1B (23095),0.0,0.0,False
MRTO4 (51154),0.0,0.0,False
AKR7A2 (8574),0.0,0.0,False
METTL24 (728464),-0.0,0.0,False
FSTL4 (23105),-0.0,0.0,False
ALX4 (60529),0.0,0.0,False
TTC17 (55761),0.0,0.0,False
MSMO1 (6307),0.0,0.0,False
FNIP2 (57600),-0.0,0.0,False
RRP12 (23223),-0.0,0.0,False
PRSS8 (5652),0.0,0.0,False
PLEKHA5 (54477),0.0,0.0,False
MPHOSPH9 (10198),-0.0,0.0,False
HEBP2 (23593),-0.0,0.0,False
THOC3 (84321),0.0,0.0,False
CYBA (1535),0.0,0.0,False
NNAT (4826),-0.0,0.0,False
USE1 (55850),0.0,0.0,False
MCF2L2 (23101),0.0,0.0,False
ENTPD2 (954),-0.0,0.0,False
HHAT (55733),-0.0,0.0,False
PTPRN (5798),0.0,0.0,False
SDCCAG8 (10806),-0.0,0.0,False
OPN3 (23596),-0.0,0.0,False
ARID4B (51742),-0.0,0.0,False
LY75 (4065),0.0,0.0,False
PHPT1 (29085),-0.0,0.0,False
NRIP2 (83714),0.0,0.0,False
THRAP3 (9967),-0.0,0.0,False
TRAPPC3 (27095),0.0,0.0,False
KCNQ1 (3784),-0.0,0.0,False
ANAPC4 (29945),-0.0,0.0,False
AP5M1 (55745),-0.0,0.0,False
LAMA3 (3909),-0.0,0.0,False
WDR18 (57418),-0.0,0.0,False
NTN1 (9423),0.0,0.0,False
YTHDC2 (64848),-0.0,0.0,False
CSNK2A2 (1459),-0.0,0.0,False
TESK2 (10420),-0.0,0.0,False
PABPC1 (26986),-0.0,0.0,False
CHAT (1103),0.0,0.0,False
ST6GALNAC2 (10610),-0.0,0.0,False
CNGB1 (1258),0.0,0.0,False
AP3M2 (10947),0.0,0.0,False
ASNS (440),0.0,0.0,False
NDST1 (3340),0.0,0.0,False
GBA2 (57704),0.0,0.0,False
FRMPD1 (22844),-0.0,0.0,False
WIPI1 (55062),-0.0,0.0,False
ST6GALNAC1 (55808),0.0,0.0,False
POLB (5423),-0.0,0.0,False
JMJD6 (23210),0.0,0.0,False
ZXDC (79364),-0.0,0.0,False
CFAP20 (29105),0.0,0.0,False
PTPN21 (11099),0.0,0.0,False
GLP2R (9340),-0.0,0.0,False
EIF2B3 (8891),0.0,0.0,False
MS4A12 (54860),-0.0,0.0,False
SNX13 (23161),-0.0,0.0,False
WDR1 (9948),-0.0,0.0,False
RPL31 (6160),-0.0,0.0,False
MGAT4A (11320),-0.0,0.0,False
MAP4K4 (9448),-0.0,0.0,False
NCK2 (8440),-0.0,0.0,False
TRPM5 (29850),-0.0,0.0,False
ATP2B1 (490),-0.0,0.0,False
RAD18 (56852),0.0,0.0,False
SLC12A3 (6559),0.0,0.0,False
EPHA8 (2046),0.0,0.0,False
CDC42 (998),0.0,0.0,False
TCOF1 (6949),-0.0,0.0,False
CAMK2A (815),-0.0,0.0,False
MNT (4335),0.0,0.0,False
RNF126 (55658),-0.0,0.0,False
DGCR2 (9993),-0.0,0.0,False
FSTL3 (10272),-0.0,0.0,False
HDHD5 (27440),-0.0,0.0,False
RAB27A (5873),-0.0,0.0,False
GNB5 (10681),-0.0,0.0,False
MAPK6 (5597),-0.0,0.0,False
PIGB (9488),-0.0,0.0,False
NEDD4 (4734),-0.0,0.0,False
ATP1B3 (483),-0.0,0.0,False
HES2 (54626),-0.0,0.0,False
PLA2G10 (8399),0.0,0.0,False
TGFBR3 (7049),0.0,0.0,False
DRD4 (1815),0.0,0.0,False
MAOB (4129),-0.0,0.0,False
FUNDC1 (139341),0.0,0.0,False
CLEC2D (29121),0.0,0.0,False
GAL (51083),0.0,0.0,False
UFD1 (7353),-0.0,0.0,False
LRP6 (4040),0.0,0.0,False
GUCY2C (2984),0.0,0.0,False
FGF10 (2255),0.0,0.0,False
FGF22 (27006),0.0,0.0,False
CLTCL1 (8218),0.0,0.0,False
EXOC5 (10640),0.0,0.0,False
SMG6 (23293),0.0,0.0,False
TMEM260 (54916),-0.0,0.0,False
SLC44A1 (23446),-0.0,0.0,False
DAPP1 (27071),-0.0,0.0,False
SCT (6343),-0.0,0.0,False
SPTB (6710),-0.0,0.0,False
PTPN3 (5774),-0.0,0.0,False
PFN2 (5217),0.0,0.0,False
NUCB2 (4925),0.0,0.0,False
ELP1 (8518),0.0,0.0,False
PHRF1 (57661),0.0,0.0,False
ARHGAP10 (79658),-0.0,0.0,False
RPS6KA2 (6196),-0.0,0.0,False
ING3 (54556),0.0,0.0,False
TRPC5 (7224),0.0,0.0,False
STK10 (6793),-0.0,0.0,False
ACADVL (37),0.0,0.0,False
TRNT1 (51095),0.0,0.0,False
NFATC3 (4775),-0.0,0.0,False
FCGR2B (2213),-0.0,0.0,False
P4HA2 (8974),-0.0,0.0,False
TRHDE (29953),0.0,0.0,False
CHFR (55743),0.0,0.0,False
HMMR (3161),-0.0,0.0,False
MARK2 (2011),0.0,0.0,False
HSD17B10 (3028),0.0,0.0,False
SMC1A (8243),0.0,0.0,False
RHOBTB1 (9886),-0.0,0.0,False
PALS1 (64398),0.0,0.0,False
UBE2D1 (7321),-0.0,0.0,False
FBXW11 (23291),0.0,0.0,False
ACAP1 (9744),0.0,0.0,False
CRMP1 (1400),0.0,0.0,False
XRCC1 (7515),-0.0,0.0,False
SELENOO (83642),-0.0,0.0,False
PANX2 (56666),0.0,0.0,False
MOV10L1 (54456),0.0,0.0,False
MCM2 (4171),0.0,0.0,False
CYP2W1 (54905),-0.0,0.0,False
SCARB1 (949),-0.0,0.0,False
PVR (5817),0.0,0.0,False
EVC (2121),0.0,0.0,False
AP1M1 (8907),-0.0,0.0,False
TMEM38A (79041),-0.0,0.0,False
IRAG1 (10335),-0.0,0.0,False
NDE1 (54820),-0.0,0.0,False
SIDT1 (54847),-0.0,0.0,False
DERL2 (51009),0.0,0.0,False
AFF4 (27125),-0.0,0.0,False
SREBF1 (6720),-0.0,0.0,False
VASH1 (22846),-0.0,0.0,False
TFRC (7037),0.0,0.0,False
MYO3B (140469),-0.0,0.0,False
CPSF1 (29894),-0.0,0.0,False
FAM3A (60343),-0.0,0.0,False
FAM50A (9130),-0.0,0.0,False
HLTF (6596),0.0,0.0,False
PRLH (51052),-0.0,0.0,False
MBD3 (53615),-0.0,0.0,False
DAZAP1 (26528),0.0,0.0,False
TRIB2 (28951),0.0,0.0,False
TCF3 (6929),0.0,0.0,False
ATP6AP1 (537),0.0,0.0,False
TRIP13 (9319),0.0,0.0,False
SEL1L (6400),-0.0,0.0,False
BUD23 (114049),0.0,0.0,False
LMCD1 (29995),-0.0,0.0,False
CYBRD1 (79901),-0.0,0.0,False
CDH19 (28513),-0.0,0.0,False
PDCD2 (5134),0.0,0.0,False
EPN2 (22905),0.0,0.0,False
ALDH3A2 (224),-0.0,0.0,False
LNX1 (84708),-0.0,0.0,False
SPEG (10290),0.0,0.0,False
ASIC4 (55515),-0.0,0.0,False
LIMS2 (55679),0.0,0.0,False
PTPN18 (26469),0.0,0.0,False
RPS6KA6 (27330),0.0,0.0,False
SLC6A15 (55117),0.0,0.0,False
ZFYVE26 (23503),-0.0,0.0,False
ACTN1 (87),-0.0,0.0,False
SPP2 (6694),0.0,0.0,False
ADGRL1 (22859),0.0,0.0,False
PRKACA (5566),-0.0,0.0,False
RDH11 (51109),-0.0,0.0,False
ABCC9 (10060),0.0,0.0,False
KCNAB2 (8514),-0.0,0.0,False
BCL3 (602),-0.0,0.0,False
TIE1 (7075),0.0,0.0,False
ATXN3 (4287),-0.0,0.0,False
ZBTB11 (27107),0.0,0.0,False
CLDN18 (51208),-0.0,0.0,False
MPPED2 (744),-0.0,0.0,False
POLR1H (30834),0.0,0.0,False
SPI1 (6688),0.0,0.0,False
ELOVL1 (64834),0.0,0.0,False
CD84 (8832),-0.0,0.0,False
ASPM (259266),-0.0,0.0,False
NGEF (25791),-0.0,0.0,False
SLC9A3 (6550),0.0,0.0,False
ZMYND12 (84217),-0.0,0.0,False
NFYC (4802),0.0,0.0,False
KDM4A (9682),0.0,0.0,False
SMARCD1 (6602),-0.0,0.0,False
GOLGA5 (9950),-0.0,0.0,False
FGFR2 (2263),-0.0,0.0,False
LRRC40 (55631),-0.0,0.0,False
ACSM2B (348158),0.0,0.0,False
DDX3Y (8653),-0.0,0.0,False
MYO9A (4649),0.0,0.0,False
FECH (2235),0.0,0.0,False
STAG3 (10734),-0.0,0.0,False
MTFR1 (9650),0.0,0.0,False
ZFAT (57623),-0.0,0.0,False
ARFGEF1 (10565),0.0,0.0,False
ISOC1 (51015),-0.0,0.0,False
ATG2B (55102),0.0,0.0,False
KIF26A (26153),-0.0,0.0,False
MSANTD3 (91283),-0.0,0.0,False
THUMPD1 (55623),0.0,0.0,False
TRMT11 (60487),0.0,0.0,False
EML1 (2009),0.0,0.0,False
DIP2B (57609),-0.0,0.0,False
ELAVL1 (1994),0.0,0.0,False
IDI1 (3422),-0.0,0.0,False
CTNNA2 (1496),0.0,0.0,False
PACC1 (55248),0.0,0.0,False
MAP2K4 (6416),-0.0,0.0,False
ZC3H15 (55854),0.0,0.0,False
MYLK (4638),-0.0,0.0,False
SPEN (23013),0.0,0.0,False
NDUFB4 (4710),0.0,0.0,False
TBC1D22B (55633),0.0,0.0,False
PDIA5 (10954),0.0,0.0,False
ADAT1 (23536),-0.0,0.0,False
KARS1 (3735),-0.0,0.0,False
ANKRD44 (91526),-0.0,0.0,False
ROPN1 (54763),-0.0,0.0,False
ERBB3 (2065),-0.0,0.0,False
DGKA (1606),-0.0,0.0,False
MCM10 (55388),-0.0,0.0,False
SNAP91 (9892),0.0,0.0,False
SLK (9748),-0.0,0.0,False
CYB5R4 (51167),-0.0,0.0,False
CDK13 (8621),0.0,0.0,False
PPP2R5A (5525),-0.0,0.0,False
PDE4A (5141),-0.0,0.0,False
YBX1 (4904),0.0,0.0,False
FOXJ2 (55810),0.0,0.0,False
SLC9A7 (84679),-0.0,0.0,False
MTHFD2 (10797),0.0,0.0,False
TBC1D1 (23216),-0.0,0.0,False
COL17A1 (1308),-0.0,0.0,False
ME1 (4199),0.0,0.0,False
ASB1 (51665),-0.0,0.0,False
TLE2 (7089),-0.0,0.0,False
PRKCQ (5588),-0.0,0.0,False
SEC61A2 (55176),-0.0,0.0,False
GSTO2 (119391),-0.0,0.0,False
PFKP (5214),-0.0,0.0,False
SP100 (6672),-0.0,0.0,False
DNAJA2 (10294),-0.0,0.0,False
COASY (80347),-0.0,0.0,False
TTC7A (57217),0.0,0.0,False
LAPTM4A (9741),0.0,0.0,False
POLR1A (25885),0.0,0.0,False
ATP11A (23250),0.0,0.0,False
REEP1 (65055),0.0,0.0,False
PRR11 (55771),0.0,0.0,False
FTSJ1 (24140),0.0,0.0,False
GRIPAP1 (56850),0.0,0.0,False
GPKOW (27238),0.0,0.0,False
INPP5A (3632),0.0,0.0,False
ACSL4 (2182),0.0,0.0,False
TBC1D25 (4943),0.0,0.0,False
TFE3 (7030),0.0,0.0,False
OTUD5 (55593),0.0,0.0,False
MEF2A (4205),-0.0,0.0,False
IP6K2 (51447),-0.0,0.0,False
SRBD1 (55133),0.0,0.0,False
KIF2A (3796),-0.0,0.0,False
MAST4 (375449),-0.0,0.0,False
VPS35 (55737),-0.0,0.0,False
NUCKS1 (64710),-0.0,0.0,False
NUP133 (55746),-0.0,0.0,False
ADAM7 (8756),0.0,0.0,False
SDK2 (54549),0.0,0.0,False
ADGRF5 (221395),0.0,0.0,False
PITX1 (5307),-0.0,0.0,False
RASGRP2 (10235),-0.0,0.0,False
PYGM (5837),-0.0,0.0,False
PPP2R5B (5526),-0.0,0.0,False
ERLEC1 (27248),0.0,0.0,False
SIRT2 (22933),-0.0,0.0,False
IFT80 (57560),-0.0,0.0,False
PSME4 (23198),-0.0,0.0,False
PLEKHH3 (79990),-0.0,0.0,False
HEATR6 (63897),0.0,0.0,False
KLF6 (1316),-0.0,0.0,False
IFI35 (3430),-0.0,0.0,False
RRP15 (51018),0.0,0.0,False
TRO (7216),0.0,0.0,False
TP53BP1 (7158),0.0,0.0,False
METTL22 (79091),0.0,0.0,False
DNTTIP2 (30836),-0.0,0.0,False
DHX29 (54505),-0.0,0.0,False
PKM (5315),-0.0,0.0,False
STOML1 (9399),-0.0,0.0,False
EVI5 (7813),-0.0,0.0,False
CACNB1 (782),-0.0,0.0,False
TNFRSF1A (7132),-0.0,0.0,False
PHKA1 (5255),0.0,0.0,False
TRAM1 (23471),0.0,0.0,False
NEO1 (4756),0.0,0.0,False
PLPP1 (8611),-0.0,0.0,False
RHOA (387),-0.0,0.0,False
DHX8 (1659),-0.0,0.0,False
PRKCZ (5590),0.0,0.0,False
ROCK1 (6093),-0.0,0.0,False
FGFR3 (2261),0.0,0.0,False
RASSF1 (11186),0.0,0.0,False
HDAC4 (9759),0.0,0.0,False
HYAL2 (8692),-0.0,0.0,False
PDK3 (5165),-0.0,0.0,False
CBFB (865),-0.0,0.0,False
ATP2B3 (492),0.0,0.0,False
ZFY (7544),-0.0,0.0,False
PDZD4 (57595),0.0,0.0,False
ROGDI (79641),-0.0,0.0,False
IDH3G (3421),-0.0,0.0,False
NAV3 (89795),0.0,0.0,False
SYT1 (6857),-0.0,0.0,False
IARS2 (55699),-0.0,0.0,False
CTPS2 (56474),-0.0,0.0,False
WDR37 (22884),-0.0,0.0,False
ALPK1 (80216),-0.0,0.0,False
SYPL1 (6856),-0.0,0.0,False
CYTH3 (9265),0.0,0.0,False
DLEC1 (9940),-0.0,0.0,False
TFAP2D (83741),-0.0,0.0,False
TFAP2B (7021),-0.0,0.0,False
NADK (65220),0.0,0.0,False
CDK11A (728642),0.0,0.0,False
CAMK1G (57172),-0.0,0.0,False
CDKL5 (6792),0.0,0.0,False
JARID2 (3720),-0.0,0.0,False
SYN1 (6853),0.0,0.0,False
PSMB1 (5689),0.0,0.0,False
E2F2 (1870),0.0,0.0,False
NOX1 (27035),-0.0,0.0,False
MYLIP (29116),0.0,0.0,False
FMO3 (2328),0.0,0.0,False
ADAM22 (53616),-0.0,0.0,False
CYB561 (1534),0.0,0.0,False
MAP4K3 (8491),-0.0,0.0,False
SPAG9 (9043),-0.0,0.0,False
MED24 (9862),-0.0,0.0,False
MAPK8IP2 (23542),0.0,0.0,False
PKD1 (5310),0.0,0.0,False
IL32 (9235),-0.0,0.0,False
MMP25 (64386),0.0,0.0,False
ST3GAL1 (6482),0.0,0.0,False
NFIX (4784),0.0,0.0,False
PGLYRP1 (8993),-0.0,0.0,False
CRY1 (1407),-0.0,0.0,False
MGST1 (4257),0.0,0.0,False
MPND (84954),-0.0,0.0,False
SS18L2 (51188),0.0,0.0,False
PLEKHG6 (55200),-0.0,0.0,False
AASS (10157),-0.0,0.0,False
CELSR3 (1951),-0.0,0.0,False
DNAJC11 (55735),0.0,0.0,False
SELE (6401),0.0,0.0,False
TEAD3 (7005),0.0,0.0,False
CRAMP1 (57585),0.0,0.0,False
NOS2 (4843),-0.0,0.0,False
PAFAH1B1 (5048),0.0,0.0,False
CEACAM21 (90273),-0.0,0.0,False
CCDC124 (115098),0.0,0.0,False
PROM1 (8842),-0.0,0.0,False
MARK4 (57787),-0.0,0.0,False
PRSS21 (10942),0.0,0.0,False
UPP2 (151531),-0.0,0.0,False
CDKL3 (51265),-0.0,0.0,False
ADIPOR2 (79602),0.0,0.0,False
MYH13 (8735),-0.0,0.0,False
PNPLA4 (8228),-0.0,0.0,False
ARSD (414),0.0,0.0,False
SCIN (85477),-0.0,0.0,False
ELAC2 (60528),0.0,0.0,False
DNAH9 (1770),0.0,0.0,False
BLTP2 (9703),0.0,0.0,False
SLC13A2 (9058),0.0,0.0,False
RPUSD1 (113000),0.0,0.0,False
PIGQ (9091),0.0,0.0,False
TSR3 (115939),0.0,0.0,False
BAIAP3 (8938),-0.0,0.0,False
CACNA2D2 (9254),0.0,0.0,False
LUC7L (55692),0.0,0.0,False
RHBDF1 (64285),-0.0,0.0,False
PAX6 (5080),0.0,0.0,False
GAS7 (8522),-0.0,0.0,False
TKTL1 (8277),-0.0,0.0,False
ST7L (54879),0.0,0.0,False
SCN4A (6329),0.0,0.0,False
CD79B (974),0.0,0.0,False
CEACAM7 (1087),0.0,0.0,False
TRAPPC6A (79090),0.0,0.0,False
RHOBTB2 (23221),-0.0,0.0,False
HEATR5B (54497),0.0,0.0,False
SEC62 (7095),0.0,0.0,False
LRRC23 (10233),-0.0,0.0,False
ABHD5 (51099),0.0,0.0,False
MKS1 (54903),0.0,0.0,False
APBA3 (9546),0.0,0.0,False
BTBD7 (55727),-0.0,0.0,False
TSPAN9 (10867),0.0,0.0,False
SLC6A7 (6534),-0.0,0.0,False
MRC2 (9902),0.0,0.0,False
CLCN6 (1185),0.0,0.0,False
LYPLA2 (11313),-0.0,0.0,False
ELOA (6924),0.0,0.0,False
FMO1 (2326),-0.0,0.0,False
HIVEP2 (3097),0.0,0.0,False
FYN (2534),-0.0,0.0,False
SCMH1 (22955),0.0,0.0,False
HFE (3077),-0.0,0.0,False
ANOS1 (3730),0.0,0.0,False
AKAP8L (26993),0.0,0.0,False
MBTD1 (54799),0.0,0.0,False
PLAUR (5329),-0.0,0.0,False
PPP5C (5536),-0.0,0.0,False
QPCTL (54814),0.0,0.0,False
DCN (1634),-0.0,0.0,False
RABGAP1 (23637),0.0,0.0,False
WIZ (58525),0.0,0.0,False
ANLN (54443),-0.0,0.0,False
PIK3C2A (5286),0.0,0.0,False
UTP18 (51096),0.0,0.0,False
LARS2 (23395),-0.0,0.0,False
SYT7 (9066),0.0,0.0,False
DPF1 (8193),-0.0,0.0,False
PTBP1 (5725),0.0,0.0,False
TTC19 (54902),-0.0,0.0,False
RNF216 (54476),0.0,0.0,False
BTK (695),-0.0,0.0,False
CD4 (920),0.0,0.0,False
RPS20 (6224),-0.0,0.0,False
ZNF200 (7752),0.0,0.0,False
ETV7 (51513),-0.0,0.0,False
RANBP9 (10048),0.0,0.0,False
BAZ1B (9031),-0.0,0.0,False
MLXIPL (51085),-0.0,0.0,False
VTA1 (51534),0.0,0.0,False
POMT2 (29954),-0.0,0.0,False
TRAF3IP3 (80342),-0.0,0.0,False
FAM76A (199870),0.0,0.0,False
IYD (389434),0.0,0.0,False
MASP2 (10747),0.0,0.0,False
PAX7 (5081),0.0,0.0,False
TENM1 (10178),0.0,0.0,False
REV3L (5980),0.0,0.0,False
UBE3C (9690),0.0,0.0,False
CSDE1 (7812),0.0,0.0,False
SPRTN (83932),-0.0,0.0,False
METTL13 (51603),-0.0,0.0,False
DYRK4 (8798),0.0,0.0,False
PHF7 (51533),-0.0,0.0,False
PRSS3 (5646),-0.0,0.0,False
IDS (3423),-0.0,0.0,False
FUZ (80199),0.0,0.0,False
STAB1 (23166),0.0,0.0,False
NISCH (11188),0.0,0.0,False
SEMA3G (56920),0.0,0.0,False
GIPR (2696),-0.0,0.0,False
ZNF207 (7756),0.0,0.0,False
IFFO1 (25900),-0.0,0.0,False
NCAPD2 (9918),0.0,0.0,False
HHATL (57467),-0.0,0.0,False
CD9 (928),0.0,0.0,False
STARD3NL (83930),0.0,0.0,False
UQCRC1 (7384),-0.0,0.0,False
ARHGAP44 (9912),0.0,0.0,False
VPS41 (27072),0.0,0.0,False
PAF1 (54623),0.0,0.0,False
CFLAR (8837),-0.0,0.0,False
VPS50 (55610),0.0,0.0,False
RECQL (5965),0.0,0.0,False
CAMKK1 (84254),0.0,0.0,False
RBM6 (10180),-0.0,0.0,False
KDM1A (23028),0.0,0.0,False
CD38 (952),-0.0,0.0,False
AK2 (204),0.0,0.0,False
PLXND1 (23129),0.0,0.0,False
POLDIP2 (26073),0.0,0.0,False
SARM1 (23098),0.0,0.0,False
ARF5 (381),0.0,0.0,False
SLC7A2 (6542),0.0,0.0,False
MTMR7 (9108),0.0,0.0,False
RBM5 (10181),-0.0,0.0,False
NDUFAF7 (55471),-0.0,0.0,False
HSPB6 (126393),0.0,0.0,False
ARHGAP33 (115703),0.0,0.0,False
NDUFAB1 (4706),0.0,0.0,False
SLC4A1 (6521),-0.0,0.0,False
SKAP2 (8935),-0.0,0.0,False
UPF1 (5976),0.0,0.0,False
PRSS22 (64063),-0.0,0.0,False
DVL2 (1856),0.0,0.0,False
HCCS (3052),0.0,0.0,False
CALCR (799),0.0,0.0,False
CDC27 (996),-0.0,0.0,False
PDK4 (5166),0.0,0.0,False
ST7 (7982),0.0,0.0,False
SLC25A13 (10165),0.0,0.0,False
ARX (170302),0.0,0.0,False
ABCB5 (340273),0.0,0.0,False
ZMYND10 (51364),0.0,0.0,False
SLC22A16 (85413),-0.0,0.0,False
TFPI (7035),-0.0,0.0,False
CASP10 (843),-0.0,0.0,False
MCUB (55013),-0.0,0.0,False
ALS2 (57679),0.0,0.0,False
ANKIB1 (54467),0.0,0.0,False
CFTR (1080),-0.0,0.0,False
SEMA3F (6405),0.0,0.0,False
ENPP4 (22875),0.0,0.0,False
LAS1L (81887),0.0,0.0,False
NIPAL3 (57185),0.0,0.0,False
STPG1 (90529),0.0,0.0,False
NFYA (4800),0.0,0.0,False
GCLC (2729),0.0,0.0,False
FUCA2 (2519),-0.0,0.0,False
CFH (3075),-0.0,0.0,False
FGR (2268),-0.0,0.0,False
FIRRM (55732),-0.0,0.0,False
SCYL3 (57147),-0.0,0.0,False
DPM1 (8813),0.0,0.0,False
CYP51A1 (1595),0.0,0.0,False
KRIT1 (889),0.0,0.0,False
RAD52 (5893),0.0,0.0,False
SNX11 (29916),0.0,0.0,False
DBNDD1 (79007),0.0,0.0,False
ICA1 (3382),-0.0,0.0,False
CYP26B1 (56603),0.0,0.0,False
KLHL13 (90293),0.0,0.0,False
M6PR (4074),-0.0,0.0,False
TMEM176A (55365),-0.0,0.0,False
LASP1 (3927),0.0,0.0,False
BAD (572),0.0,0.0,False
MAD1L1 (8379),-0.0,0.0,False
HECW1 (23072),0.0,0.0,False
AOC1 (26),0.0,0.0,False
HS3ST1 (9957),-0.0,0.0,False
CD99 (4267),-0.0,0.0,False
LAP3 (51056),0.0,0.0,False
SLC25A5 (292),-0.0,0.0,False
HOXA11 (3207),-0.0,0.0,False
GTF2IRD1 (9569),-0.0,0.0,False
REX1BD (55049),-0.0,0.0,False
TNFRSF12A (51330),-0.0,0.0,False
CACNA1G (8913),0.0,0.0,False
SPATA20 (64847),0.0,0.0,False
CX3CL1 (6376),-0.0,0.0,False
ZNF263 (10127),0.0,0.0,False
TAC1 (6863),-0.0,0.0,False
AP2B1 (163),-0.0,0.0,False
TMEM132A (54972),0.0,0.0,False
CACNG3 (10368),0.0,0.0,False
ABCC8 (6833),0.0,0.0,False
MAP3K14 (9020),0.0,0.0,False
KRT33A (3883),-0.0,0.0,False
YBX2 (51087),0.0,0.0,False
TMEM98 (26022),-0.0,0.0,False
OSBPL7 (114881),0.0,0.0,False
DLX6 (1750),0.0,0.0,False
MAP3K9 (4293),-0.0,0.0,False
RALA (5898),0.0,0.0,False
USH1C (10083),-0.0,0.0,False
COX10 (1352),0.0,0.0,False
LGALS14 (56891),0.0,0.0,False
IFRD1 (3475),0.0,0.0,False
TBXA2R (6915),-0.0,0.0,False
DBF4 (10926),-0.0,0.0,False
GGCT (79017),0.0,0.0,False
FARP2 (9855),-0.0,0.0,False
BAIAP2L1 (55971),-0.0,0.0,False
CCL26 (10344),0.0,0.0,False
PHTF2 (57157),0.0,0.0,False
TTC22 (55001),-0.0,0.0,False
ALDH3B1 (221),-0.0,0.0,False
AGK (55750),0.0,0.0,False
KDM7A (80853),0.0,0.0,False
CRLF1 (9244),-0.0,0.0,False
GDE1 (51573),0.0,0.0,False
POLR2J (5439),0.0,0.0,False
ASB4 (51666),0.0,0.0,False
MPO (4353),0.0,0.0,False
TSPOAP1 (9256),-0.0,0.0,False
CREBBP (1387),0.0,0.0,False
MSL3 (10943),0.0,0.0,False
PRKAR2B (5577),0.0,0.0,False
COPZ2 (51226),0.0,0.0,False
ATOSB (80256),-0.0,0.0,False
SPPL2B (56928),0.0,0.0,False
CIAPIN1 (57019),-0.0,0.0,False
REXO5 (81691),0.0,0.0,False
ACSM3 (6296),-0.0,0.0,False
RPAP3 (79657),0.0,0.0,False
LIG3 (3980),0.0,0.0,False
MEOX1 (4222),0.0,0.0,False
DHX33 (56919),0.0,0.0,False
PON1 (5444),-0.0,0.0,False
GCFC2 (6936),0.0,0.0,False
WDR54 (84058),-0.0,0.0,False
FBXL3 (26224),-0.0,0.0,False
ITGA2B (3674),0.0,0.0,False
LAMP2 (3920),-0.0,0.0,False
ZFX (7543),0.0,0.0,False
ITGA3 (3675),-0.0,0.0,False
PDK2 (5164),-0.0,0.0,False
ITGAL (3683),0.0,0.0,False
MYCBP2 (23077),-0.0,0.0,False
CROT (54677),-0.0,0.0,False
ZNF195 (7748),-0.0,0.0,False
IBTK (25998),-0.0,0.0,False
SOX8 (30812),-0.0,0.0,False
RHBDD2 (57414),-0.0,0.0,False
KMT2E (55904),0.0,0.0,False
ABCB4 (5244),-0.0,0.0,False
CEP68 (23177),0.0,0.0,False
ZBTB32 (27033),-0.0,0.0,False
PREX2 (80243),0.0,0.0,False
SH3YL1 (26751),0.0,0.0,False
GABARAPL2 (11345),0.0,0.0,False
PEX3 (8504),0.0,0.0,False
RNF19A (25897),-0.0,0.0,False
ASTE1 (28990),0.0,0.0,False
TMSB10 (9168),-0.0,0.0,False
CLXN (79645),-0.0,0.0,False
MAP2K3 (5606),-0.0,0.0,False
APBA2 (321),0.0,0.0,False
SLC4A7 (9497),-0.0,0.0,False
PIAS1 (8554),-0.0,0.0,False
ATP6V0A1 (535),-0.0,0.0,False
GAB2 (9846),0.0,0.0,False
UBA6 (55236),0.0,0.0,False
FUT8 (2530),-0.0,0.0,False
LRRC7 (57554),0.0,0.0,False
MYOC (4653),-0.0,0.0,False
FAM136A (84908),0.0,0.0,False
TYROBP (7305),0.0,0.0,False
VCL (7414),0.0,0.0,False
CASR (846),0.0,0.0,False
USP2 (9099),0.0,0.0,False
SLC18A1 (6570),-0.0,0.0,False
ZZZ3 (26009),0.0,0.0,False
CYP46A1 (10858),0.0,0.0,False
OTC (5009),-0.0,0.0,False
MYOM2 (9172),-0.0,0.0,False
CUL3 (8452),-0.0,0.0,False
TBC1D23 (55773),0.0,0.0,False
RFC1 (5981),-0.0,0.0,False
TIMP2 (7077),-0.0,0.0,False
STAP1 (26228),0.0,0.0,False
NSMAF (8439),-0.0,0.0,False
DAPK2 (23604),-0.0,0.0,False
DEPDC1B (55789),-0.0,0.0,False
CHPF2 (54480),0.0,0.0,False
ABCF2 (10061),0.0,0.0,False
ZCCHC8 (55596),0.0,0.0,False
ALG1 (56052),-0.0,0.0,False
ANK1 (286),-0.0,0.0,False
SLC39A9 (55334),-0.0,0.0,False
BCLAF1 (9774),0.0,0.0,False
BMAL2 (56938),0.0,0.0,False
TBPL1 (9519),0.0,0.0,False
SNX1 (6642),-0.0,0.0,False
BRD9 (65980),0.0,0.0,False
POU2F2 (5452),-0.0,0.0,False
VEZT (55591),0.0,0.0,False
TNFRSF1B (7133),-0.0,0.0,False
VRK2 (7444),-0.0,0.0,False
SH2D2A (9047),-0.0,0.0,False
B4GALT7 (11285),0.0,0.0,False
IFNGR1 (3459),-0.0,0.0,False
INSRR (3645),-0.0,0.0,False
IBSP (3381),0.0,0.0,False
TFB1M (51106),-0.0,0.0,False
RABEP1 (9135),0.0,0.0,False
CENPQ (55166),0.0,0.0,False
IFT88 (8100),-0.0,0.0,False
PNPLA6 (10908),0.0,0.0,False
EIPR1 (7260),-0.0,0.0,False
ARID4A (5926),-0.0,0.0,False
RANBP3 (8498),-0.0,0.0,False
SARS1 (6301),0.0,0.0,False
ARHGAP31 (57514),0.0,0.0,False
HMGB3 (3149),0.0,0.0,False
FAM13B (51306),-0.0,0.0,False
GRN (2896),-0.0,0.0,False
IKZF2 (22807),0.0,0.0,False
MUSK (4593),0.0,0.0,False
BAK1 (578),-0.0,0.0,False
NUP160 (23279),0.0,0.0,False
TUBG2 (27175),-0.0,0.0,False
RPL26L1 (51121),-0.0,0.0,False
FLT4 (2324),-0.0,0.0,False
PSMA4 (5685),-0.0,0.0,False
BARX2 (8538),-0.0,0.0,False
ADAM28 (10863),-0.0,0.0,False
TG (7038),0.0,0.0,False
ZPBP (11055),-0.0,0.0,False
USH2A (7399),0.0,0.0,False
AP2S1 (1175),-0.0,0.0,False
CAPG (822),0.0,0.0,False
MED17 (9440),0.0,0.0,False
SPATA7 (55812),-0.0,0.0,False
AIFM2 (84883),-0.0,0.0,False
TDP1 (55775),0.0,0.0,False
THAP3 (90326),0.0,0.0,False
TNC (3371),-0.0,0.0,False
PARP3 (10039),-0.0,0.0,False
LSG1 (55341),-0.0,0.0,False
DCUN1D1 (54165),0.0,0.0,False
JADE2 (23338),-0.0,0.0,False
ZIC2 (7546),0.0,0.0,False
EPHA3 (2042),-0.0,0.0,False
MAGEC2 (51438),0.0,0.0,False
GPM6B (2824),-0.0,0.0,False
OFD1 (8481),0.0,0.0,False
GEMIN8 (54960),0.0,0.0,False
DSG2 (1829),-0.0,0.0,False
HSPA5 (3309),-0.0,0.0,False
CNTLN (54875),0.0,0.0,False
LCP2 (3937),0.0,0.0,False
PHKA2 (5256),0.0,0.0,False
CTNNA1 (1495),-0.0,0.0,False
CUL7 (9820),0.0,0.0,False
GUCA2B (2981),-0.0,0.0,False
ADRB1 (153),-0.0,0.0,False
TRIT1 (54802),0.0,0.0,False
MYO16 (23026),0.0,0.0,False
RAB27B (5874),-0.0,0.0,False
NSUN2 (54888),-0.0,0.0,False
INPP4A (3631),0.0,0.0,False
MSR1 (4481),0.0,0.0,False
CLEC16A (23274),0.0,0.0,False
VCAN (1462),0.0,0.0,False
TRIO (7204),0.0,0.0,False
EDC4 (23644),-0.0,0.0,False
TLL1 (7092),0.0,0.0,False
MAT2B (27430),-0.0,0.0,False
BOD1L1 (259282),0.0,0.0,False
PI4K2B (55300),0.0,0.0,False
AGA (175),-0.0,0.0,False
HOXC8 (3224),-0.0,0.0,False
METTL1 (4234),0.0,0.0,False
MRI1 (84245),0.0,0.0,False
MFAP3 (4238),0.0,0.0,False
FBXO42 (54455),0.0,0.0,False
CDH1 (999),0.0,0.0,False
MTREX (23517),-0.0,0.0,False
DNAH5 (1767),0.0,0.0,False
SPDL1 (54908),0.0,0.0,False
CDH10 (1008),-0.0,0.0,False
PHF23 (79142),0.0,0.0,False
RTN4R (65078),-0.0,0.0,False
CTNS (1497),0.0,0.0,False
SLC66A1 (54896),0.0,0.0,False
STAU2 (27067),0.0,0.0,False
PHLPP2 (23035),0.0,0.0,False
ZFYVE16 (9765),-0.0,0.0,False
BEST2 (54831),0.0,0.0,False
PNKP (11284),0.0,0.0,False
SOX30 (11063),0.0,0.0,False
RAI14 (26064),-0.0,0.0,False
C6 (729),-0.0,0.0,False
RIPOR1 (79567),0.0,0.0,False
PRKCH (5583),-0.0,0.0,False
MIPEP (4285),-0.0,0.0,False
BTN3A1 (11119),-0.0,0.0,False
UFL1 (23376),0.0,0.0,False
NPC1L1 (29881),-0.0,0.0,False
MATR3 (9782),-0.0,0.0,False
BID (637),-0.0,0.0,False
DPEP1 (1800),-0.0,0.0,False
WAS (7454),0.0,0.0,False
ZMYND11 (10771),0.0,0.0,False
YAF2 (10138),0.0,0.0,False
CCDC88C (440193),-0.0,0.0,False
COX15 (1355),0.0,0.0,False
MTMR11 (10903),-0.0,0.0,False
SLC30A9 (10463),-0.0,0.0,False
MDH1 (4190),-0.0,0.0,False
ACP3 (55),0.0,0.0,False
CAPN1 (823),-0.0,0.0,False
ZC3H3 (23144),0.0,0.0,False
XYLT2 (64132),0.0,0.0,False
RGPD5 (84220),0.0,0.0,False
STMN4 (81551),0.0,0.0,False
IGF1 (3479),0.0,0.0,False
AGPS (8540),-0.0,0.0,False
WWTR1 (25937),-0.0,0.0,False
SLC11A1 (6556),0.0,0.0,False
CNTN1 (1272),-0.0,0.0,False
RUFY3 (22902),0.0,0.0,False
RALBP1 (10928),0.0,0.0,False
ATP2C1 (27032),-0.0,0.0,False
NUDCD3 (23386),-0.0,0.0,False
GLT8D1 (55830),0.0,0.0,False
CLCA4 (22802),0.0,0.0,False
CLCA1 (1179),-0.0,0.0,False
IL20RA (53832),0.0,0.0,False
CHDH (55349),-0.0,0.0,False
ISL1 (3670),-0.0,0.0,False
POLA2 (23649),0.0,0.0,False
TACC3 (10460),-0.0,0.0,False
ATP1A2 (477),0.0,0.0,False
CD6 (923),0.0,0.0,False
UBR7 (55148),-0.0,0.0,False
CALCOCO1 (57658),0.0,0.0,False
KDM5D (8284),-0.0,0.0,False
ELOVL5 (60481),0.0,0.0,False
NR1H4 (9971),-0.0,0.0,False
EXTL3 (2137),-0.0,0.0,False
LTF (4057),0.0,0.0,False
PRICKLE3 (4007),0.0,0.0,False
MBTPS2 (51360),0.0,0.0,False
SEMA3B (7869),-0.0,0.0,False
CD22 (933),-0.0,0.0,False
ERCC1 (2067),-0.0,0.0,False
BRCA1 (672),-0.0,0.0,False
GABRA3 (2556),0.0,0.0,False
LDAF1 (57146),-0.0,0.0,False
MAP4K5 (11183),0.0,0.0,False
EHD3 (30845),-0.0,0.0,False
PSMC4 (5704),-0.0,0.0,False
ANGEL1 (23357),0.0,0.0,False
MAMLD1 (10046),0.0,0.0,False
GPRC5A (9052),-0.0,0.0,False
HEBP1 (50865),0.0,0.0,False
DDX11 (1663),0.0,0.0,False
DNASE1L1 (1774),-0.0,0.0,False
RNF14 (9604),0.0,0.0,False
POLR3B (55703),0.0,0.0,False
MAN2B2 (23324),-0.0,0.0,False
CLK1 (1195),-0.0,0.0,False
NUB1 (51667),0.0,0.0,False
MVP (9961),-0.0,0.0,False
SLC25A39 (51629),0.0,0.0,False
CLDN11 (5010),0.0,0.0,False
SLC7A14 (57709),0.0,0.0,False
STEEP1 (63932),0.0,0.0,False
TTC27 (55622),-0.0,0.0,False
AGPAT4 (56895),0.0,0.0,False
GRAMD1B (57476),0.0,0.0,False
UBR2 (23304),0.0,0.0,False
GCLM (2730),0.0,0.0,False
PLEKHO1 (51177),0.0,0.0,False
DEF6 (50619),-0.0,0.0,False
ABCC2 (1244),0.0,0.0,False
STRAP (11171),0.0,0.0,False
DERA (51071),0.0,0.0,False
SNAPC1 (6617),0.0,0.0,False
GLRX2 (51022),-0.0,0.0,False
AKAP11 (11215),-0.0,0.0,False
BIRC3 (330),-0.0,0.0,False
ALAS1 (211),-0.0,0.0,False
ERP44 (23071),-0.0,0.0,False
RB1CC1 (9821),0.0,0.0,False
NDUFS1 (4719),0.0,0.0,False
EHD2 (30846),-0.0,0.0,False
DEPDC1 (55635),0.0,0.0,False
CCDC28A (25901),-0.0,0.0,False
SEC63 (11231),0.0,0.0,False
KCNG1 (3755),-0.0,0.0,False
CD44 (960),-0.0,0.0,False
RNASET2 (8635),0.0,0.0,False
FAS (355),0.0,0.0,False
VIM (7431),-0.0,0.0,False
KPNA6 (23633),0.0,0.0,False
TOMM34 (10953),0.0,0.0,False
RRAGD (58528),0.0,0.0,False
NCAPH2 (29781),-0.0,0.0,False
TYMP (1890),-0.0,0.0,False
NR1H3 (10062),-0.0,0.0,False
HSD17B6 (8630),0.0,0.0,False
PHF20 (51230),0.0,0.0,False
HSF2 (3298),0.0,0.0,False
RNH1 (6050),0.0,0.0,False
ZDHHC6 (64429),-0.0,0.0,False
ZNF582 (147948),0.0,0.0,False
ZNF839 (55778),-0.0,0.0,False
SAMD4A (23034),0.0,0.0,False
MNAT1 (4331),-0.0,0.0,False
ZFP64 (55734),-0.0,0.0,False
ADGRA2 (25960),-0.0,0.0,False
NCDN (23154),0.0,0.0,False
ZRANB1 (54764),0.0,0.0,False
HGF (3082),-0.0,0.0,False
CD74 (972),-0.0,0.0,False
SNAI2 (6591),-0.0,0.0,False
SYT13 (57586),-0.0,0.0,False
PRDM11 (56981),0.0,0.0,False
CYP24A1 (1591),-0.0,0.0,False
MARCO (8685),-0.0,0.0,False
PHLDB1 (23187),0.0,0.0,False
VSIG2 (23584),-0.0,0.0,False
RUNX3 (864),0.0,0.0,False
MRE11 (4361),0.0,0.0,False
PLEKHB1 (58473),-0.0,0.0,False
C8B (732),-0.0,0.0,False
RNF10 (9921),0.0,0.0,False
SLC45A4 (57210),-0.0,0.0,False
NLRP2 (55655),0.0,0.0,False
GABRA1 (2554),0.0,0.0,False
RTF2 (51507),-0.0,0.0,False
FHL1 (2273),0.0,0.0,False
CPS1 (1373),-0.0,0.0,False
SERPINB1 (1992),-0.0,0.0,False
AQR (9716),-0.0,0.0,False
OSBPL5 (114879),0.0,0.0,False
NRXN3 (9369),0.0,0.0,False
SPAST (6683),-0.0,0.0,False
SLC7A9 (11136),-0.0,0.0,False
CYP3A43 (64816),-0.0,0.0,False
TP63 (8626),-0.0,0.0,False
LLGL2 (3993),0.0,0.0,False
PRPF6 (24148),0.0,0.0,False
HIVEP1 (3096),0.0,0.0,False
TPSD1 (23430),-0.0,0.0,False
NUBP2 (10101),0.0,0.0,False
CREM (1390),0.0,0.0,False
WAC (51322),-0.0,0.0,False
MYO3A (53904),-0.0,0.0,False
IL11 (3589),-0.0,0.0,False
BAMBI (25805),-0.0,0.0,False
CRTAC1 (55118),0.0,0.0,False
SORBS1 (10580),0.0,0.0,False
TDRD1 (56165),-0.0,0.0,False
CYP26A1 (1592),0.0,0.0,False
TLL2 (7093),0.0,0.0,False
BLNK (29760),0.0,0.0,False
IKZF5 (64376),0.0,0.0,False
BTAF1 (9044),-0.0,0.0,False
SMIM24 (284422),-0.0,0.0,False
TREM2 (54209),-0.0,0.0,False
BCL2L13 (23786),0.0,0.0,False
KCNK16 (83795),0.0,0.0,False
DSP (1832),0.0,0.0,False
ZNF184 (7738),0.0,0.0,False
ITPR3 (3710),-0.0,0.0,False
CDC5L (988),0.0,0.0,False
MLN (4295),-0.0,0.0,False
HSP90AB1 (3326),0.0,0.0,False
NCR2 (9436),0.0,0.0,False
EFHC1 (114327),0.0,0.0,False
TMEM14A (28978),0.0,0.0,False
PGC (5225),-0.0,0.0,False
MRPS18A (55168),0.0,0.0,False
BRPF3 (27154),0.0,0.0,False
SRPK1 (6732),0.0,0.0,False
FKBP5 (2289),0.0,0.0,False
CRISP3 (10321),0.0,0.0,False
SEMA4G (57715),-0.0,0.0,False
CWF19L1 (55280),-0.0,0.0,False
PDE6C (5146),0.0,0.0,False
WHRN (25861),-0.0,0.0,False
CDC23 (8697),0.0,0.0,False
UPRT (139596),-0.0,0.0,False
CDC6 (990),0.0,0.0,False
KRT31 (3881),0.0,0.0,False
GABRP (2568),-0.0,0.0,False
OR1I1 (126370),-0.0,0.0,False
HDAC6 (10013),0.0,0.0,False
XYLB (9942),-0.0,0.0,False
SEC22C (9117),-0.0,0.0,False
LRRFIP2 (9209),-0.0,0.0,False
ECHDC1 (55862),-0.0,0.0,False
ADA2 (51816),0.0,0.0,False
COMT (1312),-0.0,0.0,False
CDC45 (8318),-0.0,0.0,False
NUP50 (10762),-0.0,0.0,False
AAAS (8086),0.0,0.0,False
CBX5 (23468),0.0,0.0,False
FMO2 (2327),-0.0,0.0,False
TMEM38B (55151),0.0,0.0,False
TBC1D2 (55357),-0.0,0.0,False
SH2D3C (10044),-0.0,0.0,False
CRAT (1384),-0.0,0.0,False
NUP188 (23511),0.0,0.0,False
PTGS1 (5742),-0.0,0.0,False
PSMD5 (5711),0.0,0.0,False
EPB41L4B (54566),0.0,0.0,False
SUCO (51430),-0.0,0.0,False
ARCN1 (372),0.0,0.0,False
NXPE1 (120400),0.0,0.0,False
HOOK2 (29911),0.0,0.0,False
DHPS (1725),0.0,0.0,False
MAP3K1 (4214),-0.0,0.0,False
MSH2 (4436),-0.0,0.0,False
SIRT1 (23411),0.0,0.0,False
HNRNPH3 (3189),0.0,0.0,False
IFT74 (80173),-0.0,0.0,False
AMELY (266),0.0,0.0,False
RASSF7 (8045),0.0,0.0,False
IZUMO4 (113177),0.0,0.0,False
CDHR5 (53841),-0.0,0.0,False
HCN2 (610),-0.0,0.0,False
POLRMT (5442),-0.0,0.0,False
POLR2E (5434),0.0,0.0,False
CEP170B (283638),-0.0,0.0,False
MISP (126353),-0.0,0.0,False
MTAP (4507),0.0,0.0,False
CDC34 (997),0.0,0.0,False
TIMM13 (26517),-0.0,0.0,False
TECR (9524),-0.0,0.0,False
NDUFB7 (4713),0.0,0.0,False
MARCHF2 (51257),-0.0,0.0,False
HNRNPM (4670),-0.0,0.0,False
GADD45B (4616),0.0,0.0,False
PALM (5064),0.0,0.0,False
MADCAM1 (8174),0.0,0.0,False
CRKL (1399),-0.0,0.0,False
DERL3 (91319),0.0,0.0,False
P2RX6 (9127),-0.0,0.0,False
SMARCB1 (6598),-0.0,0.0,False
CECR2 (27443),0.0,0.0,False
MMP11 (4320),-0.0,0.0,False
LZTR1 (8216),0.0,0.0,False
SNAP29 (9342),-0.0,0.0,False
MKNK2 (2872),0.0,0.0,False
SERPIND1 (3053),-0.0,0.0,False
MED15 (51586),-0.0,0.0,False
KLHL22 (84861),-0.0,0.0,False
RANBP1 (5902),-0.0,0.0,False
TRMT2A (27037),-0.0,0.0,False
ARVCF (421),0.0,0.0,False
IGFALS (3483),0.0,0.0,False
PCDH11Y (83259),0.0,0.0,False
JAK2 (3717),-0.0,0.0,False
CBARP (255057),-0.0,0.0,False
TSPAN15 (23555),-0.0,0.0,False
PALMD (54873),-0.0,0.0,False
PRTFDC1 (56952),-0.0,0.0,False
NRP1 (8829),-0.0,0.0,False
RAB18 (22931),0.0,0.0,False
ERMP1 (79956),-0.0,0.0,False
ABLIM1 (3983),0.0,0.0,False
TMED1 (11018),0.0,0.0,False
SCD (6319),-0.0,0.0,False
PCSK5 (5125),-0.0,0.0,False
CDC7 (8317),0.0,0.0,False
SH3GLB1 (51100),-0.0,0.0,False
ACOT7 (11332),-0.0,0.0,False
ABL1 (25),0.0,0.0,False
IL12RB1 (3594),0.0,0.0,False
MACROH2A2 (55506),-0.0,0.0,False
WASHC2A (387680),-0.0,0.0,False
MAST3 (23031),-0.0,0.0,False
HSD3B7 (80270),-0.0,0.0,False
ATP5F1D (513),-0.0,0.0,False
CIRBP (1153),-0.0,0.0,False
EFNA2 (1943),-0.0,0.0,False
MAGEB2 (4113),0.0,0.0,False
BCL7C (9274),0.0,0.0,False
SETD1A (9739),0.0,0.0,False
STX1B (112755),-0.0,0.0,False
MZF1 (7593),-0.0,0.0,False
FBXL19 (54620),-0.0,0.0,False
PSMD8 (5714),0.0,0.0,False
CATSPERG (57828),0.0,0.0,False
KCNK6 (9424),-0.0,0.0,False
MYO9B (4650),0.0,0.0,False
OCEL1 (79629),0.0,0.0,False
GPATCH2 (55105),0.0,0.0,False
TGFB2 (7042),0.0,0.0,False
DPYSL2 (1808),-0.0,0.0,False
TFAP4 (7023),0.0,0.0,False
MCOLN1 (57192),-0.0,0.0,False
CERS4 (79603),0.0,0.0,False
CD209 (30835),0.0,0.0,False
PABPC4 (8761),0.0,0.0,False
GOLGA3 (2802),0.0,0.0,False
ZNF268 (10795),-0.0,0.0,False
GNPTG (84572),0.0,0.0,False
RAB11FIP3 (9727),0.0,0.0,False
FLT3LG (2323),-0.0,0.0,False
CHRD (8646),-0.0,0.0,False
THPO (7066),0.0,0.0,False
P3H2 (55214),-0.0,0.0,False
DNAJB11 (51726),-0.0,0.0,False
FETUB (26998),-0.0,0.0,False
SPG21 (51324),0.0,0.0,False
USP48 (84196),0.0,0.0,False
EFNB1 (1947),0.0,0.0,False
PDPR (55066),-0.0,0.0,False
EXOC1 (55763),-0.0,0.0,False
PUS7 (54517),-0.0,0.0,False
NLRC4 (58484),-0.0,0.0,False
DTX2 (113878),-0.0,0.0,False
OSBPL8 (114882),0.0,0.0,False
POU4F3 (5459),-0.0,0.0,False
RBM27 (54439),-0.0,0.0,False
PITPNM2 (57605),-0.0,0.0,False
AARS1 (16),-0.0,0.0,False
NAT14 (57106),-0.0,0.0,False
DLL3 (10683),0.0,0.0,False
PLEKHG2 (64857),-0.0,0.0,False
TNRC6A (27327),0.0,0.0,False
KIF4A (24137),-0.0,0.0,False
GLG1 (2734),0.0,0.0,False
PDCD7 (10081),0.0,0.0,False
MUL1 (79594),-0.0,0.0,False
NRCAM (4897),0.0,0.0,False
SI (6476),0.0,0.0,False
DHX32 (55760),-0.0,0.0,False
ANKRD24 (170961),0.0,0.0,False
NECAP1 (25977),0.0,0.0,False
ZBTB25 (7597),-0.0,0.0,False
DDX24 (57062),-0.0,0.0,False
OTUB2 (78990),-0.0,0.0,False
MLF2 (8079),0.0,0.0,False
LAG3 (3902),0.0,0.0,False
BIRC5 (332),-0.0,0.0,False
RBM41 (55285),-0.0,0.0,False
GMIP (51291),-0.0,0.0,False
GANAB (23193),0.0,0.0,False
KCNH4 (23415),-0.0,0.0,False
CMTM1 (113540),-0.0,0.0,False
CDIP1 (29965),0.0,0.0,False
RCOR1 (23186),-0.0,0.0,False
GPATCH2L (55668),-0.0,0.0,False
LTBP4 (8425),-0.0,0.0,False
NDUFB2 (4708),0.0,0.0,False
LYZ (4069),-0.0,0.0,False
IRAK3 (11213),0.0,0.0,False
STRN4 (29888),-0.0,0.0,False
ICAM1 (3383),0.0,0.0,False
MAEA (10296),-0.0,0.0,False
NUDC (10726),-0.0,0.0,False
MRPS33 (51650),-0.0,0.0,False
BLVRB (645),-0.0,0.0,False
YPEL3 (83719),-0.0,0.0,False
PCBP4 (57060),-0.0,0.0,False
CCNK (8812),-0.0,0.0,False
PAPOLA (10914),-0.0,0.0,False
SPTLC1 (10558),0.0,0.0,False
SLC9A1 (6548),-0.0,0.0,False
LAMB4 (22798),-0.0,0.0,False
LAMB1 (3912),-0.0,0.0,False
MFSD11 (79157),-0.0,0.0,False
HAUS4 (54930),-0.0,0.0,False
TINF2 (26277),-0.0,0.0,False
TGM1 (7051),0.0,0.0,False
GEMIN2 (8487),0.0,0.0,False
TOX4 (9878),-0.0,0.0,False
SUPT16H (11198),-0.0,0.0,False
RPGRIP1 (57096),-0.0,0.0,False
HNRNPC (3183),-0.0,0.0,False
HECTD1 (25831),0.0,0.0,False
G2E3 (55632),0.0,0.0,False
SCFD1 (23256),0.0,0.0,False
RNF31 (55072),-0.0,0.0,False
SLC22A17 (51310),0.0,0.0,False
OSGEP (55644),-0.0,0.0,False
SLC7A8 (23428),0.0,0.0,False
MYH7 (4625),-0.0,0.0,False
DAZL (1618),-0.0,0.0,False
TBL1Y (90665),0.0,0.0,False
SEMA6A (57556),0.0,0.0,False
EZR (7430),0.0,0.0,False
UNC13D (201294),-0.0,0.0,False
RFFL (117584),-0.0,0.0,False
CLSPN (63967),0.0,0.0,False
TEKT2 (27285),0.0,0.0,False
AGO1 (26523),0.0,0.0,False
MYL6 (4637),0.0,0.0,False
COL9A3 (1299),-0.0,0.0,False
TRPM7 (54822),-0.0,0.0,False
PHGDH (26227),-0.0,0.0,False
TBX15 (6913),-0.0,0.0,False
SNAP23 (8773),-0.0,0.0,False
CAPN3 (825),-0.0,0.0,False
WDR76 (79968),-0.0,0.0,False
TYRO3 (7301),-0.0,0.0,False
JPH4 (84502),-0.0,0.0,False
PPP2R3C (55012),0.0,0.0,False
SLC26A4 (5172),-0.0,0.0,False
PSME1 (5720),-0.0,0.0,False
CDV3 (55573),0.0,0.0,False
TF (7018),-0.0,0.0,False
SEL1L3 (23231),0.0,0.0,False
FH (2271),-0.0,0.0,False
SMPX (23676),-0.0,0.0,False
MAP3K20 (51776),0.0,0.0,False
RAPGEF4 (11069),-0.0,0.0,False
ITGA6 (3655),-0.0,0.0,False
CMTM6 (54918),-0.0,0.0,False
ABCC6 (368),0.0,0.0,False
IL5RA (3568),-0.0,0.0,False
TXNL1 (9352),0.0,0.0,False
WDR7 (23335),0.0,0.0,False
DLD (1738),0.0,0.0,False
SLC26A3 (1811),0.0,0.0,False
MYO15A (51168),0.0,0.0,False
ALKBH5 (54890),0.0,0.0,False
APOH (350),-0.0,0.0,False
ESR1 (2099),0.0,0.0,False
CMA1 (1215),-0.0,0.0,False
CCDC80 (151887),0.0,0.0,False
CD200 (4345),0.0,0.0,False
TMEM101 (84336),-0.0,0.0,False
ANGPT2 (285),-0.0,0.0,False
RGS17 (26575),-0.0,0.0,False
ZC3HC1 (51530),-0.0,0.0,False
NLRP1 (22861),-0.0,0.0,False
CPA1 (1357),-0.0,0.0,False
SLC17A6 (57084),0.0,0.0,False
ZFHX4 (79776),0.0,0.0,False
ORC6 (23594),0.0,0.0,False
SPAG7 (9552),0.0,0.0,False
PITPNM3 (83394),0.0,0.0,False
SLC7A4 (6545),-0.0,0.0,False
DDTL (100037417),0.0,0.0,False
FXYD3 (5349),-0.0,0.0,False
ITPK1 (3705),-0.0,0.0,False
SNW1 (22938),-0.0,0.0,False
ALKBH1 (8846),-0.0,0.0,False
LGMN (5641),-0.0,0.0,False
RIN3 (79890),-0.0,0.0,False
SPTLC2 (9517),-0.0,0.0,False
ISM2 (145501),0.0,0.0,False
DAAM1 (23002),-0.0,0.0,False
AHSA1 (10598),-0.0,0.0,False
SAMD15 (161394),-0.0,0.0,False
TMED8 (283578),-0.0,0.0,False
KIAA0586 (9786),-0.0,0.0,False
GSTZ1 (2954),-0.0,0.0,False
TIMM9 (26520),-0.0,0.0,False
VTI1B (10490),-0.0,0.0,False
PSMA3 (5684),-0.0,0.0,False
CHGA (1113),0.0,0.0,False
DHRS7 (51635),-0.0,0.0,False
DDT (1652),0.0,0.0,False
PPM1A (5494),-0.0,0.0,False
ZC3H14 (79882),-0.0,0.0,False
TCL1A (8115),0.0,0.0,False
MTHFD1 (4522),-0.0,0.0,False
ZFYVE21 (79038),0.0,0.0,False
DICER1 (23405),-0.0,0.0,False
SLC8A3 (6547),-0.0,0.0,False
SERPINA4 (5267),0.0,0.0,False
EIF5 (1983),-0.0,0.0,False
SLC10A1 (6554),0.0,0.0,False
SRSF5 (6430),-0.0,0.0,False
SUSD6 (9766),-0.0,0.0,False
ERH (2079),-0.0,0.0,False
CEP128 (145508),-0.0,0.0,False
GALNT16 (57452),0.0,0.0,False
SIX4 (51804),0.0,0.0,False
LRRC74A (145497),0.0,0.0,False
PIGH (5283),-0.0,0.0,False
PLEK2 (26499),-0.0,0.0,False
CCDC198 (55195),-0.0,0.0,False
GZMB (3002),0.0,0.0,False
GZMH (2999),0.0,0.0,False
CTSG (1511),0.0,0.0,False
SDR39U1 (56948),-0.0,0.0,False
FKBP3 (2287),-0.0,0.0,False
KHNYN (23351),-0.0,0.0,False
ABHD4 (63874),0.0,0.0,False
KCNK10 (54207),-0.0,0.0,False
HDAC10 (83933),-0.0,0.0,False
MLC1 (23209),0.0,0.0,False
ZBED4 (9889),-0.0,0.0,False
BRD1 (23774),-0.0,0.0,False
CERK (64781),-0.0,0.0,False
DESI1 (27351),0.0,0.0,False
PMM1 (5372),-0.0,0.0,False
RBM23 (55147),0.0,0.0,False
PRMT5 (10419),-0.0,0.0,False
COCH (1690),0.0,0.0,False
PSMC6 (5706),-0.0,0.0,False
ATP6V1D (51382),-0.0,0.0,False
CGRRF1 (10668),0.0,0.0,False
CNIH1 (10175),-0.0,0.0,False
CDKN3 (1033),-0.0,0.0,False
DDHD1 (80821),0.0,0.0,False
GNPNAT1 (64841),-0.0,0.0,False
TRIM9 (114088),-0.0,0.0,False
AP4S1 (11154),-0.0,0.0,False
PYGL (5836),-0.0,0.0,False
NIN (51199),0.0,0.0,False
CDKL1 (8814),-0.0,0.0,False
SOS2 (6655),-0.0,0.0,False
VCPKMT (79609),-0.0,0.0,False
POLE2 (5427),-0.0,0.0,False
TELO2 (9894),0.0,0.0,False
PCNX1 (22990),-0.0,0.0,False
BDKRB1 (623),-0.0,0.0,False
PLTP (5360),-0.0,0.0,False
HNF4A (3172),-0.0,0.0,False
R3HDML (140902),0.0,0.0,False
MYBL2 (4605),0.0,0.0,False
IFT52 (51098),0.0,0.0,False
SGK2 (10110),-0.0,0.0,False
ZMYND8 (23613),-0.0,0.0,False
UQCC1 (55245),0.0,0.0,False
CD40 (958),-0.0,0.0,False
NINL (22981),0.0,0.0,False
GINS1 (9837),-0.0,0.0,False
PROCR (10544),-0.0,0.0,False
ABHD12 (26090),-0.0,0.0,False
TRPC4AP (26133),0.0,0.0,False
VSX1 (30813),-0.0,0.0,False
GSS (2937),-0.0,0.0,False
NDRG3 (57446),0.0,0.0,False
SLA2 (84174),0.0,0.0,False
RAB5IF (55969),0.0,0.0,False
CSTF1 (1477),-0.0,0.0,False
CTSZ (1522),-0.0,0.0,False
NELFCD (51497),0.0,0.0,False
DNAJC5 (80331),0.0,0.0,False
TPD52L2 (7165),0.0,0.0,False
RAE1 (8480),-0.0,0.0,False
BMP7 (655),0.0,0.0,False
DOK5 (55816),0.0,0.0,False
NFATC2 (4773),-0.0,0.0,False
PFDN4 (5203),0.0,0.0,False
ADNP (23394),-0.0,0.0,False
SALL4 (57167),-0.0,0.0,False
STK4 (6789),0.0,0.0,False
PABPC1L (80336),-0.0,0.0,False
RIMS4 (140730),0.0,0.0,False
PCIF1 (63935),0.0,0.0,False
NFATC4 (4776),-0.0,0.0,False
GSKIP (51527),-0.0,0.0,False
RABGGTA (5875),-0.0,0.0,False
ARHGAP5 (394),-0.0,0.0,False
EFS (10278),0.0,0.0,False
PABPN1 (8106),-0.0,0.0,False
APEX1 (328),-0.0,0.0,False
TRIP11 (9321),-0.0,0.0,False
CCNB1IP1 (57820),-0.0,0.0,False
ACIN1 (22985),-0.0,0.0,False
YY1 (7528),-0.0,0.0,False
PSMB5 (5693),-0.0,0.0,False
C14orf93 (60686),-0.0,0.0,False
PPP4R3A (55671),-0.0,0.0,False
RPS6KA5 (9252),-0.0,0.0,False
PAPLN (89932),0.0,0.0,False
PSMC1 (5700),-0.0,0.0,False
VRK1 (7443),-0.0,0.0,False
CINP (51550),-0.0,0.0,False
DHRS2 (10202),-0.0,0.0,False
SRP54 (6729),0.0,0.0,False
PSME2 (5721),-0.0,0.0,False
PNN (5411),-0.0,0.0,False
GMPR2 (51292),-0.0,0.0,False
SEC23A (10484),-0.0,0.0,False
TM9SF1 (10548),-0.0,0.0,False
REC8 (9985),-0.0,0.0,False
BRMS1L (84312),0.0,0.0,False
EMC9 (51016),-0.0,0.0,False
CPNE6 (9362),0.0,0.0,False
NFKBIA (4792),0.0,0.0,False
PSMA6 (5687),0.0,0.0,False
DCAF11 (80344),0.0,0.0,False
PRORP (9692),0.0,0.0,False
PCK2 (5106),-0.0,0.0,False
CHD8 (57680),-0.0,0.0,False
TRMU (55687),-0.0,0.0,False
POLR3H (171568),-0.0,0.0,False
ACO2 (50),-0.0,0.0,False
HPS4 (89781),-0.0,0.0,False
DEPDC5 (9681),-0.0,0.0,False
CCDC134 (79879),-0.0,0.0,False
SOX10 (6663),-0.0,0.0,False
POLR2F (5435),-0.0,0.0,False
MICALL1 (85377),-0.0,0.0,False
SNU13 (4809),-0.0,0.0,False
EIF3L (51386),-0.0,0.0,False
ANKRD54 (129138),-0.0,0.0,False
CRYBB1 (1414),0.0,0.0,False
GGTLC2 (91227),0.0,0.0,False
GCAT (23464),0.0,0.0,False
TFIP11 (24144),-0.0,0.0,False
TRIOBP (11078),-0.0,0.0,False
PATZ1 (23598),-0.0,0.0,False
SRRD (402055),-0.0,0.0,False
PICK1 (9463),-0.0,0.0,False
TTC28 (23331),0.0,0.0,False
SLC16A8 (23539),0.0,0.0,False
TCF20 (6942),-0.0,0.0,False
RTCB (51493),-0.0,0.0,False
XBP1 (7494),0.0,0.0,False
RSPH14 (27156),0.0,0.0,False
TOMM22 (56993),-0.0,0.0,False
CBY1 (25776),0.0,0.0,False
HSCB (150274),-0.0,0.0,False
DMC1 (11144),-0.0,0.0,False
CENPM (79019),-0.0,0.0,False
DDX17 (10521),-0.0,0.0,False
CYP2D6 (1565),-0.0,0.0,False
KDELR3 (11015),-0.0,0.0,False
SLC5A4 (6527),-0.0,0.0,False
SLC5A1 (6523),-0.0,0.0,False
SEPTIN3 (55964),0.0,0.0,False
PIK3IP1 (113791),-0.0,0.0,False
LGALS1 (3956),-0.0,0.0,False
GTPBP1 (9567),-0.0,0.0,False
SEZ6L (23544),0.0,0.0,False
PES1 (23481),-0.0,0.0,False
SNRPD3 (6634),-0.0,0.0,False
YPEL1 (29799),0.0,0.0,False
UPB1 (51733),0.0,0.0,False
PPIL2 (23759),-0.0,0.0,False
SPECC1L (23384),0.0,0.0,False
SEC14L2 (23541),-0.0,0.0,False
RNF215 (200312),0.0,0.0,False
GGT5 (2687),0.0,0.0,False
SF3A1 (10291),0.0,0.0,False
SUSD2 (56241),0.0,0.0,False
TBC1D10A (83874),-0.0,0.0,False
CABIN1 (23523),0.0,0.0,False
OSM (5008),0.0,0.0,False
GSTT2 (2953),-0.0,0.0,False
MAPK1 (5594),-0.0,0.0,False
GGT1 (2678),-0.0,0.0,False
PRODH (5625),0.0,0.0,False
SLC25A1 (6576),-0.0,0.0,False
SH3BP1 (23616),-0.0,0.0,False
HIRA (7290),-0.0,0.0,False
GGA1 (26088),-0.0,0.0,False
LGALS2 (3957),-0.0,0.0,False
PLA2G3 (50487),0.0,0.0,False
GRK3 (157),-0.0,0.0,False
CARD10 (29775),-0.0,0.0,False
PPM1F (9647),-0.0,0.0,False
MFNG (4242),-0.0,0.0,False
ESS2 (8220),-0.0,0.0,False
CYTH4 (27128),-0.0,0.0,False
CRYBB3 (1417),-0.0,0.0,False
TOP3B (8940),0.0,0.0,False
SLC35E4 (339665),-0.0,0.0,False
JOSD1 (9929),-0.0,0.0,False
POLDIP3 (84271),-0.0,0.0,False
PHF5A (84844),0.0,0.0,False
SYNGR1 (9145),-0.0,0.0,False
TNRC6B (23112),0.0,0.0,False
EIF3D (8664),-0.0,0.0,False
GRAP2 (9402),-0.0,0.0,False
FOXRED2 (80020),-0.0,0.0,False
TXN2 (25828),-0.0,0.0,False
SAMM50 (25813),-0.0,0.0,False
CACNA1I (8911),0.0,0.0,False
MYH9 (4627),0.0,0.0,False
PNPLA3 (80339),-0.0,0.0,False
APOL1 (8542),-0.0,0.0,False
PNPLA5 (150379),-0.0,0.0,False
APOL4 (80832),-0.0,0.0,False
MIEF1 (54471),-0.0,0.0,False
MTMR3 (8897),0.0,0.0,False
ASCC2 (84164),-0.0,0.0,False
SGSM3 (27352),0.0,0.0,False
IFT27 (11020),0.0,0.0,False
PVALB (5816),-0.0,0.0,False
IL2RB (3560),-0.0,0.0,False
ZC3H7B (23264),-0.0,0.0,False
RANGAP1 (5905),-0.0,0.0,False
CHADL (150356),0.0,0.0,False
L3MBTL2 (83746),-0.0,0.0,False
EP300 (2033),-0.0,0.0,False
RBX1 (9978),-0.0,0.0,False
ST13 (6767),-0.0,0.0,False
KIAA0930 (23313),-0.0,0.0,False
KCTD17 (79734),-0.0,0.0,False
FAM118A (55007),-0.0,0.0,False
UPK3A (7380),-0.0,0.0,False
SLC25A17 (10478),0.0,0.0,False
CSF2RB (1439),0.0,0.0,False
NCF4 (4689),0.0,0.0,False
TAB1 (10454),0.0,0.0,False
RBFOX2 (23543),0.0,0.0,False
RAB36 (9609),-0.0,0.0,False
ZMAT5 (55954),0.0,0.0,False
HMGXB4 (10042),-0.0,0.0,False
AP1B1 (162),-0.0,0.0,False
RASL10A (10633),0.0,0.0,False
TTLL1 (25809),-0.0,0.0,False
PACSIN2 (11252),-0.0,0.0,False
RHBDD3 (25807),0.0,0.0,False
LMF2 (91289),-0.0,0.0,False
MIOX (55586),0.0,0.0,False
C22orf31 (25770),-0.0,0.0,False
DNAL4 (10126),-0.0,0.0,False
CYB5R3 (1727),-0.0,0.0,False
SUN2 (25777),-0.0,0.0,False
SBF1 (6305),0.0,0.0,False
PPP6R2 (9701),0.0,0.0,False
TIMP3 (7078),-0.0,0.0,False
TOM1 (10043),-0.0,0.0,False
NEFH (4744),-0.0,0.0,False
CHKB (1120),-0.0,0.0,False
RASD2 (23551),-0.0,0.0,False
RPL3 (6122),-0.0,0.0,False
CABP7 (164633),0.0,0.0,False
ACR (49),0.0,0.0,False
PDGFB (5155),0.0,0.0,False
CBX7 (23492),-0.0,0.0,False
TTLL12 (23170),-0.0,0.0,False
TSPO (706),-0.0,0.0,False
BIK (638),-0.0,0.0,False
ARSA (410),0.0,0.0,False
APOBEC3H (164668),-0.0,0.0,False
MCM5 (4174),-0.0,0.0,False
THOC5 (8563),0.0,0.0,False
MCAT (27349),-0.0,0.0,False
HMOX1 (3162),-0.0,0.0,False
HEPH (9843),0.0,0.0,False
GRAMD1A (57655),-0.0,0.0,False
PDE8A (5151),-0.0,0.0,False
VDAC3 (7419),0.0,0.0,False
ITM2A (9452),0.0,0.0,False
P2RY10 (27334),0.0,0.0,False
FGF20 (26281),-0.0,0.0,False
ADCYAP1R1 (117),0.0,0.0,False
ZCWPW1 (55063),-0.0,0.0,False
MLLT10 (8028),-0.0,0.0,False
EDN1 (1906),0.0,0.0,False
HOXA9 (3205),-0.0,0.0,False
GNB1 (2782),0.0,0.0,False
RBFOX1 (54715),0.0,0.0,False
PPP2R5C (5527),-0.0,0.0,False
ADCY2 (108),-0.0,0.0,False
SYNJ2 (8871),0.0,0.0,False
TIGAR (57103),-0.0,0.0,False
N4BP2 (55728),-0.0,0.0,False
NRDC (4898),0.0,0.0,False
PCM1 (5108),-0.0,0.0,False
MEF2C (4208),-0.0,0.0,False
TNRC6C (57690),0.0,0.0,False
FKBP7 (51661),-0.0,0.0,False
THOC1 (9984),0.0,0.0,False
CDH17 (1015),-0.0,0.0,False
RUNX1T1 (862),0.0,0.0,False
CLUL1 (27098),0.0,0.0,False
UBE2D4 (51619),0.0,0.0,False
TOLLIP (54472),0.0,0.0,False
TP73 (7161),0.0,0.0,False
BPIFB2 (80341),-0.0,0.0,False
MYH7B (57644),0.0,0.0,False
SDF4 (51150),0.0,0.0,False
TP53INP2 (58476),-0.0,0.0,False
PKD2L2 (27039),-0.0,0.0,False
ITCH (83737),0.0,0.0,False
BRINP1 (1620),-0.0,0.0,False
PIK3C3 (5289),-0.0,0.0,False
UBE2K (3093),0.0,0.0,False
ACER3 (55331),0.0,0.0,False
NEBL (10529),0.0,0.0,False
ACTN2 (88),-0.0,0.0,False
POLD3 (10714),0.0,0.0,False
TYR (7299),-0.0,0.0,False
SIRT6 (51548),-0.0,0.0,False
FAM76B (143684),0.0,0.0,False
LRCH4 (4034),0.0,0.0,False
APBB1IP (54518),0.0,0.0,False
DYNC1I2 (1781),-0.0,0.0,False
EXOSC5 (56915),-0.0,0.0,False
SPAG6 (9576),-0.0,0.0,False
SNRPA (6626),-0.0,0.0,False
DCX (1641),-0.0,0.0,False
CAPN6 (827),0.0,0.0,False
PAK3 (5063),-0.0,0.0,False
USP33 (23032),0.0,0.0,False
CAPZB (832),0.0,0.0,False
GPR137B (7107),-0.0,0.0,False
NAALAD2 (10003),-0.0,0.0,False
MAP2 (4133),0.0,0.0,False
FAP (2191),-0.0,0.0,False
LAMP3 (27074),0.0,0.0,False
MCCC1 (56922),-0.0,0.0,False
ARAF (369),0.0,0.0,False
AMPH (273),0.0,0.0,False
PIAS2 (9063),0.0,0.0,False
CST7 (8530),-0.0,0.0,False
JADE1 (79960),0.0,0.0,False
ITGA8 (8516),0.0,0.0,False
FBLN1 (2192),-0.0,0.0,False
SMC1B (27127),-0.0,0.0,False
FKBP6 (8468),-0.0,0.0,False
UBE2A (7319),0.0,0.0,False
SLC25A43 (203427),-0.0,0.0,False
OSBPL6 (114880),0.0,0.0,False
SLC1A3 (6507),0.0,0.0,False
XRCC5 (7520),-0.0,0.0,False
RIF1 (55183),0.0,0.0,False
CLDND1 (56650),-0.0,0.0,False
CPOX (1371),-0.0,0.0,False
PSEN1 (5663),-0.0,0.0,False
CNOT4 (4850),0.0,0.0,False
KCNN2 (3781),-0.0,0.0,False
CHRNA3 (1136),-0.0,0.0,False
CPB2 (1361),-0.0,0.0,False
PUM3 (9933),0.0,0.0,False
SRCAP (10847),0.0,0.0,False
COL5A3 (50509),0.0,0.0,False
MID2 (11043),0.0,0.0,False
SESN1 (27244),-0.0,0.0,False
RDH8 (50700),-0.0,0.0,False
SMARCA2 (6595),0.0,0.0,False
SLC4A4 (8671),-0.0,0.0,False
MOK (5891),-0.0,0.0,False
HSP90AA1 (3320),-0.0,0.0,False
RBL1 (5933),-0.0,0.0,False
COL4A4 (1286),0.0,0.0,False
EXD2 (55218),0.0,0.0,False
PCNP (57092),-0.0,0.0,False
IMPG2 (50939),0.0,0.0,False
CDH7 (1005),0.0,0.0,False
OSTM1 (28962),-0.0,0.0,False
TCF7 (6932),-0.0,0.0,False
AFP (174),0.0,0.0,False
DLGAP4 (22839),0.0,0.0,False
CXCL2 (2920),0.0,0.0,False
MAGI3 (260425),0.0,0.0,False
RSBN1 (54665),-0.0,0.0,False
AP4E1 (23431),-0.0,0.0,False
NDC80 (10403),-0.0,0.0,False
IGSF9B (22997),0.0,0.0,False
RAB21 (23011),0.0,0.0,False
RFX3 (5991),0.0,0.0,False
LXN (56925),0.0,0.0,False
SCTR (6344),0.0,0.0,False
AFM (173),0.0,0.0,False
OPHN1 (4983),0.0,0.0,False
PAFAH1B3 (5050),-0.0,0.0,False
FDFT1 (2222),-0.0,0.0,False
CIC (23152),-0.0,0.0,False
DUSP13B (51207),0.0,0.0,False
SENP1 (29843),0.0,0.0,False
CEACAM1 (634),-0.0,0.0,False
RAPGEF3 (10411),0.0,0.0,False
CDC14A (8556),-0.0,0.0,False
SAR1A (56681),0.0,0.0,False
REXO1 (57455),-0.0,0.0,False
TNS1 (7145),0.0,0.0,False
MKNK1 (8569),0.0,0.0,False
SP140 (11262),-0.0,0.0,False
KIF22 (3835),-0.0,0.0,False
SCGN (10590),-0.0,0.0,False
CARMIL1 (55604),0.0,0.0,False
KEAP1 (9817),-0.0,0.0,False
EPHA6 (285220),0.0,0.0,False
CRYBG3 (131544),0.0,0.0,False
SLC35C2 (51006),-0.0,0.0,False
DCT (1638),-0.0,0.0,False
PTPRH (5794),-0.0,0.0,False
DDX43 (55510),-0.0,0.0,False
RABL2B (11158),-0.0,0.0,False
PGM1 (5236),0.0,0.0,False
STX7 (8417),0.0,0.0,False
MOXD1 (26002),-0.0,0.0,False
RIMS1 (22999),0.0,0.0,False
EPB41L2 (2037),-0.0,0.0,False
DNM2 (1785),0.0,0.0,False
DDX1 (1653),-0.0,0.0,False
IL4R (3566),-0.0,0.0,False
GTF3C1 (2975),0.0,0.0,False
DNAJC10 (54431),0.0,0.0,False
MGLL (11343),-0.0,0.0,False
ANO8 (57719),0.0,0.0,False
MYDGF (56005),0.0,0.0,False
SLC12A1 (6557),0.0,0.0,False
ENO1 (2023),-0.0,0.0,False
NOX3 (50508),0.0,0.0,False
ZZEF1 (23140),0.0,0.0,False
IPCEF1 (26034),-0.0,0.0,False
HACD3 (51495),-0.0,0.0,False
LMAN1 (3998),0.0,0.0,False
SCARF1 (8578),-0.0,0.0,False
ZNF532 (55205),0.0,0.0,False
SLC24A1 (9187),-0.0,0.0,False
DPP8 (54878),-0.0,0.0,False
NUAK1 (9891),0.0,0.0,False
BCS1L (617),0.0,0.0,False
TUBE1 (51175),0.0,0.0,False
ARHGEF10L (55160),-0.0,0.0,False
TXK (7294),-0.0,0.0,False
SEMA3A (10371),-0.0,0.0,False
CELSR1 (9620),0.0,0.0,False
GRAMD4 (23151),-0.0,0.0,False
ACAT1 (38),0.0,0.0,False
TTC38 (55020),-0.0,0.0,False
SEMA3C (10512),0.0,0.0,False
GTSE1 (51512),-0.0,0.0,False
NUP37 (79023),0.0,0.0,False
WSCD2 (9671),0.0,0.0,False
EIF4G3 (8672),0.0,0.0,False
SRI (6717),-0.0,0.0,False
TIPIN (54962),-0.0,0.0,False
ACTR6 (64431),0.0,0.0,False
TACR2 (6865),-0.0,0.0,False
KCNQ2 (3785),0.0,0.0,False
NTN4 (59277),0.0,0.0,False
CA12 (771),0.0,0.0,False
ZNF638 (27332),-0.0,0.0,False
ATP2A3 (489),0.0,0.0,False
IGF2BP2 (10644),-0.0,0.0,False
PTGS2 (5743),-0.0,0.0,False
CD5L (922),0.0,0.0,False
DHRS9 (10170),-0.0,0.0,False
ABCB11 (8647),-0.0,0.0,False
FERMT2 (10979),0.0,0.0,False
PPP2R3A (5523),0.0,0.0,False
ADAM11 (4185),0.0,0.0,False
KDM5A (5927),0.0,0.0,False
GSDMB (55876),-0.0,0.0,False
FNDC8 (54752),0.0,0.0,False
SMARCE1 (6605),0.0,0.0,False
SDHA (6389),0.0,0.0,False
NLE1 (54475),-0.0,0.0,False
CLCN4 (1183),-0.0,0.0,False
MAP3K13 (9175),0.0,0.0,False
ST6GAL1 (6480),-0.0,0.0,False
TBX21 (30009),0.0,0.0,False
PPP2R2C (5522),0.0,0.0,False
NCBP3 (55421),0.0,0.0,False
TSG101 (7251),-0.0,0.0,False
SNCB (6620),0.0,0.0,False
CDHR2 (54825),-0.0,0.0,False
EED (8726),0.0,0.0,False
TEAD2 (8463),-0.0,0.0,False
CLNS1A (1207),0.0,0.0,False
FRY (10129),0.0,0.0,False
NOTCH3 (4854),0.0,0.0,False
MRPS34 (65993),0.0,0.0,False
CLASP1 (23332),-0.0,0.0,False
GLI2 (2736),0.0,0.0,False
NSF (4905),0.0,0.0,False
PICALM (8301),0.0,0.0,False
WNT8B (7479),0.0,0.0,False
SLC25A40 (55972),-0.0,0.0,False
PPP1R12B (4660),-0.0,0.0,False
PTPN23 (25930),0.0,0.0,False
NT5C2 (22978),-0.0,0.0,False
ICAM3 (3385),0.0,0.0,False
GPATCH1 (55094),-0.0,0.0,False
PAG1 (55824),-0.0,0.0,False
TRAF4 (9618),0.0,0.0,False
ACACB (32),0.0,0.0,False
TPD52 (7163),0.0,0.0,False
ANKRD13A (88455),0.0,0.0,False
SPAG5 (10615),0.0,0.0,False
PLXNA2 (5362),-0.0,0.0,False
SLC46A1 (113235),-0.0,0.0,False
RGS11 (8786),0.0,0.0,False
KLHL20 (27252),-0.0,0.0,False
FMO4 (2329),-0.0,0.0,False
UNG (7374),0.0,0.0,False
MCAM (4162),-0.0,0.0,False
GPC4 (2239),0.0,0.0,False
MBNL3 (55796),-0.0,0.0,False
CTTNBP2 (83992),0.0,0.0,False
UBE2T (29089),-0.0,0.0,False
NFKB2 (4791),0.0,0.0,False
TM9SF3 (56889),-0.0,0.0,False
TOP2B (7155),0.0,0.0,False
RARB (5915),0.0,0.0,False
ACTL6B (51412),0.0,0.0,False
DGKD (8527),0.0,0.0,False
CAMSAP3 (57662),0.0,0.0,False
NMRK2 (27231),-0.0,0.0,False
MAP2K7 (5609),0.0,0.0,False
STXBP2 (6813),0.0,0.0,False
ARHGEF1 (9138),-0.0,0.0,False
XAB2 (56949),0.0,0.0,False
RAP1GAP (5909),-0.0,0.0,False
MLH1 (4292),0.0,0.0,False
BAZ2A (11176),0.0,0.0,False
TIMM21 (29090),0.0,0.0,False
RBMS2 (5939),0.0,0.0,False
ACTB (60),-0.0,0.0,False
FSCN1 (6624),-0.0,0.0,False
TMEM131 (23505),-0.0,0.0,False
FRYL (285527),-0.0,0.0,False
CACNG4 (27092),0.0,0.0,False
CACNG5 (27091),-0.0,0.0,False
FOSL2 (2355),0.0,0.0,False
FNDC3B (64778),-0.0,0.0,False
SLC25A3 (5250),-0.0,0.0,False
MARK3 (4140),-0.0,0.0,False
ZNF37A (7587),0.0,0.0,False
VPS9D1 (9605),0.0,0.0,False
RASAL2 (9462),0.0,0.0,False
FGF4 (2249),-0.0,0.0,False
ADD2 (119),0.0,0.0,False
MOCOS (55034),-0.0,0.0,False
PLD1 (5337),-0.0,0.0,False
ATP12A (479),-0.0,0.0,False
PAX2 (5076),0.0,0.0,False
RBM7 (10179),0.0,0.0,False
REXO2 (25996),0.0,0.0,False
MCM6 (4175),0.0,0.0,False
MKRN2 (23609),0.0,0.0,False
KIFAP3 (22920),-0.0,0.0,False
EXOSC7 (23016),0.0,0.0,False
TUBA3D (113457),-0.0,0.0,False
WDR62 (284403),-0.0,0.0,False
ARHGAP15 (55843),0.0,0.0,False
SART3 (9733),0.0,0.0,False
SEC31B (25956),0.0,0.0,False
BCAP29 (55973),-0.0,0.0,False
RAB7A (7879),-0.0,0.0,False
DLG1 (1739),0.0,0.0,False
ARG2 (384),0.0,0.0,False
PTPRC (5788),-0.0,0.0,False
ZNF302 (55900),0.0,0.0,False
GMCL1 (64395),0.0,0.0,False
RTRAF (51637),-0.0,0.0,False
TXNDC16 (57544),0.0,0.0,False
L2HGDH (79944),0.0,0.0,False
ADD1 (118),-0.0,0.0,False
NOP14 (8602),-0.0,0.0,False
SH3BP2 (6452),-0.0,0.0,False
OGFOD1 (55239),0.0,0.0,False
GNAO1 (2775),0.0,0.0,False
LPCAT2 (54947),-0.0,0.0,False
MT3 (4504),0.0,0.0,False
MMP2 (4313),0.0,0.0,False
CETP (1071),0.0,0.0,False
UIMC1 (51720),0.0,0.0,False
PSMC5 (5705),-0.0,0.0,False
PGS1 (9489),0.0,0.0,False
NID2 (22795),0.0,0.0,False
SF3B2 (10992),0.0,0.0,False
CACNA1S (779),-0.0,0.0,False
KLHL42 (57542),0.0,0.0,False
CNOT3 (4849),0.0,0.0,False
ALG6 (29929),0.0,0.0,False
SULT2B1 (6820),0.0,0.0,False
METTL2A (339175),-0.0,0.0,False
RFX2 (5990),0.0,0.0,False
AAMDC (28971),0.0,0.0,False
PIR (8544),-0.0,0.0,False
CASS4 (57091),-0.0,0.0,False
AURKA (6790),-0.0,0.0,False
TFAP2C (7022),0.0,0.0,False
ERGIC2 (51290),0.0,0.0,False
PHACTR3 (116154),-0.0,0.0,False
PTHLH (5744),0.0,0.0,False
DNM1L (10059),0.0,0.0,False
GNAS (2778),-0.0,0.0,False
ATXN7L3 (56970),-0.0,0.0,False
TMPRSS11E (28983),0.0,0.0,False
ADAMTS2 (9509),0.0,0.0,False
PIGS (94005),0.0,0.0,False
ERO1B (56605),-0.0,0.0,False
TMED2 (10959),0.0,0.0,False
RBM22 (55696),-0.0,0.0,False
FAT2 (2196),-0.0,0.0,False
CEACAM6 (4680),-0.0,0.0,False
ITPKC (80271),-0.0,0.0,False
HBQ1 (3049),-0.0,0.0,False
MRPL28 (10573),0.0,0.0,False
SEPHS1 (22929),-0.0,0.0,False
SNX10 (29887),-0.0,0.0,False
EPDR1 (54749),0.0,0.0,False
NME8 (51314),0.0,0.0,False
EIF2AK1 (27102),-0.0,0.0,False
IPO11 (51194),-0.0,0.0,False
DIMT1 (27292),0.0,0.0,False
ZFAND6 (54469),-0.0,0.0,False
HSD17B2 (3294),-0.0,0.0,False
TXLNG (55787),0.0,0.0,False
PPP1R15A (23645),0.0,0.0,False
NLK (51701),0.0,0.0,False
SRRT (51593),-0.0,0.0,False
FTL (2512),-0.0,0.0,False
ACHE (43),-0.0,0.0,False
TRIP6 (7205),-0.0,0.0,False
HSD17B14 (51171),-0.0,0.0,False
ACOX3 (8310),-0.0,0.0,False
PPEF1 (5475),-0.0,0.0,False
NOX4 (50507),-0.0,0.0,False
MYBPC2 (4606),0.0,0.0,False
ALG9 (79796),0.0,0.0,False
ZW10 (9183),0.0,0.0,False
HUWE1 (10075),0.0,0.0,False
LAT2 (7462),-0.0,0.0,False
GP6 (51206),-0.0,0.0,False
PTPN4 (5775),-0.0,0.0,False
DDX18 (8886),0.0,0.0,False
DYNLL1 (8655),0.0,0.0,False
LHX5 (64211),-0.0,0.0,False
CFAP61 (26074),0.0,0.0,False
KDM2B (84678),-0.0,0.0,False
DZANK1 (55184),-0.0,0.0,False
TMEM230 (29058),-0.0,0.0,False
SLC8B1 (80024),0.0,0.0,False
SLC23A2 (9962),-0.0,0.0,False
ANAPC5 (51433),0.0,0.0,False
RBBP9 (10741),-0.0,0.0,False
ESF1 (51575),-0.0,0.0,False
P2RX7 (5027),-0.0,0.0,False
MAPKAPK5 (8550),-0.0,0.0,False
SIRPG (55423),0.0,0.0,False
RPL6 (6128),0.0,0.0,False
SNX5 (27131),-0.0,0.0,False
TASP1 (55617),-0.0,0.0,False
OAS1 (4938),-0.0,0.0,False
GCN1 (10985),0.0,0.0,False
TBX5 (6910),0.0,0.0,False
FXYD5 (53827),-0.0,0.0,False
IGBP1 (3476),-0.0,0.0,False
FUS (2521),0.0,0.0,False
NOS1 (4842),0.0,0.0,False
ERP29 (10961),-0.0,0.0,False
BRAP (8315),-0.0,0.0,False
PEBP1 (5037),0.0,0.0,False
RPLP0 (6175),-0.0,0.0,False
CHGB (1114),0.0,0.0,False
TRMT6 (51605),-0.0,0.0,False
KIF16B (55614),-0.0,0.0,False
RPH3A (22895),-0.0,0.0,False
SIRT4 (23409),0.0,0.0,False
PXN (5829),-0.0,0.0,False
TESC (54997),-0.0,0.0,False
KIZ (55857),-0.0,0.0,False
KHSRP (8570),-0.0,0.0,False
XRN2 (22803),-0.0,0.0,False
TMEM40 (55287),0.0,0.0,False
COQ9 (57017),-0.0,0.0,False
C3orf18 (51161),-0.0,0.0,False
DOCK3 (1795),0.0,0.0,False
TGDS (23483),-0.0,0.0,False
ANKRD10 (55608),-0.0,0.0,False
DOCK9 (23348),0.0,0.0,False
SLC15A1 (6564),-0.0,0.0,False
EPB41L1 (2036),-0.0,0.0,False
TPX2 (22974),-0.0,0.0,False
REM1 (28954),0.0,0.0,False
DNMT3B (1789),0.0,0.0,False
EDEM2 (55741),-0.0,0.0,False
ASAP3 (55616),-0.0,0.0,False
GNA11 (2767),0.0,0.0,False
KIF9 (64147),-0.0,0.0,False
ARHGAP28 (79822),0.0,0.0,False
CRLS1 (54675),-0.0,0.0,False
DNAAF9 (25943),-0.0,0.0,False
F11 (2160),-0.0,0.0,False
LZTS3 (9762),0.0,0.0,False
MAVS (57506),-0.0,0.0,False
CPXM1 (56265),0.0,0.0,False
EBF4 (57593),-0.0,0.0,False
ZNF343 (79175),-0.0,0.0,False
SLC4A11 (83959),-0.0,0.0,False
DEFB127 (140850),-0.0,0.0,False
NSFL1C (55968),-0.0,0.0,False
FKBP1A (2280),-0.0,0.0,False
SIGLEC1 (6614),0.0,0.0,False
SMOX (54498),-0.0,0.0,False
ATRN (8455),-0.0,0.0,False
PPP1R13B (23368),0.0,0.0,False
AQP6 (363),0.0,0.0,False
NFX1 (4799),-0.0,0.0,False
CHMP5 (51510),0.0,0.0,False
TRAF5 (7188),-0.0,0.0,False
KAT6A (7994),0.0,0.0,False
BCKDHB (594),-0.0,0.0,False
LYRM2 (57226),0.0,0.0,False
DOP1A (23033),0.0,0.0,False
PALB2 (79728),-0.0,0.0,False
TRPM3 (80036),-0.0,0.0,False
RNF13 (11342),-0.0,0.0,False
XPO1 (7514),-0.0,0.0,False
ERC1 (23085),0.0,0.0,False
ITGB5 (3693),-0.0,0.0,False
GSK3B (2932),-0.0,0.0,False
SEMA5B (54437),0.0,0.0,False
NFE2L1 (4779),0.0,0.0,False
OPRK1 (4986),0.0,0.0,False
GEMIN5 (25929),0.0,0.0,False
TUT7 (79670),0.0,0.0,False
ULK2 (9706),0.0,0.0,False
GRHL2 (79977),0.0,0.0,False
PDS5B (23047),0.0,0.0,False
ZNF324 (25799),-0.0,0.0,False
SLC27A5 (10998),0.0,0.0,False
CYLD (1540),0.0,0.0,False
EPYC (1833),0.0,0.0,False
RRAGB (10325),0.0,0.0,False
OXCT1 (5019),-0.0,0.0,False
NUFIP1 (26747),0.0,0.0,False
TNPO1 (3842),-0.0,0.0,False
TDRD3 (81550),0.0,0.0,False
PIBF1 (10464),-0.0,0.0,False
DIS3 (22894),-0.0,0.0,False
ITGAE (3682),0.0,0.0,False
P2RX5 (5026),-0.0,0.0,False
PLOD1 (5351),0.0,0.0,False
MRPL22 (29093),-0.0,0.0,False
SERTAD4 (56256),0.0,0.0,False
ZNF416 (55659),0.0,0.0,False
KCNK2 (3776),0.0,0.0,False
PHLPP1 (23239),0.0,0.0,False
IFT25 (51668),0.0,0.0,False
CADPS2 (93664),0.0,0.0,False
SLC13A1 (6561),-0.0,0.0,False
DELE1 (9812),-0.0,0.0,False
AACS (65985),0.0,0.0,False
DUSP12 (11266),-0.0,0.0,False
JMJD4 (65094),0.0,0.0,False
ZNF506 (440515),0.0,0.0,False
LRP2 (4036),-0.0,0.0,False
ZNF510 (22869),0.0,0.0,False
CDC14B (8555),-0.0,0.0,False
STK17B (9262),0.0,0.0,False
UBA5 (79876),-0.0,0.0,False
PKP1 (5317),-0.0,0.0,False
ATP8B1 (5205),0.0,0.0,False
IL12RB2 (3595),-0.0,0.0,False
SMARCD3 (6604),-0.0,0.0,False
C5orf22 (55322),0.0,0.0,False
DLG3 (1741),-0.0,0.0,False
COBLL1 (22837),0.0,0.0,False
EPB41L3 (23136),0.0,0.0,False
COL19A1 (1310),-0.0,0.0,False
FAM135A (57579),-0.0,0.0,False
CCNT2 (905),0.0,0.0,False
ME2 (4200),-0.0,0.0,False
WDR70 (55100),0.0,0.0,False
C1QTNF3 (114899),-0.0,0.0,False
PGR (5241),0.0,0.0,False
BZW1 (9689),-0.0,0.0,False
STRADB (55437),-0.0,0.0,False
MPP4 (58538),0.0,0.0,False
FYB1 (2533),-0.0,0.0,False
ZNF671 (79891),-0.0,0.0,False
ZNF586 (54807),0.0,0.0,False
B4GALT1 (2683),0.0,0.0,False
AK6 (102157402),-0.0,0.0,False
ZNF213 (7760),0.0,0.0,False
ABCB1 (5243),-0.0,0.0,False
IGSF9 (57549),-0.0,0.0,False
PILRA (29992),0.0,0.0,False
MAP3K4 (4216),0.0,0.0,False
SLC25A24 (29957),-0.0,0.0,False
OVGP1 (5016),-0.0,0.0,False
WDFY1 (57590),-0.0,0.0,False
WDR47 (22911),-0.0,0.0,False
SEH1L (81929),-0.0,0.0,False
HACE1 (57531),0.0,0.0,False
PREP (5550),-0.0,0.0,False
SCAMP1 (9522),-0.0,0.0,False
MECOM (2122),-0.0,0.0,False
MYNN (55892),0.0,0.0,False
AKR1B1 (231),-0.0,0.0,False
CPNE3 (8895),0.0,0.0,False
RRN3 (54700),0.0,0.0,False
CHERP (10523),0.0,0.0,False
DNAJA1 (3301),-0.0,0.0,False
MAST2 (23139),0.0,0.0,False
RAD54L (8438),0.0,0.0,False
POMGNT1 (55624),0.0,0.0,False
USP40 (55230),-0.0,0.0,False
ATG16L1 (55054),-0.0,0.0,False
MGST2 (4258),-0.0,0.0,False
CTTN (2017),-0.0,0.0,False
ORC1 (4998),-0.0,0.0,False
EPS15 (2060),0.0,0.0,False
TTC39A (22996),0.0,0.0,False
DDHD2 (23259),0.0,0.0,False
MTIF2 (4528),-0.0,0.0,False
WNT11 (7481),0.0,0.0,False
FCN1 (2219),0.0,0.0,False
ATRX (546),0.0,0.0,False
ZNF446 (55663),-0.0,0.0,False
BCORL1 (63035),0.0,0.0,False
APLP2 (334),0.0,0.0,False
GSTP1 (2950),-0.0,0.0,False
SSH1 (54434),-0.0,0.0,False
HAL (3034),-0.0,0.0,False
REST (5978),0.0,0.0,False
NOA1 (84273),0.0,0.0,False
STARD7 (56910),-0.0,0.0,False
ZMPSTE24 (10269),0.0,0.0,False
PPIE (10450),0.0,0.0,False
SMAP2 (64744),0.0,0.0,False
CHMP2B (25978),-0.0,0.0,False
YTHDC1 (91746),0.0,0.0,False
FAT1 (2195),-0.0,0.0,False
RPS5 (6193),-0.0,0.0,False
ZNF264 (9422),-0.0,0.0,False
FAM234B (57613),0.0,0.0,False
SLCO1A2 (6579),0.0,0.0,False
WBP11 (51729),0.0,0.0,False
KIF3C (3797),-0.0,0.0,False
CD82 (3732),-0.0,0.0,False
CD59 (966),-0.0,0.0,False
CAD (790),0.0,0.0,False
MAPRE3 (22924),-0.0,0.0,False
GCKR (2646),-0.0,0.0,False
RAB10 (10890),-0.0,0.0,False
EFR3B (22979),0.0,0.0,False
EIF3I (8668),-0.0,0.0,False
AGBL5 (60509),0.0,0.0,False
NCOA1 (8648),0.0,0.0,False
APOB (338),-0.0,0.0,False
TXLNA (200081),0.0,0.0,False
COL16A1 (1307),-0.0,0.0,False
NKAIN1 (79570),0.0,0.0,False
PROX2 (283571),0.0,0.0,False
FCF1 (51077),-0.0,0.0,False
OTOA (146183),-0.0,0.0,False
PTH2 (113091),-0.0,0.0,False
GARIN5A (112703),0.0,0.0,False
ZNF473 (25888),-0.0,0.0,False
KLK3 (354),0.0,0.0,False
ACP4 (93650),-0.0,0.0,False
SIGLEC10 (89790),-0.0,0.0,False
GPR32 (2854),0.0,0.0,False
PSMB6 (5694),-0.0,0.0,False
SLC47A1 (55244),0.0,0.0,False
TM4SF5 (9032),-0.0,0.0,False
EVI5L (115704),0.0,0.0,False
CARM1 (10498),-0.0,0.0,False
FBN3 (84467),0.0,0.0,False
TIMM29 (90580),0.0,0.0,False
ZNF787 (126208),0.0,0.0,False
CACNG8 (59283),-0.0,0.0,False
RPS11 (6205),-0.0,0.0,False
RPL13A (23521),-0.0,0.0,False
MGST3 (4259),-0.0,0.0,False
CTU1 (90353),0.0,0.0,False
ARHGEF19 (128272),-0.0,0.0,False
EPHA2 (1969),-0.0,0.0,False
PADI1 (29943),-0.0,0.0,False
FHAD1 (114827),-0.0,0.0,False
PADI3 (51702),-0.0,0.0,False
CELA2A (63036),-0.0,0.0,False
PRDM16 (63976),0.0,0.0,False
CFAP74 (85452),0.0,0.0,False
MMEL1 (79258),-0.0,0.0,False
RERE (473),0.0,0.0,False
SLC2A5 (6518),-0.0,0.0,False
ZNF614 (80110),0.0,0.0,False
RCN3 (57333),0.0,0.0,False
IGLON5 (402665),0.0,0.0,False
NOSIP (51070),-0.0,0.0,False
NLRP12 (91662),0.0,0.0,False
MYO1F (4542),0.0,0.0,False
CAPN10 (11132),0.0,0.0,False
RNPEPL1 (57140),-0.0,0.0,False
SIK1 (150094),-0.0,0.0,False
COL6A2 (1292),0.0,0.0,False
SOD1 (6647),0.0,0.0,False
IFNAR1 (3454),0.0,0.0,False
OR1E3 (8389),0.0,0.0,False
COL6A1 (1291),0.0,0.0,False
HUNK (30811),-0.0,0.0,False
PGGHG (80162),0.0,0.0,False
IFITM3 (10410),-0.0,0.0,False
SIRT3 (23410),0.0,0.0,False
ZFP14 (57677),0.0,0.0,False
TMEM91 (641649),0.0,0.0,False
CCDC97 (90324),-0.0,0.0,False
DMRTC2 (63946),-0.0,0.0,False
DPP9 (91039),-0.0,0.0,False
DNMT3L (29947),0.0,0.0,False
TRPM2 (7226),0.0,0.0,False
SCYL1 (57410),0.0,0.0,False
NTN5 (126147),-0.0,0.0,False
SLC6A3 (6531),0.0,0.0,False
ADAMTS10 (81794),-0.0,0.0,False
WTIP (126374),0.0,0.0,False
CBLC (23624),0.0,0.0,False
GEMIN7 (79760),-0.0,0.0,False
LMTK3 (114783),0.0,0.0,False
SAE1 (10055),-0.0,0.0,False
TMEM50B (757),0.0,0.0,False
EMP3 (2014),-0.0,0.0,False
IL19 (29949),-0.0,0.0,False
AKT1 (207),-0.0,0.0,False
URB1 (9875),-0.0,0.0,False
DOP1B (9980),0.0,0.0,False
APP (351),-0.0,0.0,False
EFHD2 (79180),-0.0,0.0,False
PEX14 (5195),0.0,0.0,False
PGD (5226),0.0,0.0,False
SYPL2 (284612),-0.0,0.0,False
GPR161 (23432),-0.0,0.0,False
ITGA10 (8515),-0.0,0.0,False
CELSR2 (1952),-0.0,0.0,False
PROK1 (84432),0.0,0.0,False
CD53 (963),0.0,0.0,False
C1orf162 (128346),-0.0,0.0,False
FNDC7 (163479),-0.0,0.0,False
PSMA5 (5686),-0.0,0.0,False
KCNA10 (3744),-0.0,0.0,False
STRIP1 (85369),0.0,0.0,False
CTTNBP2NL (55917),0.0,0.0,False
ZNF697 (90874),-0.0,0.0,False
IGSF3 (3321),-0.0,0.0,False
SLC44A3 (126969),-0.0,0.0,False
MTF2 (22823),0.0,0.0,False
ALDH9A1 (223),-0.0,0.0,False
ATP1B1 (481),-0.0,0.0,False
TIPRL (261726),-0.0,0.0,False
UCK2 (7371),-0.0,0.0,False
ILDR2 (387597),0.0,0.0,False
MAEL (84944),-0.0,0.0,False
POU2F1 (5451),0.0,0.0,False
XCL2 (6846),-0.0,0.0,False
XCL1 (6375),0.0,0.0,False
TMCO1 (54499),0.0,0.0,False
TBX19 (9095),0.0,0.0,False
NME7 (29922),-0.0,0.0,False
RXRG (6258),-0.0,0.0,False
GPA33 (10223),-0.0,0.0,False
DCAF6 (55827),0.0,0.0,False
CREG1 (8804),-0.0,0.0,False
MPC2 (25874),0.0,0.0,False
POGK (57645),0.0,0.0,False
BARHL2 (343472),0.0,0.0,False
LMO4 (8543),-0.0,0.0,False
MYOM3 (127294),-0.0,0.0,False
DMRTB1 (63948),0.0,0.0,False
SYTL1 (84958),0.0,0.0,False
GPN2 (54707),-0.0,0.0,False
FCN3 (8547),0.0,0.0,False
MAP3K6 (9064),0.0,0.0,False
PLK4 (10733),0.0,0.0,False
DMRTA2 (63950),0.0,0.0,False
C1orf94 (84970),0.0,0.0,False
EVA1B (55194),0.0,0.0,False
KIAA0319L (79932),0.0,0.0,False
C1orf216 (127703),0.0,0.0,False
ZNF593 (51042),0.0,0.0,False
IL22RA1 (58985),-0.0,0.0,False
RPL11 (6135),0.0,0.0,False
CNKSR1 (10256),0.0,0.0,False
SH3BGRL3 (83442),-0.0,0.0,False
WDTC1 (23038),0.0,0.0,False
CELA3A (10136),-0.0,0.0,False
NBPF3 (84224),0.0,0.0,False
RPS8 (6202),0.0,0.0,False
TMEM61 (199964),0.0,0.0,False
CYP4B1 (1580),0.0,0.0,False
MOB3C (148932),0.0,0.0,False
BEST4 (266675),-0.0,0.0,False
PTPRF (5792),0.0,0.0,False
KIF2C (11004),0.0,0.0,False
AZIN2 (113451),-0.0,0.0,False
HSPG2 (3339),-0.0,0.0,False
TINAGL1 (64129),-0.0,0.0,False
PIGK (10026),0.0,0.0,False
PRKACB (5567),0.0,0.0,False
BCL10 (8915),-0.0,0.0,False
SERBP1 (26135),0.0,0.0,False
ITGB3BP (23421),-0.0,0.0,False
DUS3L (56931),-0.0,0.0,False
SH3GL1 (6455),-0.0,0.0,False
CIB3 (117286),-0.0,0.0,False
TOM1L1 (10040),0.0,0.0,False
G6PC3 (92579),-0.0,0.0,False
ABCA8 (10351),0.0,0.0,False
ARSG (22901),-0.0,0.0,False
SPACA3 (124912),-0.0,0.0,False
RHBDL3 (162494),0.0,0.0,False
SSH2 (85464),0.0,0.0,False
SCRN2 (90507),0.0,0.0,False
LRRC46 (90506),-0.0,0.0,False
SKAP1 (8631),-0.0,0.0,False
NPEPPS (9520),0.0,0.0,False
SGSM2 (9905),0.0,0.0,False
SPATA22 (84690),0.0,0.0,False
VPS53 (55275),0.0,0.0,False
TOB1 (10140),-0.0,0.0,False
MTNAP1 (55028),-0.0,0.0,False
CLTC (1213),0.0,0.0,False
BCAS3 (54828),-0.0,0.0,False
PTRH2 (51651),0.0,0.0,False
RMP24 (83608),-0.0,0.0,False
ESCO1 (114799),-0.0,0.0,False
GAREM1 (64762),-0.0,0.0,False
SLC25A52 (147407),0.0,0.0,False
MEP1B (4225),0.0,0.0,False
ADCYAP1 (116),0.0,0.0,False
ASXL3 (80816),-0.0,0.0,False
RPRD1A (55197),-0.0,0.0,False
SS18 (6760),-0.0,0.0,False
SLC39A6 (25800),0.0,0.0,False
GNAL (2774),0.0,0.0,False
IMPA2 (3613),-0.0,0.0,False
PRELID3A (10650),0.0,0.0,False
AFG3L2 (10939),-0.0,0.0,False
TAF4B (6875),0.0,0.0,False
KIF2B (84643),0.0,0.0,False
OR4D1 (26689),-0.0,0.0,False
GATA6 (2627),-0.0,0.0,False
PCTP (58488),-0.0,0.0,False
DEF8 (54849),0.0,0.0,False
TIGD7 (91151),0.0,0.0,False
PDPK1 (5170),0.0,0.0,False
NDUFB10 (4716),-0.0,0.0,False
RPS2 (6187),0.0,0.0,False
ZSCAN32 (54925),0.0,0.0,False
RPL3L (6123),0.0,0.0,False
RHOT2 (89941),0.0,0.0,False
IRF8 (3394),-0.0,0.0,False
OSGIN1 (29948),0.0,0.0,False
ADAD2 (161931),-0.0,0.0,False
MEAK7 (57707),-0.0,0.0,False
ZCCHC14 (23174),0.0,0.0,False
CDH13 (1012),-0.0,0.0,False
MBTPS1 (8720),0.0,0.0,False
TCF25 (22980),0.0,0.0,False
GALNS (2588),0.0,0.0,False
GAS8 (2622),0.0,0.0,False
RANBP10 (57610),-0.0,0.0,False
UNC45B (146862),-0.0,0.0,False
PRPSAP2 (5636),-0.0,0.0,False
NOB1 (28987),-0.0,0.0,False
GFOD2 (81577),0.0,0.0,False
DPEP3 (64180),0.0,0.0,False
CTRL (1506),-0.0,0.0,False
UTP4 (84916),-0.0,0.0,False
MED9 (55090),0.0,0.0,False
KSR1 (8844),-0.0,0.0,False
MYOCD (93649),-0.0,0.0,False
ZNF287 (57336),0.0,0.0,False
GID4 (79018),0.0,0.0,False
COPS3 (8533),0.0,0.0,False
NCOR1 (9611),-0.0,0.0,False
OSBPL1A (114876),-0.0,0.0,False
GREB1L (80000),0.0,0.0,False
MVB12A (93343),0.0,0.0,False
DYM (54808),0.0,0.0,False
PNMT (5409),0.0,0.0,False
MIEN1 (84299),0.0,0.0,False
GRB7 (2886),0.0,0.0,False
ERBB2 (2064),0.0,0.0,False
RETREG3 (162427),-0.0,0.0,False
NT5C3B (115024),-0.0,0.0,False
P3H4 (10609),-0.0,0.0,False
PMAIP1 (5366),-0.0,0.0,False
CBLN2 (147381),-0.0,0.0,False
FBXO15 (201456),-0.0,0.0,False
ZCCHC2 (54877),0.0,0.0,False
TNFRSF11A (8792),-0.0,0.0,False
SMAD4 (4089),0.0,0.0,False
MBD1 (4152),0.0,0.0,False
ELAC1 (55520),-0.0,0.0,False
ARL5C (390790),-0.0,0.0,False
STAC2 (342667),0.0,0.0,False
IGFBP4 (3487),-0.0,0.0,False
TPGS1 (91978),-0.0,0.0,False
VAV1 (7409),0.0,0.0,False
FEM1A (55527),0.0,0.0,False
PFKL (5211),0.0,0.0,False
PRDM15 (63977),0.0,0.0,False
ZIM3 (114026),-0.0,0.0,False
PLPP2 (8612),-0.0,0.0,False
NFIC (4782),-0.0,0.0,False
FKBP10 (60681),-0.0,0.0,False
SLC39A3 (29985),-0.0,0.0,False
BRD4 (23476),0.0,0.0,False
SAMD1 (90378),0.0,0.0,False
MISP3 (113230),-0.0,0.0,False
CACNA1A (773),0.0,0.0,False
TXNL4A (10907),0.0,0.0,False
MAPK4 (5596),0.0,0.0,False
ARK2C (494470),0.0,0.0,False
RMC1 (29919),-0.0,0.0,False
CBX4 (8535),-0.0,0.0,False
SLC16A3 (9123),-0.0,0.0,False
TMC6 (11322),-0.0,0.0,False
ARHGDIA (396),-0.0,0.0,False
CCDC40 (55036),-0.0,0.0,False
PIK3R5 (23533),-0.0,0.0,False
ASGR1 (432),-0.0,0.0,False
SAT2 (112483),0.0,0.0,False
MINK1 (50488),0.0,0.0,False
WRAP53 (55135),-0.0,0.0,False
ZMYND15 (84225),-0.0,0.0,False
SLC13A5 (284111),0.0,0.0,False
ARRB2 (409),0.0,0.0,False
SLC14A1 (6563),-0.0,0.0,False
NPC1 (4864),-0.0,0.0,False
PELP1 (27043),0.0,0.0,False
CARD14 (79092),0.0,0.0,False
TTYH2 (94015),-0.0,0.0,False
RAB40B (10966),0.0,0.0,False
TRIM65 (201292),-0.0,0.0,False
WDR45B (56270),0.0,0.0,False
ZNF750 (79755),0.0,0.0,False
CEP131 (22994),-0.0,0.0,False
RNF157 (114804),-0.0,0.0,False
SECTM1 (6398),-0.0,0.0,False
CBX8 (57332),-0.0,0.0,False
FOXK2 (3607),0.0,0.0,False
EIF4A3 (9775),-0.0,0.0,False
RPTOR (57521),-0.0,0.0,False
NARF (26502),-0.0,0.0,False
FN3KRP (79672),0.0,0.0,False
TBCD (6904),-0.0,0.0,False
ANAPC11 (51529),-0.0,0.0,False
CSNK1D (1453),-0.0,0.0,False
DPT (1805),0.0,0.0,False
ADCY10 (55811),0.0,0.0,False
NOL3 (8996),0.0,0.0,False
UBR3 (130507),0.0,0.0,False
CDCA7 (83879),-0.0,0.0,False
TMEFF2 (23671),0.0,0.0,False
ZNF385B (151126),0.0,0.0,False
LNPK (80856),0.0,0.0,False
SCRN3 (79634),0.0,0.0,False
SLC4A10 (57282),0.0,0.0,False
SCN1A (6323),0.0,0.0,False
PKP4 (8502),0.0,0.0,False
GALNT13 (114805),0.0,0.0,False
AMMECR1L (83607),0.0,0.0,False
POLR2D (5433),-0.0,0.0,False
THSD7B (80731),0.0,0.0,False
SPOPL (339745),0.0,0.0,False
NXPH2 (11249),0.0,0.0,False
UBXN4 (23190),0.0,0.0,False
DLX1 (1745),0.0,0.0,False
PHOSPHO2 (493911),0.0,0.0,False
COP1 (64326),-0.0,0.0,False
GULP1 (51454),0.0,0.0,False
ACKR3 (57007),-0.0,0.0,False
RHBDD1 (84236),0.0,0.0,False
NYAP2 (57624),-0.0,0.0,False
SUMF1 (285362),-0.0,0.0,False
ABCA12 (26154),0.0,0.0,False
SPAG16 (79582),0.0,0.0,False
KANSL1L (151050),0.0,0.0,False
NBEAL1 (65065),0.0,0.0,False
CPO (130749),0.0,0.0,False
PTH2R (5746),0.0,0.0,False
UNC80 (285175),-0.0,0.0,False
METTL21A (151194),0.0,0.0,False
CCDC150 (284992),0.0,0.0,False
HSPD1 (3329),-0.0,0.0,False
FAM171B (165215),0.0,0.0,False
AFF3 (3899),0.0,0.0,False
LYG1 (129530),0.0,0.0,False
FAHD2B (151313),0.0,0.0,False
CNGA3 (1261),0.0,0.0,False
TPRKB (51002),-0.0,0.0,False
ANKRD53 (79998),0.0,0.0,False
MRPS5 (64969),-0.0,0.0,False
SNRNP200 (23020),0.0,0.0,False
ZNF514 (84874),0.0,0.0,False
CIAO1 (9391),-0.0,0.0,False
TRIM43 (129868),-0.0,0.0,False
TRIM43B (653192),-0.0,0.0,False
MEIS1 (4211),-0.0,0.0,False
ABHD1 (84696),0.0,0.0,False
SNRPG (6637),0.0,0.0,False
ETAA1 (54465),0.0,0.0,False
ASXL2 (55252),-0.0,0.0,False
REG3G (130120),-0.0,0.0,False
VPS54 (51542),-0.0,0.0,False
NAT8 (9027),-0.0,0.0,False
EXOC6B (23233),-0.0,0.0,False
SFXN5 (94097),0.0,0.0,False
C1QL2 (165257),-0.0,0.0,False
LIPT1 (51601),0.0,0.0,False
ZC3H8 (84524),-0.0,0.0,False
FBLN7 (129804),0.0,0.0,False
RABL2A (11159),0.0,0.0,False
NT5DC4 (284958),0.0,0.0,False
TMEM177 (80775),0.0,0.0,False
RALB (5899),-0.0,0.0,False
TEX261 (113419),-0.0,0.0,False
THNSL2 (55258),-0.0,0.0,False
MALL (7851),-0.0,0.0,False
NPHP1 (4867),0.0,0.0,False
ST6GAL2 (84620),-0.0,0.0,False
DUSP11 (8446),0.0,0.0,False
DQX1 (165545),-0.0,0.0,False
TRPM8 (79054),-0.0,0.0,False
HES6 (55502),0.0,0.0,False
ESPNL (339768),0.0,0.0,False
SHQ1 (55164),-0.0,0.0,False
TAGLN3 (29114),-0.0,0.0,False
ABHD10 (55347),-0.0,0.0,False
PHLDB2 (90102),-0.0,0.0,False
MYH15 (22989),-0.0,0.0,False
ADGRG7 (84873),0.0,0.0,False
NXPE3 (91775),0.0,0.0,False
COL8A1 (1295),0.0,0.0,False
NFKBIZ (64332),-0.0,0.0,False
ZNF660 (285349),0.0,0.0,False
LIMD1 (8994),-0.0,0.0,False
LRTM1 (57408),0.0,0.0,False
LRIG1 (26018),0.0,0.0,False
TMF1 (7110),-0.0,0.0,False
ARL6IP5 (10550),-0.0,0.0,False
UBA3 (9039),-0.0,0.0,False
PLA1A (51365),-0.0,0.0,False
RABL3 (285282),0.0,0.0,False
ADPRH (141),0.0,0.0,False
EIF2A (83939),-0.0,0.0,False
FAM86B2 (653333),-0.0,0.0,False
SPATA16 (83893),-0.0,0.0,False
NCEH1 (57552),-0.0,0.0,False
TRPC1 (7220),0.0,0.0,False
OSBPL11 (114885),0.0,0.0,False
ALDH1L1 (10840),-0.0,0.0,False
MED12L (116931),0.0,0.0,False
IGSF11 (152404),0.0,0.0,False
AGTR1 (185),-0.0,0.0,False
TMEM108 (66000),0.0,0.0,False
SRPRB (58477),0.0,0.0,False
BOC (91653),0.0,0.0,False
NR1I2 (8856),0.0,0.0,False
ATG3 (64422),-0.0,0.0,False
SLC25A26 (115286),-0.0,0.0,False
IL17RD (54756),0.0,0.0,False
ANKMY1 (51281),-0.0,0.0,False
PTPRG (5793),0.0,0.0,False
EAF1 (85403),0.0,0.0,False
GRIP2 (80852),0.0,0.0,False
GMPPA (29926),0.0,0.0,False
STK11IP (114790),-0.0,0.0,False
MARCHF4 (57574),0.0,0.0,False
CNOT9 (9125),0.0,0.0,False
CTDSP1 (58190),-0.0,0.0,False
RETREG2 (79137),0.0,0.0,False
RAB5A (5868),-0.0,0.0,False
VGLL4 (9686),0.0,0.0,False
TAMM41 (132001),0.0,0.0,False
FANCD2 (2177),0.0,0.0,False
CPNE9 (151835),0.0,0.0,False
DIS3L2 (129563),-0.0,0.0,False
COPS7B (64708),-0.0,0.0,False
CNTN4 (152330),0.0,0.0,False
DYNC1LI1 (51143),0.0,0.0,False
RBMS3 (27303),0.0,0.0,False
SLC22A14 (9389),0.0,0.0,False
RPL32 (6161),0.0,0.0,False
CAND2 (23066),0.0,0.0,False
IQSEC1 (9922),0.0,0.0,False
STAC (6769),0.0,0.0,False
CTDSPL (10217),-0.0,0.0,False
GOLGA4 (2803),0.0,0.0,False
ITGA9 (3680),-0.0,0.0,False
GADL1 (339896),-0.0,0.0,False
SLC25A38 (54977),0.0,0.0,False
CSRNP1 (64651),-0.0,0.0,False
GASK1A (729085),0.0,0.0,False
ACKR2 (1238),0.0,0.0,False
POMGNT2 (84892),0.0,0.0,False
OSBPL10 (114884),-0.0,0.0,False
WDPCP (51057),0.0,0.0,False
RPS27A (6233),-0.0,0.0,False
CHAC2 (494143),0.0,0.0,False
CGN (57530),-0.0,0.0,False
MRPL9 (65005),-0.0,0.0,False
SEMA6C (10500),-0.0,0.0,False
ENSA (2029),0.0,0.0,False
CERS2 (29956),-0.0,0.0,False
SELENBP1 (8991),0.0,0.0,False
ANXA9 (8416),-0.0,0.0,False
MINDY1 (55793),-0.0,0.0,False
ANP32E (81611),-0.0,0.0,False
PIP5K1A (8394),0.0,0.0,False
PI4KB (5298),0.0,0.0,False
RFX5 (5993),-0.0,0.0,False
CTSK (1513),-0.0,0.0,False
MCL1 (4170),-0.0,0.0,False
ADAMTSL4 (54507),-0.0,0.0,False
SETDB1 (9869),0.0,0.0,False
ARNT (405),0.0,0.0,False
POGZ (23126),0.0,0.0,False
C1orf56 (54964),-0.0,0.0,False
EIF2D (1939),-0.0,0.0,False
DUSP10 (11221),-0.0,0.0,False
SUSD4 (55061),0.0,0.0,False
SMYD2 (56950),-0.0,0.0,False
TAF1A (9015),0.0,0.0,False
VASH2 (79805),0.0,0.0,False
INTS7 (25896),-0.0,0.0,False
DYRK3 (8444),-0.0,0.0,False
OAZ3 (51686),0.0,0.0,False
DTL (51514),-0.0,0.0,False
KCNH1 (3756),-0.0,0.0,False
SYT14 (255928),-0.0,0.0,False
GABPB2 (126626),0.0,0.0,False
GOLPH3L (55204),0.0,0.0,False
HORMAD1 (84072),-0.0,0.0,False
SNX27 (81609),0.0,0.0,False
TARS2 (80222),0.0,0.0,False
TP53BP2 (7159),-0.0,0.0,False
ZNF687 (57592),0.0,0.0,False
PIGM (93183),-0.0,0.0,False
MRPL24 (79590),0.0,0.0,False
METTL25B (51093),-0.0,0.0,False
FCRL5 (83416),0.0,0.0,False
PRCC (5546),-0.0,0.0,False
F13B (2165),-0.0,0.0,False
USP21 (27005),0.0,0.0,False
NR1I3 (9970),-0.0,0.0,False
PFDN2 (5202),-0.0,0.0,False
SDHC (6391),-0.0,0.0,False
NUF2 (83540),-0.0,0.0,False
FCGR2A (2212),-0.0,0.0,False
PPOX (5498),0.0,0.0,False
UFC1 (51506),-0.0,0.0,False
NECTIN4 (81607),-0.0,0.0,False
CASQ1 (844),0.0,0.0,False
ISG20L2 (81875),-0.0,0.0,False
CRABP2 (1382),-0.0,0.0,False
LYPLAL1 (127018),-0.0,0.0,False
ECM1 (1893),-0.0,0.0,False
SF3B4 (10262),-0.0,0.0,False
TUFT1 (7286),0.0,0.0,False
RORC (6097),-0.0,0.0,False
PRUNE1 (58497),0.0,0.0,False
LHX9 (56956),0.0,0.0,False
RGL1 (23179),-0.0,0.0,False
HDGF (3068),-0.0,0.0,False
HMCN1 (83872),-0.0,0.0,False
FAM163A (148753),0.0,0.0,False
TOR1AIP1 (26092),-0.0,0.0,False
RGS16 (6004),-0.0,0.0,False
XPR1 (9213),-0.0,0.0,False
ABL2 (27),0.0,0.0,False
HHIPL2 (79802),0.0,0.0,False
ATP8B2 (57198),0.0,0.0,False
CALM2 (805),-0.0,0.0,False
SDE2 (163859),-0.0,0.0,False
WNT9A (7483),0.0,0.0,False
LBR (3930),-0.0,0.0,False
PYCR2 (29920),-0.0,0.0,False
PSEN2 (5664),-0.0,0.0,False
PARP1 (142),-0.0,0.0,False
MBOAT2 (129642),0.0,0.0,False
C1orf35 (79169),-0.0,0.0,False
CNIH3 (149111),-0.0,0.0,False
CDC42BPA (8476),0.0,0.0,False
GUK1 (2987),0.0,0.0,False
ITPKB (3707),-0.0,0.0,False
CNIH4 (29097),0.0,0.0,False
LEFTY2 (7044),0.0,0.0,False
ARF1 (375),0.0,0.0,False
FBXO28 (23219),-0.0,0.0,False
EPHX1 (2052),0.0,0.0,False
SOX13 (9580),-0.0,0.0,False
ETNK2 (55224),-0.0,0.0,False
RHOB (388),-0.0,0.0,False
EML4 (27436),-0.0,0.0,False
ABCG8 (64241),0.0,0.0,False
CAMKMT (79823),0.0,0.0,False
GALM (130589),-0.0,0.0,False
HNRNPLL (92906),0.0,0.0,False
ATP6V1C2 (245973),0.0,0.0,False
PDIA6 (10130),-0.0,0.0,False
PPFIA4 (8497),0.0,0.0,False
GDF7 (151449),0.0,0.0,False
OSR1 (130497),-0.0,0.0,False
ARL8A (127829),-0.0,0.0,False
SYT2 (127833),0.0,0.0,False
PTPN7 (5778),-0.0,0.0,False
PLEKHA6 (22874),-0.0,0.0,False
DEGS1 (8560),0.0,0.0,False
NVL (4931),-0.0,0.0,False
FLG2 (388698),-0.0,0.0,False
SRP9 (6726),0.0,0.0,False
AQP10 (89872),-0.0,0.0,False
EFNA3 (1944),0.0,0.0,False
CREB3L4 (148327),-0.0,0.0,False
HAX1 (10456),0.0,0.0,False
SLC39A1 (27173),0.0,0.0,False
UBAP2L (9898),0.0,0.0,False
S100A7 (6278),-0.0,0.0,False
SLC27A3 (11000),-0.0,0.0,False
SNAPIN (23557),0.0,0.0,False
NUP210L (91181),0.0,0.0,False
TPM3 (7170),-0.0,0.0,False
S100A8 (6279),-0.0,0.0,False
RAB13 (5872),-0.0,0.0,False
JTB (10899),0.0,0.0,False
ADAM15 (8751),-0.0,0.0,False
KCNN3 (3782),0.0,0.0,False
C1orf43 (25912),0.0,0.0,False
GATAD2B (57459),0.0,0.0,False
GALNT2 (2590),-0.0,0.0,False
SNAP47 (116841),-0.0,0.0,False
ACP1 (52),0.0,0.0,False
CEP170 (9859),-0.0,0.0,False
MAP3K21 (84451),0.0,0.0,False
LYST (1130),-0.0,0.0,False
TTC13 (79573),-0.0,0.0,False
FSAF1 (128061),-0.0,0.0,False
ILF2 (3608),0.0,0.0,False
ACTA1 (58),0.0,0.0,False
FLG (2312),-0.0,0.0,False
HCN3 (57657),-0.0,0.0,False
PKLR (5313),0.0,0.0,False
INTS3 (65123),0.0,0.0,False
RIT1 (6016),0.0,0.0,False
MAP1LC3B (81631),0.0,0.0,False
CDH11 (1009),0.0,0.0,False
TMEM44 (93109),-0.0,0.0,False
ASCC1 (51008),-0.0,0.0,False
ANXA7 (310),0.0,0.0,False
GPR87 (53836),-0.0,0.0,False
DNAJC13 (23317),0.0,0.0,False
DBR1 (51163),0.0,0.0,False
RBP4 (5950),-0.0,0.0,False
PLCE1 (51196),-0.0,0.0,False
EXOC6 (54536),-0.0,0.0,False
ENTPD1 (953),0.0,0.0,False
KIF20B (9585),-0.0,0.0,False
CEP55 (55165),-0.0,0.0,False
ARL3 (403),0.0,0.0,False
CALHM2 (51063),-0.0,0.0,False
DUSP5 (1847),-0.0,0.0,False
TACC2 (10579),-0.0,0.0,False
CUZD1 (50624),0.0,0.0,False
FAM149B1 (317662),0.0,0.0,False
PLA2G12B (84647),-0.0,0.0,False
CNOT6L (246175),0.0,0.0,False
ZNF365 (22891),-0.0,0.0,False
METTL5 (29081),0.0,0.0,False
ASNSD1 (54529),0.0,0.0,False
CARF (79800),-0.0,0.0,False
MSTN (2660),-0.0,0.0,False
STAT4 (6775),-0.0,0.0,False
BARD1 (580),-0.0,0.0,False
SMARCAL1 (50485),0.0,0.0,False
ATIC (471),-0.0,0.0,False
AOX1 (316),0.0,0.0,False
MYPN (84665),0.0,0.0,False
DNA2 (1763),-0.0,0.0,False
TET1 (80312),0.0,0.0,False
RPS24 (6229),0.0,0.0,False
ADAMTS14 (140766),-0.0,0.0,False
OIT3 (170392),0.0,0.0,False
KIF11 (3832),-0.0,0.0,False
BTBD16 (118663),-0.0,0.0,False
ATAD1 (84896),-0.0,0.0,False
LBX1 (10660),0.0,0.0,False
SLC5A6 (8884),-0.0,0.0,False
PREB (10113),-0.0,0.0,False
ACTR2 (10097),-0.0,0.0,False
RAB1A (5861),-0.0,0.0,False
SULT6B1 (391365),0.0,0.0,False
CYP1B1 (1545),0.0,0.0,False
THUMPD2 (80745),-0.0,0.0,False
LHCGR (3973),-0.0,0.0,False
DYNC2LI1 (51626),-0.0,0.0,False
PNPT1 (87178),-0.0,0.0,False
PPM1B (5495),0.0,0.0,False
ADCY3 (109),-0.0,0.0,False
KHK (3795),-0.0,0.0,False
HADHB (3032),-0.0,0.0,False
CGREF1 (10669),-0.0,0.0,False
ABCG5 (64240),-0.0,0.0,False
PREPL (9581),0.0,0.0,False
SLC3A1 (6519),0.0,0.0,False
ACTR1A (10121),-0.0,0.0,False
CH25H (9023),0.0,0.0,False
STAMBPL1 (57559),-0.0,0.0,False
LOXL4 (84171),-0.0,0.0,False
MYOF (26509),-0.0,0.0,False
CYP2C8 (1558),0.0,0.0,False
CYP2C9 (1559),0.0,0.0,False
DTNB (1838),-0.0,0.0,False
EMILIN1 (11117),-0.0,0.0,False
TRIM54 (57159),-0.0,0.0,False
LRPPRC (10128),-0.0,0.0,False
CENPO (79172),-0.0,0.0,False
ATRAID (51374),-0.0,0.0,False
SIX3 (6496),-0.0,0.0,False
FBXO11 (80204),-0.0,0.0,False
SSB (6741),-0.0,0.0,False
NAB1 (4664),-0.0,0.0,False
CDK15 (65061),0.0,0.0,False
ARHGAP24 (83478),0.0,0.0,False
IL21 (59067),0.0,0.0,False
GPAT3 (84803),-0.0,0.0,False
FGF5 (2250),-0.0,0.0,False
SEC31A (22872),0.0,0.0,False
RASGEF1B (153020),0.0,0.0,False
PRKG2 (5593),0.0,0.0,False
HNRNPD (3184),-0.0,0.0,False
COPS4 (51138),0.0,0.0,False
AP1AR (55435),0.0,0.0,False
ZGRF1 (55345),0.0,0.0,False
NDST4 (64579),0.0,0.0,False
PCDH10 (57575),0.0,0.0,False
HERC5 (51191),0.0,0.0,False
HERC6 (55008),-0.0,0.0,False
HERC3 (8916),-0.0,0.0,False
FGF2 (2247),0.0,0.0,False
BBS7 (55212),0.0,0.0,False
BLTP1 (84162),0.0,0.0,False
NUP54 (53371),-0.0,0.0,False
SCARB2 (950),0.0,0.0,False
FRAS1 (80144),-0.0,0.0,False
SEPTIN11 (55752),0.0,0.0,False
G3BP2 (9908),-0.0,0.0,False
BMP2K (55589),0.0,0.0,False
CXCL9 (4283),0.0,0.0,False
NAAA (27163),0.0,0.0,False
BMPR1B (658),0.0,0.0,False
TRPC3 (7222),-0.0,0.0,False
PRDM5 (11107),0.0,0.0,False
PDE5A (8654),0.0,0.0,False
MMRN1 (22915),-0.0,0.0,False
LARP1B (55132),0.0,0.0,False
RAP1GDS1 (5910),0.0,0.0,False
FAM13A (10144),-0.0,0.0,False
UBL7 (84993),-0.0,0.0,False
PPIG (9360),-0.0,0.0,False
SEMA7A (8482),-0.0,0.0,False
SLC49A4 (84925),-0.0,0.0,False
SLC35A5 (55032),0.0,0.0,False
SLC40A1 (30061),-0.0,0.0,False
ITGAV (3685),-0.0,0.0,False
ABI2 (10152),0.0,0.0,False
WDR12 (55759),-0.0,0.0,False
FAM117B (150864),0.0,0.0,False
CHRNA1 (1134),-0.0,0.0,False
ITPRID2 (6744),-0.0,0.0,False
CIRSR (9541),-0.0,0.0,False
OLA1 (29789),-0.0,0.0,False
IDH1 (3417),-0.0,0.0,False
HECW2 (57520),0.0,0.0,False
MDH1B (130752),-0.0,0.0,False
FASTKD1 (79675),-0.0,0.0,False
SENP7 (57337),0.0,0.0,False
GUCA1C (9626),0.0,0.0,False
CCDC54 (84692),0.0,0.0,False
SHF (90525),-0.0,0.0,False
HCN4 (10021),0.0,0.0,False
PPCDC (60490),-0.0,0.0,False
PARP16 (54956),0.0,0.0,False
CILP (8483),0.0,0.0,False
INTS14 (81556),-0.0,0.0,False
APH1B (83464),-0.0,0.0,False
GLCE (26035),0.0,0.0,False
COX17 (10063),0.0,0.0,False
SPPL2A (84888),-0.0,0.0,False
TMOD3 (29766),0.0,0.0,False
SECISBP2L (9728),0.0,0.0,False
USP8 (9101),-0.0,0.0,False
MNS1 (55329),0.0,0.0,False
PARP9 (83666),-0.0,0.0,False
SELENOI (85465),0.0,0.0,False
IFT172 (26160),0.0,0.0,False
RTCA (8634),-0.0,0.0,False
FAM8A1 (51439),0.0,0.0,False
NUMA1 (4926),0.0,0.0,False
IL18BP (10068),-0.0,0.0,False
ANKRD42 (338699),0.0,0.0,False
THAP12 (5612),0.0,0.0,False
SLCO2B1 (11309),0.0,0.0,False
ARRB1 (408),0.0,0.0,False
FCHSD2 (9873),0.0,0.0,False
MYO7A (4647),-0.0,0.0,False
TTC29 (83894),0.0,0.0,False
MGARP (84709),0.0,0.0,False
TLR2 (7097),-0.0,0.0,False
FHDC1 (85462),-0.0,0.0,False
CPEB2 (132864),0.0,0.0,False
FGFBP2 (83888),-0.0,0.0,False
FGFBP1 (9982),-0.0,0.0,False
CCDC90B (60492),0.0,0.0,False
SYTL2 (54843),-0.0,0.0,False
RAB30 (27314),0.0,0.0,False
SLCO5A1 (81796),0.0,0.0,False
SORL1 (6653),0.0,0.0,False
NXPE4 (54827),0.0,0.0,False
DDX60 (55601),-0.0,0.0,False
NEK1 (4750),-0.0,0.0,False
SDCBP (6386),-0.0,0.0,False
TGS1 (96764),-0.0,0.0,False
GGH (8836),-0.0,0.0,False
CREBZF (58487),0.0,0.0,False
TTPA (7274),0.0,0.0,False
PI15 (51050),0.0,0.0,False
MRPL15 (29088),0.0,0.0,False
RNF121 (55298),-0.0,0.0,False
PRCP (5547),0.0,0.0,False
LRRC32 (2615),0.0,0.0,False
C6orf52 (347744),-0.0,0.0,False
TAF8 (129685),0.0,0.0,False
BUD13 (84811),0.0,0.0,False
VARS2 (57176),0.0,0.0,False
LRRC1 (55227),0.0,0.0,False
TUBB2A (7280),-0.0,0.0,False
SLC22A23 (63027),-0.0,0.0,False
IRF4 (3662),-0.0,0.0,False
KIAA0319 (9856),0.0,0.0,False
HCRTR2 (3062),0.0,0.0,False
TINAG (27283),0.0,0.0,False
CAPN11 (11131),0.0,0.0,False
TJAP1 (93643),0.0,0.0,False
FRS3 (10817),0.0,0.0,False
TMEM63B (55362),0.0,0.0,False
TMEM14B (81853),0.0,0.0,False
YIPF3 (25844),0.0,0.0,False
SLC22A7 (10864),-0.0,0.0,False
TFAP2A (7020),0.0,0.0,False
GCM1 (8521),0.0,0.0,False
FOXF2 (2295),0.0,0.0,False
BPHL (670),0.0,0.0,False
PGBD1 (84547),-0.0,0.0,False
MTCH1 (23787),0.0,0.0,False
NRM (11270),-0.0,0.0,False
RNF144B (255488),0.0,0.0,False
CLPS (1208),0.0,0.0,False
TPMT (7172),0.0,0.0,False
ATAT1 (79969),-0.0,0.0,False
MDC1 (9656),0.0,0.0,False
RIPK1 (8737),-0.0,0.0,False
IER3 (8870),-0.0,0.0,False
FLOT1 (10211),-0.0,0.0,False
TCF19 (6941),-0.0,0.0,False
HMGA1 (3159),-0.0,0.0,False
UQCC2 (84300),0.0,0.0,False
TUBB2B (347733),0.0,0.0,False
TMPRSS4 (56649),0.0,0.0,False
TRPC6 (7225),0.0,0.0,False
DBT (1629),0.0,0.0,False
PARP6 (56965),0.0,0.0,False
ZNF280D (54816),-0.0,0.0,False
CYP19A1 (1588),-0.0,0.0,False
SLC28A2 (9153),0.0,0.0,False
DUOX1 (53905),-0.0,0.0,False
ADAM10 (102),-0.0,0.0,False
PAK6 (56924),0.0,0.0,False
TMEM62 (80021),-0.0,0.0,False
PLCB2 (5330),0.0,0.0,False
SMAD6 (4091),-0.0,0.0,False
UACA (55075),-0.0,0.0,False
ITPKA (3706),-0.0,0.0,False
RMDN3 (55177),0.0,0.0,False
TUBGCP4 (27229),0.0,0.0,False
LRRC49 (54839),0.0,0.0,False
PAQR5 (54852),-0.0,0.0,False
SEMA6D (80031),0.0,0.0,False
BCL2L10 (10017),-0.0,0.0,False
RSL24D1 (51187),0.0,0.0,False
IFI44L (10964),0.0,0.0,False
DNASE2B (58511),-0.0,0.0,False
CLCA2 (9635),-0.0,0.0,False
SLC44A5 (204962),-0.0,0.0,False
IFI44 (10561),-0.0,0.0,False
ARHGAP29 (9411),0.0,0.0,False
GIPC2 (54810),-0.0,0.0,False
RABGGTB (5876),-0.0,0.0,False
SPTBN5 (51332),0.0,0.0,False
GTF2B (2959),-0.0,0.0,False
KYAT3 (56267),-0.0,0.0,False
FNBP1L (54874),0.0,0.0,False
TTLL7 (79739),0.0,0.0,False
BCAR3 (8412),-0.0,0.0,False
GCHFR (2644),-0.0,0.0,False
RPLP1 (6176),-0.0,0.0,False
RTF1 (23168),0.0,0.0,False
MMP7 (4316),-0.0,0.0,False
HAUS2 (55142),0.0,0.0,False
ARHGAP20 (57569),-0.0,0.0,False
FXYD6 (53826),0.0,0.0,False
CFAP68 (64776),0.0,0.0,False
FDX1 (2230),0.0,0.0,False
PPP2R1B (5519),0.0,0.0,False
RDX (5962),0.0,0.0,False
POU2F3 (25833),-0.0,0.0,False
BTG4 (54766),0.0,0.0,False
SLC37A4 (2542),0.0,0.0,False
TRIM29 (23650),-0.0,0.0,False
YAP1 (10413),0.0,0.0,False
DCUN1D5 (84259),0.0,0.0,False
CFAP300 (85016),0.0,0.0,False
MMP27 (64066),-0.0,0.0,False
MMP20 (9313),-0.0,0.0,False
FXYD2 (486),0.0,0.0,False
MMP13 (4322),0.0,0.0,False
TMPRSS13 (84000),0.0,0.0,False
THBS1 (7057),-0.0,0.0,False
KNL1 (57082),-0.0,0.0,False
ITGA11 (22801),0.0,0.0,False
KIF23 (9493),-0.0,0.0,False
NDUFAF1 (51103),0.0,0.0,False
NUSAP1 (51203),0.0,0.0,False
MAPKBP1 (23005),0.0,0.0,False
SLTM (79811),-0.0,0.0,False
CASP1 (834),-0.0,0.0,False
CTDSPL2 (51496),-0.0,0.0,False
SQOR (58472),-0.0,0.0,False
UNC13C (440279),0.0,0.0,False
MAP2K5 (5607),-0.0,0.0,False
ALKBH8 (91801),0.0,0.0,False
CASP5 (838),-0.0,0.0,False
CCNG2 (901),0.0,0.0,False
USO1 (8615),0.0,0.0,False
CMTM2 (146225),-0.0,0.0,False
GTF2A2 (2958),0.0,0.0,False
GCNT3 (9245),-0.0,0.0,False
FGF7 (2252),-0.0,0.0,False
SLC27A2 (11001),-0.0,0.0,False
LYSMD2 (256586),-0.0,0.0,False
DUOX2 (50506),-0.0,0.0,False
DUOXA2 (405753),-0.0,0.0,False
ZSCAN29 (146050),-0.0,0.0,False
SERF2 (10169),0.0,0.0,False
SORD (6652),-0.0,0.0,False
TCF12 (6938),-0.0,0.0,False
MFAP1 (4236),0.0,0.0,False
DUOXA1 (90527),-0.0,0.0,False
SLC12A6 (9990),-0.0,0.0,False
NIPA2 (81614),-0.0,0.0,False
WDR20 (91833),-0.0,0.0,False
BNIP2 (663),0.0,0.0,False
SRP14 (6727),0.0,0.0,False
CDKL2 (8999),0.0,0.0,False
BAHD1 (22893),0.0,0.0,False
NEIL1 (79661),-0.0,0.0,False
NCOA2 (10499),0.0,0.0,False
SKIC8 (80349),-0.0,0.0,False
TSPAN3 (10099),-0.0,0.0,False
SCAPER (49855),0.0,0.0,False
HMG20A (10363),-0.0,0.0,False
BCL2A1 (597),-0.0,0.0,False
ETFA (2108),0.0,0.0,False
PSTPIP1 (9051),0.0,0.0,False
UBE2Q2 (92912),-0.0,0.0,False
COMMD4 (54939),-0.0,0.0,False
ANP32A (8125),-0.0,0.0,False
TLE3 (7090),-0.0,0.0,False
CDAN1 (146059),0.0,0.0,False
DISP2 (85455),-0.0,0.0,False
SLC25A47 (283600),0.0,0.0,False
WARS1 (7453),-0.0,0.0,False
CLBA1 (122616),-0.0,0.0,False
SERPINA10 (51156),-0.0,0.0,False
SYT16 (83851),0.0,0.0,False
ARMH4 (145407),0.0,0.0,False
RTN1 (6252),-0.0,0.0,False
PELI2 (57161),-0.0,0.0,False
FRMD6 (122786),-0.0,0.0,False
TMX1 (81542),-0.0,0.0,False
MDGA2 (161357),0.0,0.0,False
FITM1 (161247),-0.0,0.0,False
NOVA1 (4857),-0.0,0.0,False
TSSK4 (283629),-0.0,0.0,False
CBLN3 (643866),-0.0,0.0,False
REM2 (161253),0.0,0.0,False
CDH24 (64403),0.0,0.0,False
SSTR1 (6751),-0.0,0.0,False
TTC6 (319089),0.0,0.0,False
SLC38A6 (145389),-0.0,0.0,False
NAA30 (122830),0.0,0.0,False
ADAM21 (8747),0.0,0.0,False
GPR65 (8477),0.0,0.0,False
FBLN5 (10516),0.0,0.0,False
SLC24A4 (123041),-0.0,0.0,False
FAM181A (90050),0.0,0.0,False
AK7 (122481),-0.0,0.0,False
JDP2 (122953),0.0,0.0,False
PTGR2 (145482),0.0,0.0,False
EFCAB11 (90141),-0.0,0.0,False
RDH12 (145226),0.0,0.0,False
STON2 (85439),0.0,0.0,False
KCNH5 (27133),-0.0,0.0,False
ESR2 (2100),0.0,0.0,False
WDR89 (112840),-0.0,0.0,False
RAB15 (376267),-0.0,0.0,False
DCAF5 (8816),-0.0,0.0,False
MAN2C1 (4123),0.0,0.0,False
DNAJA4 (55466),-0.0,0.0,False
TLNRD1 (59274),-0.0,0.0,False
CRTC3 (64784),0.0,0.0,False
IGSF6 (10261),0.0,0.0,False
CDR2 (1039),0.0,0.0,False
UQCRC2 (7385),-0.0,0.0,False
FTO (79068),-0.0,0.0,False
PARN (5073),-0.0,0.0,False
ARMC5 (79798),0.0,0.0,False
RUSF1 (64755),0.0,0.0,False
TGFB1I1 (7041),-0.0,0.0,False
ITGAX (3687),-0.0,0.0,False
SLC5A2 (6524),0.0,0.0,False
PMM2 (5373),0.0,0.0,False
GLYR1 (84656),0.0,0.0,False
SEPTIN12 (124404),0.0,0.0,False
SEC11A (23478),-0.0,0.0,False
SH3GL3 (6457),0.0,0.0,False
ARHGAP17 (55114),0.0,0.0,False
MYLK3 (91807),0.0,0.0,False
ABCC12 (94160),0.0,0.0,False
NLRC5 (84166),-0.0,0.0,False
CMTM3 (123920),-0.0,0.0,False
GCSH (2653),-0.0,0.0,False
NUDT7 (283927),-0.0,0.0,False
ADAMTS18 (170692),0.0,0.0,False
KIFC3 (3801),-0.0,0.0,False
KATNB1 (10300),-0.0,0.0,False
CPNE2 (221184),-0.0,0.0,False
NKD1 (85407),0.0,0.0,False
CLEC18B (497190),0.0,0.0,False
ZFHX3 (463),0.0,0.0,False
CHST4 (10164),-0.0,0.0,False
MARVELD3 (91862),0.0,0.0,False
TXNL4B (54957),-0.0,0.0,False
DHX38 (9785),-0.0,0.0,False
EFL1 (79631),0.0,0.0,False
IQGAP1 (8826),-0.0,0.0,False
TPM1 (7168),-0.0,0.0,False
FURIN (5045),-0.0,0.0,False
CELF6 (60677),0.0,0.0,False
CCDC33 (80125),-0.0,0.0,False
PCSK6 (5046),-0.0,0.0,False
GOLGA6D (653643),0.0,0.0,False
ULK3 (25989),-0.0,0.0,False
LINS1 (55180),-0.0,0.0,False
ADAMTS17 (170691),0.0,0.0,False
CYP1A1 (1543),-0.0,0.0,False
PML (5371),-0.0,0.0,False
BBS4 (585),0.0,0.0,False
CYP11A1 (1583),0.0,0.0,False
USP3 (9960),-0.0,0.0,False
PIF1 (80119),0.0,0.0,False
ARRDC4 (91947),0.0,0.0,False
IGF1R (3480),0.0,0.0,False
SCAMP2 (10066),-0.0,0.0,False
CYP1A2 (1544),0.0,0.0,False
LMAN1L (79748),0.0,0.0,False
NTRK3 (4916),0.0,0.0,False
MCTP2 (55784),-0.0,0.0,False
ST8SIA2 (8128),0.0,0.0,False
UNC45A (55898),0.0,0.0,False
ZNF710 (374655),-0.0,0.0,False
MFGE8 (4240),-0.0,0.0,False
DET1 (55070),-0.0,0.0,False
TICRR (90381),0.0,0.0,False
HAPLN3 (145864),-0.0,0.0,False
WDR93 (56964),0.0,0.0,False
ABHD2 (11057),-0.0,0.0,False
FANCI (55215),-0.0,0.0,False
RLBP1 (6017),-0.0,0.0,False
POLG (5428),0.0,0.0,False
RHCG (51458),-0.0,0.0,False
CUL4A (8451),-0.0,0.0,False
GRTP1 (79774),-0.0,0.0,False
RAB20 (55647),-0.0,0.0,False
SINHCAF (58516),0.0,0.0,False
RBP5 (83758),0.0,0.0,False
CD27 (939),-0.0,0.0,False
TAPBPL (55080),-0.0,0.0,False
VAMP1 (6843),0.0,0.0,False
KLRG1 (10219),-0.0,0.0,False
CLSTN3 (9746),-0.0,0.0,False
NDUFA9 (4704),0.0,0.0,False
C1RL (51279),-0.0,0.0,False
PRICKLE1 (144165),0.0,0.0,False
TMEM117 (84216),-0.0,0.0,False
ZCRB1 (85437),0.0,0.0,False
ETNK1 (55500),-0.0,0.0,False
ETFBKMT (254013),-0.0,0.0,False
SLCO1C1 (53919),0.0,0.0,False
AEBP2 (121536),-0.0,0.0,False
PEX5 (5830),0.0,0.0,False
PIANP (196500),-0.0,0.0,False
SLC38A4 (55089),0.0,0.0,False
INHBE (83729),0.0,0.0,False
DUSP6 (1848),-0.0,0.0,False
PTPRQ (374462),-0.0,0.0,False
LGR5 (8549),-0.0,0.0,False
TMEM19 (55266),0.0,0.0,False
TPH2 (121278),0.0,0.0,False
GLIPR1 (11010),0.0,0.0,False
MARCHF9 (92979),-0.0,0.0,False
AMIGO2 (347902),-0.0,0.0,False
LRIG3 (121227),-0.0,0.0,False
LLPH (84298),-0.0,0.0,False
ANP32D (23519),-0.0,0.0,False
PPFIA2 (8499),-0.0,0.0,False
COL2A1 (1280),0.0,0.0,False
SCAF11 (9169),0.0,0.0,False
PLCZ1 (89869),0.0,0.0,False
PIK3C2G (5288),-0.0,0.0,False
TMTC3 (160418),0.0,0.0,False
ALG10 (84920),0.0,0.0,False
PPP3CA (5530),-0.0,0.0,False
C4orf17 (84103),0.0,0.0,False
SEC24B (10427),-0.0,0.0,False
PAPSS1 (9061),0.0,0.0,False
EGF (1950),0.0,0.0,False
HADH (3033),0.0,0.0,False
LEF1 (51176),0.0,0.0,False
CASP6 (839),-0.0,0.0,False
ENPEP (2028),0.0,0.0,False
INTS12 (57117),-0.0,0.0,False
GSTCD (79807),0.0,0.0,False
CENPE (1062),-0.0,0.0,False
PPA2 (27068),-0.0,0.0,False
ANXA3 (306),0.0,0.0,False
SHROOM3 (57619),0.0,0.0,False
SLC39A8 (64116),0.0,0.0,False
MTTP (4547),-0.0,0.0,False
FBN2 (2201),-0.0,0.0,False
PDE6H (5149),0.0,0.0,False
FGD4 (121512),-0.0,0.0,False
YARS2 (51067),0.0,0.0,False
CPNE8 (144402),-0.0,0.0,False
KIF21A (55605),0.0,0.0,False
GABARAPL1 (23710),0.0,0.0,False
ERP27 (121506),0.0,0.0,False
B4GALNT3 (283358),0.0,0.0,False
MAPK8IP3 (23162),0.0,0.0,False
PARVG (64098),-0.0,0.0,False
SHISAL1 (85352),0.0,0.0,False
RNF185 (91445),0.0,0.0,False
TTLL8 (164714),-0.0,0.0,False
GUCD1 (83606),-0.0,0.0,False
RGS3 (5998),-0.0,0.0,False
POC1B (282809),-0.0,0.0,False
LUM (4060),-0.0,0.0,False
ABHD13 (84945),-0.0,0.0,False
SMARCC2 (6601),0.0,0.0,False
WDFY2 (115825),-0.0,0.0,False
SMIM2 (79024),-0.0,0.0,False
ZNF740 (283337),0.0,0.0,False
KRT71 (112802),0.0,0.0,False
ANKRD52 (283373),0.0,0.0,False
TMBIM6 (7009),-0.0,0.0,False
ESYT1 (23344),0.0,0.0,False
MYG1 (60314),-0.0,0.0,False
LMBR1L (55716),-0.0,0.0,False
CSAD (51380),0.0,0.0,False
GALNT6 (11226),0.0,0.0,False
ITGB7 (3695),0.0,0.0,False
MAP3K12 (7786),-0.0,0.0,False
CERS5 (91012),-0.0,0.0,False
KANSL2 (54934),0.0,0.0,False
HNRNPA1L2 (144983),-0.0,0.0,False
LPAR6 (10161),-0.0,0.0,False
ESD (2098),-0.0,0.0,False
SLAIN1 (122060),0.0,0.0,False
ZIC5 (85416),0.0,0.0,False
RNF113B (140432),0.0,0.0,False
MBNL2 (10150),-0.0,0.0,False
METTL21C (196541),-0.0,0.0,False
SRRM4 (84530),0.0,0.0,False
RBM26 (64062),-0.0,0.0,False
DIAPH3 (81624),0.0,0.0,False
RB1 (5925),-0.0,0.0,False
DENR (8562),0.0,0.0,False
RHOF (54509),-0.0,0.0,False
VPS33A (65082),-0.0,0.0,False
SETD1B (23067),0.0,0.0,False
MORN3 (283385),0.0,0.0,False
SBNO1 (55206),-0.0,0.0,False
BRCA2 (675),-0.0,0.0,False
CELA1 (1990),0.0,0.0,False
KERA (11081),-0.0,0.0,False
N4BP2L1 (90634),0.0,0.0,False
TCHP (84260),-0.0,0.0,False
GIT2 (9815),0.0,0.0,False
GLTP (51228),0.0,0.0,False
MMAB (326625),0.0,0.0,False
SDSL (113675),-0.0,0.0,False
RITA1 (84934),0.0,0.0,False
TDG (6996),0.0,0.0,False
SLC15A4 (121260),-0.0,0.0,False
TMEM132B (114795),0.0,0.0,False
GAS2L3 (283431),0.0,0.0,False
ASCL1 (429),0.0,0.0,False
SYCP3 (50511),0.0,0.0,False
NEDD1 (121441),0.0,0.0,False
AMDHD1 (144193),-0.0,0.0,False
SNRPF (6636),-0.0,0.0,False
FAM222A (84915),-0.0,0.0,False
FOXN4 (121643),0.0,0.0,False
NUP58 (9818),-0.0,0.0,False
TARBP2 (6895),0.0,0.0,False
NABP2 (79035),0.0,0.0,False
NPFF (8620),-0.0,0.0,False
GPR84 (53831),-0.0,0.0,False
ACVRL1 (94),0.0,0.0,False
DHH (50846),0.0,0.0,False
RDH16 (8608),-0.0,0.0,False
SLC39A5 (283375),0.0,0.0,False
MTMR6 (9107),-0.0,0.0,False
CCDC65 (85478),-0.0,0.0,False
SUOX (6821),0.0,0.0,False
LNX2 (222484),0.0,0.0,False
PDX1 (3651),-0.0,0.0,False
SLC7A1 (6541),0.0,0.0,False
SLC46A3 (283537),0.0,0.0,False
LPP (4026),0.0,0.0,False
RUBCN (9711),0.0,0.0,False
PIM1 (5292),0.0,0.0,False
KCNE4 (23704),0.0,0.0,False
SCHIP1 (29970),0.0,0.0,False
RBM46 (166863),0.0,0.0,False
GLT1D1 (144423),0.0,0.0,False
BAG3 (9531),-0.0,0.0,False
TIAL1 (7073),0.0,0.0,False
DST (667),-0.0,0.0,False
CACUL1 (143384),0.0,0.0,False
GFRA1 (2674),0.0,0.0,False
CCL28 (56477),-0.0,0.0,False
TMEM267 (64417),0.0,0.0,False
FBXO4 (26272),0.0,0.0,False
CPAP (55835),-0.0,0.0,False
PABPC3 (5042),0.0,0.0,False
CCDC175 (729665),-0.0,0.0,False
SACS (26278),0.0,0.0,False
MCHR2 (84539),0.0,0.0,False
AP1S3 (130340),-0.0,0.0,False
DNAI4 (79819),0.0,0.0,False
RABGAP1L (9910),-0.0,0.0,False
POU4F1 (5457),0.0,0.0,False
TMEM178A (130733),0.0,0.0,False
GEMIN6 (79833),-0.0,0.0,False
HSPB8 (26353),0.0,0.0,False
GPATCH11 (253635),-0.0,0.0,False
TMEM163 (81615),-0.0,0.0,False
MGAT5 (4249),-0.0,0.0,False
PTPN14 (5784),0.0,0.0,False
FAM168B (130074),-0.0,0.0,False
CFC1B (653275),-0.0,0.0,False
ASTN1 (460),0.0,0.0,False
TUBA3E (112714),0.0,0.0,False
MZT2B (80097),0.0,0.0,False
TLCD4 (148534),0.0,0.0,False
CCDC74B (91409),0.0,0.0,False
GABRA2 (2555),0.0,0.0,False
SLC35F4 (341880),0.0,0.0,False
GUF1 (60558),-0.0,0.0,False
TDO2 (6999),-0.0,0.0,False
PIGF (5281),-0.0,0.0,False
KIN (22944),-0.0,0.0,False
ITIH2 (3698),-0.0,0.0,False
ADAM8 (101),-0.0,0.0,False
VENTX (27287),0.0,0.0,False
DPYSL4 (10570),0.0,0.0,False
AKR1C2 (1646),-0.0,0.0,False
NR3C2 (4306),-0.0,0.0,False
EDNRA (1909),-0.0,0.0,False
POU4F2 (5458),-0.0,0.0,False
ZNF827 (152485),0.0,0.0,False
MMAA (166785),0.0,0.0,False
DRD3 (1814),0.0,0.0,False
QTRT2 (79691),-0.0,0.0,False
TEX9 (374618),-0.0,0.0,False
ANKAR (150709),-0.0,0.0,False
MFSD6 (54842),-0.0,0.0,False
RNF144A (9781),0.0,0.0,False
AMN1 (196394),-0.0,0.0,False
ZNF385D (79750),0.0,0.0,False
NBAS (51594),0.0,0.0,False
SERP2 (387923),0.0,0.0,False
CCDC122 (160857),-0.0,0.0,False
SAV1 (60485),-0.0,0.0,False
BICD1 (636),0.0,0.0,False
SLC25A4 (291),0.0,0.0,False
ASAP2 (8853),-0.0,0.0,False
ACSL1 (2180),0.0,0.0,False
CENPU (79682),-0.0,0.0,False
WWC2 (80014),0.0,0.0,False
TMEM45B (120224),0.0,0.0,False
KCNJ1 (3758),0.0,0.0,False
ADAM17 (6868),0.0,0.0,False
OBI1 (79596),-0.0,0.0,False
CYSLTR2 (57105),-0.0,0.0,False
GRID2 (2895),-0.0,0.0,False
OLAH (55301),0.0,0.0,False
SPEF2 (79925),0.0,0.0,False
IGSF10 (285313),-0.0,0.0,False
GRIA4 (2893),-0.0,0.0,False
TMEM123 (114908),0.0,0.0,False
PFKM (5213),0.0,0.0,False
PLEKHH2 (130271),-0.0,0.0,False
PAN3 (255967),-0.0,0.0,False
ZFP36L2 (678),-0.0,0.0,False
TRIM36 (55521),-0.0,0.0,False
CAMK4 (814),-0.0,0.0,False
CCDC50 (152137),-0.0,0.0,False
USP12 (219333),-0.0,0.0,False
ZNF837 (116412),0.0,0.0,False
ZSCAN1 (284312),0.0,0.0,False
NMT2 (9397),0.0,0.0,False
SPARCL1 (8404),0.0,0.0,False
DSPP (1834),0.0,0.0,False
DMP1 (1758),0.0,0.0,False
CLEC4F (165530),0.0,0.0,False
GPR180 (160897),-0.0,0.0,False
CATSPER3 (347732),0.0,0.0,False
SAR1B (51128),0.0,0.0,False
RASGRP3 (25780),-0.0,0.0,False
PELO (53918),-0.0,0.0,False
SLC30A6 (55676),-0.0,0.0,False
DDX4 (54514),0.0,0.0,False
MEPE (56955),0.0,0.0,False
CCNO (10309),-0.0,0.0,False
GJA1 (2697),0.0,0.0,False
GPD1L (23171),-0.0,0.0,False
NADK2 (133686),0.0,0.0,False
CAPSL (133690),0.0,0.0,False
MBNL1 (4154),-0.0,0.0,False
RPP38 (10557),-0.0,0.0,False
DCLRE1C (64421),-0.0,0.0,False
ARL11 (115761),0.0,0.0,False
SUV39H2 (79723),-0.0,0.0,False
TGOLN2 (10618),-0.0,0.0,False
TCF7L1 (83439),-0.0,0.0,False
PDE3B (5140),-0.0,0.0,False
PTH (5741),0.0,0.0,False
PDK1 (5163),0.0,0.0,False
G6PC2 (57818),0.0,0.0,False
SPC25 (57405),-0.0,0.0,False
ARK2N (147339),0.0,0.0,False
HAUS1 (115106),-0.0,0.0,False
ATP5F1A (498),-0.0,0.0,False
PSTPIP2 (9050),-0.0,0.0,False
EPG5 (57724),0.0,0.0,False
ARL14EP (120534),0.0,0.0,False
SETBP1 (26040),0.0,0.0,False
RIT2 (6014),-0.0,0.0,False
SH2D6 (284948),-0.0,0.0,False
KCNK13 (56659),-0.0,0.0,False
UHMK1 (127933),-0.0,0.0,False
HOMER1 (9456),-0.0,0.0,False
ZNF256 (10172),0.0,0.0,False
ZNF776 (284309),-0.0,0.0,False
ZNF773 (374928),0.0,0.0,False
ZNF547 (284306),-0.0,0.0,False
BOLL (66037),0.0,0.0,False
XRCC4 (7518),-0.0,0.0,False
JMY (133746),0.0,0.0,False
ATG10 (83734),-0.0,0.0,False
CWF19L2 (143884),0.0,0.0,False
GUCY1A2 (2977),-0.0,0.0,False
TADA1 (117143),0.0,0.0,False
FAM151B (167555),0.0,0.0,False
SPOCK1 (6695),-0.0,0.0,False
POC5 (134359),-0.0,0.0,False
ANO4 (121601),0.0,0.0,False
FHIP2A (57700),0.0,0.0,False
QDPR (5860),-0.0,0.0,False
MIA2 (4253),-0.0,0.0,False
RGS18 (64407),0.0,0.0,False
CCDC83 (220047),0.0,0.0,False
DLG2 (1740),0.0,0.0,False
FSIP1 (161835),-0.0,0.0,False
CNDP1 (84735),-0.0,0.0,False
CD226 (10666),0.0,0.0,False
CCDC102B (79839),0.0,0.0,False
VEGFC (7424),-0.0,0.0,False
SPATA4 (132851),0.0,0.0,False
WDR17 (116966),-0.0,0.0,False
GPM6A (2823),-0.0,0.0,False
ADRA2A (150),0.0,0.0,False
PDCD4 (27250),-0.0,0.0,False
LYPD6B (130576),-0.0,0.0,False
LYPD1 (116372),-0.0,0.0,False
PRSS23 (11098),0.0,0.0,False
MTMR12 (54545),0.0,0.0,False
PPP1R1C (151242),0.0,0.0,False
IL18 (3606),-0.0,0.0,False
FOXO1 (2308),0.0,0.0,False
FREM2 (341640),0.0,0.0,False
CIMIP5 (130813),0.0,0.0,False
PIP4K2A (5305),-0.0,0.0,False
PTS (5805),0.0,0.0,False
TEX12 (56158),0.0,0.0,False
NKAPD1 (55216),0.0,0.0,False
POU2AF2 (341032),-0.0,0.0,False
PIH1D2 (120379),0.0,0.0,False
DLAT (1737),0.0,0.0,False
DIXDC1 (85458),0.0,0.0,False
DOCK1 (1793),-0.0,0.0,False
ATPSCKMT (134145),0.0,0.0,False
CCT5 (22948),-0.0,0.0,False
HNMT (3176),-0.0,0.0,False
FAM124A (220108),0.0,0.0,False
SEC24D (9871),0.0,0.0,False
KIAA1328 (57536),-0.0,0.0,False
ITGB1 (3688),-0.0,0.0,False
MPP7 (143098),0.0,0.0,False
MKX (283078),0.0,0.0,False
CLEC1A (51267),0.0,0.0,False
KLRF1 (51348),0.0,0.0,False
CNTN5 (53942),0.0,0.0,False
CNKSR2 (22866),0.0,0.0,False
MMP3 (4314),0.0,0.0,False
HMGA2 (8091),-0.0,0.0,False
TMEM219 (124446),0.0,0.0,False
TAOK2 (9344),0.0,0.0,False
HIRIP3 (8479),-0.0,0.0,False
DOC2A (8448),0.0,0.0,False
TLCD3B (83723),0.0,0.0,False
ALDOA (226),-0.0,0.0,False
FXYD4 (53828),0.0,0.0,False
TRIM48 (79097),-0.0,0.0,False
OR8K1 (390157),0.0,0.0,False
TMCO3 (55002),-0.0,0.0,False
ADGRL3 (23284),0.0,0.0,False
SAP18 (10284),-0.0,0.0,False
LATS2 (26524),-0.0,0.0,False
EEF1AKMT1 (221143),-0.0,0.0,False
TIRAP (114609),0.0,0.0,False
TMEM218 (219854),0.0,0.0,False
DCUN1D2 (55208),-0.0,0.0,False
OR5M9 (390162),0.0,0.0,False
CDH8 (1006),0.0,0.0,False
KLHL1 (57626),0.0,0.0,False
ARID5B (84159),0.0,0.0,False
FCGR1A (2209),0.0,0.0,False
CTF1 (1489),-0.0,0.0,False
PCDH15 (65217),-0.0,0.0,False
CRIM1 (51232),-0.0,0.0,False
ABCB9 (23457),-0.0,0.0,False
VTI1A (143187),-0.0,0.0,False
CSNK1G3 (1456),-0.0,0.0,False
NUBPL (80224),0.0,0.0,False
ADAMTS12 (81792),0.0,0.0,False
MSGN1 (343930),-0.0,0.0,False
ME3 (10873),0.0,0.0,False
NDUFC2 (4718),0.0,0.0,False
THRSP (7069),0.0,0.0,False
KCTD14 (65987),0.0,0.0,False
ALLC (55821),0.0,0.0,False
TMEM18 (129787),0.0,0.0,False
EXT2 (2132),0.0,0.0,False
MIPOL1 (145282),0.0,0.0,False
MBIP (51562),0.0,0.0,False
FAM177A1 (283635),0.0,0.0,False
NPAS3 (64067),0.0,0.0,False
AKAP6 (9472),0.0,0.0,False
NEK7 (140609),0.0,0.0,False
ATP6V1G3 (127124),0.0,0.0,False
FER (2241),0.0,0.0,False
SLC25A31 (83447),0.0,0.0,False
NCAPD3 (23310),0.0,0.0,False
VPS26B (112936),0.0,0.0,False
THYN1 (29087),0.0,0.0,False
ACAD8 (27034),0.0,0.0,False
EPS8 (2059),-0.0,0.0,False
PTPRO (5800),0.0,0.0,False
FRMD4A (55691),-0.0,0.0,False
VIPAS39 (63894),0.0,0.0,False
C4orf33 (132321),0.0,0.0,False
CCDC3 (83643),0.0,0.0,False
SCLT1 (132320),0.0,0.0,False
CDC123 (8872),-0.0,0.0,False
UPF2 (26019),-0.0,0.0,False
ANKRD50 (57182),-0.0,0.0,False
SRFBP1 (153443),0.0,0.0,False
TEX30 (93081),-0.0,0.0,False
RILPL2 (196383),-0.0,0.0,False
MAGI1 (9223),0.0,0.0,False
THRB (7068),0.0,0.0,False
KCNA6 (3742),-0.0,0.0,False
CACNA1C (775),0.0,0.0,False
DCP1B (196513),0.0,0.0,False
CACNA2D4 (93589),-0.0,0.0,False
LYZL2 (119180),0.0,0.0,False
GPR158 (57512),-0.0,0.0,False
ENKUR (219670),0.0,0.0,False
NOCT (25819),0.0,0.0,False
SLC7A11 (23657),0.0,0.0,False
PRSS53 (339105),0.0,0.0,False
TKTL2 (84076),0.0,0.0,False
ITPR1 (3708),-0.0,0.0,False
UBC (7316),0.0,0.0,False
DHX37 (57647),0.0,0.0,False
NGLY1 (55768),0.0,0.0,False
OXSM (54995),-0.0,0.0,False
UEVLD (55293),0.0,0.0,False
DLG5 (9231),-0.0,0.0,False
EIF4E (1977),0.0,0.0,False
DIP2C (22982),0.0,0.0,False
TWF1 (5756),0.0,0.0,False
GXYLT1 (283464),0.0,0.0,False
SLC2A13 (114134),0.0,0.0,False
MAT1A (4143),-0.0,0.0,False
PLBD2 (196463),-0.0,0.0,False
TMEM86A (144110),0.0,0.0,False
RAD9B (144715),0.0,0.0,False
ANK3 (288),0.0,0.0,False
UBE3B (89910),0.0,0.0,False
ABTB3 (121551),-0.0,0.0,False
TMEM263 (90488),0.0,0.0,False
NOPCHAP1 (121053),0.0,0.0,False
DYNLT5 (200132),0.0,0.0,False
ANKRD22 (118932),-0.0,0.0,False
TBX6 (6911),-0.0,0.0,False
JAM2 (58494),-0.0,0.0,False
RABGEF1 (27342),0.0,0.0,False
PDE1C (5137),0.0,0.0,False
L3MBTL4 (91133),0.0,0.0,False
NCAM2 (4685),0.0,0.0,False
TMPRSS15 (5651),-0.0,0.0,False
CHODL (140578),0.0,0.0,False
C21orf91 (54149),0.0,0.0,False
BTG3 (10950),0.0,0.0,False
TNMD (64102),-0.0,0.0,False
TMSB4Y (9087),-0.0,0.0,False
PSMA8 (143471),0.0,0.0,False
LY96 (23643),0.0,0.0,False
ELOC (6921),0.0,0.0,False
SORBS2 (8470),-0.0,0.0,False
PDLIM3 (27295),-0.0,0.0,False
MRPL39 (54148),0.0,0.0,False
ATP5PF (522),0.0,0.0,False
FARP1 (10160),0.0,0.0,False
GABPA (2551),-0.0,0.0,False
PPP4R1 (9989),-0.0,0.0,False
SKA1 (220134),0.0,0.0,False
CXXC1 (30827),0.0,0.0,False
PLCL2 (23228),-0.0,0.0,False
OXNAD1 (92106),0.0,0.0,False
DPH3 (285381),-0.0,0.0,False
FLCN (201163),0.0,0.0,False
FGD5 (152273),0.0,0.0,False
CCDC174 (51244),-0.0,0.0,False
XPC (7508),-0.0,0.0,False
WNT7A (7476),0.0,0.0,False
SLFN13 (146857),0.0,0.0,False
TSEN2 (80746),-0.0,0.0,False
ADAMTS5 (11096),0.0,0.0,False
ADAMTS1 (9510),0.0,0.0,False
SRSF12 (135295),0.0,0.0,False
MAGED4 (728239),0.0,0.0,False
ATP5MC3 (518),-0.0,0.0,False
DIPK1A (388650),-0.0,0.0,False
DISP1 (84976),0.0,0.0,False
MIA3 (375056),0.0,0.0,False
UCHL1 (7345),0.0,0.0,False
PGCKA1 (55286),-0.0,0.0,False
ENPP3 (5169),0.0,0.0,False
ABCA5 (23461),-0.0,0.0,False
ABCA10 (10349),-0.0,0.0,False
ABCA6 (23460),0.0,0.0,False
ABCA9 (10350),0.0,0.0,False
GAL3ST2 (64090),0.0,0.0,False
CEP112 (201134),0.0,0.0,False
LRRK1 (79705),-0.0,0.0,False
PRKCA (5578),-0.0,0.0,False
CERS3 (204219),-0.0,0.0,False
CC2D1B (200014),0.0,0.0,False
TNIK (23043),-0.0,0.0,False
FAM167A (83648),-0.0,0.0,False
NEIL2 (252969),-0.0,0.0,False
SH3RF1 (57630),0.0,0.0,False
C10orf90 (118611),-0.0,0.0,False
MMP21 (118856),0.0,0.0,False
CFAP210 (129881),0.0,0.0,False
GPR26 (2849),0.0,0.0,False
BUB3 (9184),-0.0,0.0,False
GBP5 (115362),-0.0,0.0,False
ASZ1 (136991),0.0,0.0,False
WNT3A (89780),-0.0,0.0,False
CCSAP (126731),-0.0,0.0,False
PPP1R3A (5506),0.0,0.0,False
ENAH (55740),-0.0,0.0,False
TRIM11 (81559),-0.0,0.0,False
LONRF1 (91694),-0.0,0.0,False
OBSCN (84033),0.0,0.0,False
APCDD1 (147495),0.0,0.0,False
PIEZO2 (63895),-0.0,0.0,False
MPPE1 (65258),-0.0,0.0,False
SLC25A28 (81894),0.0,0.0,False
SLC7A7 (9056),-0.0,0.0,False
OXA1L (5018),-0.0,0.0,False
NIFK (84365),0.0,0.0,False
TRIM74 (378108),0.0,0.0,False
HEATR3 (55027),-0.0,0.0,False
SLC16A1 (6566),-0.0,0.0,False
DBI (1622),0.0,0.0,False
PPM1J (333926),-0.0,0.0,False
RHOC (389),-0.0,0.0,False
MOV10 (4343),-0.0,0.0,False
C16orf87 (388272),0.0,0.0,False
ZCCHC10 (54819),-0.0,0.0,False
GRAMD2B (65983),0.0,0.0,False
USP25 (29761),0.0,0.0,False
SAMSN1 (64092),-0.0,0.0,False
MAGEC1 (9947),0.0,0.0,False
LARP1 (23367),0.0,0.0,False
CNOT8 (9337),-0.0,0.0,False
PIK3AP1 (118788),-0.0,0.0,False
PDZD9 (255762),-0.0,0.0,False
KDM8 (79831),-0.0,0.0,False
PDIA4 (9601),-0.0,0.0,False
VSIG4 (11326),0.0,0.0,False
TTN (7273),0.0,0.0,False
RBM45 (129831),-0.0,0.0,False
XAGE2 (9502),0.0,0.0,False
GRIA1 (2890),0.0,0.0,False
C9orf85 (138241),0.0,0.0,False
ZKSCAN2 (342357),0.0,0.0,False
NUP205 (23165),0.0,0.0,False
MIER3 (166968),-0.0,0.0,False
SETD9 (133383),-0.0,0.0,False
LRGUK (136332),-0.0,0.0,False
HSPA13 (6782),0.0,0.0,False
TRMT44 (152992),0.0,0.0,False
USP43 (124739),0.0,0.0,False
GPR78 (27201),-0.0,0.0,False
CNTNAP5 (129684),-0.0,0.0,False
FBXL18 (80028),-0.0,0.0,False
RSPH10B (222967),0.0,0.0,False
CYP2U1 (113612),0.0,0.0,False
DKK2 (27123),0.0,0.0,False
APOOL (139322),-0.0,0.0,False
SEPTIN14 (346288),0.0,0.0,False
VOPP1 (81552),-0.0,0.0,False
CA10 (56934),-0.0,0.0,False
ZNF18 (7566),-0.0,0.0,False
ANKRD40 (91369),0.0,0.0,False
ACSS1 (84532),-0.0,0.0,False
EPHB1 (2047),0.0,0.0,False
EME1 (146956),0.0,0.0,False
RAB6B (51560),0.0,0.0,False
PROM2 (150696),-0.0,0.0,False
AK9 (221264),0.0,0.0,False
ODF1 (4956),0.0,0.0,False
TTC39B (158219),0.0,0.0,False
ZFYVE27 (118813),-0.0,0.0,False
MARVELD1 (83742),-0.0,0.0,False
PI4K2A (55361),-0.0,0.0,False
OR4K1 (79544),0.0,0.0,False
MMS19 (64210),0.0,0.0,False
AGPAT5 (55326),0.0,0.0,False
GTF3C6 (112495),-0.0,0.0,False
KLF10 (7071),-0.0,0.0,False
CDK19 (23097),0.0,0.0,False
OTUD6B (51633),0.0,0.0,False
PIP4P2 (55529),-0.0,0.0,False
ATP6V1C1 (528),-0.0,0.0,False
AZIN1 (51582),-0.0,0.0,False
PTPRN2 (5799),0.0,0.0,False
PITPNC1 (26207),-0.0,0.0,False
ANGPT1 (284),0.0,0.0,False
ABI3BP (25890),0.0,0.0,False
ACMSD (130013),-0.0,0.0,False
MERTK (10461),-0.0,0.0,False
AHCTF1 (25909),-0.0,0.0,False
RANBP2 (5903),-0.0,0.0,False
HNRNPU (3192),-0.0,0.0,False
RASSF3 (283349),0.0,0.0,False
RGPD3 (653489),-0.0,0.0,False
BMP6 (654),0.0,0.0,False
SYCP2L (221711),0.0,0.0,False
SMARCA5 (8467),-0.0,0.0,False
CETN3 (1070),0.0,0.0,False
CLGN (1047),0.0,0.0,False
SCOC (60592),0.0,0.0,False
CAST (831),-0.0,0.0,False
ANAPC1 (64682),0.0,0.0,False
BCL2L11 (10018),-0.0,0.0,False
TMEM87B (84910),-0.0,0.0,False
OR14K1 (343170),0.0,0.0,False
PTPRR (5801),-0.0,0.0,False
ADGRF1 (266977),-0.0,0.0,False
FAM81B (153643),0.0,0.0,False
TRAPPC8 (22878),-0.0,0.0,False
ASAP1 (50807),0.0,0.0,False
CYRIB (51571),-0.0,0.0,False
FRMD1 (79981),0.0,0.0,False
ADGRF4 (221393),-0.0,0.0,False
SLC25A27 (9481),0.0,0.0,False
NR4A2 (4929),-0.0,0.0,False
CD96 (10225),-0.0,0.0,False
FEZF2 (55079),0.0,0.0,False
SCN3A (6328),-0.0,0.0,False
RBMS1 (5937),0.0,0.0,False
PLA2R1 (22925),-0.0,0.0,False
CCDC148 (130940),-0.0,0.0,False
ACOXL (55289),-0.0,0.0,False
DAB2 (1601),-0.0,0.0,False
NMRAL1 (57407),0.0,0.0,False
TXNDC11 (51061),0.0,0.0,False
MARVELD2 (153562),0.0,0.0,False
LMNTD1 (160492),0.0,0.0,False
RAB3C (115827),0.0,0.0,False
ZNF117 (51351),0.0,0.0,False
CNTNAP4 (85445),-0.0,0.0,False
GGPS1 (9453),-0.0,0.0,False
PTPRK (5796),0.0,0.0,False
GRM1 (2911),-0.0,0.0,False
HHEX (3087),-0.0,0.0,False
HNRNPDL (9987),-0.0,0.0,False
BMP3 (651),-0.0,0.0,False
PRDM8 (56978),-0.0,0.0,False
PANK1 (53354),-0.0,0.0,False
SLC16A12 (387700),-0.0,0.0,False
IFIT5 (24138),-0.0,0.0,False
RAD17 (5884),-0.0,0.0,False
MED21 (9412),0.0,0.0,False
PLOD2 (5352),0.0,0.0,False
CWC27 (10283),-0.0,0.0,False
BANK1 (55024),0.0,0.0,False
TEKT5 (146279),0.0,0.0,False
CARHSP1 (23589),0.0,0.0,False
CDYL (9425),0.0,0.0,False
CENPH (64946),-0.0,0.0,False
SRP19 (6728),0.0,0.0,False
LGI2 (55203),0.0,0.0,False
STK32B (55351),0.0,0.0,False
SREK1IP1 (285672),-0.0,0.0,False
CPB1 (1360),0.0,0.0,False
ADGRA3 (166647),-0.0,0.0,False
ZIC1 (7545),0.0,0.0,False
JAKMIP1 (152789),0.0,0.0,False
NRSN1 (140767),0.0,0.0,False
LPCAT1 (79888),-0.0,0.0,False
UBALD1 (124402),0.0,0.0,False
TOMM70 (9868),0.0,0.0,False
ANKFN1 (162282),0.0,0.0,False
ANKRD29 (147463),-0.0,0.0,False
IMPACT (55364),0.0,0.0,False
CABYR (26256),0.0,0.0,False
AK5 (26289),0.0,0.0,False
SLC5A10 (125206),-0.0,0.0,False
GRAP (10750),0.0,0.0,False
ASB17 (127247),0.0,0.0,False
PPP2R5E (5529),-0.0,0.0,False
SEMA3D (223117),0.0,0.0,False
NUS1 (116150),0.0,0.0,False
GDPD1 (284161),0.0,0.0,False
HS3ST3A1 (9955),0.0,0.0,False
ZUP1 (221302),0.0,0.0,False
CACNA2D1 (781),0.0,0.0,False
MSI2 (124540),-0.0,0.0,False
SDHAF4 (135154),0.0,0.0,False
CHST9 (83539),-0.0,0.0,False
THY1 (7070),0.0,0.0,False
ROBO3 (64221),-0.0,0.0,False
GPR15 (2838),-0.0,0.0,False
CDH12 (1010),0.0,0.0,False
RETREG1 (54463),0.0,0.0,False
NRGN (4900),-0.0,0.0,False
TBRG1 (84897),0.0,0.0,False
PANX3 (116337),0.0,0.0,False
ROBO4 (54538),0.0,0.0,False
DNAAF1 (123872),-0.0,0.0,False
UBASH3B (84959),-0.0,0.0,False
OTULIN (90268),0.0,0.0,False
ANKH (56172),0.0,0.0,False
JPH3 (57338),-0.0,0.0,False
TBCEL (219899),0.0,0.0,False
C16orf74 (404550),0.0,0.0,False
HS2ST1 (9653),0.0,0.0,False
CHD1 (1105),-0.0,0.0,False
C16orf89 (146556),-0.0,0.0,False
SREK1 (140890),-0.0,0.0,False
CFDP1 (10428),0.0,0.0,False
GTF2E1 (2960),0.0,0.0,False
CNKSR3 (154043),0.0,0.0,False
LURAP1L (286343),0.0,0.0,False
GOLGA8F (100132565),0.0,0.0,False
RPIA (22934),-0.0,0.0,False
CD8A (925),0.0,0.0,False
RMND5A (64795),0.0,0.0,False
UBP1 (7342),-0.0,0.0,False
FBXL2 (25827),0.0,0.0,False
CMTM7 (112616),-0.0,0.0,False
ADPRHL1 (113622),-0.0,0.0,False
SPACA7 (122258),0.0,0.0,False
TEX29 (121793),0.0,0.0,False
LYSET (26175),-0.0,0.0,False
TGIF2LX (90316),0.0,0.0,False
ZDHHC7 (55625),0.0,0.0,False
CIBAR2 (339145),0.0,0.0,False
FBXO36 (130888),0.0,0.0,False
DDAH1 (23576),0.0,0.0,False
LGI4 (163175),-0.0,0.0,False
MCOLN2 (255231),-0.0,0.0,False
ZNF599 (148103),0.0,0.0,False
KCTD15 (79047),-0.0,0.0,False
CEBPG (1054),-0.0,0.0,False
TRIP12 (9320),-0.0,0.0,False
SPMIP4 (136895),0.0,0.0,False
PID1 (55022),0.0,0.0,False
KCNJ16 (3773),0.0,0.0,False
SPHKAP (80309),0.0,0.0,False
CMIP (80790),-0.0,0.0,False
JAZF1 (221895),0.0,0.0,False
TMPRSS11D (9407),0.0,0.0,False
PPP4C (5531),0.0,0.0,False
VPS51 (738),0.0,0.0,False
AMT (275),-0.0,0.0,False
CHLSN (84310),0.0,0.0,False
VWDE (221806),0.0,0.0,False
SLC22A3 (6581),-0.0,0.0,False
ARMT1 (79624),0.0,0.0,False
VIP (7432),-0.0,0.0,False
ZMYM4 (9202),0.0,0.0,False
WTAP (9589),0.0,0.0,False
PNLDC1 (154197),-0.0,0.0,False
TMEM181 (57583),0.0,0.0,False
TIAM2 (26230),-0.0,0.0,False
DYNLT1 (6993),0.0,0.0,False
AIG1 (51390),0.0,0.0,False
SHPRH (257218),0.0,0.0,False
SLC2A12 (154091),-0.0,0.0,False
MTFR2 (113115),0.0,0.0,False
SLC18B1 (116843),-0.0,0.0,False
GNA12 (2768),0.0,0.0,False
SDK1 (221935),0.0,0.0,False
MFHAS1 (9258),-0.0,0.0,False
CCZ1B (221960),-0.0,0.0,False
PSPH (5723),0.0,0.0,False
CCT6A (908),-0.0,0.0,False
NIPSNAP2 (2631),-0.0,0.0,False
POMZP3 (22932),-0.0,0.0,False
MDH2 (4191),0.0,0.0,False
SSC4D (136853),0.0,0.0,False
IGFBP1 (3484),-0.0,0.0,False
PURB (5814),0.0,0.0,False
IGFBP3 (3486),-0.0,0.0,False
CDCA5 (113130),0.0,0.0,False
EGFR (1956),-0.0,0.0,False
FERD3L (222894),-0.0,0.0,False
CREB5 (9586),0.0,0.0,False
RBAK (57786),-0.0,0.0,False
INTS15 (79034),-0.0,0.0,False
TAAR1 (134864),0.0,0.0,False
ABRACL (58527),0.0,0.0,False
TAAR8 (83551),0.0,0.0,False
TAAR6 (319100),0.0,0.0,False
CYP39A1 (51302),0.0,0.0,False
NFKBIE (4794),0.0,0.0,False
RPL7L1 (285855),0.0,0.0,False
TCTE1 (202500),0.0,0.0,False
TTBK1 (84630),-0.0,0.0,False
CRIP3 (401262),0.0,0.0,False
ANO7 (50636),0.0,0.0,False
SCUBE3 (222663),-0.0,0.0,False
FGD2 (221472),-0.0,0.0,False
LGSN (51557),-0.0,0.0,False
HMGCLL1 (54511),0.0,0.0,False
MLIP (90523),0.0,0.0,False
PRIM2 (5558),0.0,0.0,False
DAAM2 (23500),-0.0,0.0,False
PPP1R18 (170954),-0.0,0.0,False
TPBG (7162),-0.0,0.0,False
IRAK1BP1 (134728),0.0,0.0,False
PHIP (55023),0.0,0.0,False
TBC1D32 (221322),0.0,0.0,False
TAAR2 (9287),-0.0,0.0,False
ARHGAP18 (93663),-0.0,0.0,False
RSPO3 (84870),-0.0,0.0,False
RNF217 (154214),0.0,0.0,False
GPR6 (2830),0.0,0.0,False
CLVS2 (134829),0.0,0.0,False
SCML4 (256380),0.0,0.0,False
PRSS35 (167681),0.0,0.0,False
RARS2 (57038),0.0,0.0,False
PM20D2 (135293),0.0,0.0,False
PNRC1 (10957),0.0,0.0,False
GABRR1 (2569),0.0,0.0,False
FAXC (84553),0.0,0.0,False
MMS22L (253714),0.0,0.0,False
TRIM50 (135892),-0.0,0.0,False
ZNF92 (168374),-0.0,0.0,False
ATXN7L1 (222255),0.0,0.0,False
ZNF157 (7712),0.0,0.0,False
SNX12 (29934),-0.0,0.0,False
OGT (8473),0.0,0.0,False
AWAT2 (158835),0.0,0.0,False
EBP (10682),0.0,0.0,False
LPAR4 (2846),0.0,0.0,False
CCDC120 (90060),-0.0,0.0,False
NONO (4841),-0.0,0.0,False
GPR174 (84636),-0.0,0.0,False
TAF1 (6872),-0.0,0.0,False
ZMYM3 (9203),0.0,0.0,False
RAB41 (347517),-0.0,0.0,False
ZNF41 (7592),0.0,0.0,False
NDUFB11 (54539),0.0,0.0,False
KRBOX4 (55634),0.0,0.0,False
CHST7 (56548),0.0,0.0,False
ITGB1BP2 (26548),-0.0,0.0,False
IL2RG (3561),-0.0,0.0,False
GCNA (93953),0.0,0.0,False
HTR2C (3358),0.0,0.0,False
RBMX (27316),-0.0,0.0,False
GPR119 (139760),-0.0,0.0,False
GPC3 (2719),-0.0,0.0,False
ARHGAP36 (158763),-0.0,0.0,False
IGSF1 (3547),-0.0,0.0,False
DOCK11 (139818),0.0,0.0,False
FRMPD3 (84443),0.0,0.0,False
ZNF711 (7552),0.0,0.0,False
RADX (55086),-0.0,0.0,False
PRPS1 (5631),0.0,0.0,False
RIPPLY1 (92129),-0.0,0.0,False
NXF3 (56000),0.0,0.0,False
DIAPH2 (1730),0.0,0.0,False
CPXCR1 (53336),0.0,0.0,False
ZNF182 (7569),0.0,0.0,False
DIPK2B (79742),-0.0,0.0,False
TMEM168 (64418),-0.0,0.0,False
SLC16A2 (6567),0.0,0.0,False
CNPY1 (285888),0.0,0.0,False
NOM1 (64434),0.0,0.0,False
EPHA1 (2041),-0.0,0.0,False
TLK2 (11011),-0.0,0.0,False
TMEM140 (55281),-0.0,0.0,False
ZC3HAV1L (92092),0.0,0.0,False
STRA8 (346673),0.0,0.0,False
AGBL3 (340351),-0.0,0.0,False
TMEM209 (84928),0.0,0.0,False
ZAN (7455),0.0,0.0,False
MEPCE (56257),-0.0,0.0,False
TRIM4 (89122),-0.0,0.0,False
GIGYF1 (64599),0.0,0.0,False
SLC12A9 (56996),-0.0,0.0,False
TRAPPC14 (55262),-0.0,0.0,False
NCAPG2 (54892),-0.0,0.0,False
ASB10 (136371),0.0,0.0,False
NLGN4X (57502),0.0,0.0,False
CASK (8573),0.0,0.0,False
HDAC8 (55869),-0.0,0.0,False
CCNB3 (85417),-0.0,0.0,False
AKAP4 (8852),-0.0,0.0,False
MSN (4478),0.0,0.0,False
SPIN2A (54466),0.0,0.0,False
KDM6A (7403),0.0,0.0,False
SYTL5 (94122),-0.0,0.0,False
SHROOM2 (357),-0.0,0.0,False
LANCL3 (347404),-0.0,0.0,False
TMEM47 (83604),0.0,0.0,False
SH3KBP1 (30011),-0.0,0.0,False
CLTRN (57393),-0.0,0.0,False
LUC7L2 (51631),-0.0,0.0,False
RAB19 (401409),0.0,0.0,False
ABT1 (29777),-0.0,0.0,False
DOK3 (79930),0.0,0.0,False
RASGEF1C (255426),0.0,0.0,False
TBCK (93627),0.0,0.0,False
RNF175 (285533),-0.0,0.0,False
RPS3A (6189),-0.0,0.0,False
SFRP2 (6423),0.0,0.0,False
MARCHF1 (55016),0.0,0.0,False
NAF1 (92345),0.0,0.0,False
SETD7 (80854),0.0,0.0,False
USP53 (54532),-0.0,0.0,False
METTL14 (57721),-0.0,0.0,False
CCNA2 (890),-0.0,0.0,False
FABP2 (2169),-0.0,0.0,False
AFG2A (166378),0.0,0.0,False
TIFA (92610),0.0,0.0,False
ANK2 (287),-0.0,0.0,False
DDIT4L (115265),0.0,0.0,False
CISD2 (493856),-0.0,0.0,False
PDGFC (56034),0.0,0.0,False
CBR4 (84869),-0.0,0.0,False
GLRA3 (8001),0.0,0.0,False
MYO10 (4651),0.0,0.0,False
PLK2 (10769),-0.0,0.0,False
UGT3A1 (133688),0.0,0.0,False
OSMR (9180),-0.0,0.0,False
SKP2 (6502),0.0,0.0,False
RPL37 (6167),0.0,0.0,False
OTULINL (54491),-0.0,0.0,False
SRD5A1 (6715),-0.0,0.0,False
CYP4V2 (285440),-0.0,0.0,False
ADAMTS16 (170690),0.0,0.0,False
CDH18 (1016),0.0,0.0,False
NKD2 (85409),0.0,0.0,False
MARCHF6 (10299),0.0,0.0,False
NDUFS6 (4726),0.0,0.0,False
ROPN1L (83853),0.0,0.0,False
CAMK2D (817),-0.0,0.0,False
PYURF (100996939),0.0,0.0,False
GZMA (3001),0.0,0.0,False
SNCA (6622),-0.0,0.0,False
VWA5B2 (90113),0.0,0.0,False
ECE2 (9718),0.0,0.0,False
AHSG (197),-0.0,0.0,False
EIF2B5 (8893),0.0,0.0,False
SLIT2 (9353),0.0,0.0,False
MUC4 (4585),-0.0,0.0,False
TM4SF19 (116211),-0.0,0.0,False
ILDR1 (286676),0.0,0.0,False
EAF2 (55840),0.0,0.0,False
STXBP5L (9515),0.0,0.0,False
MANF (7873),-0.0,0.0,False
DCAF1 (9730),-0.0,0.0,False
UCN2 (90226),-0.0,0.0,False
NICN1 (84276),-0.0,0.0,False
TCTA (6988),0.0,0.0,False
DGKQ (1609),-0.0,0.0,False
FIP1L1 (81608),-0.0,0.0,False
SLC26A1 (10861),0.0,0.0,False
SCD5 (79966),-0.0,0.0,False
KLHL8 (57563),0.0,0.0,False
TRMT10A (93587),0.0,0.0,False
GC (2638),-0.0,0.0,False
CABS1 (85438),-0.0,0.0,False
ENOPH1 (58478),0.0,0.0,False
PLAC8 (51316),-0.0,0.0,False
SLC10A6 (345274),0.0,0.0,False
LYAR (55646),-0.0,0.0,False
SLC10A4 (201780),-0.0,0.0,False
OCIAD2 (132299),-0.0,0.0,False
ATP10D (57205),0.0,0.0,False
CORIN (10699),0.0,0.0,False
EPHA5 (2044),0.0,0.0,False
CENPC (1060),0.0,0.0,False
SHISAL2B (100132916),0.0,0.0,False
PIK3R1 (5295),-0.0,0.0,False
MMUT (4594),0.0,0.0,False
SPINK7 (84651),0.0,0.0,False
TBC1D7 (51256),0.0,0.0,False
FAM217A (222826),-0.0,0.0,False
MYLK4 (340156),0.0,0.0,False
FAM50B (26240),0.0,0.0,False
KCNMB1 (3779),-0.0,0.0,False
TENM2 (57451),0.0,0.0,False
CPLX2 (10814),0.0,0.0,False
BOD1 (91272),0.0,0.0,False
RMND5B (64777),0.0,0.0,False
NHP2 (55651),0.0,0.0,False
N4BP3 (23138),0.0,0.0,False
ZNF300 (91975),0.0,0.0,False
G3BP1 (10146),-0.0,0.0,False
TNIP1 (10318),-0.0,0.0,False
GLRA1 (2741),-0.0,0.0,False
FARS2 (10667),-0.0,0.0,False
GFOD1 (54438),-0.0,0.0,False
CDKAL1 (54901),0.0,0.0,False
TRIM7 (81786),-0.0,0.0,False
RNF44 (22838),0.0,0.0,False
TNFRSF21 (27242),-0.0,0.0,False
PLA2G7 (7941),-0.0,0.0,False
FAM193B (54540),0.0,0.0,False
HIGD2A (192286),0.0,0.0,False
TRIM41 (90933),0.0,0.0,False
H2BC1 (255626),-0.0,0.0,False
PSD2 (84249),0.0,0.0,False
SLC17A4 (10050),-0.0,0.0,False
DCDC2 (51473),0.0,0.0,False
KLHL3 (26249),-0.0,0.0,False
GFRA3 (2676),0.0,0.0,False
ZMAT2 (153527),-0.0,0.0,False
LRRTM2 (26045),-0.0,0.0,False
PCYOX1L (78991),-0.0,0.0,False
FBXO38 (81545),-0.0,0.0,False
HAPLN1 (1404),0.0,0.0,False
GABRA6 (2559),0.0,0.0,False
BTF3 (689),-0.0,0.0,False
SLC30A5 (64924),0.0,0.0,False
GTF2H2 (2966),0.0,0.0,False
BDP1 (55814),-0.0,0.0,False
PAM (5066),0.0,0.0,False
PPIP5K2 (23262),0.0,0.0,False
GIN1 (54826),-0.0,0.0,False
LIX1 (167410),0.0,0.0,False
RASA1 (5921),-0.0,0.0,False
CRHBP (1393),-0.0,0.0,False
IQGAP2 (10788),-0.0,0.0,False
ANKRD31 (256006),-0.0,0.0,False
BHMT (635),0.0,0.0,False
SSBP2 (23635),0.0,0.0,False
LHFPL2 (10184),-0.0,0.0,False
FBXL17 (64839),0.0,0.0,False
SPATA9 (83890),0.0,0.0,False
TSLP (85480),0.0,0.0,False
LECT2 (3950),-0.0,0.0,False
C1QTNF2 (114898),0.0,0.0,False
RNF145 (153830),-0.0,0.0,False
TIMD4 (91937),0.0,0.0,False
IL9 (3578),-0.0,0.0,False
DDX46 (9879),-0.0,0.0,False
SLC25A48 (153328),-0.0,0.0,False
CXCL14 (9547),0.0,0.0,False
FEM1C (56929),-0.0,0.0,False
ARHGAP26 (23092),-0.0,0.0,False
YIPF5 (81555),0.0,0.0,False
ADAMTS19 (171019),0.0,0.0,False
MEGF10 (84466),-0.0,0.0,False
ATG12 (9140),-0.0,0.0,False
COMMD10 (51397),-0.0,0.0,False
MCPH1 (79648),0.0,0.0,False
FBXO25 (26260),-0.0,0.0,False
TM7SF2 (7108),0.0,0.0,False
PAMR1 (25891),0.0,0.0,False
HSD17B12 (51144),0.0,0.0,False
ZNF215 (7762),0.0,0.0,False
ZNF214 (7761),0.0,0.0,False
SYT8 (90019),-0.0,0.0,False
SCGB1A1 (7356),0.0,0.0,False
TUT1 (64852),0.0,0.0,False
PGAP2 (27315),0.0,0.0,False
SAA4 (6291),-0.0,0.0,False
IMMP1L (196294),0.0,0.0,False
LRRC4C (57689),0.0,0.0,False
LIN7C (55327),0.0,0.0,False
SLC5A12 (159963),0.0,0.0,False
GAS2 (2620),-0.0,0.0,False
ADM (133),0.0,0.0,False
BTBD10 (84280),0.0,0.0,False
APIP (51074),-0.0,0.0,False
DGKZ (8525),0.0,0.0,False
FATE1 (89885),-0.0,0.0,False
EIF3M (10480),-0.0,0.0,False
KLHL35 (283212),0.0,0.0,False
CCDC82 (79780),-0.0,0.0,False
ENDOD1 (23052),-0.0,0.0,False
SESN3 (143686),0.0,0.0,False
CCDC81 (60494),0.0,0.0,False
CELF1 (10658),0.0,0.0,False
ARFGAP2 (84364),0.0,0.0,False
CSTPP1 (79096),0.0,0.0,False
PTPRJ (5795),0.0,0.0,False
SLC43A1 (8501),-0.0,0.0,False
SSRP1 (6749),-0.0,0.0,False
OR5F1 (338674),-0.0,0.0,False
SERPING1 (710),0.0,0.0,False
GLYAT (10249),0.0,0.0,False
TNKS1BP1 (85456),0.0,0.0,False
RGS10 (6001),0.0,0.0,False
ADAM12 (8038),0.0,0.0,False
PDCD11 (22984),-0.0,0.0,False
CNNM2 (54805),-0.0,0.0,False
HABP2 (3026),-0.0,0.0,False
ADD3 (120),-0.0,0.0,False
FRA10AC1 (118924),0.0,0.0,False
RPP30 (10556),-0.0,0.0,False
HTR7 (3363),-0.0,0.0,False
ANKRD1 (27063),0.0,0.0,False
GLUD1 (2746),-0.0,0.0,False
ADIRF (10974),-0.0,0.0,False
CAMK2G (818),0.0,0.0,False
LRMDA (83938),-0.0,0.0,False
HERC4 (26091),0.0,0.0,False
POLR3A (11128),0.0,0.0,False
RGR (5995),-0.0,0.0,False
LRIT1 (26103),0.0,0.0,False
CDHR1 (92211),0.0,0.0,False
VAX1 (11023),0.0,0.0,False
DNAJB12 (54788),-0.0,0.0,False
EIF4EBP2 (1979),0.0,0.0,False
MTG1 (92170),-0.0,0.0,False
ITPRIP (85450),-0.0,0.0,False
PPRC1 (23082),0.0,0.0,False
TAF5 (6877),0.0,0.0,False
GSTO1 (9446),-0.0,0.0,False
PAOX (196743),-0.0,0.0,False
NKX6-2 (84504),0.0,0.0,False
LRRC27 (80313),-0.0,0.0,False
NPFFR1 (64106),-0.0,0.0,False
FUOM (282969),-0.0,0.0,False
INA (9118),-0.0,0.0,False
CYP17A1 (1586),0.0,0.0,False
MKI67 (4288),-0.0,0.0,False
TCF7L2 (6934),-0.0,0.0,False
PLEKHS1 (79949),-0.0,0.0,False
TENM4 (26011),0.0,0.0,False
SERPINH1 (871),-0.0,0.0,False
CAPN5 (726),0.0,0.0,False
B3GAT3 (26229),0.0,0.0,False
SPATA25 (128497),-0.0,0.0,False
KIAA1755 (85449),0.0,0.0,False
C20orf144 (128864),0.0,0.0,False
COMMD7 (149951),-0.0,0.0,False
DUSP15 (128853),0.0,0.0,False
JPH2 (57158),0.0,0.0,False
TMEM25 (84866),0.0,0.0,False
SIDT2 (51092),0.0,0.0,False
SCN2B (6327),-0.0,0.0,False
MPZL2 (10205),-0.0,0.0,False
KIRREL3 (84623),0.0,0.0,False
ESAM (90952),-0.0,0.0,False
FEZ1 (9638),-0.0,0.0,False
CHEK1 (1111),0.0,0.0,False
CCDC15 (80071),0.0,0.0,False
OCSTAMP (128506),0.0,0.0,False
DSN1 (79980),0.0,0.0,False
MTCL2 (140710),0.0,0.0,False
TRPT1 (83707),-0.0,0.0,False
FAU (2197),0.0,0.0,False
CDC42EP2 (10435),-0.0,0.0,False
MRPL49 (740),0.0,0.0,False
PLCB3 (5331),-0.0,0.0,False
FERMT3 (83706),0.0,0.0,False
NUDT22 (84304),-0.0,0.0,False
SLC22A9 (114571),0.0,0.0,False
CNBD2 (140894),0.0,0.0,False
GPHA2 (170589),-0.0,0.0,False
LTO1 (220064),-0.0,0.0,False
CABLES2 (81928),-0.0,0.0,False
YTHDF1 (54915),-0.0,0.0,False
LSM14B (149986),0.0,0.0,False
CDH22 (64405),-0.0,0.0,False
EI24 (9538),0.0,0.0,False
MS4A2 (2206),-0.0,0.0,False
INTS4 (92105),0.0,0.0,False
CPSF7 (79869),0.0,0.0,False
P4HA3 (283208),0.0,0.0,False
LAMTOR1 (55004),0.0,0.0,False
SLX4IP (128710),-0.0,0.0,False
GLB1L2 (89944),0.0,0.0,False
AASDHPPT (60496),0.0,0.0,False
ATM (472),0.0,0.0,False
NPAT (4863),0.0,0.0,False
HTR3B (9177),0.0,0.0,False
C11orf52 (91894),0.0,0.0,False
DRD2 (1813),0.0,0.0,False
NCAM1 (4684),0.0,0.0,False
TTC12 (54970),-0.0,0.0,False
ZC3H12C (85463),0.0,0.0,False
RPS3 (6188),0.0,0.0,False
PAK1 (5058),0.0,0.0,False
GRIK4 (2900),0.0,0.0,False
ST14 (6768),0.0,0.0,False
HYOU1 (10525),0.0,0.0,False
ROM1 (6094),0.0,0.0,False
PLCH2 (9651),-0.0,0.0,False
MS4A3 (932),0.0,0.0,False
OOSP2 (219990),0.0,0.0,False
ZP1 (22917),0.0,0.0,False
INCENP (3619),0.0,0.0,False
EML3 (256364),0.0,0.0,False
TMC2 (117532),0.0,0.0,False
GGTLC1 (92086),0.0,0.0,False
FADS1 (3992),-0.0,0.0,False
TMEM138 (51524),-0.0,0.0,False
MTA2 (9219),-0.0,0.0,False
TKFC (26007),0.0,0.0,False
KAT14 (57325),-0.0,0.0,False
SLC22A8 (9376),0.0,0.0,False
A1CF (29974),-0.0,0.0,False
NRBF2 (29982),0.0,0.0,False
FAM13C (220965),0.0,0.0,False
LACTB2 (51110),0.0,0.0,False
UTP23 (84294),0.0,0.0,False
EIF3H (8667),0.0,0.0,False
MAL2 (114569),0.0,0.0,False
POLR2K (5440),0.0,0.0,False
RSPO2 (340419),0.0,0.0,False
EBAG9 (9166),-0.0,0.0,False
LRP12 (29967),-0.0,0.0,False
MTDH (92140),-0.0,0.0,False
DPYS (1807),0.0,0.0,False
SYBU (55638),-0.0,0.0,False
ATP6V0D2 (245972),-0.0,0.0,False
PSKH2 (85481),0.0,0.0,False
SLC26A7 (115111),-0.0,0.0,False
RPL7 (6129),0.0,0.0,False
TERF1 (7013),0.0,0.0,False
NDUFB9 (4715),0.0,0.0,False
TATDN1 (83940),0.0,0.0,False
FAM83A (84985),-0.0,0.0,False
UHRF2 (115426),-0.0,0.0,False
CDKN2B (1030),-0.0,0.0,False
HAUS6 (54801),0.0,0.0,False
IFNA5 (3442),-0.0,0.0,False
PLIN2 (123),-0.0,0.0,False
CER1 (9350),-0.0,0.0,False
NFIB (4781),0.0,0.0,False
AK3 (50808),-0.0,0.0,False
GSDMC (56169),-0.0,0.0,False
VLDLR (7436),0.0,0.0,False
NAPRT (93100),-0.0,0.0,False
SLC39A4 (55630),0.0,0.0,False
ARHGAP39 (80728),0.0,0.0,False
ZNF7 (7553),-0.0,0.0,False
FAM135B (51059),0.0,0.0,False
PRDM14 (63978),0.0,0.0,False
PMP2 (5375),-0.0,0.0,False
CDKN2A (1029),0.0,0.0,False
MRPS28 (28957),-0.0,0.0,False
SLC25A37 (51312),0.0,0.0,False
DOK2 (9046),0.0,0.0,False
BIN3 (55909),-0.0,0.0,False
GNRH1 (2796),0.0,0.0,False
CHRNA6 (8973),-0.0,0.0,False
CHRNB3 (1142),-0.0,0.0,False
HMBOX1 (79618),-0.0,0.0,False
CCDC25 (55246),-0.0,0.0,False
ATP6V1B2 (526),0.0,0.0,False
CSGALNACT1 (55790),-0.0,0.0,False
RPL10 (6134),-0.0,0.0,False
CETN2 (1069),0.0,0.0,False
ZNF185 (7739),0.0,0.0,False
NSDHL (50814),0.0,0.0,False
MAGEA4 (4103),0.0,0.0,False
CHMP7 (91782),-0.0,0.0,False
DOCK5 (80005),-0.0,0.0,False
STAR (6770),0.0,0.0,False
PLPP5 (84513),0.0,0.0,False
ADHFE1 (137872),0.0,0.0,False
TRIM55 (84675),-0.0,0.0,False
CRH (1392),0.0,0.0,False
DNAJC5B (85479),0.0,0.0,False
NSD3 (54904),0.0,0.0,False
GINS4 (84296),0.0,0.0,False
GOLGA7 (51125),0.0,0.0,False
PLPBP (11212),0.0,0.0,False
TACC1 (6867),-0.0,0.0,False
RGS20 (8601),-0.0,0.0,False
ST18 (9705),0.0,0.0,False
PXDNL (137902),0.0,0.0,False
SNTG1 (54212),-0.0,0.0,False
ERLIN2 (11160),0.0,0.0,False
IFNA16 (3449),-0.0,0.0,False
C9orf72 (203228),0.0,0.0,False
ZEB1 (6935),-0.0,0.0,False
RPL7A (6130),-0.0,0.0,False
INPP5E (56623),-0.0,0.0,False
IDI2 (91734),-0.0,0.0,False
PAXX (286257),-0.0,0.0,False
GPR107 (57720),0.0,0.0,False
HMCN2 (256158),-0.0,0.0,False
LRSAM1 (90678),0.0,0.0,False
LCN2 (3934),-0.0,0.0,False
PTGES (9536),-0.0,0.0,False
MIGA2 (84895),0.0,0.0,False
SH3GLB2 (56904),0.0,0.0,False
SLC25A25 (114789),0.0,0.0,False
CIZ1 (25792),0.0,0.0,False
NTMT1 (28989),0.0,0.0,False
PTGES2 (80142),-0.0,0.0,False
ASB6 (140459),0.0,0.0,False
LCN9 (392399),-0.0,0.0,False
SEC16A (9919),0.0,0.0,False
DPH7 (92715),0.0,0.0,False
MINDY3 (80013),-0.0,0.0,False
ANKRD30A (91074),-0.0,0.0,False
PARD3 (56288),-0.0,0.0,False
ST8SIA6 (338596),-0.0,0.0,False
RSU1 (6251),-0.0,0.0,False
TMEM236 (653567),0.0,0.0,False
SLC39A12 (221074),-0.0,0.0,False
FAM171A1 (221061),0.0,0.0,False
NOTCH1 (4851),-0.0,0.0,False
PDSS1 (23590),-0.0,0.0,False
MSRB2 (22921),-0.0,0.0,False
COMMD3 (23412),-0.0,0.0,False
PROSER2 (254427),-0.0,0.0,False
NACC2 (138151),-0.0,0.0,False
CACNA1B (774),0.0,0.0,False
GTF3C5 (9328),-0.0,0.0,False
REXO4 (57109),0.0,0.0,False
IFNK (56832),-0.0,0.0,False
MED22 (6837),0.0,0.0,False
INIP (58493),0.0,0.0,False
ZNF462 (58499),-0.0,0.0,False
OR13C4 (138804),-0.0,0.0,False
PLPPR1 (54886),0.0,0.0,False
AOPEP (84909),0.0,0.0,False
MFSD14B (84641),-0.0,0.0,False
AUH (549),-0.0,0.0,False
SHC3 (53358),-0.0,0.0,False
IDNK (414328),-0.0,0.0,False
NTRK2 (4915),0.0,0.0,False
CEP78 (84131),0.0,0.0,False
ZNG1E (220869),-0.0,0.0,False
SIGMAR1 (10280),0.0,0.0,False
FBXO10 (26267),0.0,0.0,False
ZCCHC7 (84186),0.0,0.0,False
UGCG (7357),0.0,0.0,False
ACTL7B (10880),0.0,0.0,False
SNX30 (401548),-0.0,0.0,False
WDR31 (114987),-0.0,0.0,False
SURF6 (6838),0.0,0.0,False
SURF2 (6835),-0.0,0.0,False
SURF1 (6834),-0.0,0.0,False
GBGT1 (26301),0.0,0.0,False
SURF4 (6836),0.0,0.0,False
POLE3 (54107),0.0,0.0,False
ASTN2 (23245),0.0,0.0,False
STOM (2040),-0.0,0.0,False
ALAD (210),-0.0,0.0,False
OR5C1 (392391),-0.0,0.0,False
CRB2 (286204),0.0,0.0,False
NR6A1 (2649),-0.0,0.0,False
MRRF (92399),-0.0,0.0,False
GSN (2934),-0.0,0.0,False
GMPR (2766),-0.0,0.0,False
ZSCAN9 (7746),-0.0,0.0,False
PGF (5228),-0.0,0.0,False
ERGIC3 (51614),-0.0,0.0,False
C20orf173 (140873),-0.0,0.0,False
DYNLRB1 (83658),-0.0,0.0,False
RALY (22913),0.0,0.0,False
ID1 (3397),-0.0,0.0,False
NECAB3 (63941),0.0,0.0,False
MMP24 (10893),0.0,0.0,False
GDF5 (8200),0.0,0.0,False
ARMCX5 (64860),-0.0,0.0,False
MAX (4149),-0.0,0.0,False
ZNF436 (80818),0.0,0.0,False
HNRNPR (10236),0.0,0.0,False
CITED1 (4435),-0.0,0.0,False
NCLN (56926),-0.0,0.0,False
S1PR4 (8698),0.0,0.0,False
DEFB129 (140881),0.0,0.0,False
EIF2S2 (8894),0.0,0.0,False
ROMO1 (140823),0.0,0.0,False
FAM78A (286336),0.0,0.0,False
FAM83C (128876),0.0,0.0,False
KLC1 (3831),-0.0,0.0,False
HECTD3 (79654),0.0,0.0,False
TMEM53 (79639),-0.0,0.0,False
ST3GAL3 (6487),0.0,0.0,False
UROD (7389),0.0,0.0,False
AGO3 (192669),0.0,0.0,False
PSMB2 (5690),-0.0,0.0,False
TMEM115 (11070),-0.0,0.0,False
AMOT (154796),0.0,0.0,False
KDM5C (8242),0.0,0.0,False
GRPR (2925),0.0,0.0,False
MMP24OS (101410538),0.0,0.0,False
PLAGL2 (5326),0.0,0.0,False
CEP250 (11190),0.0,0.0,False
BPIFB1 (92747),0.0,0.0,False
MRPS26 (64949),-0.0,0.0,False
SIRPD (128646),0.0,0.0,False
FAM110A (83541),-0.0,0.0,False
TMEM74B (55321),-0.0,0.0,False
AP5S1 (55317),-0.0,0.0,False
NRSN2 (80023),-0.0,0.0,False
SNRPB (6628),-0.0,0.0,False
STK35 (140901),-0.0,0.0,False
CST11 (140880),-0.0,0.0,False
TMX4 (56255),-0.0,0.0,False
RBCK1 (10616),-0.0,0.0,False
CSTL1 (128817),-0.0,0.0,False
DTD1 (92675),-0.0,0.0,False
NKX2-2 (4821),0.0,0.0,False
PSMF1 (9491),-0.0,0.0,False
CENPB (1059),-0.0,0.0,False
NKX2-4 (644524),0.0,0.0,False
CST8 (10047),0.0,0.0,False
NAPB (63908),-0.0,0.0,False
RRBP1 (6238),-0.0,0.0,False
BMP2 (650),-0.0,0.0,False
ZNF133 (7692),-0.0,0.0,False
LRRN4 (164312),-0.0,0.0,False
BANF2 (140836),-0.0,0.0,False
MCM8 (84515),-0.0,0.0,False
OTOR (56914),0.0,0.0,False
TCF15 (6939),0.0,0.0,False
ITPA (3704),-0.0,0.0,False
TBC1D20 (128637),-0.0,0.0,False
SNRPB2 (6629),-0.0,0.0,False
OVOL2 (58495),0.0,0.0,False
LAMP5 (24141),-0.0,0.0,False
DSTN (11034),-0.0,0.0,False
BFSP1 (631),-0.0,0.0,False
MKKS (8195),-0.0,0.0,False
GFRA4 (64096),0.0,0.0,False
PCSK2 (5126),0.0,0.0,False
XRCC3 (7517),0.0,0.0,False
TUBGCP3 (10426),-0.0,0.0,False
MCF2L (23263),-0.0,0.0,False
STAT5A (6776),0.0,0.0,False
ELK1 (2002),0.0,0.0,False
CFP (5199),0.0,0.0,False
UXT (8409),0.0,0.0,False
SSX1 (6756),-0.0,0.0,False
EMG1 (10436),0.0,0.0,False
ZNF384 (171017),0.0,0.0,False
DACH2 (117154),0.0,0.0,False
IFI6 (2537),-0.0,0.0,False
AHDC1 (27245),0.0,0.0,False
DNAJC8 (22826),0.0,0.0,False
NSRP1 (84081),0.0,0.0,False
GLIS2 (84662),0.0,0.0,False
TRAP1 (10131),0.0,0.0,False
PRKCG (5582),-0.0,0.0,False
BECN1 (8678),-0.0,0.0,False
TIMM17B (10245),0.0,0.0,False
PCNX4 (64430),-0.0,0.0,False
ATG14 (22863),0.0,0.0,False
SGPP1 (81537),0.0,0.0,False
OMG (4974),0.0,0.0,False
EVI2A (2123),0.0,0.0,False
RHOT1 (55288),0.0,0.0,False
PRDM7 (11105),-0.0,0.0,False
PZP (5858),0.0,0.0,False
PLEKHG3 (26030),-0.0,0.0,False
TRMT5 (57570),-0.0,0.0,False
KTN1 (3895),-0.0,0.0,False
ZBTB1 (22890),-0.0,0.0,False
HSPA2 (3306),0.0,0.0,False
L3HYPDH (112849),0.0,0.0,False
DLGAP5 (9787),-0.0,0.0,False
RHOJ (57381),-0.0,0.0,False
SIX1 (6495),-0.0,0.0,False
WNK4 (65266),0.0,0.0,False
HTN1 (3346),-0.0,0.0,False
F10 (2159),-0.0,0.0,False
STATH (6779),0.0,0.0,False
COX6B1 (1340),-0.0,0.0,False
FFAR1 (2864),-0.0,0.0,False
HCST (10870),0.0,0.0,False
FFAR2 (2867),0.0,0.0,False
UBA2 (10054),-0.0,0.0,False
KIRREL2 (84063),0.0,0.0,False
RBM42 (79171),-0.0,0.0,False
GPR42 (2866),-0.0,0.0,False
PDCD2L (84306),-0.0,0.0,False
CAPNS1 (826),-0.0,0.0,False
IGFLR1 (79713),-0.0,0.0,False
LRFN3 (79414),-0.0,0.0,False
SLURP1 (57152),0.0,0.0,False
PROZ (8858),0.0,0.0,False
PCID2 (55795),0.0,0.0,False
KRT36 (8689),-0.0,0.0,False
THRA (7067),-0.0,0.0,False
CCR7 (1236),-0.0,0.0,False
SCAF1 (58506),0.0,0.0,False
CSN1S1 (1446),0.0,0.0,False
SBDS (51119),0.0,0.0,False
ASL (435),-0.0,0.0,False
FLRT1 (23769),0.0,0.0,False
TSKS (60385),0.0,0.0,False
PRR12 (57479),-0.0,0.0,False
PRRG2 (5639),0.0,0.0,False
NR1D1 (9572),-0.0,0.0,False
RRAS (6237),-0.0,0.0,False
PRMT1 (3276),-0.0,0.0,False
IRF3 (3661),-0.0,0.0,False
BCL2L12 (83596),-0.0,0.0,False
PRDX5 (25824),-0.0,0.0,False
FRMD8 (83786),0.0,0.0,False
PAX1 (5075),-0.0,0.0,False
GZF1 (64412),-0.0,0.0,False
CD93 (22918),-0.0,0.0,False
DEK (7913),0.0,0.0,False
WNT1 (7471),-0.0,0.0,False
SSUH2 (51066),-0.0,0.0,False
EMC3 (55831),0.0,0.0,False
AHNAK (79026),-0.0,0.0,False
SCGB2A1 (4246),0.0,0.0,False
SCGB1D2 (10647),0.0,0.0,False
MYRF (745),0.0,0.0,False
TRIM51 (84767),-0.0,0.0,False
CXCL6 (6372),0.0,0.0,False
RAB17 (64284),-0.0,0.0,False
LRRFIP1 (9208),-0.0,0.0,False
GCM2 (9247),0.0,0.0,False
OPN5 (221391),-0.0,0.0,False
RUNX2 (860),-0.0,0.0,False
CRISP1 (167),0.0,0.0,False
CNOT1 (23019),-0.0,0.0,False
BBS2 (583),0.0,0.0,False
MT1G (4495),-0.0,0.0,False
RAP2A (5911),0.0,0.0,False
HROB (78995),0.0,0.0,False
TM9SF2 (9375),-0.0,0.0,False
SOX21 (11166),0.0,0.0,False
EFNB2 (1948),-0.0,0.0,False
ABCC4 (10257),0.0,0.0,False
SLC10A2 (6555),0.0,0.0,False
TMTC4 (84899),-0.0,0.0,False
MT2A (4502),-0.0,0.0,False
CLYBL (171425),0.0,0.0,False
GPR18 (2841),-0.0,0.0,False
PIWIL1 (9271),-0.0,0.0,False
DOK4 (55715),-0.0,0.0,False
GOT2 (2806),-0.0,0.0,False
PHAF1 (80262),-0.0,0.0,False
EEF1E1 (9521),0.0,0.0,False
NUP153 (9972),0.0,0.0,False
IRF1 (3659),-0.0,0.0,False
ATXN1 (6310),0.0,0.0,False
APOBEC2 (10930),-0.0,0.0,False
MAD2L1BP (9587),0.0,0.0,False
SPDEF (25803),0.0,0.0,False
OR2B6 (26212),-0.0,0.0,False
H2BC11 (8970),0.0,0.0,False
MOCS1 (4337),0.0,0.0,False
RPS10 (6204),0.0,0.0,False
ZNF391 (346157),0.0,0.0,False
H1-1 (3024),-0.0,0.0,False
AARS2 (57505),0.0,0.0,False
UNC5CL (222643),-0.0,0.0,False
OARD1 (221443),0.0,0.0,False
NQO2 (4835),-0.0,0.0,False
PEX6 (5190),0.0,0.0,False
H1-3 (3007),0.0,0.0,False
KLHDC3 (116138),0.0,0.0,False
GNMT (27232),0.0,0.0,False
DNAH8 (1769),0.0,0.0,False
KCNK17 (89822),0.0,0.0,False
RPP40 (10799),0.0,0.0,False
SLC35B3 (51000),-0.0,0.0,False
NRN1 (51299),0.0,0.0,False
RIOK1 (83732),0.0,0.0,False
SSR1 (6745),0.0,0.0,False
RREB1 (6239),0.0,0.0,False
CPNE5 (57699),0.0,0.0,False
TREM1 (54210),-0.0,0.0,False
GLO1 (2739),0.0,0.0,False
SOX4 (6659),0.0,0.0,False
CDKN1A (1026),-0.0,0.0,False
COL21A1 (81578),0.0,0.0,False
KLHL31 (401265),0.0,0.0,False
MEA1 (4201),0.0,0.0,False
KIF25 (3834),0.0,0.0,False
UPF3B (65109),0.0,0.0,False
DEFB126 (81623),0.0,0.0,False
PLGLB2 (5342),0.0,0.0,False
RPL23 (9349),0.0,0.0,False
MED1 (5469),0.0,0.0,False
THOC2 (57187),0.0,0.0,False
GRIA3 (2892),-0.0,0.0,False
TNFSF9 (8744),0.0,0.0,False
CLPP (8192),-0.0,0.0,False
ALKBH7 (84266),0.0,0.0,False
GTF2F1 (2962),-0.0,0.0,False
PSPN (5623),0.0,0.0,False
SLC25A23 (79085),0.0,0.0,False
PSD4 (23550),0.0,0.0,False
CCDC93 (54520),0.0,0.0,False
POLR1B (84172),-0.0,0.0,False
INSIG2 (51141),-0.0,0.0,False
PAX8 (7849),0.0,0.0,False
ATG4C (84938),0.0,0.0,False
CD70 (970),0.0,0.0,False
C3 (718),-0.0,0.0,False
EML2 (24139),-0.0,0.0,False
GNRH2 (2797),-0.0,0.0,False
TGM3 (7053),-0.0,0.0,False
SDCBP2 (27111),-0.0,0.0,False
GPCPD1 (56261),-0.0,0.0,False
SYMPK (8189),-0.0,0.0,False
VASP (7408),-0.0,0.0,False
RTN2 (6253),-0.0,0.0,False
SH2D3A (10045),-0.0,0.0,False
SNRPD2 (6633),0.0,0.0,False
OPA3 (80207),-0.0,0.0,False
FOSB (2354),-0.0,0.0,False
TNFSF14 (8740),-0.0,0.0,False
GPR108 (56927),-0.0,0.0,False
TRIP10 (9322),0.0,0.0,False
CHCHD5 (84269),-0.0,0.0,False
IL1B (3553),-0.0,0.0,False
RNF113A (7737),-0.0,0.0,False
PPDPF (79144),0.0,0.0,False
MRPS7 (51081),0.0,0.0,False
SLC25A35 (399512),0.0,0.0,False
HS3ST3B1 (9953),0.0,0.0,False
MYH2 (4620),0.0,0.0,False
TEKT3 (64518),-0.0,0.0,False
SOX9 (6662),-0.0,0.0,False
GRK4 (2868),0.0,0.0,False
FAM193A (8603),0.0,0.0,False
PTGER2 (5732),0.0,0.0,False
BMP4 (652),-0.0,0.0,False
DMAC2L (27109),-0.0,0.0,False
AMELX (265),-0.0,0.0,False
NDUFA1 (4694),0.0,0.0,False
TMEM255A (55026),-0.0,0.0,False
SEPTIN6 (23157),-0.0,0.0,False
GGA3 (23163),0.0,0.0,False
ARMC7 (79637),0.0,0.0,False
NUP85 (79902),-0.0,0.0,False
PPP1R12C (54776),-0.0,0.0,False
BHLHE23 (128408),0.0,0.0,False
FNDC11 (79025),0.0,0.0,False
NPBWR2 (2832),0.0,0.0,False
SLC2A4RG (56731),0.0,0.0,False
OPRL1 (4987),0.0,0.0,False
MBOAT7 (79143),-0.0,0.0,False
KIR2DL1 (3802),-0.0,0.0,False
SLC25A19 (60386),0.0,0.0,False
BARHL1 (56751),0.0,0.0,False
DDX31 (64794),-0.0,0.0,False
GTF3C4 (9329),0.0,0.0,False
TTF1 (7270),-0.0,0.0,False
MSTO1 (55154),0.0,0.0,False
MIF4GD (57409),-0.0,0.0,False
DYNC2I1 (55112),-0.0,0.0,False
NUP214 (8021),0.0,0.0,False
XPO5 (57510),0.0,0.0,False
ICE2 (79664),0.0,0.0,False
CCDC32 (90416),0.0,0.0,False
ELL3 (80237),0.0,0.0,False
TTBK2 (146057),0.0,0.0,False
TMOD2 (29767),-0.0,0.0,False
CGNL1 (84952),-0.0,0.0,False
MYO5C (55930),0.0,0.0,False
EIF2AK4 (440275),-0.0,0.0,False
WDFY4 (57705),0.0,0.0,False
ARHGAP22 (58504),0.0,0.0,False
TWSG1 (57045),0.0,0.0,False
PSMG2 (56984),-0.0,0.0,False
SNRPN (6638),-0.0,0.0,False
HERC2 (8924),-0.0,0.0,False
HOXD13 (3239),-0.0,0.0,False
HOXD11 (3237),-0.0,0.0,False
INO80 (54617),-0.0,0.0,False
DLL4 (54567),0.0,0.0,False
CTAG2 (30848),0.0,0.0,False
ALDH1A2 (8854),-0.0,0.0,False
MBD4 (8930),0.0,0.0,False
ANAPC13 (25847),0.0,0.0,False
ACKR4 (51554),0.0,0.0,False
LOXL1 (4016),0.0,0.0,False
THAP10 (56906),-0.0,0.0,False
ISLR (3671),-0.0,0.0,False
CALML4 (91860),-0.0,0.0,False
VPS13C (54832),-0.0,0.0,False
ARPP19 (10776),-0.0,0.0,False
CLN6 (54982),-0.0,0.0,False
CHAC1 (79094),-0.0,0.0,False
DUT (1854),0.0,0.0,False
KNSTRN (90417),-0.0,0.0,False
IVD (3712),0.0,0.0,False
MINDY2 (54629),-0.0,0.0,False
HOXD10 (3236),-0.0,0.0,False
HOXD9 (3235),-0.0,0.0,False
HAT1 (8520),-0.0,0.0,False
ORMDL1 (94101),0.0,0.0,False
FLNC (2318),0.0,0.0,False
DNAJB9 (4189),0.0,0.0,False
MKLN1 (4289),0.0,0.0,False
IFT22 (64792),0.0,0.0,False
STRIP2 (57464),-0.0,0.0,False
FOXP2 (93986),0.0,0.0,False
PODXL (5420),-0.0,0.0,False
VGF (7425),-0.0,0.0,False
PRKRIP1 (79706),0.0,0.0,False
CDHR3 (222256),-0.0,0.0,False
LSM8 (51691),-0.0,0.0,False
ATP6V1F (9296),0.0,0.0,False
TAS2R16 (50833),0.0,0.0,False
POT1 (25913),-0.0,0.0,False
DOCK4 (9732),0.0,0.0,False
LRRC4 (64101),-0.0,0.0,False
CALU (813),0.0,0.0,False
CCDC136 (64753),-0.0,0.0,False
MYO1B (4430),-0.0,0.0,False
OSGEPL1 (64172),0.0,0.0,False
CHN1 (1123),0.0,0.0,False
PDE11A (50940),-0.0,0.0,False
MTX2 (10651),-0.0,0.0,False
HOXD3 (3232),-0.0,0.0,False
HOXD1 (3231),-0.0,0.0,False
MRPS12 (6183),0.0,0.0,False
SMO (6608),-0.0,0.0,False
OPN1SW (611),-0.0,0.0,False
FEZF1 (389549),0.0,0.0,False
NDUFA5 (4698),0.0,0.0,False
KLHDC10 (23008),0.0,0.0,False
LRRC17 (10234),-0.0,0.0,False
IRF5 (3663),-0.0,0.0,False
COPB1 (1315),0.0,0.0,False
PSMA1 (5682),0.0,0.0,False
SUMF2 (25870),-0.0,0.0,False
KLK8 (11202),-0.0,0.0,False
NEDD8 (4738),-0.0,0.0,False
RNASE1 (6035),-0.0,0.0,False
MIS18BP1 (55320),-0.0,0.0,False
EGLN3 (112399),-0.0,0.0,False
EAPP (55837),0.0,0.0,False
SNX6 (58533),0.0,0.0,False
FOXA1 (3169),0.0,0.0,False
HEATR5A (25938),0.0,0.0,False
PARP2 (10038),-0.0,0.0,False
DTD2 (112487),0.0,0.0,False
AJUBA (84962),0.0,0.0,False
BCL2L2 (599),0.0,0.0,False
RAB2B (84932),0.0,0.0,False
ADCY4 (196883),-0.0,0.0,False
RIPK3 (11035),0.0,0.0,False
DAD1 (1603),0.0,0.0,False
TEP1 (7011),-0.0,0.0,False
EPB41L4A (64097),0.0,0.0,False
ARHGEF6 (9459),0.0,0.0,False
CHRNA10 (57053),0.0,0.0,False
ART1 (417),-0.0,0.0,False
TTI2 (80185),0.0,0.0,False
ASH2L (9070),-0.0,0.0,False
FGF13 (2258),0.0,0.0,False
MAP7D3 (79649),0.0,0.0,False
AANAT (15),0.0,0.0,False
CDO1 (1036),0.0,0.0,False
RHBDF2 (79651),-0.0,0.0,False
SEC14L1 (6397),0.0,0.0,False
FOXJ1 (2302),0.0,0.0,False
QRICH2 (84074),-0.0,0.0,False
ITFG1 (81533),-0.0,0.0,False
REEP5 (7905),-0.0,0.0,False
NGDN (25983),-0.0,0.0,False
KLK10 (5655),-0.0,0.0,False
PALLD (23022),0.0,0.0,False
SIGLEC9 (27180),0.0,0.0,False
PLD2 (5338),-0.0,0.0,False
SHBG (6462),0.0,0.0,False
USP6 (9098),0.0,0.0,False
RPAIN (84268),0.0,0.0,False
PIMREG (54478),0.0,0.0,False
SOX15 (6665),0.0,0.0,False
DCTD (1635),-0.0,0.0,False
E2F8 (79733),-0.0,0.0,False
CSRP3 (8048),-0.0,0.0,False
TPH1 (7166),-0.0,0.0,False
KCNC1 (3746),0.0,0.0,False
SERGEF (26297),-0.0,0.0,False
MYOD1 (4654),-0.0,0.0,False
BBOX1 (8424),0.0,0.0,False
SPCS3 (60559),0.0,0.0,False
AIPL1 (23746),0.0,0.0,False
CD68 (968),-0.0,0.0,False
TXNDC17 (84817),0.0,0.0,False
KRI1 (65095),0.0,0.0,False
KLK14 (43847),0.0,0.0,False
MTUS1 (57509),-0.0,0.0,False
CDKN2D (1032),-0.0,0.0,False
AP1M2 (10053),0.0,0.0,False
SLC44A2 (57153),0.0,0.0,False
ILF3 (3609),0.0,0.0,False
PUS7L (83448),0.0,0.0,False
ATP1B2 (482),0.0,0.0,False
CCNT1 (904),0.0,0.0,False
DNAAF11 (23639),-0.0,0.0,False
PHF20L1 (51105),-0.0,0.0,False
MPDU1 (9526),0.0,0.0,False
KIF1C (10749),0.0,0.0,False
FXR2 (9513),0.0,0.0,False
CPA4 (51200),-0.0,0.0,False
SPECC1 (92521),0.0,0.0,False
RNF112 (7732),0.0,0.0,False
TAS2R5 (54429),-0.0,0.0,False
OR7A10 (390892),-0.0,0.0,False
SIN3B (23309),0.0,0.0,False
ADGRE2 (30817),0.0,0.0,False
HP1BP3 (50809),0.0,0.0,False
UBR4 (23352),0.0,0.0,False
PLA2G5 (5322),0.0,0.0,False
EMC1 (23065),0.0,0.0,False
FBXL12 (54850),-0.0,0.0,False
PIN1 (5300),0.0,0.0,False
AUNIP (79000),0.0,0.0,False
TMEM175 (84286),-0.0,0.0,False
FGFRL1 (53834),0.0,0.0,False
IDUA (3425),0.0,0.0,False
TRPV5 (56302),-0.0,0.0,False
LRRC61 (65999),0.0,0.0,False
SLC35E1 (79939),0.0,0.0,False
EPS15L1 (58513),0.0,0.0,False
KLF2 (10365),-0.0,0.0,False
WDR24 (84219),0.0,0.0,False
KDM4B (23030),0.0,0.0,False
SMARCA4 (6597),-0.0,0.0,False
MACF1 (23499),0.0,0.0,False
GNG13 (51764),0.0,0.0,False
CHTF18 (63922),0.0,0.0,False
FBXL16 (146330),-0.0,0.0,False
WFIKKN1 (117166),0.0,0.0,False
OR7C2 (26658),-0.0,0.0,False
PKMYT1 (9088),-0.0,0.0,False
SYNGR3 (9143),-0.0,0.0,False
GFER (2671),0.0,0.0,False
UQCR11 (10975),0.0,0.0,False
F2RL3 (9002),0.0,0.0,False
OR7C1 (26664),0.0,0.0,False
CRYGN (155051),0.0,0.0,False
TAS2R4 (50832),-0.0,0.0,False
METTL25 (84190),-0.0,0.0,False
TAS2R3 (50831),-0.0,0.0,False
HIVEP3 (59269),-0.0,0.0,False
FGD3 (89846),-0.0,0.0,False
OMD (4958),0.0,0.0,False
ZNF484 (83744),-0.0,0.0,False
IPPK (64768),-0.0,0.0,False
INTS11 (54973),0.0,0.0,False
CANX (821),0.0,0.0,False
ZC4H2 (55906),0.0,0.0,False
TIMM8A (1678),0.0,0.0,False
TMEM35A (59353),-0.0,0.0,False
ARMCX1 (51309),0.0,0.0,False
HNRNPH2 (3188),-0.0,0.0,False
MAP2K2 (5605),-0.0,0.0,False
SLC10A3 (8273),0.0,0.0,False
AVPR2 (554),0.0,0.0,False
PPCS (79717),0.0,0.0,False
EDN2 (1907),0.0,0.0,False
BCL11B (64919),0.0,0.0,False
IL22 (50616),0.0,0.0,False
YEATS4 (8089),0.0,0.0,False
DYRK2 (8445),0.0,0.0,False
PTPRB (5787),-0.0,0.0,False
RAB3IP (117177),0.0,0.0,False
BEST3 (144453),0.0,0.0,False
TSPAN8 (7103),-0.0,0.0,False
RAP1B (5908),-0.0,0.0,False
COX7C (1350),0.0,0.0,False
HELB (92797),0.0,0.0,False
PLAAT1 (57110),0.0,0.0,False
ATP13A4 (84239),0.0,0.0,False
MASP1 (5648),0.0,0.0,False
ABHD8 (79575),-0.0,0.0,False
TRAF2 (7186),-0.0,0.0,False
TICAM1 (148022),-0.0,0.0,False
IL17B (27190),0.0,0.0,False
EMC4 (51234),-0.0,0.0,False
TUBGCP6 (85378),-0.0,0.0,False
RFPL3 (10738),0.0,0.0,False
A4GALT (53947),0.0,0.0,False
ATF4 (468),-0.0,0.0,False
ADORA2A (135),0.0,0.0,False
MGAT3 (4248),-0.0,0.0,False
GNAZ (2781),0.0,0.0,False
RFPL2 (10739),0.0,0.0,False
RFPL1 (5988),-0.0,0.0,False
YWHAH (7533),-0.0,0.0,False
GAL3ST1 (9514),-0.0,0.0,False
SDF2L1 (23753),0.0,0.0,False
VPREB3 (29802),0.0,0.0,False
ASPHD2 (57168),0.0,0.0,False
DGCR8 (54487),-0.0,0.0,False
DGCR6L (85359),0.0,0.0,False
CDC42EP1 (11135),-0.0,0.0,False
APOL3 (80833),-0.0,0.0,False
MCHR1 (2847),-0.0,0.0,False
RAC2 (5880),-0.0,0.0,False
KRT17 (3872),-0.0,0.0,False
RIBC2 (26150),0.0,0.0,False
APOBEC3F (200316),-0.0,0.0,False
APOBEC3A (200315),-0.0,0.0,False
C22orf23 (84645),-0.0,0.0,False
LIF (3976),-0.0,0.0,False
APOL2 (23780),-0.0,0.0,False
TPST2 (8459),-0.0,0.0,False
IGLL1 (3543),0.0,0.0,False
APOL5 (80831),-0.0,0.0,False
TST (7263),-0.0,0.0,False
GALR3 (8484),0.0,0.0,False
MPST (4357),-0.0,0.0,False
BAIAP2L2 (80115),-0.0,0.0,False
ADM2 (79924),0.0,0.0,False
PPAT (5471),0.0,0.0,False
EMC6 (83460),0.0,0.0,False
KDR (3791),-0.0,0.0,False
HIP1 (3092),0.0,0.0,False
GNGT1 (2792),0.0,0.0,False
SEM1 (7979),0.0,0.0,False
GNG11 (2791),0.0,0.0,False
AKAP9 (10142),0.0,0.0,False
ZNF835 (90485),-0.0,0.0,False
ECHS1 (1892),0.0,0.0,False
RNF6 (6049),-0.0,0.0,False
TNFRSF19 (55504),-0.0,0.0,False
PNKD (25953),0.0,0.0,False
AAMP (14),-0.0,0.0,False
VIL1 (7429),-0.0,0.0,False
TUBA4A (7277),0.0,0.0,False
METTL16 (79066),0.0,0.0,False
OR1E2 (8388),0.0,0.0,False
PTPN12 (5782),-0.0,0.0,False
POR (5447),0.0,0.0,False
FGL2 (10875),0.0,0.0,False
ZNF780B (163131),0.0,0.0,False
PAICS (10606),0.0,0.0,False
RASL11B (65997),0.0,0.0,False
SPINK2 (6691),0.0,0.0,False
SRD5A3 (79644),-0.0,0.0,False
ZFP36 (7538),-0.0,0.0,False
LRFN1 (57622),-0.0,0.0,False
CASD1 (64921),0.0,0.0,False
STYXL1 (51657),0.0,0.0,False
RBM48 (84060),-0.0,0.0,False
SGCE (8910),-0.0,0.0,False
MTERF1 (7978),0.0,0.0,False
PEX1 (5189),-0.0,0.0,False
GNAI1 (2770),0.0,0.0,False
STEAP4 (79689),-0.0,0.0,False
ABCC10 (89845),0.0,0.0,False
SERPINB6 (5269),-0.0,0.0,False
SGO1 (151648),-0.0,0.0,False
TEX14 (56155),-0.0,0.0,False
SLC35B1 (10237),-0.0,0.0,False
TBX2 (6909),-0.0,0.0,False
SPOP (8405),0.0,0.0,False
SCPEP1 (59342),0.0,0.0,False
TRIM25 (7706),0.0,0.0,False
COIL (8161),0.0,0.0,False
AKAP1 (8165),-0.0,0.0,False
EPX (8288),0.0,0.0,False
RDH10 (157506),-0.0,0.0,False
COPS5 (10987),0.0,0.0,False
CRISPLD1 (83690),0.0,0.0,False
LYPLA1 (10434),-0.0,0.0,False
ZNF706 (51123),-0.0,0.0,False
PRAMEF2 (65122),-0.0,0.0,False
TNFRSF8 (943),0.0,0.0,False
TBX4 (9496),0.0,0.0,False
FAM117A (81558),0.0,0.0,False
SASH3 (54440),0.0,0.0,False
NCAPH (23397),-0.0,0.0,False
IAPP (3375),0.0,0.0,False
PYROXD1 (79912),0.0,0.0,False
PRB2 (653247),0.0,0.0,False
TAS2R10 (50839),0.0,0.0,False
PLBD1 (79887),-0.0,0.0,False
TAS2R8 (50836),-0.0,0.0,False
TSHZ3 (57616),-0.0,0.0,False
CEP89 (84902),0.0,0.0,False
ADCY7 (113),0.0,0.0,False
TENT4B (64282),0.0,0.0,False
ABCC11 (85320),0.0,0.0,False
TRIM6 (117854),0.0,0.0,False
MND1 (84057),-0.0,0.0,False
TMEM131L (23240),0.0,0.0,False
LRAT (9227),-0.0,0.0,False
TARDBP (23435),0.0,0.0,False
UBIAD1 (29914),0.0,0.0,False
NPPB (4879),0.0,0.0,False
RNF170 (81790),0.0,0.0,False
NR2C1 (7181),0.0,0.0,False
ZFP30 (22835),0.0,0.0,False
PLS1 (5357),-0.0,0.0,False
SERP1 (27230),0.0,0.0,False
EGR1 (1958),-0.0,0.0,False
KDM3B (51780),-0.0,0.0,False
MYOT (9499),0.0,0.0,False
PAIP2 (51247),0.0,0.0,False
SIL1 (64374),0.0,0.0,False
FAM53C (51307),0.0,0.0,False
TGFBI (7045),-0.0,0.0,False
ETF1 (2107),-0.0,0.0,False
EXOSC8 (11340),0.0,0.0,False
ALG5 (29880),-0.0,0.0,False
KBTBD7 (84078),0.0,0.0,False
UTP20 (27340),-0.0,0.0,False
TMPO (7112),0.0,0.0,False
GLT8D2 (83468),-0.0,0.0,False
SORBS3 (10174),-0.0,0.0,False
EPHX2 (2053),0.0,0.0,False
PDLIM2 (64236),0.0,0.0,False
PPP3CC (5533),0.0,0.0,False
ADRA1A (148),0.0,0.0,False
CHRNA2 (1135),0.0,0.0,False
PTK2B (2185),-0.0,0.0,False
TNFRSF10B (8795),-0.0,0.0,False
MTERF2 (80298),0.0,0.0,False
CLU (1191),0.0,0.0,False
DUSP4 (1846),-0.0,0.0,False
APAF1 (317),0.0,0.0,False
WASHC3 (51019),0.0,0.0,False
NFYB (4801),0.0,0.0,False
SOCS2 (8835),-0.0,0.0,False
KCNJ8 (3764),0.0,0.0,False
TAS2R7 (50837),-0.0,0.0,False
BCL2L14 (79370),-0.0,0.0,False
TMEM39B (55116),-0.0,0.0,False
HPCA (3208),0.0,0.0,False
CSMD2 (114784),0.0,0.0,False
ZSCAN20 (7579),0.0,0.0,False
TMEM54 (113452),0.0,0.0,False
CPXM2 (119587),0.0,0.0,False
LIAS (11019),-0.0,0.0,False
TMEM156 (80008),-0.0,0.0,False
PDS5A (23244),-0.0,0.0,False
PIK3CA (5290),0.0,0.0,False
SLITRK3 (22865),-0.0,0.0,False
ZNF639 (51193),-0.0,0.0,False
TNFSF10 (8743),-0.0,0.0,False
GHSR (2693),0.0,0.0,False
POLR3GL (84265),-0.0,0.0,False
CCR2 (729230),0.0,0.0,False
LRIF1 (55791),-0.0,0.0,False
TMIGD3 (57413),0.0,0.0,False
CLCC1 (23155),-0.0,0.0,False
RPL21 (6144),-0.0,0.0,False
MTERF4 (130916),0.0,0.0,False
FYTTD1 (84248),0.0,0.0,False
UBL3 (5412),0.0,0.0,False
RASL11A (387496),-0.0,0.0,False
GTF3A (2971),0.0,0.0,False
MTIF3 (219402),-0.0,0.0,False
FLT3 (2322),-0.0,0.0,False
GPSM2 (29899),0.0,0.0,False
SV2C (22987),-0.0,0.0,False
POLK (51426),-0.0,0.0,False
ACVR2A (92),0.0,0.0,False
ZRANB3 (84083),0.0,0.0,False
CXCR4 (7852),0.0,0.0,False
GTDC1 (79712),0.0,0.0,False
CCRL2 (9034),-0.0,0.0,False
KHDRBS1 (10657),-0.0,0.0,False
TAS2R9 (50835),-0.0,0.0,False
FABP3 (2170),0.0,0.0,False
B4GALT4 (8702),0.0,0.0,False
POPDC2 (64091),-0.0,0.0,False
DPPA4 (55211),0.0,0.0,False
CSTA (1475),-0.0,0.0,False
SEC22A (26984),0.0,0.0,False
TRMT1L (81627),-0.0,0.0,False
RNF2 (6045),-0.0,0.0,False
LHX4 (89884),0.0,0.0,False
RGSL1 (353299),0.0,0.0,False
PDZRN3 (23024),-0.0,0.0,False
ZNF211 (10520),-0.0,0.0,False
ZSCAN18 (65982),0.0,0.0,False
A1BG (1),-0.0,0.0,False
ZNF549 (256051),-0.0,0.0,False
PSPC1 (55269),-0.0,0.0,False
NAA50 (80218),-0.0,0.0,False
CD80 (941),0.0,0.0,False
KIF18A (81930),0.0,0.0,False
ZMYM2 (7750),0.0,0.0,False
ZCCHC17 (51538),0.0,0.0,False
HCRTR1 (3061),0.0,0.0,False
ADGRB2 (576),-0.0,0.0,False
TBC1D15 (64786),0.0,0.0,False
GJA3 (2700),-0.0,0.0,False
GJB6 (10804),-0.0,0.0,False
PILRB (29990),0.0,0.0,False
GJA8 (2703),0.0,0.0,False
CAT (847),-0.0,0.0,False
DEPDC7 (91614),0.0,0.0,False
PEX16 (9409),-0.0,0.0,False
CRY2 (1408),0.0,0.0,False
MAPK8IP1 (9479),0.0,0.0,False
DESI2 (51029),0.0,0.0,False
HSPH1 (10808),-0.0,0.0,False
SMAD9 (4093),0.0,0.0,False
ELF1 (1997),-0.0,0.0,False
ATL2 (64225),-0.0,0.0,False
NKX2-3 (159296),0.0,0.0,False
IFIT3 (3437),-0.0,0.0,False
ELOVL3 (83401),-0.0,0.0,False
TECTB (6975),-0.0,0.0,False
IDE (3416),0.0,0.0,False
SLF2 (55719),-0.0,0.0,False
SLC17A5 (26503),-0.0,0.0,False
EPCAM (4072),0.0,0.0,False
CRIPT (9419),0.0,0.0,False
BCL11A (53335),-0.0,0.0,False
CNRIP1 (25927),0.0,0.0,False
LGALSL (29094),-0.0,0.0,False
AFTPH (54812),-0.0,0.0,False
YIPF4 (84272),-0.0,0.0,False
FAM98A (25940),-0.0,0.0,False
IFIT2 (3433),-0.0,0.0,False
GPAM (57678),-0.0,0.0,False
CUTC (51076),0.0,0.0,False
TCTN3 (26123),0.0,0.0,False
CFAP58 (159686),0.0,0.0,False
KCNIP2 (30819),-0.0,0.0,False
ARMH3 (79591),0.0,0.0,False
WDR11 (55717),-0.0,0.0,False
AVPI1 (60370),-0.0,0.0,False
DENND10 (404636),-0.0,0.0,False
PRLHR (2834),0.0,0.0,False
PPP1R3C (5507),-0.0,0.0,False
HELLS (3070),0.0,0.0,False
C10orf88 (80007),-0.0,0.0,False
SMNDC1 (10285),-0.0,0.0,False
MXI1 (4601),-0.0,0.0,False
CNNM1 (26507),-0.0,0.0,False
PYROXD2 (84795),-0.0,0.0,False
YPEL5 (51646),-0.0,0.0,False
FKBP1B (2281),-0.0,0.0,False
CPN1 (1369),-0.0,0.0,False
ATAD2B (54454),0.0,0.0,False
ABCD4 (5826),-0.0,0.0,False
FLVCR2 (55640),-0.0,0.0,False
TTLL5 (23093),-0.0,0.0,False
MLH3 (27030),-0.0,0.0,False
AREL1 (9870),-0.0,0.0,False
LTBP2 (4053),-0.0,0.0,False
ACOT2 (10965),-0.0,0.0,False
IRF2BPL (64207),-0.0,0.0,False
DNAL1 (83544),-0.0,0.0,False
NPC2 (10577),-0.0,0.0,False
IFT43 (112752),-0.0,0.0,False
ACYP1 (97),-0.0,0.0,False
NEK9 (91754),-0.0,0.0,False
BBOF1 (80127),0.0,0.0,False
IFI27L2 (83982),-0.0,0.0,False
PPP4R4 (57718),-0.0,0.0,False
TGFB3 (7043),0.0,0.0,False
ZC2HC1C (79696),-0.0,0.0,False
ZNF410 (57862),-0.0,0.0,False
TMEM214 (54867),0.0,0.0,False
DNMT3A (1788),-0.0,0.0,False
KLHL29 (114818),-0.0,0.0,False
SUPT7L (9913),-0.0,0.0,False
GPR75 (10936),-0.0,0.0,False
RHOQ (23433),-0.0,0.0,False
COQ6 (51004),0.0,0.0,False
SLIRP (81892),-0.0,0.0,False
NRDE2 (55051),-0.0,0.0,False
EIF2B2 (8892),-0.0,0.0,False
ESRRB (2103),0.0,0.0,False
GPR68 (8111),-0.0,0.0,False
ALDH6A1 (4329),0.0,0.0,False
RBM25 (58517),-0.0,0.0,False
GOT1 (2805),-0.0,0.0,False
C10orf95 (79946),0.0,0.0,False
WBP4 (11193),-0.0,0.0,False
TNN (63923),-0.0,0.0,False
PDZD11 (51248),0.0,0.0,False
ARR3 (407),-0.0,0.0,False
TEX11 (56159),0.0,0.0,False
TP53AIP1 (63970),0.0,0.0,False
MSANTD2 (79684),0.0,0.0,False
KCNJ5 (3762),0.0,0.0,False
SNX19 (399979),0.0,0.0,False
TTLL2 (83887),-0.0,0.0,False
TCP1 (6950),0.0,0.0,False
ACAT2 (39),-0.0,0.0,False
GPR31 (2853),0.0,0.0,False
GORAB (92344),-0.0,0.0,False
SEC16B (89866),-0.0,0.0,False
TNFSF18 (8995),-0.0,0.0,False
CENPL (91687),0.0,0.0,False
SLC10A7 (84068),0.0,0.0,False
NUDCD1 (84955),0.0,0.0,False
ENY2 (56943),0.0,0.0,False
ENOX1 (55068),-0.0,0.0,False
UFM1 (51569),0.0,0.0,False
PROSER1 (80209),0.0,0.0,False
DNAJC15 (29103),0.0,0.0,False
SOHLH2 (54937),0.0,0.0,False
MTRF1 (9617),-0.0,0.0,False
TNFSF11 (8600),0.0,0.0,False
TAF12 (6883),0.0,0.0,False
MASTL (84930),0.0,0.0,False
CCDC77 (84318),0.0,0.0,False
IQSEC3 (440073),0.0,0.0,False
EPC1 (80314),-0.0,0.0,False
PLXDC2 (84898),-0.0,0.0,False
LYZL1 (84569),-0.0,0.0,False
KIAA1217 (56243),0.0,0.0,False
MRPS14 (63931),-0.0,0.0,False
SLC25A2 (83884),-0.0,0.0,False
SFRP5 (6425),-0.0,0.0,False
ARAP3 (64411),-0.0,0.0,False
MOB3B (79817),-0.0,0.0,False
EQTN (54586),0.0,0.0,False
CAAP1 (79886),-0.0,0.0,False
RCL1 (10171),-0.0,0.0,False
TEK (7010),-0.0,0.0,False
MSX2 (4488),-0.0,0.0,False
PANK3 (79646),-0.0,0.0,False
DUSP1 (1843),0.0,0.0,False
HOXB1 (3211),0.0,0.0,False
HOXB3 (3213),-0.0,0.0,False
CRHR1 (1394),0.0,0.0,False
HOXB5 (3215),-0.0,0.0,False
KANSL1 (284058),-0.0,0.0,False
HOXB8 (3218),-0.0,0.0,False
GNA13 (10672),-0.0,0.0,False
INSL6 (11172),0.0,0.0,False
INSL4 (3641),0.0,0.0,False
MLANA (2315),-0.0,0.0,False
PCMT1 (5110),0.0,0.0,False
WDR55 (54853),-0.0,0.0,False
CYSTM1 (84418),-0.0,0.0,False
MAGEB4 (4115),0.0,0.0,False
TASL (80231),0.0,0.0,False
MYCT1 (80177),0.0,0.0,False
PLEKHG1 (57480),-0.0,0.0,False
CCDC170 (80129),0.0,0.0,False
CD274 (29126),-0.0,0.0,False
LRP11 (84918),-0.0,0.0,False
MTHFD1L (25902),-0.0,0.0,False
NUP43 (348995),0.0,0.0,False
GRIA2 (2891),0.0,0.0,False
IFNA8 (3445),0.0,0.0,False
IFNA6 (3443),-0.0,0.0,False
XPNPEP2 (7512),-0.0,0.0,False
OCRL (4952),0.0,0.0,False
SLC17A1 (6568),0.0,0.0,False
GCNT7 (140687),0.0,0.0,False
ENKD1 (84080),-0.0,0.0,False
SLC12A4 (6560),-0.0,0.0,False
FAM124B (79843),0.0,0.0,False
OBSL1 (23363),-0.0,0.0,False
MOGAT1 (116255),0.0,0.0,False
INHA (3623),0.0,0.0,False
DNPEP (23549),-0.0,0.0,False
CHPF (79586),-0.0,0.0,False
ACSL3 (2181),-0.0,0.0,False
DAW1 (164781),0.0,0.0,False
CKS2 (1164),0.0,0.0,False
MXD4 (10608),0.0,0.0,False
AGO2 (27161),-0.0,0.0,False
GPR83 (10888),0.0,0.0,False
RAB38 (23682),-0.0,0.0,False
MC3R (4159),-0.0,0.0,False
CTCFL (140690),0.0,0.0,False
PAEP (5047),-0.0,0.0,False
FAM210B (116151),-0.0,0.0,False
MATN4 (8785),0.0,0.0,False
SEMG2 (6407),0.0,0.0,False
PIGT (51604),-0.0,0.0,False
NCOA3 (8202),0.0,0.0,False
SDC4 (6385),-0.0,0.0,False
ARHGAP40 (343578),-0.0,0.0,False
SLC12A5 (57468),0.0,0.0,False
KCNS1 (3787),0.0,0.0,False
PREX1 (57580),0.0,0.0,False
TTPAL (79183),0.0,0.0,False
WFDC3 (140686),0.0,0.0,False
SLPI (6590),-0.0,0.0,False
SNX21 (90203),0.0,0.0,False
FAM209A (200232),-0.0,0.0,False
PI3 (5266),-0.0,0.0,False
C4BPB (725),0.0,0.0,False
C4BPA (722),-0.0,0.0,False
PFKFB2 (5208),-0.0,0.0,False
COQ8B (79934),-0.0,0.0,False
ESX1 (80712),-0.0,0.0,False
FAM199X (139231),-0.0,0.0,False
NRK (203447),0.0,0.0,False
RAB9B (51209),0.0,0.0,False
H2BW1 (158983),0.0,0.0,False
MORF4L2 (9643),0.0,0.0,False
SERPINA7 (6906),-0.0,0.0,False
PLP1 (5354),-0.0,0.0,False
USP45 (85015),0.0,0.0,False
NDUFAF4 (29078),0.0,0.0,False
AMD1 (262),-0.0,0.0,False
COL10A1 (1300),0.0,0.0,False
IL13RA2 (3598),-0.0,0.0,False
HJURP (55355),-0.0,0.0,False
STIL (6491),0.0,0.0,False
MAGEA9 (4108),0.0,0.0,False
ATXN3L (92552),0.0,0.0,False
RAB9A (9367),0.0,0.0,False
BATF3 (55509),0.0,0.0,False
B9D2 (80776),-0.0,0.0,False
PLA2G12A (81579),0.0,0.0,False
EXOSC9 (5393),0.0,0.0,False
RAP2C (57826),-0.0,0.0,False
KCNJ2 (3759),-0.0,0.0,False
G0S2 (50486),0.0,0.0,False
LPGAT1 (9926),-0.0,0.0,False
METTL8 (79828),-0.0,0.0,False
SLC36A1 (206358),-0.0,0.0,False
BAZ2B (29994),-0.0,0.0,False
ACVR1C (130399),0.0,0.0,False
TNFAIP6 (7130),0.0,0.0,False
NMI (9111),-0.0,0.0,False
TTC21B (79809),0.0,0.0,False
NCOA5 (57727),-0.0,0.0,False
VAPB (9217),-0.0,0.0,False
PARD6B (84612),0.0,0.0,False
IQSEC2 (23096),0.0,0.0,False
IRGC (56269),0.0,0.0,False
ZNF576 (79177),-0.0,0.0,False
HIF3A (64344),0.0,0.0,False
POF1B (79983),-0.0,0.0,False
USP22 (23326),-0.0,0.0,False
ATP8A1 (10396),-0.0,0.0,False
IL17C (27189),0.0,0.0,False
MPHOSPH10 (10199),0.0,0.0,False
SNRNP27 (11017),0.0,0.0,False
PAIP2B (400961),0.0,0.0,False
MCEE (84693),0.0,0.0,False
NAGK (55577),0.0,0.0,False
STAMBP (10617),-0.0,0.0,False
XG (7499),0.0,0.0,False
IL9R (3581),-0.0,0.0,False
ZNF45 (7596),-0.0,0.0,False
LYPD3 (27076),-0.0,0.0,False
PSG8 (440533),-0.0,0.0,False
BTN2A2 (10385),-0.0,0.0,False
SLC17A3 (10786),0.0,0.0,False
SNRPC (6631),0.0,0.0,False
BTN1A1 (696),-0.0,0.0,False
RRP36 (88745),0.0,0.0,False
WRNIP1 (56897),-0.0,0.0,False
SIRT5 (23408),-0.0,0.0,False
PACSIN1 (29993),0.0,0.0,False
CEACAM8 (1088),-0.0,0.0,False
TRERF1 (55809),-0.0,0.0,False
GRM4 (2914),0.0,0.0,False
F13A1 (2162),0.0,0.0,False
CRISP2 (7180),0.0,0.0,False
USP9X (8239),0.0,0.0,False
NDP (4693),-0.0,0.0,False
VAMP7 (6845),-0.0,0.0,False
CHST8 (64377),0.0,0.0,False
ATP5F1E (514),-0.0,0.0,False
PEPD (5184),-0.0,0.0,False
CDH26 (60437),0.0,0.0,False
STAU1 (6780),0.0,0.0,False
PTGIS (5740),0.0,0.0,False
RAB22A (57403),0.0,0.0,False
CSE1L (1434),0.0,0.0,False
EDN3 (1908),-0.0,0.0,False
ZNF831 (128611),0.0,0.0,False
ZNFX1 (57169),-0.0,0.0,False
ARFGEF2 (10564),0.0,0.0,False
GTSF1L (149699),0.0,0.0,False
GDAP1L1 (78997),0.0,0.0,False
SRSF6 (6431),-0.0,0.0,False
TOX2 (84969),-0.0,0.0,False
PLCG1 (5335),0.0,0.0,False
CHD6 (84181),0.0,0.0,False
SNAI1 (6615),0.0,0.0,False
MOCS3 (27304),0.0,0.0,False
STX16 (8675),-0.0,0.0,False
KCNK15 (60598),0.0,0.0,False
FASTKD3 (79072),-0.0,0.0,False
MTRR (4552),-0.0,0.0,False
NEURL2 (140825),-0.0,0.0,False
ZBP1 (81030),-0.0,0.0,False
PCK1 (5105),-0.0,0.0,False
TP53TG5 (27296),0.0,0.0,False
BCAS4 (55653),0.0,0.0,False
PMEPA1 (56937),-0.0,0.0,False
CIMIP1 (128602),-0.0,0.0,False
SEMG1 (6406),-0.0,0.0,False
RBPJL (11317),0.0,0.0,False
DDX27 (55661),0.0,0.0,False
ANKRD60 (140731),-0.0,0.0,False
RNF114 (55905),0.0,0.0,False
ATPAF1 (64756),0.0,0.0,False
DBH (1621),0.0,0.0,False
SARDH (1757),-0.0,0.0,False
PMS2 (5395),0.0,0.0,False
NT5C3A (51251),0.0,0.0,False
FKBP9 (11328),0.0,0.0,False
INHBA (3624),-0.0,0.0,False
HOXA7 (3204),-0.0,0.0,False
HYCC1 (84668),0.0,0.0,False
NPY (4852),-0.0,0.0,False
NXPH1 (30010),0.0,0.0,False
WIPF3 (644150),-0.0,0.0,False
HNRNPA2B1 (3181),-0.0,0.0,False
CBX3 (11335),-0.0,0.0,False
HERPUD2 (64224),0.0,0.0,False
KLHL7 (55975),0.0,0.0,False
EEPD1 (80820),-0.0,0.0,False
SEPTIN7 (989),-0.0,0.0,False
OCM (654231),-0.0,0.0,False
ARL4A (10124),-0.0,0.0,False
CCZ1 (51622),-0.0,0.0,False
POLM (27434),0.0,0.0,False
SPINK4 (27290),-0.0,0.0,False
CNTFR (1271),0.0,0.0,False
DCAF10 (79269),0.0,0.0,False
DNAI1 (27019),0.0,0.0,False
PHF24 (23349),0.0,0.0,False
ACO1 (48),0.0,0.0,False
TAF1L (138474),0.0,0.0,False
RECK (8434),0.0,0.0,False
RAMP3 (10268),0.0,0.0,False
CLTA (1211),-0.0,0.0,False
SLC25A51 (92014),0.0,0.0,False
GLIPR2 (152007),0.0,0.0,False
SMU1 (55234),-0.0,0.0,False
TWIST1 (7291),0.0,0.0,False
MRM2 (29960),-0.0,0.0,False
ZMIZ2 (83637),-0.0,0.0,False
BBS9 (27241),0.0,0.0,False
TRIM24 (8805),-0.0,0.0,False
SLC66A2 (80148),0.0,0.0,False
PRM2 (5620),-0.0,0.0,False
ZC3H7A (29066),0.0,0.0,False
RBBP6 (5930),0.0,0.0,False
HS3ST2 (9956),0.0,0.0,False
LY9 (4063),0.0,0.0,False
CD244 (51744),-0.0,0.0,False
COPA (1314),0.0,0.0,False
KIAA1191 (57179),0.0,0.0,False
PLG (5340),-0.0,0.0,False
LAX1 (54900),-0.0,0.0,False
MYOG (4656),-0.0,0.0,False
FMOD (2331),0.0,0.0,False
TBX22 (50945),0.0,0.0,False
MRPS2 (51116),-0.0,0.0,False
OBP2A (29991),0.0,0.0,False
SERAC1 (84947),0.0,0.0,False
ANXA11 (311),-0.0,0.0,False
LDB3 (11155),-0.0,0.0,False
SPATA1 (100505741),0.0,0.0,False
RPAP2 (79871),0.0,0.0,False
CCDC18 (343099),-0.0,0.0,False
ZNF644 (84146),-0.0,0.0,False
RWDD3 (25950),0.0,0.0,False
LRRC39 (127495),-0.0,0.0,False
TRMT13 (54482),-0.0,0.0,False
PTGFR (5737),0.0,0.0,False
OPN4 (94233),-0.0,0.0,False
ODF2L (57489),-0.0,0.0,False
RPL5 (6125),0.0,0.0,False
NAA60 (79903),0.0,0.0,False
ZNF205 (7755),-0.0,0.0,False
PRXL2A (84293),-0.0,0.0,False
SHLD2 (54537),-0.0,0.0,False
KIAA1549 (57670),0.0,0.0,False
CYREN (78996),-0.0,0.0,False
KBTBD4 (55709),0.0,0.0,False
ADGRE5 (976),-0.0,0.0,False
ARHGAP9 (64333),0.0,0.0,False
NEUROD4 (58158),0.0,0.0,False
TSFM (10102),-0.0,0.0,False
ATF1 (466),0.0,0.0,False
ITIH5 (80760),0.0,0.0,False
OPTN (10133),-0.0,0.0,False
CENPK (64105),-0.0,0.0,False
NLN (57486),0.0,0.0,False
ZC3H13 (23091),-0.0,0.0,False
ATP7B (540),0.0,0.0,False
EBPL (84650),0.0,0.0,False
SPRYD7 (57213),0.0,0.0,False
CCDC70 (83446),-0.0,0.0,False
ACTRT1 (139741),-0.0,0.0,False
GIPC1 (10755),-0.0,0.0,False
NCKAP1L (3071),0.0,0.0,False
MMP19 (4327),-0.0,0.0,False
PFDN5 (5204),0.0,0.0,False
ATG101 (60673),0.0,0.0,False
EEF1AKMT3 (25895),0.0,0.0,False
TUBA1B (10376),0.0,0.0,False
SMUG1 (23583),0.0,0.0,False
IKZF4 (64375),0.0,0.0,False
HOXC12 (3228),-0.0,0.0,False
NFE2 (4778),-0.0,0.0,False
HOXC11 (3227),0.0,0.0,False
SPATS2 (65244),-0.0,0.0,False
LRP1 (4035),0.0,0.0,False
CDK2 (1017),-0.0,0.0,False
HOXC13 (3229),-0.0,0.0,False
PDE1B (5153),0.0,0.0,False
NR4A1 (3164),-0.0,0.0,False
ORMDL2 (29095),0.0,0.0,False
WDR83 (84292),-0.0,0.0,False
TRIR (79002),0.0,0.0,False
CALD1 (800),0.0,0.0,False
PKN1 (5585),-0.0,0.0,False
VPS26A (9559),-0.0,0.0,False
ZWINT (11130),0.0,0.0,False
SLC25A16 (8034),0.0,0.0,False
P4HA1 (5033),0.0,0.0,False
ECD (11319),0.0,0.0,False
EGR2 (1959),0.0,0.0,False
CISD1 (55847),0.0,0.0,False
BICC1 (80114),0.0,0.0,False
CHST3 (9469),-0.0,0.0,False
SRGN (5552),0.0,0.0,False
PLAU (5328),-0.0,0.0,False
NEUROG3 (50674),-0.0,0.0,False
SFTPA1 (653509),0.0,0.0,False
NUDT10 (170685),0.0,0.0,False
AKR1D1 (6718),0.0,0.0,False
RBM19 (9904),-0.0,0.0,False
CIT (11113),-0.0,0.0,False
IFT81 (28981),-0.0,0.0,False
SSPN (8082),-0.0,0.0,False
DDX39A (10212),-0.0,0.0,False
ACOT9 (23597),0.0,0.0,False
WWP1 (11059),0.0,0.0,False
NECAB1 (64168),0.0,0.0,False
CCDC91 (55297),-0.0,0.0,False
ITPR2 (3709),-0.0,0.0,False
BHLHE41 (79365),-0.0,0.0,False
ACADS (35),-0.0,0.0,False
RASSF8 (11228),0.0,0.0,False
RNF11 (26994),0.0,0.0,False
CDKN2C (1031),0.0,0.0,False
MED13L (23389),0.0,0.0,False
DDX54 (79039),-0.0,0.0,False
HVCN1 (84329),0.0,0.0,False
CDKN1C (1028),0.0,0.0,False
RPS4Y1 (6192),-0.0,0.0,False
KIF13A (63971),0.0,0.0,False
OCM2 (4951),-0.0,0.0,False
TRAFD1 (10906),0.0,0.0,False
DTX1 (1840),-0.0,0.0,False
BICDL1 (92558),-0.0,0.0,False
P2RX4 (5025),0.0,0.0,False
RNFT2 (84900),0.0,0.0,False
HRK (8739),-0.0,0.0,False
OASL (8638),-0.0,0.0,False
TBX3 (6926),0.0,0.0,False
FBXO21 (23014),0.0,0.0,False
HNF1A (6927),-0.0,0.0,False
MSI1 (4440),0.0,0.0,False
SDS (10993),-0.0,0.0,False
USP30 (84749),0.0,0.0,False
TAOK3 (51347),-0.0,0.0,False
CCNJL (79616),-0.0,0.0,False
DMTF1 (9988),-0.0,0.0,False
TMEM243 (79161),-0.0,0.0,False
DYSF (8291),0.0,0.0,False
CCDC146 (57639),-0.0,0.0,False
ADGRB3 (577),0.0,0.0,False
MTO1 (25821),0.0,0.0,False
MDFIC (29969),-0.0,0.0,False
TES (26136),-0.0,0.0,False
KCP (375616),-0.0,0.0,False
SRPK2 (6733),0.0,0.0,False
RINT1 (60561),0.0,0.0,False
GARIN1B (84691),0.0,0.0,False
HILPDA (29923),0.0,0.0,False
PNPLA8 (50640),-0.0,0.0,False
UGT2B28 (54490),-0.0,0.0,False
CSN2 (1447),0.0,0.0,False
UGT2A3 (79799),-0.0,0.0,False
CD36 (948),-0.0,0.0,False
TMEM60 (85025),-0.0,0.0,False
HAVCR2 (84868),0.0,0.0,False
ADAM19 (8728),-0.0,0.0,False
ISCA1 (81689),0.0,0.0,False
PSAT1 (29968),0.0,0.0,False
STT3A (3703),0.0,0.0,False
ARHGAP32 (9743),0.0,0.0,False
CARS2 (79587),-0.0,0.0,False
POGLUT2 (79070),0.0,0.0,False
ERCC5 (2073),-0.0,0.0,False
BIVM (54841),0.0,0.0,False
ARGLU1 (55082),-0.0,0.0,False
UBAC2 (337867),-0.0,0.0,False
DZIP1 (22873),0.0,0.0,False
CLDN10 (9071),0.0,0.0,False
COL4A2 (1284),-0.0,0.0,False
GGACT (87769),0.0,0.0,False
PDGFRA (5156),-0.0,0.0,False
CLOCK (9575),0.0,0.0,False
TMEM165 (55858),0.0,0.0,False
ACRV1 (56),0.0,0.0,False
ETS1 (2113),-0.0,0.0,False
SLC37A2 (219855),-0.0,0.0,False
NAA35 (60560),0.0,0.0,False
ENTREP1 (9413),0.0,0.0,False
GOLM1 (51280),0.0,0.0,False
AGTPBP1 (23287),0.0,0.0,False
CEMIP2 (23670),-0.0,0.0,False
CTSL (1514),0.0,0.0,False
ANXA1 (301),-0.0,0.0,False
UBQLN1 (29979),0.0,0.0,False
KLB (152831),0.0,0.0,False
RFK (55312),0.0,0.0,False
OSTF1 (26578),0.0,0.0,False
WDR36 (134430),-0.0,0.0,False
NREP (9315),0.0,0.0,False
APC (324),-0.0,0.0,False
TMED7 (51014),-0.0,0.0,False
ANKRD6 (22881),0.0,0.0,False
HTR1B (3351),0.0,0.0,False
KHDC1 (80759),0.0,0.0,False
TROAP (10024),0.0,0.0,False
MAP7 (9053),-0.0,0.0,False
LTV1 (84946),0.0,0.0,False
KCNH3 (23416),-0.0,0.0,False
MIP (4284),0.0,0.0,False
OS9 (10956),0.0,0.0,False
ACVR1B (91),0.0,0.0,False
HNRNPA1 (3178),0.0,0.0,False
ZC3H10 (84872),0.0,0.0,False
KRT7 (3855),0.0,0.0,False
ESPL1 (9700),0.0,0.0,False
PAN2 (9924),0.0,0.0,False
FAIM2 (23017),-0.0,0.0,False
COQ10A (93058),-0.0,0.0,False
TFCP2 (7024),-0.0,0.0,False
B4GALNT1 (2583),0.0,0.0,False
CD164 (8763),0.0,0.0,False
AFG1L (246269),0.0,0.0,False
NHSL1 (57224),0.0,0.0,False
STX11 (8676),0.0,0.0,False
RAB11FIP5 (26056),0.0,0.0,False
EGR4 (1961),0.0,0.0,False
CCT7 (10574),0.0,0.0,False
SEMA4F (10505),0.0,0.0,False
PRADC1 (84279),0.0,0.0,False
TEC (7006),0.0,0.0,False
REPS1 (85021),0.0,0.0,False
AHI1 (54806),0.0,0.0,False
MICAL1 (64780),-0.0,0.0,False
SMPD2 (6610),0.0,0.0,False
NMBR (4829),0.0,0.0,False
TAAR5 (9038),-0.0,0.0,False
PKIB (5570),-0.0,0.0,False
HEY2 (23493),0.0,0.0,False
TSPAN31 (6302),0.0,0.0,False
PPP1R1A (5502),0.0,0.0,False
CEP162 (22832),-0.0,0.0,False
CDK4 (1019),0.0,0.0,False
ELF5 (2001),0.0,0.0,False
EHF (26298),-0.0,0.0,False
NAT10 (55226),-0.0,0.0,False
PHF21A (51317),0.0,0.0,False
LMO2 (4005),-0.0,0.0,False
GJA10 (84694),-0.0,0.0,False
MAP3K7 (6885),0.0,0.0,False
LCA5 (167691),-0.0,0.0,False
ORC3 (23595),0.0,0.0,False
AKIRIN2 (55122),0.0,0.0,False
EPHA7 (2045),0.0,0.0,False
MRAP2 (112609),-0.0,0.0,False
NT5E (4907),-0.0,0.0,False
SNX14 (57231),-0.0,0.0,False
SYNCRIP (10492),-0.0,0.0,False
PRRG4 (79056),-0.0,0.0,False
CAPRIN1 (4076),-0.0,0.0,False
ATP5MC2 (517),-0.0,0.0,False
ITGA7 (3679),-0.0,0.0,False
KRT85 (3891),0.0,0.0,False
BLOC1S1 (2647),-0.0,0.0,False
AGAP2 (116986),-0.0,0.0,False
RDH5 (5959),-0.0,0.0,False
FAM186B (84070),0.0,0.0,False
TESPA1 (9840),0.0,0.0,False
GLS2 (27165),0.0,0.0,False
DNAJC14 (85406),0.0,0.0,False
GDF11 (10220),0.0,0.0,False
LACRT (90070),0.0,0.0,False
AMHR2 (269),0.0,0.0,False
AVIL (10677),-0.0,0.0,False
PRPH (5630),0.0,0.0,False
CD63 (967),-0.0,0.0,False
C5AR2 (27202),0.0,0.0,False
FADS2 (9415),0.0,0.0,False
DHX34 (9704),-0.0,0.0,False
TSHB (7252),-0.0,0.0,False
CD101 (9398),0.0,0.0,False
CEPT1 (10390),-0.0,0.0,False
TRIM45 (80263),0.0,0.0,False
NOTCH2 (4853),0.0,0.0,False
ADAM30 (11085),-0.0,0.0,False
LAMTOR5 (10542),0.0,0.0,False
PTGFRN (5738),-0.0,0.0,False
WNT2B (7482),0.0,0.0,False
SORT1 (6272),-0.0,0.0,False
PTPN22 (26191),0.0,0.0,False
HMGCS2 (3158),0.0,0.0,False
PSRC1 (84722),-0.0,0.0,False
CHIA (27159),0.0,0.0,False
VAV3 (10451),0.0,0.0,False
SYT6 (148281),-0.0,0.0,False
VTCN1 (79679),-0.0,0.0,False
NGF (4803),0.0,0.0,False
AP4B1 (10717),0.0,0.0,False
KIDINS220 (57498),-0.0,0.0,False
CMPK2 (129607),-0.0,0.0,False
LPIN1 (23175),-0.0,0.0,False
MYCN (4613),0.0,0.0,False
RSAD2 (91543),-0.0,0.0,False
ROCK2 (9475),0.0,0.0,False
GRHL1 (29841),-0.0,0.0,False
YWHAQ (10971),-0.0,0.0,False
NAPG (8774),-0.0,0.0,False
SLC38A2 (54407),-0.0,0.0,False
TMEM106C (79022),0.0,0.0,False
ARF3 (377),-0.0,0.0,False
FKBP11 (51303),0.0,0.0,False
PPHLN1 (51535),0.0,0.0,False
SPIRE1 (56907),0.0,0.0,False
GSTM5 (2949),0.0,0.0,False
TSPAN2 (10100),0.0,0.0,False
LDHA (3939),-0.0,0.0,False
PRPF38B (55119),-0.0,0.0,False
KGD4 (92259),-0.0,0.0,False
IER3IP1 (51124),0.0,0.0,False
MBD2 (8932),-0.0,0.0,False
MRO (83876),0.0,0.0,False
CTIF (9811),0.0,0.0,False
ADAMDEC1 (27299),0.0,0.0,False
PEBP4 (157310),-0.0,0.0,False
ELP3 (55140),-0.0,0.0,False
LOXL2 (4017),-0.0,0.0,False
ADAM20 (8748),0.0,0.0,False
EIF2S1 (1965),-0.0,0.0,False
MED6 (10001),-0.0,0.0,False
TTC9 (23508),0.0,0.0,False
COX16 (51241),0.0,0.0,False
VRTN (55237),-0.0,0.0,False
CCNB1 (891),-0.0,0.0,False
CDK7 (1022),-0.0,0.0,False
CD180 (4064),-0.0,0.0,False
CHL1 (10752),-0.0,0.0,False
GSTM1 (2944),-0.0,0.0,False
GNAT2 (2780),0.0,0.0,False
TRPM1 (4308),-0.0,0.0,False
EMC7 (56851),-0.0,0.0,False
KATNBL1 (79768),-0.0,0.0,False
DPH6 (89978),0.0,0.0,False
CNTN6 (27255),0.0,0.0,False
IRAK2 (3656),-0.0,0.0,False
EDEM1 (9695),0.0,0.0,False
ARL8B (55207),-0.0,0.0,False
BHLHE40 (8553),-0.0,0.0,False
VHL (7428),0.0,0.0,False
THUMPD3 (25917),0.0,0.0,False
CAMK1 (8536),0.0,0.0,False
IAH1 (285148),-0.0,0.0,False
SAA2 (6289),-0.0,0.0,False
CBLIF (2694),-0.0,0.0,False
MYBPC3 (4607),0.0,0.0,False
GNL2 (29889),0.0,0.0,False
CDCA8 (55143),0.0,0.0,False
PHC2 (1912),-0.0,0.0,False
YARS1 (8565),0.0,0.0,False
SPOCD1 (90853),-0.0,0.0,False
PUM1 (9698),-0.0,0.0,False
MTNR1B (4544),-0.0,0.0,False
PIWIL4 (143689),0.0,0.0,False
STK26 (51765),0.0,0.0,False
RBMX2 (51634),0.0,0.0,False
SOX3 (6658),0.0,0.0,False
RAB33A (9363),-0.0,0.0,False
RTL8C (8933),0.0,0.0,False
USP26 (83844),-0.0,0.0,False
ACP2 (53),-0.0,0.0,False
AGO4 (192670),-0.0,0.0,False
HOOK1 (51361),0.0,0.0,False
CYP2J2 (1573),-0.0,0.0,False
DSC1 (1823),-0.0,0.0,False
TIMM10 (26519),0.0,0.0,False
SLC43A3 (29015),-0.0,0.0,False
DAGLA (747),-0.0,0.0,False
TPGS2 (25941),-0.0,0.0,False
FHOD3 (80206),-0.0,0.0,False
DTNA (1837),0.0,0.0,False
DSC3 (1825),0.0,0.0,False
TUT4 (23318),0.0,0.0,False
DSG1 (1828),-0.0,0.0,False
ELP2 (55250),-0.0,0.0,False
RNF138 (51444),-0.0,0.0,False
DSG3 (1830),-0.0,0.0,False
DSC2 (1824),-0.0,0.0,False
PRPF38A (84950),0.0,0.0,False
DDB2 (1643),-0.0,0.0,False
LRP4 (4038),-0.0,0.0,False
ANO3 (63982),-0.0,0.0,False
PRH2 (5555),-0.0,0.0,False
FBH1 (84893),-0.0,0.0,False
RELCH (57614),-0.0,0.0,False
GRP (2922),0.0,0.0,False
NARS1 (4677),-0.0,0.0,False
RAX (30062),0.0,0.0,False
RPS15A (6210),0.0,0.0,False
ERN2 (10595),-0.0,0.0,False
CFHR5 (81494),-0.0,0.0,False
CRB1 (23418),-0.0,0.0,False
TIMM17A (10440),0.0,0.0,False
CDC73 (79577),0.0,0.0,False
NAV1 (89796),-0.0,0.0,False
CFHR4 (10877),-0.0,0.0,False
FST (10468),-0.0,0.0,False
IL6ST (3572),0.0,0.0,False
RBM17 (84991),-0.0,0.0,False
IL2RA (3559),0.0,0.0,False
ANKRD16 (54522),-0.0,0.0,False
EMP1 (2012),-0.0,0.0,False
SPX (80763),0.0,0.0,False
KLRC1 (3821),0.0,0.0,False
KLRD1 (3824),0.0,0.0,False
SLCO1B1 (10599),-0.0,0.0,False
RERG (85004),0.0,0.0,False
SOX5 (6660),-0.0,0.0,False
DOCK2 (1794),-0.0,0.0,False
ECHDC3 (79746),0.0,0.0,False
CABLES1 (91768),-0.0,0.0,False
KCTD1 (284252),0.0,0.0,False
TMEM241 (85019),0.0,0.0,False
HRH4 (59340),-0.0,0.0,False
CCNH (902),0.0,0.0,False
IL15RA (3601),-0.0,0.0,False
SMYD5 (10322),-0.0,0.0,False
CCDC142 (84865),0.0,0.0,False
NUMB (8650),-0.0,0.0,False
DNAJC1 (64215),-0.0,0.0,False
ABI1 (10006),-0.0,0.0,False
GAD2 (2572),-0.0,0.0,False
STAM (8027),-0.0,0.0,False
GYPC (2995),0.0,0.0,False
UGGT1 (56886),-0.0,0.0,False
HS6ST1 (9394),0.0,0.0,False
IMP4 (92856),0.0,0.0,False
BIN1 (274),-0.0,0.0,False
SAP130 (79595),0.0,0.0,False
VMA22 (84317),0.0,0.0,False
WDR33 (55339),0.0,0.0,False
SMPD4 (55627),0.0,0.0,False
CFC1 (55997),-0.0,0.0,False
IL1F10 (84639),0.0,0.0,False
IL36B (27177),0.0,0.0,False
YME1L1 (10730),-0.0,0.0,False
NIPSNAP3A (25934),0.0,0.0,False
EMX1 (2016),0.0,0.0,False
LRRC8A (56262),-0.0,0.0,False
TMOD1 (7111),0.0,0.0,False
ST6GALNAC4 (27090),-0.0,0.0,False
OR13C9 (286362),0.0,0.0,False
OR1J1 (347168),-0.0,0.0,False
NIBAN2 (64855),0.0,0.0,False
RALGPS1 (9649),-0.0,0.0,False
TOR1A (1861),0.0,0.0,False
KLF4 (9314),-0.0,0.0,False
SMC2 (10592),0.0,0.0,False
C9orf78 (51759),0.0,0.0,False
TOR1B (27348),0.0,0.0,False
ECPAS (23392),0.0,0.0,False
ODF2 (4957),0.0,0.0,False
TXN (7295),0.0,0.0,False
CDK9 (1025),-0.0,0.0,False
IL36RN (26525),0.0,0.0,False
IL36A (27179),-0.0,0.0,False
IL1RN (3557),-0.0,0.0,False
IL36G (56300),-0.0,0.0,False
MRPL47 (57129),-0.0,0.0,False
NDUFB5 (4711),-0.0,0.0,False
ACTL6A (86),-0.0,0.0,False
KAT7 (11143),0.0,0.0,False
BRIP1 (83990),-0.0,0.0,False
LIMD2 (80774),-0.0,0.0,False
CSH1 (1442),0.0,0.0,False
GH2 (2689),0.0,0.0,False
DCAF7 (10238),-0.0,0.0,False
TEX2 (55852),0.0,0.0,False
TACO1 (51204),-0.0,0.0,False
CHAD (1101),-0.0,0.0,False
VEZF1 (7716),0.0,0.0,False
SRSF1 (6426),-0.0,0.0,False
MYCBPAP (84073),0.0,0.0,False
TRA2B (6434),-0.0,0.0,False
SCN2A (6326),-0.0,0.0,False
TBR1 (10716),-0.0,0.0,False
EPRS1 (2058),0.0,0.0,False
ZNG1B (150472),0.0,0.0,False
RPS6KC1 (26750),0.0,0.0,False
KCTD3 (51133),-0.0,0.0,False
IL10 (3586),0.0,0.0,False
VPS45 (11311),0.0,0.0,False
HLX (3142),-0.0,0.0,False
SKIL (6498),-0.0,0.0,False
MARCHF7 (64844),-0.0,0.0,False
GATA4 (2626),-0.0,0.0,False
BLK (640),-0.0,0.0,False
TANK (10010),0.0,0.0,False
SCN7A (6332),0.0,0.0,False
GALNT5 (11227),-0.0,0.0,False
ERMN (57471),0.0,0.0,False
DAB2IP (153090),-0.0,0.0,False
STXBP1 (6812),-0.0,0.0,False
SLC2A8 (29988),0.0,0.0,False
ARPC5L (81873),-0.0,0.0,False
CCL21 (6366),0.0,0.0,False
TLN1 (7094),0.0,0.0,False
RNF38 (152006),-0.0,0.0,False
APTX (54840),-0.0,0.0,False
UBAP2 (55833),-0.0,0.0,False
IL11RA (3590),-0.0,0.0,False
PLAA (9373),-0.0,0.0,False
POLR1E (64425),0.0,0.0,False
RANBP6 (26953),0.0,0.0,False
DMAC1 (90871),0.0,0.0,False
IL33 (90865),-0.0,0.0,False
CCN3 (4856),-0.0,0.0,False
MYC (4609),0.0,0.0,False
DERL1 (79139),0.0,0.0,False
DSCC1 (79075),0.0,0.0,False
SIT1 (27240),0.0,0.0,False
IFNA21 (3452),-0.0,0.0,False
DMRT1 (1761),0.0,0.0,False
ARHGEF39 (84904),-0.0,0.0,False
PPIL1 (51645),0.0,0.0,False
FOXP4 (116113),0.0,0.0,False
CNPY3 (10695),0.0,0.0,False
RPS6 (6194),0.0,0.0,False
DENND4C (55667),-0.0,0.0,False
IGFBPL1 (347252),-0.0,0.0,False
HINT2 (84681),-0.0,0.0,False
DNAJB5 (25822),0.0,0.0,False
ALDH1B1 (219),0.0,0.0,False
GRHPR (9380),0.0,0.0,False
TMEM8B (51754),0.0,0.0,False
CD72 (971),0.0,0.0,False
DCTN3 (11258),-0.0,0.0,False
SPAG8 (26206),0.0,0.0,False
ENPP2 (5168),0.0,0.0,False
LMX1B (4010),0.0,0.0,False
ANGPTL2 (23452),0.0,0.0,False
CTSV (1515),-0.0,0.0,False
TEX10 (54881),0.0,0.0,False
ATP6V1G1 (9550),0.0,0.0,False
KIF12 (113220),0.0,0.0,False
BAAT (570),-0.0,0.0,False
USP20 (10868),0.0,0.0,False
FPGS (2356),-0.0,0.0,False
PRPF4 (9128),0.0,0.0,False
STX17 (55014),0.0,0.0,False
ALDOB (229),0.0,0.0,False
ZNF189 (7743),-0.0,0.0,False
TLR4 (7099),-0.0,0.0,False
SLC31A1 (1317),0.0,0.0,False
SLC31A2 (1318),-0.0,0.0,False
ZFP37 (7539),-0.0,0.0,False
CDK5RAP2 (55755),0.0,0.0,False
GARNL3 (84253),0.0,0.0,False
MRPL50 (54534),0.0,0.0,False
DPM2 (8818),0.0,0.0,False
GOLGA1 (2800),-0.0,0.0,False
RPL35 (11224),0.0,0.0,False
PDCL (5082),0.0,0.0,False
OR1L4 (254973),0.0,0.0,False
ANP32B (10541),-0.0,0.0,False
NCBP1 (4686),-0.0,0.0,False
XPA (7507),-0.0,0.0,False
RABEPK (10244),0.0,0.0,False
WDR38 (401551),0.0,0.0,False
TRMO (51531),-0.0,0.0,False
NR5A1 (2516),0.0,0.0,False
PSMB7 (5695),0.0,0.0,False
HEMGN (55363),-0.0,0.0,False
GABBR2 (9568),0.0,0.0,False
TSTD2 (158427),0.0,0.0,False
NMT1 (4836),-0.0,0.0,False
RSAD1 (55316),0.0,0.0,False
CALCOCO2 (10241),-0.0,0.0,False
LAMC1 (3915),0.0,0.0,False
TMBIM1 (64114),-0.0,0.0,False
WNT10A (80326),-0.0,0.0,False
DNAJB2 (3300),0.0,0.0,False
SERPINE2 (5270),-0.0,0.0,False
SLC19A3 (80704),0.0,0.0,False
ITM2C (81618),0.0,0.0,False
HTR2B (3357),-0.0,0.0,False
USP37 (57695),0.0,0.0,False
TTLL4 (9654),-0.0,0.0,False
DOCK10 (55619),0.0,0.0,False
PAX3 (5077),-0.0,0.0,False
CHRND (1144),-0.0,0.0,False
MRPL44 (65080),-0.0,0.0,False
SP110 (3431),-0.0,0.0,False
GPR55 (9290),-0.0,0.0,False
CYP27A1 (1593),-0.0,0.0,False
EIF4E2 (9470),0.0,0.0,False
ARMC9 (80210),-0.0,0.0,False
GCC2 (9648),-0.0,0.0,False
ARHGEF4 (50649),0.0,0.0,False
EPC2 (26122),0.0,0.0,False
ANKRD36 (375248),0.0,0.0,False
C2orf49 (79074),0.0,0.0,False
GPR45 (11250),-0.0,0.0,False
MRPS9 (64965),-0.0,0.0,False
TGFBRAP1 (9392),-0.0,0.0,False
CAB39 (51719),-0.0,0.0,False
EDAR (10913),0.0,0.0,False
TMEM127 (55654),-0.0,0.0,False
MFSD9 (84804),0.0,0.0,False
TSGA10 (80705),0.0,0.0,False
REV1 (51455),-0.0,0.0,False
COX5B (1329),0.0,0.0,False
RC3H1 (149041),0.0,0.0,False
PIGC (5279),-0.0,0.0,False
ALDH1L2 (160428),0.0,0.0,False
NIBAN1 (116496),-0.0,0.0,False
SLC9A5 (6553),-0.0,0.0,False
CCDC102A (92922),-0.0,0.0,False
FHOD1 (29109),-0.0,0.0,False
FBXL8 (55336),-0.0,0.0,False
DYNC1LI2 (1783),0.0,0.0,False
KIAA0513 (9764),0.0,0.0,False
CHST5 (23563),-0.0,0.0,False
MPHOSPH6 (10200),-0.0,0.0,False
BCO1 (53630),-0.0,0.0,False
KLHL36 (79786),0.0,0.0,False
MDM2 (4193),-0.0,0.0,False
CPM (1368),0.0,0.0,False
GNS (2799),0.0,0.0,False
USP15 (9958),0.0,0.0,False
KCNMB4 (27345),-0.0,0.0,False
AGT (183),-0.0,0.0,False
PCNX2 (80003),-0.0,0.0,False
KCNK1 (3775),0.0,0.0,False
STX6 (10228),-0.0,0.0,False
NPL (80896),-0.0,0.0,False
CEP350 (9857),-0.0,0.0,False
KIAA1614 (57710),-0.0,0.0,False
DHX9 (1660),-0.0,0.0,False
RNASEL (6041),-0.0,0.0,False
RGS8 (85397),-0.0,0.0,False
GLUL (2752),0.0,0.0,False
URB2 (9816),-0.0,0.0,False
TAF5L (27097),-0.0,0.0,False
NTPCR (84284),-0.0,0.0,False
ABCB10 (23456),-0.0,0.0,False
COG2 (22796),-0.0,0.0,False
CAPN9 (10753),0.0,0.0,False
EGLN1 (54583),-0.0,0.0,False
ISCU (23479),-0.0,0.0,False
STAB2 (55576),-0.0,0.0,False
CIB2 (10518),-0.0,0.0,False
C7orf25 (79020),0.0,0.0,False
DDX56 (54606),-0.0,0.0,False
TBRG4 (9238),0.0,0.0,False
DGKB (1607),0.0,0.0,False
BZW2 (28969),0.0,0.0,False
AOAH (313),0.0,0.0,False
ZDHHC4 (55146),-0.0,0.0,False
IL6 (3569),0.0,0.0,False
NUP42 (11097),-0.0,0.0,False
KDELR2 (11014),0.0,0.0,False
RAC1 (5879),-0.0,0.0,False
RAPGEF5 (9771),-0.0,0.0,False
GPNMB (10457),0.0,0.0,False
IGF2BP3 (10643),-0.0,0.0,False
CHST12 (55501),0.0,0.0,False
SPDYE1 (285955),-0.0,0.0,False
HUS1 (3364),0.0,0.0,False
NACAD (23148),0.0,0.0,False
DBNL (28988),-0.0,0.0,False
ZFHX2 (85446),0.0,0.0,False
TM6SF1 (53346),-0.0,0.0,False
ALPK3 (57538),-0.0,0.0,False
IREB2 (3658),-0.0,0.0,False
ABHD17C (58489),-0.0,0.0,False
ADAMTS7 (11173),-0.0,0.0,False
MTHFS (10588),0.0,0.0,False
NKX2-1 (7080),0.0,0.0,False
CCM2 (83605),-0.0,0.0,False
NKX2-8 (26257),0.0,0.0,False
TTC5 (91875),0.0,0.0,False
CIDEB (27141),-0.0,0.0,False
MMD2 (221938),0.0,0.0,False
TTYH3 (80727),-0.0,0.0,False
MYO1G (64005),-0.0,0.0,False
TNS3 (64759),0.0,0.0,False
SCRN1 (9805),0.0,0.0,False
USP44 (84101),0.0,0.0,False
SETDB2 (83852),0.0,0.0,False
CKAP2 (26586),0.0,0.0,False
RNASEH2B (79621),-0.0,0.0,False
VPS36 (51028),-0.0,0.0,False
PCDH8 (5100),-0.0,0.0,False
NEK3 (4752),-0.0,0.0,False
FLNB (2317),0.0,0.0,False
VILL (50853),-0.0,0.0,False
SLC41A2 (84102),0.0,0.0,False
WASHC4 (23325),0.0,0.0,False
DRAM1 (55332),0.0,0.0,False
PWP1 (11137),-0.0,0.0,False
APPL2 (55198),0.0,0.0,False
PLXNC1 (10154),-0.0,0.0,False
CKAP4 (10970),0.0,0.0,False
SCYL2 (55681),0.0,0.0,False
CNMD (11061),0.0,0.0,False
TBC1D4 (9882),-0.0,0.0,False
THSD1 (55901),-0.0,0.0,False
SCEL (8796),0.0,0.0,False
LCP1 (3936),0.0,0.0,False
RCBTB2 (1102),0.0,0.0,False
EDNRB (1910),-0.0,0.0,False
NUDT15 (55270),-0.0,0.0,False
SPRY2 (10253),-0.0,0.0,False
ITM2B (9445),0.0,0.0,False
LMO7 (4008),0.0,0.0,False
BORA (79866),-0.0,0.0,False
COG3 (83548),-0.0,0.0,False
PHF11 (51131),0.0,0.0,False
MED4 (29079),-0.0,0.0,False
RCBTB1 (55213),-0.0,0.0,False
SUCLA2 (8803),-0.0,0.0,False
LRCH1 (23143),-0.0,0.0,False
CATSPERB (79820),0.0,0.0,False
UNC79 (57578),0.0,0.0,False
VCY1B (353513),-0.0,0.0,False
ACSS2 (55902),-0.0,0.0,False
GGT7 (2686),-0.0,0.0,False
ZNF341 (84905),-0.0,0.0,False
BPIFA3 (128861),0.0,0.0,False
COX4I2 (84701),0.0,0.0,False
RBM39 (9584),0.0,0.0,False
BPIFA2 (140683),-0.0,0.0,False
AAR2 (25980),0.0,0.0,False
LILRB2 (10288),0.0,0.0,False
EPS8L1 (54869),0.0,0.0,False
LATS1 (9113),0.0,0.0,False
ULBP3 (79465),-0.0,0.0,False
SYNE1 (23345),-0.0,0.0,False
AKAP12 (9590),0.0,0.0,False
ULBP2 (80328),-0.0,0.0,False
PPIL4 (85313),0.0,0.0,False
DEFB118 (117285),-0.0,0.0,False
EDA2R (60401),-0.0,0.0,False
PPP1R1B (84152),0.0,0.0,False
ARHGEF9 (23229),-0.0,0.0,False
CHMP1A (5119),-0.0,0.0,False
GINS2 (51659),0.0,0.0,False
GSE1 (23199),0.0,0.0,False
EMC8 (10328),-0.0,0.0,False
COX4I1 (1327),-0.0,0.0,False
CCL25 (6370),0.0,0.0,False
ZNF141 (7700),0.0,0.0,False
TEX101 (83639),0.0,0.0,False
ZNF428 (126299),-0.0,0.0,False
ZNF227 (7770),-0.0,0.0,False
ATP6V1E1 (529),-0.0,0.0,False
HIGD1B (51751),-0.0,0.0,False
PYY (5697),0.0,0.0,False
GFAP (2670),-0.0,0.0,False
C1QL1 (10882),0.0,0.0,False
POLN (353497),0.0,0.0,False
RGN (9104),-0.0,0.0,False
UBA1 (7317),0.0,0.0,False
PRRG1 (5638),0.0,0.0,False
ZNF426 (79088),0.0,0.0,False
DNMT1 (1786),-0.0,0.0,False
SHFL (55337),-0.0,0.0,False
ANGPTL6 (83854),-0.0,0.0,False
EIF3G (8666),0.0,0.0,False
PPAN (56342),0.0,0.0,False
ZNF317 (57693),0.0,0.0,False
HIP1R (9026),-0.0,0.0,False
CCDC62 (84660),0.0,0.0,False
CLIP1 (6249),-0.0,0.0,False
THEMIS2 (9473),0.0,0.0,False
MED18 (54797),-0.0,0.0,False
ATP5IF1 (93974),0.0,0.0,False
SMPDL3B (27293),0.0,0.0,False
SESN2 (83667),-0.0,0.0,False
SLC6A8 (6535),0.0,0.0,False
PNCK (139728),0.0,0.0,False
DKC1 (1736),0.0,0.0,False
UBE4B (10277),0.0,0.0,False
SLC35D2 (11046),-0.0,0.0,False
FBP2 (8789),0.0,0.0,False
HABP4 (22927),0.0,0.0,False
NUTM2F (54754),0.0,0.0,False
PKDREJ (10343),-0.0,0.0,False
CASZ1 (54897),0.0,0.0,False
NOL11 (25926),-0.0,0.0,False
PLXNA3 (55558),0.0,0.0,False
MTRFR (91574),0.0,0.0,False
LRP3 (4037),0.0,0.0,False
SLC7A10 (56301),-0.0,0.0,False
ZNF331 (55422),0.0,0.0,False
MPP1 (4354),0.0,0.0,False
DUSP9 (1852),-0.0,0.0,False
SH3BGRL (6451),-0.0,0.0,False
COX7B (1349),-0.0,0.0,False
SLC34A1 (6569),0.0,0.0,False
AOC3 (8639),0.0,0.0,False
TMEM204 (79652),-0.0,0.0,False
PPFIA1 (8500),0.0,0.0,False
ANO1 (55107),-0.0,0.0,False
C1orf159 (54991),0.0,0.0,False
ACAP3 (116983),0.0,0.0,False
EXOC4 (60412),0.0,0.0,False
UBE2D2 (7322),-0.0,0.0,False
NDFIP1 (80762),-0.0,0.0,False
DIAPH1 (1729),-0.0,0.0,False
ANKHD1 (54882),0.0,0.0,False
NDUFA2 (4695),0.0,0.0,False
G6PC1 (2538),-0.0,0.0,False
AOC2 (314),0.0,0.0,False
RAMP2 (10266),-0.0,0.0,False
VPS25 (84313),-0.0,0.0,False
KREMEN2 (79412),0.0,0.0,False
THOC6 (79228),-0.0,0.0,False
TRAF7 (84231),0.0,0.0,False
CKMT2 (1160),0.0,0.0,False
STARD3 (10948),0.0,0.0,False
TOP2A (7153),0.0,0.0,False
TNS4 (84951),-0.0,0.0,False
KRT33B (3884),-0.0,0.0,False
KRT34 (3885),-0.0,0.0,False
ZCCHC9 (84240),-0.0,0.0,False
WDR44 (54521),-0.0,0.0,False
BARX1 (56033),0.0,0.0,False
IL13RA1 (3597),0.0,0.0,False
RHOXF2 (84528),0.0,0.0,False
MAP1B (4131),0.0,0.0,False
NPHP4 (261734),0.0,0.0,False
CA6 (765),0.0,0.0,False
NINJ1 (4814),0.0,0.0,False
ACLY (47),-0.0,0.0,False
PSMC3IP (29893),0.0,0.0,False
F12 (2161),-0.0,0.0,False
RPL27 (6155),0.0,0.0,False
SH3BP5 (9467),-0.0,0.0,False
MRPS25 (64432),0.0,0.0,False
ADGRE3 (84658),0.0,0.0,False
HAUS8 (93323),0.0,0.0,False
TRAF3 (7187),0.0,0.0,False
ABCB7 (22),-0.0,0.0,False
CDX4 (1046),-0.0,0.0,False
RLIM (51132),0.0,0.0,False
RAB11FIP4 (84440),0.0,0.0,False
PPT1 (5538),0.0,0.0,False
CAP1 (10487),0.0,0.0,False
GJA9 (81025),0.0,0.0,False
IDO1 (3620),-0.0,0.0,False
NFATC1 (4772),-0.0,0.0,False
PRR7 (80758),-0.0,0.0,False
HACL1 (26061),-0.0,0.0,False
TBC1D5 (9779),0.0,0.0,False
CAPN7 (23473),0.0,0.0,False
LRRC4B (94030),-0.0,0.0,False
PSME3 (10197),-0.0,0.0,False
TUBG1 (7283),-0.0,0.0,False
GFPT2 (9945),-0.0,0.0,False
MGAT1 (4245),0.0,0.0,False
KIF3A (11127),-0.0,0.0,False
PDLIM4 (8572),-0.0,0.0,False
NR1H2 (7376),0.0,0.0,False
RFTN1 (23180),0.0,0.0,False
NAPSA (9476),0.0,0.0,False
KCNC3 (3748),0.0,0.0,False
SLC6A6 (6533),-0.0,0.0,False
GALNT15 (117248),-0.0,0.0,False
RBSN (64145),0.0,0.0,False
C3orf20 (84077),0.0,0.0,False
LRRC47 (57470),0.0,0.0,False
ARHGEF16 (27237),0.0,0.0,False
MAP3K10 (4294),0.0,0.0,False
ANGPTL8 (55908),-0.0,0.0,False
RPL36 (25873),0.0,0.0,False
SAFB2 (9667),0.0,0.0,False
FAM98C (147965),-0.0,0.0,False
ACE2 (59272),-0.0,0.0,False
XPO7 (23039),0.0,0.0,False
DPP6 (1804),-0.0,0.0,False
LRCH2 (57631),0.0,0.0,False
GADD45G (10912),0.0,0.0,False
TOMM40 (10452),-0.0,0.0,False
APOE (348),-0.0,0.0,False
NECTIN2 (5819),-0.0,0.0,False
THEM6 (51337),-0.0,0.0,False
ZSCAN10 (84891),-0.0,0.0,False
CDC16 (8881),-0.0,0.0,False
CNN1 (1264),0.0,0.0,False
ATP8B3 (148229),-0.0,0.0,False
GDF1 (2657),-0.0,0.0,False
NCAN (1463),-0.0,0.0,False
DDA1 (79016),0.0,0.0,False
QRSL1 (55278),0.0,0.0,False
RTN4IP1 (84816),0.0,0.0,False
TULP4 (56995),0.0,0.0,False
LSM7 (51690),0.0,0.0,False
PGLS (25796),0.0,0.0,False
MRPL34 (64981),0.0,0.0,False
COLGALT1 (79709),0.0,0.0,False
KIF1A (547),0.0,0.0,False
USHBP1 (83878),-0.0,0.0,False
NSUN5 (55695),0.0,0.0,False
SLC27A1 (376497),-0.0,0.0,False
BST2 (684),0.0,0.0,False
PLVAP (83483),-0.0,0.0,False
GTPBP3 (84705),0.0,0.0,False
PRKCSH (5589),0.0,0.0,False
TSPAN16 (26526),-0.0,0.0,False
RSPH3 (83861),-0.0,0.0,False
ELOF1 (84337),0.0,0.0,False
GAMT (2593),-0.0,0.0,False
CBFA2T3 (863),-0.0,0.0,False
TNNI3 (7137),0.0,0.0,False
SYT5 (6861),0.0,0.0,False
LBP (3929),-0.0,0.0,False
ABHD17A (81926),-0.0,0.0,False
PLPPR3 (79948),-0.0,0.0,False
SHC2 (25759),-0.0,0.0,False
MAU2 (23383),0.0,0.0,False
DOHH (83475),0.0,0.0,False
PGAP6 (58986),-0.0,0.0,False
KLF16 (83855),-0.0,0.0,False
CDH15 (1013),0.0,0.0,False
CDY2B (203611),-0.0,0.0,False
VCY (9084),-0.0,0.0,False
PUDP (8226),0.0,0.0,False
ERMARD (55780),0.0,0.0,False
PHF10 (55274),-0.0,0.0,False
SAT1 (6303),-0.0,0.0,False
LDLR (3949),-0.0,0.0,False
ECSIT (51295),0.0,0.0,False
DOCK6 (57572),-0.0,0.0,False
MOSPD2 (158747),-0.0,0.0,False
SH3BP4 (23677),0.0,0.0,False
GNL3L (54552),0.0,0.0,False
GDPD2 (54857),-0.0,0.0,False
PRRG3 (79057),0.0,0.0,False
NALF2 (27112),0.0,0.0,False
STARD8 (9754),-0.0,0.0,False
NXNL2 (158046),0.0,0.0,False
CRACR2A (84766),-0.0,0.0,False
KCNA5 (3741),0.0,0.0,False
GALNT8 (26290),-0.0,0.0,False
MTRES1 (51250),0.0,0.0,False
ACSBG2 (81616),0.0,0.0,False
GMFG (9535),0.0,0.0,False
TNNT3 (7140),-0.0,0.0,False
LAMA5 (3911),0.0,0.0,False
RBBP8NL (140893),0.0,0.0,False
GATA5 (140628),-0.0,0.0,False
TAF4 (6874),0.0,0.0,False
CEP85 (64793),0.0,0.0,False
ZNF337 (26152),-0.0,0.0,False
MNX1 (3110),0.0,0.0,False
PAK4 (10298),0.0,0.0,False
HBZ (3050),0.0,0.0,False
PNPLA7 (375775),0.0,0.0,False
CYP2E1 (1571),0.0,0.0,False
CALY (50632),-0.0,0.0,False
TUBGCP2 (10844),-0.0,0.0,False
ATXN10 (25814),-0.0,0.0,False
COL5A1 (1289),-0.0,0.0,False
OSBPL2 (9885),0.0,0.0,False
ADRM1 (11047),-0.0,0.0,False
ASS1 (445),0.0,0.0,False
METTL26 (84326),0.0,0.0,False
NPAS1 (4861),-0.0,0.0,False
ZC3H4 (23211),-0.0,0.0,False
TMEM160 (54958),-0.0,0.0,False
EIF2S3 (1968),0.0,0.0,False
ATG4D (84971),0.0,0.0,False
YIPF2 (78992),0.0,0.0,False
TRIM28 (10155),-0.0,0.0,False
PRDM12 (59335),-0.0,0.0,False
UBE2M (9040),0.0,0.0,False
CHMP2A (27243),0.0,0.0,False
FIBCD1 (84929),0.0,0.0,False
UCK1 (83549),0.0,0.0,False
POMT1 (10585),0.0,0.0,False
EXOSC2 (23404),0.0,0.0,False
TNNI2 (7136),-0.0,0.0,False
LSP1 (4046),-0.0,0.0,False
MLLT1 (4298),0.0,0.0,False
SAMD10 (140700),-0.0,0.0,False
PXDN (7837),0.0,0.0,False
KLHDC7B (113730),-0.0,0.0,False
MAP1S (55201),0.0,0.0,False
UNC13A (23025),-0.0,0.0,False
FCHO1 (23149),0.0,0.0,False
ZSWIM6 (57688),0.0,0.0,False
CACNG6 (59285),-0.0,0.0,False
ARPC1B (10095),-0.0,0.0,False
EPO (2056),0.0,0.0,False
NDUFA10 (4705),0.0,0.0,False
STK33 (65975),-0.0,0.0,False
ACTN4 (81),-0.0,0.0,False
AFDN (4301),0.0,0.0,False
BMP15 (9210),-0.0,0.0,False
FUT5 (2527),0.0,0.0,False
SSBP4 (170463),-0.0,0.0,False
GDF15 (9518),-0.0,0.0,False
PGPEP1 (54858),-0.0,0.0,False
CRB3 (92359),-0.0,0.0,False
HELZ2 (85441),0.0,0.0,False
ZBTB46 (140685),0.0,0.0,False
SAG (6295),0.0,0.0,False
UBAC1 (10422),-0.0,0.0,False
CAMSAP1 (157922),-0.0,0.0,False
OLFM1 (10439),0.0,0.0,False
ZNF557 (79230),0.0,0.0,False
IQCN (80726),0.0,0.0,False
SULT4A1 (25830),0.0,0.0,False
OR11H1 (81061),-0.0,0.0,False
TRPM4 (54795),0.0,0.0,False
HRC (3270),-0.0,0.0,False
JUND (3727),-0.0,0.0,False
LSM4 (25804),-0.0,0.0,False
RARA (5914),-0.0,0.0,False
KHDRBS3 (10656),0.0,0.0,False
GSC (145258),0.0,0.0,False
TMCC2 (9911),-0.0,0.0,False
SLC41A1 (254428),0.0,0.0,False
CHIT1 (1118),-0.0,0.0,False
DSTYK (25778),-0.0,0.0,False
PIK3C2B (5287),-0.0,0.0,False
MYBPH (4608),-0.0,0.0,False
CHI3L1 (1116),0.0,0.0,False
MPRIP (23164),-0.0,0.0,False
SCO1 (6341),0.0,0.0,False
PEMT (10400),0.0,0.0,False
MYH10 (4628),0.0,0.0,False
MYH8 (4626),-0.0,0.0,False
CHRM3 (1131),0.0,0.0,False
GPR12 (2835),0.0,0.0,False
RNF17 (56163),0.0,0.0,False
WASF3 (10810),0.0,0.0,False
LGR6 (59352),0.0,0.0,False
CCNA1 (8900),0.0,0.0,False
CHD1L (9557),-0.0,0.0,False
COG6 (57511),0.0,0.0,False
RNF128 (79589),-0.0,0.0,False
BEX2 (84707),0.0,0.0,False
MORC4 (79710),-0.0,0.0,False
IRS4 (8471),-0.0,0.0,False
STARD13 (90627),0.0,0.0,False
RFC3 (5983),0.0,0.0,False
KL (9365),-0.0,0.0,False
STOML3 (161003),0.0,0.0,False
GPALPP1 (55425),0.0,0.0,False
TPT1 (7178),-0.0,0.0,False
RFXAP (5994),0.0,0.0,False
POSTN (10631),0.0,0.0,False
TRPC4 (7223),0.0,0.0,False
EPSTI1 (94240),0.0,0.0,False
SPART (23111),0.0,0.0,False
ALOX5AP (241),0.0,0.0,False
CDK8 (1024),-0.0,0.0,False
POMP (51371),-0.0,0.0,False
TPTE2 (93492),0.0,0.0,False
DMGDH (29958),0.0,0.0,False
PPP1R3D (5509),0.0,0.0,False
SERINC3 (10955),-0.0,0.0,False
VSTM2L (128434),0.0,0.0,False
RBM38 (55544),-0.0,0.0,False
ZSWIM3 (140831),0.0,0.0,False
LPIN3 (64900),0.0,0.0,False
CTNNBL1 (56259),0.0,0.0,False
MUTYH (4595),-0.0,0.0,False
NASP (4678),-0.0,0.0,False
TOE1 (114034),0.0,0.0,False
DPH2 (1802),0.0,0.0,False
MMACHC (25974),0.0,0.0,False
TESMIN (9633),0.0,0.0,False
ALDH3B2 (222),0.0,0.0,False
BHMT2 (23743),0.0,0.0,False
ZBED3 (84327),-0.0,0.0,False
PATJ (10207),0.0,0.0,False
DCTN4 (51164),0.0,0.0,False
XPO4 (64328),-0.0,0.0,False
USPL1 (10208),-0.0,0.0,False
ZMYM5 (9205),-0.0,0.0,False
MTUS2 (23281),0.0,0.0,False
ATP8A2 (51761),0.0,0.0,False
PDE6A (5145),0.0,0.0,False
NMUR2 (56923),-0.0,0.0,False
KANK4 (163782),0.0,0.0,False
CASP9 (842),-0.0,0.0,False
CPLANE2 (79363),0.0,0.0,False
FBXO44 (93611),0.0,0.0,False
SLC14A2 (8170),0.0,0.0,False
SYT4 (6860),-0.0,0.0,False
ANGPTL3 (27329),0.0,0.0,False
GNG5B (347687),-0.0,0.0,False
TBC1D8B (54885),-0.0,0.0,False
TCEAL4 (79921),-0.0,0.0,False
ACTR3B (57180),0.0,0.0,False
E2F5 (1875),0.0,0.0,False
LRRCC1 (85444),0.0,0.0,False
IMPA1 (3612),-0.0,0.0,False
SPINK5 (11005),-0.0,0.0,False
LARS1 (51520),0.0,0.0,False
IPO8 (10526),0.0,0.0,False
KRAS (3845),0.0,0.0,False
TMTC1 (83857),0.0,0.0,False
TMEM254 (80195),0.0,0.0,False
DYDC2 (84332),0.0,0.0,False
SFTPD (6441),0.0,0.0,False
ATP13A3 (79572),0.0,0.0,False
RLIG1 (91298),0.0,0.0,False
LRRIQ1 (84125),-0.0,0.0,False
BTG1 (694),-0.0,0.0,False
CA1 (759),-0.0,0.0,False
CCDC59 (29080),0.0,0.0,False
SWAP70 (23075),0.0,0.0,False
TEX15 (56154),0.0,0.0,False
ERG28 (11161),-0.0,0.0,False
MEN1 (4221),0.0,0.0,False
DPF2 (5977),-0.0,0.0,False
DUSP26 (78986),0.0,0.0,False
RNF122 (79845),0.0,0.0,False
SARAF (51669),-0.0,0.0,False
ZFC3H1 (196441),0.0,0.0,False
BMAL1 (406),-0.0,0.0,False
HSD17B4 (3295),-0.0,0.0,False
RRAS2 (22800),0.0,0.0,False
MICAL2 (9645),-0.0,0.0,False
SBF2 (81846),0.0,0.0,False
AMPD3 (272),-0.0,0.0,False
LYVE1 (10894),0.0,0.0,False
NTS (4922),-0.0,0.0,False
KRBA1 (84626),0.0,0.0,False
BEX1 (55859),0.0,0.0,False
AGAP3 (116988),0.0,0.0,False
WDR74 (54663),0.0,0.0,False
MACROD1 (28992),0.0,0.0,False
CNDP2 (55748),-0.0,0.0,False
SLF1 (84250),0.0,0.0,False
CSNK1G2 (1455),-0.0,0.0,False
HSPBP1 (23640),-0.0,0.0,False
PDE6B (5158),0.0,0.0,False
ZNF414 (84330),0.0,0.0,False
KMT5C (84787),0.0,0.0,False
PRAM1 (84106),0.0,0.0,False
BTBD2 (55643),-0.0,0.0,False
SRRM1 (10250),0.0,0.0,False
EPHB2 (2048),0.0,0.0,False
SLC39A11 (201266),0.0,0.0,False
VCF1 (84923),-0.0,0.0,False
LGALS12 (85329),0.0,0.0,False
RTN3 (10313),0.0,0.0,False
PLAAT2 (54979),-0.0,0.0,False
C1QTNF6 (114904),-0.0,0.0,False
MKRN1 (23608),0.0,0.0,False
ADCK2 (90956),0.0,0.0,False
GIMAP4 (55303),-0.0,0.0,False
GIMAP6 (474344),0.0,0.0,False
SEC14L4 (284904),-0.0,0.0,False
FAM83F (113828),0.0,0.0,False
SLC2A11 (66035),0.0,0.0,False
MYH11 (4629),0.0,0.0,False
MYO18B (84700),-0.0,0.0,False
GSTT2B (653689),-0.0,0.0,False
LARGE1 (9215),-0.0,0.0,False
MORC2 (22880),0.0,0.0,False
PDZD2 (23037),0.0,0.0,False
MED10 (84246),-0.0,0.0,False
ACY3 (91703),-0.0,0.0,False
IGHMBP2 (3508),0.0,0.0,False
SYT11 (23208),-0.0,0.0,False
CC2D1A (54862),0.0,0.0,False
SLX1A (548593),-0.0,0.0,False
EMILIN2 (84034),-0.0,0.0,False
ENOSF1 (55556),-0.0,0.0,False
HSD17B7 (51478),-0.0,0.0,False
FCRLA (84824),-0.0,0.0,False
NUP210 (23225),0.0,0.0,False
PPARG (5468),-0.0,0.0,False
SLC6A11 (6538),0.0,0.0,False
RAF1 (5894),0.0,0.0,False
DHX30 (22907),-0.0,0.0,False
CCT6B (10693),0.0,0.0,False
LRRC41 (10489),0.0,0.0,False
SPATA6 (54558),-0.0,0.0,False
TRIM21 (6737),-0.0,0.0,False
MATN3 (4148),0.0,0.0,False
ARFIP2 (23647),0.0,0.0,False
TRIM5 (85363),-0.0,0.0,False
CNGA4 (1262),0.0,0.0,False
IQCA1 (79781),-0.0,0.0,False
RAN (5901),-0.0,0.0,False
PTPRE (5791),0.0,0.0,False
SCLY (51540),-0.0,0.0,False
RAMP1 (10267),0.0,0.0,False
PER2 (8864),-0.0,0.0,False
ILKAP (80895),0.0,0.0,False
MRPL35 (51318),-0.0,0.0,False
TRIM22 (10346),-0.0,0.0,False
IMMT (10989),-0.0,0.0,False
PTCD3 (55037),-0.0,0.0,False
HHLA1 (10086),0.0,0.0,False
EFR3A (23167),-0.0,0.0,False
TIMM10B (26515),0.0,0.0,False
RRP8 (23378),0.0,0.0,False
RTBDN (83546),0.0,0.0,False
DCAF15 (90379),-0.0,0.0,False
CARD6 (84674),-0.0,0.0,False
BRME1 (79173),-0.0,0.0,False
SNRPA1 (6627),-0.0,0.0,False
CHSY1 (22856),-0.0,0.0,False
SELENOS (55829),0.0,0.0,False
USP29 (57663),-0.0,0.0,False
ZNF132 (7691),-0.0,0.0,False
ZSCAN5A (79149),-0.0,0.0,False
ZNF304 (57343),-0.0,0.0,False
MCCC2 (64087),-0.0,0.0,False
RAI2 (10742),0.0,0.0,False
PDHA1 (5160),0.0,0.0,False
FSHB (2488),0.0,0.0,False
PRKAB2 (5565),0.0,0.0,False
PIAS3 (10401),0.0,0.0,False
FMO5 (2330),-0.0,0.0,False
PEX11B (8799),0.0,0.0,False
LLGL1 (3996),0.0,0.0,False
NR0B2 (8431),-0.0,0.0,False
LIN28A (79727),0.0,0.0,False
LGALS3 (3958),-0.0,0.0,False
ZNF20 (7568),0.0,0.0,False
RFX1 (5989),0.0,0.0,False
FBXW9 (84261),0.0,0.0,False
ZSWIM4 (65249),-0.0,0.0,False
DNAJB1 (3337),-0.0,0.0,False
PODNL1 (79883),-0.0,0.0,False
GCH1 (2643),0.0,0.0,False
THAP1 (55145),0.0,0.0,False
ABHD12B (145447),0.0,0.0,False
ACTR10 (55860),-0.0,0.0,False
LRRC9 (341883),0.0,0.0,False
FAAP24 (91442),0.0,0.0,False
C19orf12 (83636),-0.0,0.0,False
RHPN2 (85415),-0.0,0.0,False
PRKAA1 (5562),0.0,0.0,False
RAP1GAP2 (23108),0.0,0.0,False
DCAF8 (50717),-0.0,0.0,False
VPS13B (157680),0.0,0.0,False
PCED1A (64773),-0.0,0.0,False
SCP2D1 (140856),-0.0,0.0,False
ANKEF1 (63926),-0.0,0.0,False
HSPA12B (116835),-0.0,0.0,False
MTSS2 (92154),0.0,0.0,False
VPS4A (27183),-0.0,0.0,False
TERF2 (7014),-0.0,0.0,False
NIP7 (51388),-0.0,0.0,False
PRMT7 (54496),-0.0,0.0,False
ERAL1 (26284),0.0,0.0,False
FLOT2 (2319),-0.0,0.0,False
SDF2 (6388),-0.0,0.0,False
PCBD2 (84105),-0.0,0.0,False
REEP2 (51308),-0.0,0.0,False
MATN2 (4147),0.0,0.0,False
SNAP25 (6616),-0.0,0.0,False
BTBD3 (22903),-0.0,0.0,False
PCNA (5111),-0.0,0.0,False
ATP1A4 (480),-0.0,0.0,False
FCRL2 (79368),-0.0,0.0,False
APCS (325),-0.0,0.0,False
HAPLN2 (60484),0.0,0.0,False
RAB25 (57111),0.0,0.0,False
ARHGEF11 (9826),-0.0,0.0,False
BCAN (63827),-0.0,0.0,False
KHDC4 (22889),0.0,0.0,False
NXT1 (29107),-0.0,0.0,False
RHBG (57127),0.0,0.0,False
DAP3 (7818),-0.0,0.0,False
SSTR4 (6754),0.0,0.0,False
PTPRA (5786),-0.0,0.0,False
RIN2 (54453),0.0,0.0,False
POLR3F (10621),-0.0,0.0,False
RGS22 (26166),0.0,0.0,False
RIDA (10247),-0.0,0.0,False
CLUH (23277),0.0,0.0,False
DLG4 (1742),0.0,0.0,False
FTHL17 (53940),0.0,0.0,False
DDC (1644),-0.0,0.0,False
FIGNL1 (63979),0.0,0.0,False
LANCL2 (55915),-0.0,0.0,False
SEC61G (23480),0.0,0.0,False
POPDC3 (64208),-0.0,0.0,False
PNISR (25957),0.0,0.0,False
COQ3 (51805),0.0,0.0,False
TMEM128 (85013),-0.0,0.0,False
TBC1D14 (57533),-0.0,0.0,False
EEFSEC (60678),-0.0,0.0,False
UBE2G1 (7326),0.0,0.0,False
RPA1 (6117),0.0,0.0,False
MYBBP1A (10514),0.0,0.0,False
INPP5K (51763),-0.0,0.0,False
GRSF1 (2926),0.0,0.0,False
ENAM (10117),0.0,0.0,False
JCHAIN (3512),0.0,0.0,False
EIF5A (1984),-0.0,0.0,False
XAF1 (54739),0.0,0.0,False
GPS2 (2874),-0.0,0.0,False
GUCY2D (3000),0.0,0.0,False
SLC52A1 (55065),-0.0,0.0,False
CLEC10A (10462),0.0,0.0,False
KDM6B (23135),-0.0,0.0,False
ZRANB2 (9406),0.0,0.0,False
ANKRD17 (26057),0.0,0.0,False
TRIM47 (91107),-0.0,0.0,False
UNK (85451),-0.0,0.0,False
H3-3B (3021),-0.0,0.0,False
WBP2 (23558),-0.0,0.0,False
ITGB4 (3691),-0.0,0.0,False
UTP3 (57050),0.0,0.0,False
F8A1 (8263),0.0,0.0,False
