rank,feature,random_forest_importance,selected,ridge_coefficient,absolute_ridge_coefficient
1,SCML2 (10389),0.003545287928537625,True,0.0018817656711276425,0.0018817656711276425
2,ITGA6 (3655),0.00305343562417237,True,-0.0017682477548918523,0.0017682477548918523
3,TNFRSF14 (8764),0.0020307733197793263,True,-0.0024420682177542594,0.0024420682177542594
4,GPR156 (165829),0.0018721638213054306,True,0.003076447119502132,0.003076447119502132
5,SERPINB5 (5268),0.0018607914160971985,True,-0.00038764542919714207,0.00038764542919714207
6,RAI2 (10742),0.0017933003172781058,True,0.0024885931036280205,0.0024885931036280205
7,ST6GALNAC6 (30815),0.0016856247550622696,True,0.0013710031637023982,0.0013710031637023982
8,CEACAM1 (634),0.001657891434517892,True,-0.002147912422001618,0.002147912422001618
9,RWDD2A (112611),0.0015335336418044031,True,0.0030651730108859645,0.0030651730108859645
10,TMEFF1 (8577),0.001489902638553821,True,0.0009711844739665283,0.0009711844739665283
11,KIF1B (23095),0.0014271784864595097,True,0.002223018262556503,0.002223018262556503
12,DNAJB4 (11080),0.0014017786419571188,True,0.0049287459408349716,0.0049287459408349716
13,RAB38 (23682),0.001367582735165841,True,1.1779014220038731e-05,1.1779014220038731e-05
14,DNAAF8 (146562),0.0013535199425131518,True,0.0033480665794129675,0.0033480665794129675
15,CITED2 (10370),0.0013359244026309239,True,0.001488838344579023,0.001488838344579023
16,DUSP10 (11221),0.001313664406620688,True,-0.0019379320154397973,0.0019379320154397973
17,AMOTL2 (51421),0.0013066224589395534,True,0.0021660467384763587,0.0021660467384763587
18,B4GALNT4 (338707),0.0013040267645147102,True,0.0032868308036674418,0.0032868308036674418
19,ENTREP2 (23359),0.001286161736555387,True,0.0037629583241133658,0.0037629583241133658
20,SH3TC2 (79628),0.0012741441248248215,True,-0.0037059465801027674,0.0037059465801027674
21,RNF128 (79589),0.0012662012268980197,True,-0.001842380361248096,0.001842380361248096
22,SLC18A3 (6572),0.0012620673094432113,True,0.0005686663580668266,0.0005686663580668266
23,ZNF347 (84671),0.0012614357375027743,True,0.00365239567841792,0.00365239567841792
24,CCN1 (3491),0.0012505525813188937,True,0.004031506478370736,0.004031506478370736
25,LRRC4C (57689),0.0012497970050072294,True,0.00022883066247726528,0.00022883066247726528
26,KIF17 (57576),0.0012161042241672524,True,-0.0023612533469776387,0.0023612533469776387
27,ZNF682 (91120),0.001146267951922827,True,0.001537920359546624,0.001537920359546624
28,UCP2 (7351),0.0011443916250521281,True,0.0016808812931165093,0.0016808812931165093
29,SLAMF7 (57823),0.0011044649197414732,True,-0.005427569651278687,0.005427569651278687
30,USP1 (7398),0.001094096618508016,True,0.002119569755133764,0.002119569755133764
31,JAK1 (3716),0.0010800135229100407,True,0.0030329089821739307,0.0030329089821739307
32,ZNF263 (10127),0.0010727654676353318,True,0.00300595304922026,0.00300595304922026
33,PDE6B (5158),0.0010613035041692803,True,0.00019838785543569023,0.00019838785543569023
34,PHACTR4 (65979),0.0010494346938082634,True,-0.0003686692268066445,0.0003686692268066445
35,TCN1 (6947),0.0010433903345607558,True,-0.0031002820808761974,0.0031002820808761974
36,CTSE (1510),0.0010397827864106887,True,-0.00127954242620959,0.00127954242620959
37,SH3TC1 (54436),0.0010304555350917205,True,-0.004314851511329121,0.004314851511329121
38,B4GALT2 (8704),0.0010274821790425223,True,0.0016843518352021285,0.0016843518352021285
39,CST2 (1470),0.0010258837150640505,True,-0.004756940688312781,0.004756940688312781
40,ZSCAN18 (65982),0.0010218919116863582,True,0.0015471628646006343,0.0015471628646006343
41,ASXL1 (171023),0.001011113166195269,True,0.002204215201903024,0.002204215201903024
42,UBFD1 (56061),0.00100014528697422,True,0.0010955908950642068,0.0010955908950642068
43,UTRN (7402),0.000998382978066306,True,0.004807067482371414,0.004807067482371414
44,UCN2 (90226),0.0009874704485253153,True,-0.003176217495387192,0.003176217495387192
45,GSAP (54103),0.0009818219984288822,True,-0.0007697551087449601,0.0007697551087449601
46,ASTN1 (460),0.00097817614385341,True,0.000872666777076137,0.000872666777076137
47,C1QL1 (10882),0.0009685757615975826,True,0.0015679394081838595,0.0015679394081838595
48,MYL6B (140465),0.000962155117417617,True,0.001492148841068695,0.001492148841068695
49,XKR4 (114786),0.0009610845548406169,True,-7.285655969800777e-05,7.285655969800777e-05
50,UBALD2 (283991),0.0009546485234361093,True,-0.001918642286668193,0.001918642286668193
51,HNF4A (3172),0.0009545236673545445,True,-0.0019623094916524945,0.0019623094916524945
52,ZFP28 (140612),0.0009472740324000568,True,0.0010430207060088885,0.0010430207060088885
53,CCDC167 (154467),0.0009443561817841431,True,0.0049297007900181745,0.0049297007900181745
54,FILIP1 (27145),0.0009428033393956871,True,0.002763208808204608,0.002763208808204608
55,RAB23 (51715),0.000942083481454786,True,0.002850885089184661,0.002850885089184661
56,ECI2 (10455),0.0009367729100059452,True,-0.0015108387485328197,0.0015108387485328197
57,ANKRD52 (283373),0.0009240298613763595,True,0.002896550714633496,0.002896550714633496
58,ZNF98 (148198),0.0009181020515051777,True,0.0036155832619141383,0.0036155832619141383
59,ZNF2 (7549),0.0009116436757927052,True,0.0010491098575791372,0.0010491098575791372
60,C10orf90 (118611),0.0009084070708122599,True,-0.003024082740593615,0.003024082740593615
61,DCLK2 (166614),0.0009054435396295129,True,0.0005557787460592535,0.0005557787460592535
62,FAM107A (11170),0.0009018785841786247,True,0.0022398802867312512,0.0022398802867312512
63,ACSL5 (51703),0.000896298511029257,True,-0.0006062779117584263,0.0006062779117584263
64,ITPRID2 (6744),0.0008941927372116445,True,-0.0024258512520442393,0.0024258512520442393
65,SLC37A2 (219855),0.0008930368816405449,True,-0.0014076373228490407,0.0014076373228490407
66,ARHGEF17 (9828),0.0008826815957829562,True,0.0010839507797572763,0.0010839507797572763
67,ZNF492 (57615),0.0008805175500946915,True,0.0011837688913169252,0.0011837688913169252
68,ADAMTSL3 (57188),0.0008780208997346033,True,0.0018378046235979022,0.0018378046235979022
69,CLSTN2 (64084),0.0008688305893119753,True,-0.0006854788201909059,0.0006854788201909059
70,CBX1 (10951),0.000868406040838584,True,0.0010233299516538572,0.0010233299516538572
71,CAVIN4 (347273),0.0008661260371340267,True,0.0017693693194869799,0.0017693693194869799
72,FAM171A2 (284069),0.0008597907529294728,True,-0.00037332246421252133,0.00037332246421252133
73,TMEM167B (56900),0.0008570794383221563,True,0.002138544805558402,0.002138544805558402
74,PCDH1 (5097),0.000845273123836113,True,-0.0017177019526939793,0.0017177019526939793
75,ZFP30 (22835),0.0008346522633320507,True,0.000622832518718373,0.000622832518718373
76,NELL2 (4753),0.0008298367652445584,True,0.002810379946149394,0.002810379946149394
77,PDZD2 (23037),0.0008293736043497129,True,0.0027633336466511213,0.0027633336466511213
78,PLEKHG4B (153478),0.0008265255797297957,True,0.0032266750498343437,0.0032266750498343437
79,MED20 (9477),0.0008187995413469172,True,0.0030128124540259186,0.0030128124540259186
80,BACE1 (23621),0.0008159825540084528,True,0.0009681697461112783,0.0009681697461112783
81,RNF26 (79102),0.0008139316865397175,True,0.0032020215584953587,0.0032020215584953587
82,CST1 (1469),0.000812275778116295,True,-0.0027359668926769365,0.0027359668926769365
83,TRAF3IP2 (10758),0.0008079156764658885,True,-0.0017560496053016655,0.0017560496053016655
84,HPGD (3248),0.0007843685136737458,True,-0.0019860062383724687,0.0019860062383724687
85,HSF2 (3298),0.0007825831929937099,True,0.0012897230888242917,0.0012897230888242917
86,ALPL (249),0.0007799584043080834,True,0.0032540659462879287,0.0032540659462879287
87,ALMS1 (7840),0.0007786926506357696,True,0.0019352230965785783,0.0019352230965785783
88,RENBP (5973),0.0007764733623557874,True,-0.0036696296209695195,0.0036696296209695195
89,FAM124A (220108),0.0007717531436655165,True,0.0008457492604790938,0.0008457492604790938
90,ART3 (419),0.0007712637063001254,True,-0.0020968280026859394,0.0020968280026859394
91,ERC2 (26059),0.0007697647258249325,True,0.0027612908136359668,0.0027612908136359668
92,VSIG1 (340547),0.0007664203053241837,True,-0.0024345533081303874,0.0024345533081303874
93,CHN1 (1123),0.0007649711582552283,True,-0.0010357420494730486,0.0010357420494730486
94,LGI2 (55203),0.0007610501539097173,True,0.002168248124635743,0.002168248124635743
95,TNFRSF21 (27242),0.0007585743043446405,True,-0.0022474471213696084,0.0022474471213696084
96,TMEM170B (100113407),0.0007420952561322734,True,0.001251202826583113,0.001251202826583113
97,TENM2 (57451),0.0007410230155404532,True,0.0018204938305885206,0.0018204938305885206
98,TRIM15 (89870),0.0007349182121373941,True,-0.0013211668580272147,0.0013211668580272147
99,SMARCC2 (6601),0.0007330711139708774,True,0.0024208907123498455,0.0024208907123498455
100,DACT3 (147906),0.000730292058785567,True,-0.001135299590434376,0.001135299590434376
101,ETV4 (2118),0.0007185313381810735,True,-0.002825138775611093,0.002825138775611093
102,TMC6 (11322),0.0007184242197723152,True,4.4080138994195e-06,4.4080138994195e-06
103,ZNF625 (90589),0.0007067181580055203,True,-0.00032177715660735564,0.00032177715660735564
104,NLGN4X (57502),0.0007030208201531826,True,0.001006035178223501,0.001006035178223501
105,MAP7D3 (79649),0.0007013650634340382,True,0.001240045521101128,0.001240045521101128
106,MYEOV (26579),0.0007007369121541598,True,-0.004394355243794373,0.004394355243794373
107,ANKS3 (124401),0.0006937250769783244,True,0.00172452589052494,0.00172452589052494
108,FGFR1 (2260),0.0006891838108008081,True,0.0029708211221976047,0.0029708211221976047
109,REST (5978),0.0006879111677815563,True,0.0010358294674605699,0.0010358294674605699
110,CCIN (881),0.000681814033235342,True,0.001231352146281612,0.001231352146281612
111,CTSH (1512),0.0006790191138580904,True,-0.0031311180523926263,0.0031311180523926263
112,MTUS1 (57509),0.000676410916085397,True,-0.0017470541510726668,0.0017470541510726668
113,PTCRA (171558),0.0006713326573032705,True,-0.005099277169003203,0.005099277169003203
114,CPLANE1 (65250),0.000660871608300925,True,0.002681184412012064,0.002681184412012064
115,SCAMP4 (113178),0.0006586789721803906,True,0.0025134188791539553,0.0025134188791539553
116,DNAH8 (1769),0.0006477392057589974,True,0.0024723871146299105,0.0024723871146299105
117,TRIM63 (84676),0.0006468748229867268,True,-0.0010160500532028108,0.0010160500532028108
118,CCRL2 (9034),0.0006466260190458983,True,-0.0028915220000097974,0.0028915220000097974
119,RNF11 (26994),0.0006455274685665381,True,0.0018469672909940098,0.0018469672909940098
120,INSYN1 (388135),0.0006395257192895184,True,0.0009521241652804123,0.0009521241652804123
121,DPPA2 (151871),0.0006358747147972787,True,0.003375436731446254,0.003375436731446254
122,MAP3K20 (51776),0.0006347542491108016,True,0.0015916182885888023,0.0015916182885888023
123,EFHD1 (80303),0.0006274508998006307,True,0.0019605349429734752,0.0019605349429734752
124,SHH (6469),0.0006261024231272721,True,-0.003010553959129965,0.003010553959129965
125,CHD3 (1107),0.0006244272027249858,True,0.002598173092176908,0.002598173092176908
126,VPS37B (79720),0.0006212502967771311,True,-0.0031251521504048036,0.0031251521504048036
127,ZNF610 (162963),0.0006190238201631058,True,0.0031004786797220398,0.0031004786797220398
128,ABCB11 (8647),0.000618579140312851,True,-0.00034142567343163795,0.00034142567343163795
129,RAB3B (5865),0.000618035500066833,True,0.004394838470185518,0.004394838470185518
130,PREPL (9581),0.0006143379642147547,True,0.0009102750074460068,0.0009102750074460068
131,OSBPL6 (114880),0.00061384839410755,True,0.0024737392830904616,0.0024737392830904616
132,ZNF14 (7561),0.0006137251690213662,True,0.0017810135333416596,0.0017810135333416596
133,MAGED2 (10916),0.0006118158675970565,True,0.00039545192042122253,0.00039545192042122253
134,PRSS33 (260429),0.0006091253625654165,True,-0.002088364471941845,0.002088364471941845
135,CDH24 (64403),0.0006076860951914631,True,0.001771803482101801,0.001771803482101801
136,MFAP4 (4239),0.0006071056491986362,True,0.0017256657271385919,0.0017256657271385919
137,TBC1D12 (23232),0.0006065627342529659,True,0.0050865463425019825,0.0050865463425019825
138,SDC2 (6383),0.0006060219869658123,True,0.0018741977914529008,0.0018741977914529008
139,ARL3 (403),0.0006059334272129792,True,0.00023421380529423076,0.00023421380529423076
140,RBMS3 (27303),0.0006057074574256676,True,0.0031179560095894628,0.0031179560095894628
141,ADAM33 (80332),0.0006046477231077499,True,0.004253244987276415,0.004253244987276415
142,EHF (26298),0.0006031851210173705,True,-0.002694927547649669,0.002694927547649669
143,AP2M1 (1173),0.0006017064523847076,True,0.0010017316577684557,0.0010017316577684557
144,CHAT (1103),0.0006015008316241932,True,0.000916142349429592,0.000916142349429592
145,GRM4 (2914),0.0005958652737342626,True,0.0008619116240107716,0.0008619116240107716
146,CREG2 (200407),0.0005954866565499487,True,-0.0029800510704343416,0.0029800510704343416
147,CYP3A5 (1577),0.0005937132946034397,True,-0.002062609987600178,0.002062609987600178
148,DBT (1629),0.0005912943988999084,True,0.000809071749703366,0.000809071749703366
149,SGCG (6445),0.0005907994377246183,True,0.0010438567808404879,0.0010438567808404879
150,ITGA2B (3674),0.0005889296515459452,True,0.0029605255603967554,0.0029605255603967554
151,ZNF512B (57473),0.0005881862047028184,True,0.0038808966951318444,0.0038808966951318444
152,USP28 (57646),0.0005864043707374314,True,0.0034457769003283186,0.0034457769003283186
153,ANKRD13C (81573),0.000586097632932976,True,0.004980663463737315,0.004980663463737315
154,USP54 (159195),0.0005849365368101101,True,-0.002891911314953815,0.002891911314953815
155,ABCA10 (10349),0.0005787061103759411,True,-0.0009707787116530863,0.0009707787116530863
156,UNC79 (57578),0.0005783015906899228,True,3.412147953538321e-05,3.412147953538321e-05
157,ZNF471 (57573),0.0005774074668029876,True,0.0032308734201349394,0.0032308734201349394
158,COPB2 (9276),0.0005757590213007314,True,0.002846367960231397,0.002846367960231397
159,DCLK1 (9201),0.0005747201772450671,True,0.006193343498972966,0.006193343498972966
160,MYOZ3 (91977),0.0005726931557020371,True,0.003251807549302088,0.003251807549302088
161,KRT6B (3854),0.000572402825422768,True,0.0017682487913335074,0.0017682487913335074
162,SBK2 (646643),0.0005720862102272406,True,0.0009565987100204297,0.0009565987100204297
163,HS3ST3B1 (9953),0.0005717093110024767,True,0.0009014431401801328,0.0009014431401801328
164,PRDM6 (93166),0.0005711491441721809,True,-0.0003697220728687161,0.0003697220728687161
165,FNBP1L (54874),0.0005707893210148192,True,0.000365590665694734,0.000365590665694734
166,LRRC14B (389257),0.0005698677611556841,True,0.0035862234315225624,0.0035862234315225624
167,ZG16B (124220),0.0005671735481528159,True,-0.0027611985650581486,0.0027611985650581486
168,TBL1X (6907),0.0005663481331526238,True,0.0005375131230342451,0.0005375131230342451
169,FERMT1 (55612),0.0005621164534424093,True,-0.0024941920853766455,0.0024941920853766455
170,ZNF559 (84527),0.0005587137811405474,True,0.0017033985584919093,0.0017033985584919093
171,ZNF578 (147660),0.0005577508008931979,True,0.0017454212572946576,0.0017454212572946576
172,ZFAND3 (60685),0.0005552021744952401,True,0.0030427638966401154,0.0030427638966401154
173,SH3BP1 (23616),0.0005549262412099368,True,-0.0015104039342102313,0.0015104039342102313
174,ULK2 (9706),0.0005541196096389252,True,0.0033976633664785324,0.0033976633664785324
175,ST6GAL2 (84620),0.0005530930618481282,True,-0.0018043860857034331,0.0018043860857034331
176,MAPK14 (1432),0.0005515032046598742,True,0.0029474284749324135,0.0029474284749324135
177,WDFY3 (23001),0.0005498181496323316,True,0.000855204980658282,0.000855204980658282
178,SDR16C5 (195814),0.0005479947305188394,True,-0.002826120892317217,0.002826120892317217
179,CYP46A1 (10858),0.0005477149308490229,True,0.0006301095712562788,0.0006301095712562788
180,ZBTB8A (653121),0.0005461258640505055,True,-0.0004933140271559609,0.0004933140271559609
181,SVIL (6840),0.0005455010712569266,True,-0.0016101442161290717,0.0016101442161290717
182,IGF2BP3 (10643),0.0005421088092446648,True,-0.0006432647773185428,0.0006432647773185428
183,PLPPR2 (64748),0.0005419896433719748,True,-0.0007196134705871471,0.0007196134705871471
184,SYNDIG1 (79953),0.0005415179774735858,True,0.00015760248787162446,0.00015760248787162446
185,ST3GAL5 (8869),0.0005409492987336346,True,-0.003311289517129796,0.003311289517129796
186,PLCB4 (5332),0.0005395692415382918,True,0.004863654604931192,0.004863654604931192
187,ANO1 (55107),0.0005351291062629,True,-0.002828862342665624,0.002828862342665624
188,BRD3 (8019),0.0005328094907991331,True,-0.0003950380112431526,0.0003950380112431526
189,RRAGB (10325),0.0005323771333356899,True,0.0026316241542817496,0.0026316241542817496
190,MSX1 (4487),0.0005308035168792969,True,0.004672638767495822,0.004672638767495822
191,MT-ATP6 (4508),0.000527066882272069,True,-0.0019369780267280566,0.0019369780267280566
192,ZNF681 (148213),0.0005270216589254433,True,-0.0015722354503226541,0.0015722354503226541
193,COL18A1 (80781),0.0005265975282594821,True,0.0010875563278805215,0.0010875563278805215
194,PSMD10 (5716),0.0005258917835014023,True,0.000993135151330637,0.000993135151330637
195,KIF1A (547),0.0005240749262533295,True,0.0021685344965504095,0.0021685344965504095
196,CRMP1 (1400),0.0005222736215600848,True,-0.0007703882063115092,0.0007703882063115092
197,TFE3 (7030),0.000522180049862199,True,0.002423227823190127,0.002423227823190127
198,ZNF417 (147687),0.0005220984895554084,True,0.0011393249736206428,0.0011393249736206428
199,ZNF727 (442319),0.0005218347900150633,True,-9.732252705403567e-05,9.732252705403567e-05
200,EVL (51466),0.0005206507795472491,True,0.0013669224584570456,0.0013669224584570456
201,MRFAP1 (93621),0.0005197619183451821,True,-0.0006420205878257014,0.0006420205878257014
202,ODAD2 (55130),0.0005197154915524597,True,-0.0004605643186160614,0.0004605643186160614
203,WTIP (126374),0.000517858732994902,True,0.0019119919517575313,0.0019119919517575313
204,ZNF570 (148268),0.0005168177894335022,True,0.00046729622444666434,0.00046729622444666434
205,AREG (374),0.0005163654940648825,True,-0.001964262336295832,0.001964262336295832
206,SAXO1 (158297),0.0005139451563323671,True,0.001943984099563631,0.001943984099563631
207,NOL4 (8715),0.0005128261647845847,True,0.00019298414199360242,0.00019298414199360242
208,PHLDA2 (7262),0.0005128026731994893,True,0.0006457393496036571,0.0006457393496036571
209,RXRG (6258),0.0005118766407002988,True,-0.002543867295298461,0.002543867295298461
210,MMEL1 (79258),0.0005068208853459214,True,-0.001639313253261066,0.001639313253261066
211,HS6ST1 (9394),0.0005064799123190874,True,0.0006338346146463164,0.0006338346146463164
212,GPR162 (27239),0.0005059548273406373,True,-0.0005189679432061152,0.0005189679432061152
213,TMEFF2 (23671),0.0005052707117564164,True,0.0018261785348181305,0.0018261785348181305
214,ZNF529 (57711),0.0005036605198692404,True,-0.000723169791715677,0.000723169791715677
215,CEP295 (85459),0.0005000742827778238,True,0.003460621939959212,0.003460621939959212
216,ZFYVE9 (9372),0.0004985412794954701,True,0.004174309428790435,0.004174309428790435
217,ADD2 (119),0.0004984163212670976,True,-0.0005285651707679094,0.0005285651707679094
218,SNAP91 (9892),0.0004981762175492889,True,0.001051621268157445,0.001051621268157445
219,MTMR12 (54545),0.0004974623668458407,True,0.0017256766258262296,0.0017256766258262296
220,NKIRAS2 (28511),0.0004944681768418372,True,0.0006066220959320577,0.0006066220959320577
221,PAX6 (5080),0.0004925187042732985,True,0.000280821443296651,0.000280821443296651
222,RPL7L1 (285855),0.0004906902964064245,True,0.0020315778382184314,0.0020315778382184314
223,JPT2 (90861),0.0004901134931222493,True,0.004220298115370216,0.004220298115370216
224,PLAUR (5329),0.0004900088400765375,True,-0.0019066083158731143,0.0019066083158731143
225,HIVEP1 (3096),0.0004895134014402181,True,0.001693298108431389,0.001693298108431389
226,DSEL (92126),0.0004890077608735327,True,0.0027110805639992096,0.0027110805639992096
227,PCSK6 (5046),0.0004884504824317491,True,-0.004268604039375285,0.004268604039375285
228,DUSP4 (1846),0.00048740927537214285,True,-0.00036502505710164757,0.00036502505710164757
229,SHISA9 (729993),0.0004869957384497884,True,0.0004346688568721835,0.0004346688568721835
230,USP13 (8975),0.00048698136456719636,True,-0.0008633748504757498,0.0008633748504757498
231,PTK6 (5753),0.00048689334872891626,True,-0.0006450033179652278,0.0006450033179652278
232,CNN3 (1266),0.00048688996742834496,True,-0.00038668168933678063,0.00038668168933678063
233,ZCWPW2 (152098),0.0004848532219352489,True,0.0026687578184666377,0.0026687578184666377
234,SH3GL1 (6455),0.00048438921611720676,True,-0.0004419644181756577,0.0004419644181756577
235,MEIOC (284071),0.00048438484102101875,True,-0.0001813429828943144,0.0001813429828943144
236,RAD1 (5810),0.0004824290548813886,True,0.0019652277606325825,0.0019652277606325825
237,APBA2 (321),0.00048109205127165616,True,0.0019487536136016585,0.0019487536136016585
238,LEMD2 (221496),0.00047969249072518015,True,0.002860027411897497,0.002860027411897497
239,PLEKHA3 (65977),0.00047746759473923857,True,0.0011959484638166544,0.0011959484638166544
240,CRBN (51185),0.00047718252531627403,True,0.001008339824150225,0.001008339824150225
241,ARHGAP6 (395),0.000475716462479871,True,0.0015464658779216298,0.0015464658779216298
242,HYAL4 (23553),0.00047493270625273426,True,-0.0017041935181434644,0.0017041935181434644
243,AOX1 (316),0.00047412508717034987,True,0.0031180248318362766,0.0031180248318362766
244,HYAL1 (3373),0.0004732276645136497,True,-0.001749507403252561,0.001749507403252561
245,ITGAE (3682),0.0004715816112642242,True,0.0015115045067576648,0.0015115045067576648
246,ZNF250 (58500),0.00047138479897011575,True,-0.002436604489518451,0.002436604489518451
247,LRP1B (53353),0.00047005107933139494,True,-0.0017295382029090876,0.0017295382029090876
248,ZNF563 (147837),0.0004674851796570336,True,0.0020643263795410167,0.0020643263795410167
249,PTGER3 (5733),0.00046731175591548406,True,0.0009647419576843089,0.0009647419576843089
250,ODAD3 (115948),0.00046652994251189446,True,0.0009183808005346284,0.0009183808005346284
251,MYEF2 (50804),0.000465038655003533,True,0.0020502732026702495,0.0020502732026702495
252,SIKE1 (80143),0.0004647048490857431,True,0.004232795771366862,0.004232795771366862
253,STUM (375057),0.00046427369794772936,True,0.0007830670788889977,0.0007830670788889977
254,CAMK2N1 (55450),0.0004640776682635423,True,-0.003279340754682252,0.003279340754682252
255,SHISA7 (729956),0.0004639229218974219,True,0.0010420649713762911,0.0010420649713762911
256,SRPX (8406),0.0004625886749761906,True,-0.001719627929800939,0.001719627929800939
257,ZFP2 (80108),0.00046251903969028615,True,-0.0003498408076091884,0.0003498408076091884
258,ELAVL1 (1994),0.0004601296666911709,True,0.00011988872109912991,0.00011988872109912991
259,CFAP206 (154313),0.00045872577990573884,True,0.0011643665805587088,0.0011643665805587088
260,ALDH1A3 (220),0.00045783201293312053,True,-0.0018803228172987346,0.0018803228172987346
261,INPP5F (22876),0.00045778088382421566,True,-0.002343707866271614,0.002343707866271614
262,ZNF66 (7617),0.00045724639639601916,True,0.0013352141479337036,0.0013352141479337036
263,ZNF723 (646864),0.0004572076193295617,True,0.0032737494770708996,0.0032737494770708996
264,LMOD1 (25802),0.0004568948551752233,True,0.0017395538046248058,0.0017395538046248058
265,CDAN1 (146059),0.00045679839795292106,True,0.0033627632770419865,0.0033627632770419865
266,ARHGAP44 (9912),0.0004566777341709812,True,0.0019277241050093459,0.0019277241050093459
267,PROC (5624),0.0004557246658980618,True,-0.0013113280530492061,0.0013113280530492061
268,HECTD4 (283450),0.00045568348646149345,True,0.0017476689035645302,0.0017476689035645302
269,NXPE3 (91775),0.00045546107199062385,True,0.0023652034627941816,0.0023652034627941816
270,NALF2 (27112),0.00045489538149199986,True,-0.00012760735916641792,0.00012760735916641792
271,COL17A1 (1308),0.0004538260817510007,True,-0.0004164149116916145,0.0004164149116916145
272,ZNF829 (374899),0.0004538091231141731,True,0.001868541712201138,0.001868541712201138
273,SOX3 (6658),0.000452178696941393,True,0.0011224395318770424,0.0011224395318770424
274,C15orf39 (56905),0.0004466975140264257,True,-0.0026989592229591055,0.0026989592229591055
275,CNTNAP1 (8506),0.0004453606792822801,True,0.0014283273657948172,0.0014283273657948172
276,LIPH (200879),0.00044507040705808265,True,0.00025343802956830997,0.00025343802956830997
277,CNTNAP3B (728577),0.0004443869219266541,True,-0.0053879299884348,0.0053879299884348
278,BMP8A (353500),0.0004436585842357341,True,0.0008108473572392973,0.0008108473572392973
279,SLC35E2B (728661),0.0004428208867064779,True,0.0022260255962083756,0.0022260255962083756
280,KIF6 (221458),0.00044257835268279253,True,-1.7689531173600316e-05,1.7689531173600316e-05
281,CIB1 (10519),0.0004423680875904276,True,-0.0015885461527385106,0.0015885461527385106
282,FRRS1L (23732),0.0004423678620786214,True,0.002471316625676917,0.002471316625676917
283,COL22A1 (169044),0.0004421693783578985,True,-0.0029279415254617287,0.0029279415254617287
284,GPR63 (81491),0.00044021597450676157,True,-0.000127776332139571,0.000127776332139571
285,PDZRN4 (29951),0.0004401492881141771,True,-0.0030000251575937236,0.0030000251575937236
286,ZNF354C (30832),0.0004396496173789443,True,0.0008330622305356755,0.0008330622305356755
287,ARNT (405),0.0004385846300449218,True,0.0005692359328232803,0.0005692359328232803
288,USP49 (25862),0.00043847915032772084,True,0.0008653184429296217,0.0008653184429296217
289,TLCD5 (219902),0.00043779672154495135,True,-0.0004054870862054647,0.0004054870862054647
290,GOLGA7B (401647),0.00043714877865739935,True,-0.002788962254793498,0.002788962254793498
291,NREP (9315),0.00043687985509808657,True,0.002549334920666839,0.002549334920666839
292,MIA (8190),0.0004367621617353757,True,0.00017137490777720601,0.00017137490777720601
293,CCDC82 (79780),0.0004339093075066963,True,-4.809668557766676e-05,4.809668557766676e-05
294,TPM1 (7168),0.00043375768392325223,True,-0.00056088543161315,0.00056088543161315
295,FOXQ1 (94234),0.00043374697367448456,True,-0.0031027513804391185,0.0031027513804391185
296,ZNF627 (199692),0.0004337124285546863,True,0.0005728372955982559,0.0005728372955982559
297,ID4 (3400),0.00043348126877144574,True,-0.0006226245720693171,0.0006226245720693171
298,AKAP5 (9495),0.00043181832816590926,True,-0.0006000016243679115,0.0006000016243679115
299,MAST4 (375449),0.0004312075841380459,True,-0.003068544968761601,0.003068544968761601
300,SKA1 (220134),0.00043067776055441694,True,0.00045083820924023956,0.00045083820924023956
301,PAX8 (7849),0.00043060381247389225,True,0.003419680595013007,0.003419680595013007
302,RTP4 (64108),0.00042911713055514034,True,-0.003044961344307465,0.003044961344307465
303,CNKSR1 (10256),0.00042860319846642223,True,0.0007349524836677776,0.0007349524836677776
304,ZNF780B (163131),0.0004269432718120213,True,0.002509340451321401,0.002509340451321401
305,SRXN1 (140809),0.0004260858940599571,True,0.0015859082726082043,0.0015859082726082043
306,TRIP13 (9319),0.0004257383275431442,True,0.0014188045042848566,0.0014188045042848566
307,ZFP1 (162239),0.000424928942982396,True,-0.0015824925454373047,0.0015824925454373047
308,XPO6 (23214),0.00042395021453554203,True,0.0013277236848253243,0.0013277236848253243
309,TIGD7 (91151),0.00042289704643910526,True,0.0026229378630283507,0.0026229378630283507
310,POTEI (653269),0.0004227925998858132,True,0.0019351251163921884,0.0019351251163921884
311,IPMK (253430),0.00042126941089650887,True,0.005122734434599298,0.005122734434599298
312,TNS4 (84951),0.0004210033872722962,True,-0.002759292088193037,0.002759292088193037
313,GREB1 (9687),0.0004204291713101181,True,0.0011469423263522896,0.0011469423263522896
314,CCR1 (1230),0.0004194255712018711,True,-0.0026790962059552318,0.0026790962059552318
315,LONRF3 (79836),0.00041922032268773915,True,-0.002664325417823757,0.002664325417823757
316,ZNF737 (100129842),0.00041899427838045666,True,-0.0006869326006912137,0.0006869326006912137
317,ZNF568 (374900),0.00041833399114959356,True,0.0008826293212987535,0.0008826293212987535
318,PAGR1 (79447),0.0004178437314641663,True,0.0030690499087391195,0.0030690499087391195
319,NFYB (4801),0.0004171754197800149,True,0.000515357193253444,0.000515357193253444
320,RNF125 (54941),0.0004170022762155009,True,-0.0009592617797702526,0.0009592617797702526
321,AP1S3 (130340),0.00041689500177554604,True,0.00021154251236123124,0.00021154251236123124
322,ELAPOR1 (57535),0.0004158587001049139,True,0.002205527223351691,0.002205527223351691
323,GADD45B (4616),0.0004156775875673393,True,0.00025181101214290843,0.00025181101214290843
324,TTLL7 (79739),0.00041543182746439585,True,0.000634554544504424,0.000634554544504424
325,ERVW-1 (30816),0.00041504788411532873,True,-0.00040387893592824754,0.00040387893592824754
326,ERI3 (79033),0.00041472504770353547,True,0.0004964525821054536,0.0004964525821054536
327,ZNF177 (7730),0.0004134552912055642,True,-0.000464363665066514,0.000464363665066514
328,MAD2L1BP (9587),0.00041303520065811704,True,0.00036048285566998286,0.00036048285566998286
329,ASB9 (140462),0.00041290349861723626,True,-0.0007704798731788887,0.0007704798731788887
330,MTCL2 (140710),0.0004120478756375739,True,0.0024703024017425803,0.0024703024017425803
331,LRTM2 (654429),0.00041097488804605817,True,0.0016256963361236838,0.0016256963361236838
332,MT-CO3 (4514),0.0004106013825409109,True,-0.0019757937665434554,0.0019757937665434554
333,CCDC9B (388115),0.0004094204762013207,True,-0.0015178224468603949,0.0015178224468603949
334,CEP89 (84902),0.0004093098500711608,True,-0.0012194314554645938,0.0012194314554645938
335,GHDC (84514),0.0004085583840299578,True,-0.0012962635582923984,0.0012962635582923984
336,MEAF6 (64769),0.00040853979457039285,True,0.0003803493082813103,0.0003803493082813103
337,CACNA1B (774),0.0004071506607209474,True,-0.0003508300908233665,0.0003508300908233665
338,RPGRIP1L (23322),0.0004068913021452793,True,0.002072236661212633,0.002072236661212633
339,WNT5A (7474),0.0004065463386342428,True,0.0021225056713579196,0.0021225056713579196
340,SNTG2 (54221),0.00040650989052404464,True,3.4009758717485966e-05,3.4009758717485966e-05
341,BOD1 (91272),0.0004061020649920449,True,0.0015722032993276379,0.0015722032993276379
342,DOP1B (9980),0.0004059222134847451,True,0.002004990161404017,0.002004990161404017
343,FAF1 (11124),0.0004052129370771077,True,-0.0008731249603849663,0.0008731249603849663
344,TTC28 (23331),0.0004050613715210413,True,-0.0008063501334972494,0.0008063501334972494
345,TMEM179 (388021),0.00040446263511479216,True,0.0011567519448190005,0.0011567519448190005
346,TTLL4 (9654),0.00040377782142340967,True,-0.00018400576484373576,0.00018400576484373576
347,SLC45A3 (85414),0.0004031486518493936,True,-0.002965902456219241,0.002965902456219241
348,FAM136A (84908),0.000402814137014348,True,0.002098222701500116,0.002098222701500116
349,PANO1 (101927423),0.00040264482704251256,True,4.1089724618911545e-05,4.1089724618911545e-05
350,ZNF709 (163051),0.000402494756239738,True,0.0014745393615978033,0.0014745393615978033
351,HECTD2 (143279),0.0004009275010934087,True,0.0010606998092193172,0.0010606998092193172
352,RNF41 (10193),0.0004005869757385412,True,0.0015796631805203045,0.0015796631805203045
353,ZNF599 (148103),0.0004002692528581788,True,-0.00018056287698653027,0.00018056287698653027
354,MMP28 (79148),0.00039978120653853913,True,-0.001866798000599399,0.001866798000599399
355,USP2 (9099),0.00039946369420211855,True,0.000400946794788051,0.000400946794788051
356,TRPM2 (7226),0.0003989413836712235,True,0.003475217002911681,0.003475217002911681
357,DNAJC25 (548645),0.0003971951352111797,True,0.002453079742627107,0.002453079742627107
358,ALX4 (60529),0.000397004989895825,True,0.0010542872139859506,0.0010542872139859506
359,GHRL (51738),0.0003968310916283118,True,0.0005950087943580188,0.0005950087943580188
360,HHIPL2 (79802),0.00039620060540717343,True,0.0021246306442866975,0.0021246306442866975
361,RAB27B (5874),0.0003952579176294626,True,-0.00254317405477748,0.00254317405477748
362,RSPRY1 (89970),0.000394934697852738,True,-0.0027128972873993297,0.0027128972873993297
363,SCARA3 (51435),0.0003932261048778876,True,0.0020399858561088767,0.0020399858561088767
364,ZNF732 (654254),0.0003928261845978031,True,0.0018194944981410938,0.0018194944981410938
365,CREB3L3 (84699),0.00039282476058805673,True,-0.002500482228518454,0.002500482228518454
366,GPATCH3 (63906),0.000392133439069796,True,0.002147864239254807,0.002147864239254807
367,SIPA1L3 (23094),0.00039194728686330364,True,0.00035819124228162196,0.00035819124228162196
368,CLTCL1 (8218),0.0003918075235502602,True,0.0012036466594766613,0.0012036466594766613
369,ABLIM3 (22885),0.0003916001281247949,True,-0.0023851323092369077,0.0023851323092369077
370,PITHD1 (57095),0.0003912863847533014,True,0.00137639220798139,0.00137639220798139
371,VWDE (221806),0.0003911519674298861,True,0.0009957374832717954,0.0009957374832717954
372,EVI5L (115704),0.00038989072042378356,True,0.0007339880498371683,0.0007339880498371683
373,FERMT2 (10979),0.00038977010553873,True,0.00017539255667436667,0.00017539255667436667
374,PRDM5 (11107),0.0003895515456422469,True,0.0014594331898903344,0.0014594331898903344
375,KIAA1191 (57179),0.0003890655921934605,True,0.0005146491301469528,0.0005146491301469528
376,ZNF491 (126069),0.00038888645709395895,True,-0.00069421196923828,0.00069421196923828
377,DIXDC1 (85458),0.0003887341070818823,True,0.0008436518029797946,0.0008436518029797946
378,ANK1 (286),0.000388705181759136,True,-0.0011189662505792614,0.0011189662505792614
379,PIWIL2 (55124),0.00038826125602141754,True,-0.004349364578358078,0.004349364578358078
380,THAP3 (90326),0.000388088389989249,True,0.0011928305464943036,0.0011928305464943036
381,INPP1 (3628),0.00038757406595742617,True,-0.0036720493634168814,0.0036720493634168814
382,SERPINA3 (12),0.0003874785140340071,True,-0.0027912917964087007,0.0027912917964087007
383,RAB33B (83452),0.0003866582108935641,True,0.0006102455091626662,0.0006102455091626662
384,TMEM214 (54867),0.00038648245979936027,True,0.0010722734386056907,0.0010722734386056907
385,ZZZ3 (26009),0.00038642762027946083,True,-8.018101246015565e-05,8.018101246015565e-05
386,TRIP6 (7205),0.0003861470522210565,True,-0.0032230898081359646,0.0032230898081359646
387,RIMKLB (57494),0.00038585524294273537,True,0.0033531571635393395,0.0033531571635393395
388,PRR36 (80164),0.00038564512775586627,True,-0.0010016738383330972,0.0010016738383330972
389,FOS (2353),0.0003855998546589774,True,-0.0019101795972353607,0.0019101795972353607
390,CST3 (1471),0.00038526431024978134,True,-0.0019509501272082469,0.0019509501272082469
391,ZFP69B (65243),0.00038505634426384974,True,0.0010081898142510152,0.0010081898142510152
392,TUBA1A (7846),0.00038470282551906327,True,0.0009454419929605553,0.0009454419929605553
393,TBX20 (57057),0.0003832297038339265,True,0.004449716769292028,0.004449716769292028
394,ZNF571 (51276),0.0003827734829289997,True,0.001142727577146246,0.001142727577146246
395,STK32C (282974),0.00038235434768630055,True,0.0006325745622719921,0.0006325745622719921
396,FAM8A1 (51439),0.00038206751701134914,True,-0.00197231160283483,0.00197231160283483
397,KRT12 (3859),0.0003819743642839134,True,-0.0036907681649238867,0.0036907681649238867
398,PYGO1 (26108),0.000379179571630754,True,0.0009761646061615926,0.0009761646061615926
399,GJB3 (2707),0.00037906401469577696,True,-0.00030562518420145066,0.00030562518420145066
400,PTPN21 (11099),0.0003790307222717362,True,0.0009711880186799943,0.0009711880186799943
401,MON2 (23041),0.0003786117642774701,True,0.0001300199163767376,0.0001300199163767376
402,PIGR (5284),0.0003784474305042643,True,-0.00118942333051622,0.00118942333051622
403,CCNG2 (901),0.0003778855207618147,True,0.0017310097160589764,0.0017310097160589764
404,ARTN (9048),0.0003776499653531072,True,0.002354469851365738,0.002354469851365738
405,CXCL1 (2919),0.00037728440936321377,True,0.0012776688949726605,0.0012776688949726605
406,S100PBP (64766),0.000377134301454963,True,0.0009379603280210082,0.0009379603280210082
407,RIBC1 (158787),0.0003771008226692432,True,0.002588908111916609,0.002588908111916609
408,TAF7L (54457),0.000376534434416922,True,-0.007492696675976357,0.007492696675976357
409,RTN1 (6252),0.00037630782785363996,True,-0.0005199487541592768,0.0005199487541592768
410,HLA-F (3134),0.00037566849430754044,True,-0.0019800996898653566,0.0019800996898653566
411,OSBPL3 (26031),0.00037544677519860077,True,-0.002888880140702466,0.002888880140702466
412,DPH1 (1801),0.0003753984928007792,True,0.0014158460634588828,0.0014158460634588828
413,CD160 (11126),0.0003745320181718787,True,0.0017920791957710853,0.0017920791957710853
414,DNAH2 (146754),0.0003738991258704148,True,-0.0015296102083792984,0.0015296102083792984
415,SAYSD1 (55776),0.00037287451491791623,True,0.0009782999419733255,0.0009782999419733255
416,TAOK2 (9344),0.0003728255265774462,True,0.001263771393926135,0.001263771393926135
417,SPSB4 (92369),0.00037280582697905363,True,-0.0014932079550209233,0.0014932079550209233
418,PCSK1N (27344),0.0003726905851849152,True,-0.00018382117570149722,0.00018382117570149722
419,TNS1 (7145),0.00037093823610868064,True,0.0006995714465754385,0.0006995714465754385
420,MBD1 (4152),0.0003708747973091777,True,0.0002565301617321405,0.0002565301617321405
421,PTS (5805),0.00037057223681363,True,0.0034335129087399675,0.0034335129087399675
422,LIPE (3991),0.0003704184020639343,True,-0.0033779126142983243,0.0033779126142983243
423,VKORC1L1 (154807),0.0003703037715599948,True,0.001775045618592725,0.001775045618592725
424,UCHL1 (7345),0.00036901716399760507,True,0.0018491136827696614,0.0018491136827696614
425,AVPI1 (60370),0.00036888461728408424,True,-0.0010357772959919023,0.0010357772959919023
426,FAT4 (79633),0.0003677137496429451,True,0.0004915811307844983,0.0004915811307844983
427,PLAT (5327),0.0003670876781153329,True,-0.0036808695535446674,0.0036808695535446674
428,FLYWCH2 (114984),0.00036683055623902707,True,0.0011041241461165596,0.0011041241461165596
429,IFT122 (55764),0.0003660921699997486,True,-0.0005122170481510757,0.0005122170481510757
430,CDC23 (8697),0.0003660525342128426,True,0.0009031941912282459,0.0009031941912282459
431,ZC3H10 (84872),0.00036547333555388714,True,0.0006917381378774368,0.0006917381378774368
432,PGR (5241),0.00036513333188526614,True,-0.0004269838342927579,0.0004269838342927579
433,AQP3 (360),0.00036498473221995893,True,-0.0025753171603324658,0.0025753171603324658
434,ZFPM1 (161882),0.00036477724634581874,True,-0.0016136954226400801,0.0016136954226400801
435,GSC (145258),0.0003637515203138976,True,-0.0004119371541468428,0.0004119371541468428
436,ASB8 (140461),0.00036288485059867895,True,0.0004771962116006641,0.0004771962116006641
437,MBTPS1 (8720),0.00036217934601587883,True,0.0012483807635864596,0.0012483807635864596
438,S1PR1 (1901),0.00036172857048746506,True,0.0036839604389286,0.0036839604389286
439,ZFP3 (124961),0.000361433396095007,True,0.00203517023850678,0.00203517023850678
440,ZNF317 (57693),0.0003612973722065739,True,0.0017061252038360832,0.0017061252038360832
441,HCFC2 (29915),0.00035952377700486436,True,-0.00042604235047847866,0.00042604235047847866
442,MLF1 (4291),0.00035852259851293887,True,0.0007996711059283438,0.0007996711059283438
443,ZNF736 (728927),0.0003584436866062982,True,0.0012171153005129198,0.0012171153005129198
444,TRIM51 (84767),0.000358430188112914,True,-0.0025620918918142733,0.0025620918918142733
445,SLC38A5 (92745),0.00035769744860029816,True,-0.008035091702021787,0.008035091702021787
446,XPOT (11260),0.0003575734701397587,True,0.001136435130939462,0.001136435130939462
447,FAM81A (145773),0.0003574215238381037,True,-0.0015752577614792978,0.0015752577614792978
448,CAMTA1 (23261),0.0003569147785187259,True,0.00224303563029299,0.00224303563029299
449,ADGRG6 (57211),0.0003567440674541284,True,-0.0027226575005251893,0.0027226575005251893
450,FAM53A (152877),0.0003563427702758903,True,0.001201571751687248,0.001201571751687248
451,SLCO1B7 (338821),0.0003545578280159504,True,-0.0038841351968154597,0.0038841351968154597
452,MELTF (4241),0.00035332950730966074,True,-0.0041835695898100565,0.0041835695898100565
453,LGR4 (55366),0.0003528579018903293,True,-3.7449183107015065e-05,3.7449183107015065e-05
454,QRICH2 (84074),0.0003526626101212894,True,4.073067724923358e-05,4.073067724923358e-05
455,PRRC2A (7916),0.000352195927918929,True,0.0012697525603691721,0.0012697525603691721
456,RCAN2 (10231),0.0003508124810686265,True,0.0008424963611859898,0.0008424963611859898
457,ZNF451 (26036),0.000350661798792196,True,0.0008752080097227917,0.0008752080097227917
458,GC (2638),0.0003503730679468039,True,-0.0020483396510233083,0.0020483396510233083
459,CLIC2 (1193),0.00035035772674369575,True,0.00276250457475612,0.00276250457475612
460,SERPINB1 (1992),0.00035010904803766394,True,-0.0029253649237023192,0.0029253649237023192
461,RETSAT (54884),0.00034996858613635655,True,-0.0036928527874425642,0.0036928527874425642
462,DENND2A (27147),0.00034902775737546195,True,0.005995365239595973,0.005995365239595973
463,ATL3 (25923),0.00034864326857980894,True,0.0018617504185100776,0.0018617504185100776
464,FAM131B (9715),0.00034736825864685114,True,-0.0014439032358713236,0.0014439032358713236
465,SPART (23111),0.00034728873114528495,True,0.0010018309142695435,0.0010018309142695435
466,ZNF579 (163033),0.00034695813335735106,True,0.0002678481504240841,0.0002678481504240841
467,TMEM65 (157378),0.00034673644078844784,True,0.0014399667999124678,0.0014399667999124678
468,SARNP (84324),0.0003465815048349561,True,0.0015755759214122523,0.0015755759214122523
469,GNL2 (29889),0.0003465350654832618,True,0.00075751051570458,0.00075751051570458
470,ZNF391 (346157),0.0003461086475539825,True,0.002795010914708421,0.002795010914708421
471,ZRSR2 (8233),0.0003459502012078724,True,0.00028715420241939155,0.00028715420241939155
472,SLC52A3 (113278),0.00034566270664505074,True,-0.0008739956127658327,0.0008739956127658327
473,GJB1 (2705),0.00034497900887371375,True,-0.0029693896830364132,0.0029693896830364132
474,KLHDC3 (116138),0.00034484185577552334,True,0.0014686251507232333,0.0014686251507232333
475,GNB1 (2782),0.00034453259039316447,True,5.1984651361697796e-05,5.1984651361697796e-05
476,ZCCHC8 (55596),0.00034434282823187184,True,-3.8576208642788394e-05,3.8576208642788394e-05
477,ZNF346 (23567),0.00034424202327592635,True,0.0010491742566880783,0.0010491742566880783
478,BCL2L14 (79370),0.0003438046774024936,True,-0.0016245031847660204,0.0016245031847660204
479,HABP4 (22927),0.000342624362635169,True,1.8220438831800215e-05,1.8220438831800215e-05
480,IQCA1 (79781),0.0003423050460681204,True,-0.0052052538199500375,0.0052052538199500375
481,MC1R (4157),0.0003414348040633108,True,-7.444974017445176e-05,7.444974017445176e-05
482,CNTNAP3C (100289279),0.000341373773438231,True,-0.00427558405453224,0.00427558405453224
483,KCNN4 (3783),0.00034096283901408704,True,-0.0037926112929812083,0.0037926112929812083
484,HES4 (57801),0.00034083471826554934,True,0.0018981597465483684,0.0018981597465483684
485,PCK2 (5106),0.000340371407351771,True,-0.0016369962017121036,0.0016369962017121036
486,TMEM237 (65062),0.00034000934854898124,True,0.0008518274877995771,0.0008518274877995771
487,CD109 (135228),0.0003375273725472902,True,-0.0005546622682107722,0.0005546622682107722
488,ZNF669 (79862),0.0003374214216768862,True,0.0026648733504260206,0.0026648733504260206
489,RPS6KA3 (6197),0.0003373789375787993,True,-0.0015341024803593093,0.0015341024803593093
490,FLVCR2 (55640),0.00033683968135431733,True,-0.0008844485130972331,0.0008844485130972331
491,TAGLN (6876),0.0003360619119225312,True,0.0033047974870054394,0.0033047974870054394
492,PXDN (7837),0.00033551506990180796,True,0.001496222349441707,0.001496222349441707
493,B3GNT3 (10331),0.0003352751941003845,True,-0.0015349426916507229,0.0015349426916507229
494,SLC49A4 (84925),0.0003342907573968035,True,9.981095036958141e-05,9.981095036958141e-05
495,TWSG1 (57045),0.0003339792238759943,True,-0.0004621730260161898,0.0004621730260161898
496,SNAI2 (6591),0.00033379496073870056,True,-0.000997035741271979,0.000997035741271979
497,SPRY4 (81848),0.0003336122073091651,True,-0.003309124567414982,0.003309124567414982
498,PXDNL (137902),0.0003332084572887012,True,0.00457291034133514,0.00457291034133514
499,CYYR1 (116159),0.0003331673953228784,True,-0.0011490638499582477,0.0011490638499582477
500,DNAJB5 (25822),0.00033271788118835363,True,-0.0008177745420072163,0.0008177745420072163
501,UBTF (7343),0.00033178147153795935,True,0.0015924883983614432,0.0015924883983614432
502,ZNF254 (9534),0.0003304358830046738,True,-0.0022473911456283285,0.0022473911456283285
503,KCNK12 (56660),0.00033035019929069845,True,0.0009361631711040762,0.0009361631711040762
504,CMTM7 (112616),0.0003293612887137661,True,-0.0015408814790247168,0.0015408814790247168
505,FAM171A1 (221061),0.0003292287682514131,True,0.0036563706296820916,0.0036563706296820916
506,NUTM2B (729262),0.0003291628933465857,True,0.0023728663287111004,0.0023728663287111004
507,NUDCD2 (134492),0.00032908216546597926,True,0.000737745610862679,0.000737745610862679
508,TGFBR2 (7048),0.0003271653512759605,True,0.0004449095066009547,0.0004449095066009547
509,PDCD2L (84306),0.00032701675764427605,True,-0.0011768433723919377,0.0011768433723919377
510,OGFRL1 (79627),0.00032681011957736073,True,0.003938757698190033,0.003938757698190033
511,ZFP36L2 (678),0.00032605988362456167,True,-0.0022567865250911383,0.0022567865250911383
512,TMEM51 (55092),0.0003260196846319659,True,-0.0023354547146575986,0.0023354547146575986
513,GJC2 (57165),0.0003257779204429302,True,-0.00030156775172562314,0.00030156775172562314
514,TMEM92 (162461),0.000325622284592119,True,-0.0005068054211768747,0.0005068054211768747
515,MAL (4118),0.0003252809189844986,True,-0.0011543057800170785,0.0011543057800170785
516,HSPG2 (3339),0.00032524162844961086,True,-0.002528239162403289,0.002528239162403289
517,ADORA2B (136),0.0003251172491513435,True,-0.0006582515357952282,0.0006582515357952282
518,PRUNE1 (58497),0.0003249542969876055,True,0.0008851326348590215,0.0008851326348590215
519,GNAL (2774),0.0003239973965578617,True,-0.0009801413111991508,0.0009801413111991508
520,TRIT1 (54802),0.00032374821842553466,True,-0.0006611209856944272,0.0006611209856944272
521,MAPRE1 (22919),0.00032373856932489437,True,0.0006549484842120839,0.0006549484842120839
522,MRFAP1L2 (93622),0.0003226726211543236,True,0.001832084080977992,0.001832084080977992
523,ELF2 (1998),0.0003221033861614705,True,0.00041016047707583035,0.00041016047707583035
524,FAM200C (63920),0.00032136950659846983,True,0.0012389531194899337,0.0012389531194899337
525,HNRNPUL1 (11100),0.00032057872841969665,True,-0.0010365044178980661,0.0010365044178980661
526,TSTD3 (100130890),0.0003195059504454209,True,0.0002679360142908479,0.0002679360142908479
527,SHROOM3 (57619),0.0003188867306869106,True,0.00043982381492944467,0.00043982381492944467
528,KRT27 (342574),0.00031836227990503176,True,-0.002250298294184698,0.002250298294184698
529,PIGB (9488),0.0003182918496907217,True,-0.002504230169112986,0.002504230169112986
530,SZT2 (23334),0.00031819729186900037,True,0.0009267486724695313,0.0009267486724695313
531,LACC1 (144811),0.0003179011006402001,True,-0.0009711448194166606,0.0009711448194166606
532,MAP3K1 (4214),0.000317069790618821,True,0.00039248335149933724,0.00039248335149933724
533,RUNDC3B (154661),0.0003169415461797089,True,0.0005136488574962322,0.0005136488574962322
534,PHLDA1 (22822),0.0003168873339064921,True,-0.0028080581016055343,0.0028080581016055343
535,KCNRG (283518),0.0003163973722643172,True,-0.0004942970732629767,0.0004942970732629767
536,RHD (6007),0.00031618008851302276,True,-0.0003204313493631578,0.0003204313493631578
537,RELA (5970),0.00031568252143992825,True,0.0013458374716184228,0.0013458374716184228
538,CYRIA (81553),0.00031516880639749116,True,-0.00047735918227757884,0.00047735918227757884
539,CLIP2 (7461),0.00031481853029040503,True,-0.0002007060550675429,0.0002007060550675429
540,GPNMB (10457),0.00031445467543154954,True,0.0012665325746367632,0.0012665325746367632
541,RASSF1 (11186),0.000314349271726951,True,0.00046035326469145586,0.00046035326469145586
542,EXTL1 (2134),0.000314330714240681,True,-0.00140857660973522,0.00140857660973522
543,GPR87 (53836),0.00031336553667602314,True,0.00026272368670524375,0.00026272368670524375
544,F2RL1 (2150),0.0003127694112773325,True,-0.001753663114442901,0.001753663114442901
545,CATSPERG (57828),0.00031273777152379466,True,0.0017152940379636344,0.0017152940379636344
546,FBXL20 (84961),0.0003118582316801331,True,0.000411155459624665,0.000411155459624665
547,MFAP5 (8076),0.00031171500822306,True,0.004326353631551345,0.004326353631551345
548,PIP5K1A (8394),0.0003116339358630768,True,0.0009477308745704587,0.0009477308745704587
549,MFSD6 (54842),0.0003113992714807848,True,-0.003900652212968394,0.003900652212968394
550,ICAM4 (3386),0.00031121653010805767,True,0.0008421707713831245,0.0008421707713831245
551,NFKBIL1 (4795),0.00030960969014112385,True,0.0007906019808448692,0.0007906019808448692
552,NPIPB6 (728741),0.0003094002130823293,True,-0.0012891590053306257,0.0012891590053306257
553,BNIP5 (389384),0.0003092266780521745,True,-0.003368117486557672,0.003368117486557672
554,DXO (1797),0.0003091865516296423,True,0.0007199347647227041,0.0007199347647227041
555,CNTNAP3 (79937),0.00030878116834087834,True,-0.0045029397668259466,0.0045029397668259466
556,STXBP1 (6812),0.000308740643624656,True,-0.001710334114673191,0.001710334114673191
557,GSN (2934),0.000308277155695351,True,-0.0019764323014854574,0.0019764323014854574
558,USP6NL (9712),0.0003075763884805829,True,-0.0032955881719012193,0.0032955881719012193
559,ZNF781 (163115),0.0003072348914754527,True,0.004184750659973708,0.004184750659973708
560,ARRDC3 (57561),0.0003071184475120737,True,0.001626062023999732,0.001626062023999732
561,RNF182 (221687),0.00030684573671093307,True,0.0016343158004864448,0.0016343158004864448
562,GCK (2645),0.00030598795638189975,True,0.00038074527754388944,0.00038074527754388944
563,AMOT (154796),0.00030545784067963417,True,0.0027284791663877445,0.0027284791663877445
564,IKBKE (9641),0.0003039848208518949,True,-0.0006734109185579339,0.0006734109185579339
565,NIPAL4 (348938),0.0003037152136631388,True,-0.0048700641908196885,0.0048700641908196885
566,RUFY3 (22902),0.00030364495551895074,True,0.0028991055312962127,0.0028991055312962127
567,ABI2 (10152),0.0003036046153461174,True,0.001306360212202506,0.001306360212202506
568,PTPN14 (5784),0.0003033199997276429,True,0.00186016651553775,0.00186016651553775
569,SULT1C2 (6819),0.00030322205967187553,True,-0.0021688418953954318,0.0021688418953954318
570,EPS8 (2059),0.0003031635324279522,True,0.0010634298601968017,0.0010634298601968017
571,CUL5 (8065),0.0003027553845481157,True,0.002093864137432998,0.002093864137432998
572,PRPF8 (10594),0.0003026084470951863,True,0.0011237302577918502,0.0011237302577918502
573,GRK4 (2868),0.00030244754736359684,True,2.8738490513168435e-05,2.8738490513168435e-05
574,DLGAP3 (58512),0.00030233912834940716,True,0.00012195841950905328,0.00012195841950905328
575,P4HA3 (283208),0.00030225329816946817,True,0.00038920276338687406,0.00038920276338687406
576,SELENOW (6415),0.00030216928167583015,True,-0.0021356135988828163,0.0021356135988828163
577,TMEM63C (57156),0.0003020930413912109,True,0.0005745933722485007,0.0005745933722485007
578,SALL1 (6299),0.0003019353202309948,True,0.0017114216415794379,0.0017114216415794379
579,HLA-DPB1 (3115),0.00030148887839438597,True,0.0018138788954679221,0.0018138788954679221
580,RNF19B (127544),0.00030105442460003854,True,-0.0026408141557574174,0.0026408141557574174
581,MEX3C (51320),0.00030097832432536174,True,-0.003886358085429014,0.003886358085429014
582,SERPINE2 (5270),0.00030095770576144996,True,-0.0007668743574394041,0.0007668743574394041
583,MTERF4 (130916),0.0003009152750883252,True,0.0010774472270183974,0.0010774472270183974
584,IGFBP1 (3484),0.0003008390837203054,True,-0.001456972657001347,0.001456972657001347
585,TSPYL2 (64061),0.00030080617515391555,True,0.0026834217038875837,0.0026834217038875837
586,CASC3 (22794),0.0003006716484204637,True,0.0022105935940654083,0.0022105935940654083
587,VWA7 (80737),0.00029895174926826976,True,-0.0008383332847303746,0.0008383332847303746
588,TMEM132B (114795),0.00029865251854108914,True,0.0020945274412791284,0.0020945274412791284
589,KDM5B (10765),0.00029850300261593057,True,-0.0005189140645181288,0.0005189140645181288
590,C9orf40 (55071),0.00029846461252884033,True,0.004567830397033207,0.004567830397033207
591,XYLT1 (64131),0.00029738374708605764,True,0.0025478779629744177,0.0025478779629744177
592,SMPX (23676),0.00029725354457782937,True,-0.00029148280727473775,0.00029148280727473775
593,GTF2H3 (2967),0.00029618255832352476,True,-0.0012330667597621446,0.0012330667597621446
594,EVC (2121),0.0002961742194086581,True,0.0010292108978973106,0.0010292108978973106
595,CELF2 (10659),0.00029577116255551843,True,0.001126983926349378,0.001126983926349378
596,PALS2 (51678),0.0002955101528530657,True,0.001290303793848316,0.001290303793848316
597,SF3B3 (23450),0.0002950936326940083,True,-0.0005647113817263201,0.0005647113817263201
598,PROS1 (5627),0.00029427733479788057,True,0.0008848148327921142,0.0008848148327921142
599,EIF4EBP2 (1979),0.00029426808375238093,True,0.0005606176793463858,0.0005606176793463858
600,CDC42 (998),0.000294059757154489,True,0.0005267590196484026,0.0005267590196484026
601,SNAPIN (23557),0.00029401644146205205,True,0.0007312780303398456,0.0007312780303398456
602,SATL1 (340562),0.00029311861623837547,True,0.002757870731497701,0.002757870731497701
603,FNIP1 (96459),0.00029297549427979657,True,-0.0012062473030844774,0.0012062473030844774
604,MTCH1 (23787),0.000292510043122777,True,0.002394385028331709,0.002394385028331709
605,TMEM177 (80775),0.000292506683044883,True,0.000645084722498611,0.000645084722498611
606,RABEP1 (9135),0.0002924582589870244,True,0.001554291683821812,0.001554291683821812
607,SLC26A11 (284129),0.00029187007696106963,True,0.0020625428893902105,0.0020625428893902105
608,HCK (3055),0.00029144587822728407,True,0.0016146044218381748,0.0016146044218381748
609,GFRA1 (2674),0.000291390389763982,True,0.0005147125575935005,0.0005147125575935005
610,CAPG (822),0.00029137140361899815,True,0.0013763947108189542,0.0013763947108189542
611,ZNF485 (220992),0.000291322453048685,True,0.002467259327073753,0.002467259327073753
612,ZNF354B (117608),0.0002910697378802204,True,0.0012984838085921102,0.0012984838085921102
613,EPS15 (2060),0.00029104797724008476,True,0.0033517305616404753,0.0033517305616404753
614,CDC42BPA (8476),0.0002910358270238504,True,0.0027179315911695927,0.0027179315911695927
615,ZNF880 (400713),0.0002909396665913743,True,0.005212008469213272,0.005212008469213272
616,SFN (2810),0.00029026677727654767,True,-0.0006772542589358356,0.0006772542589358356
617,KLHL4 (56062),0.00029023953640981156,True,0.0005956464030667135,0.0005956464030667135
618,ZNF730 (100129543),0.000290084279503186,True,-0.0005279041995759361,0.0005279041995759361
619,PNOC (5368),0.00028999063932570057,True,0.001908063519080475,0.001908063519080475
620,ETV5 (2119),0.0002898334520824685,True,-0.0033379459460623007,0.0033379459460623007
621,RNASE1 (6035),0.00028973930892417374,True,-0.0010129463460559513,0.0010129463460559513
622,FFAR1 (2864),0.00028972784924851286,True,-0.002305204768783297,0.002305204768783297
623,NNAT (4826),0.00028966305799941924,True,-0.001654801563377818,0.001654801563377818
624,NEXN (91624),0.00028946681281536075,True,0.00177387531733102,0.00177387531733102
625,GSTM2 (2946),0.00028900964020544666,True,0.0007952557593273399,0.0007952557593273399
626,CACNA2D3 (55799),0.00028890221364860944,True,0.0001353692533652702,0.0001353692533652702
627,PARP9 (83666),0.0002885531894335085,True,-0.0003421863221219533,0.0003421863221219533
628,PCBP3 (54039),0.0002885361135144981,True,0.0013991992787833645,0.0013991992787833645
629,CNGB1 (1258),0.0002885338020401,True,0.0013693657654974395,0.0013693657654974395
630,RBM7 (10179),0.00028818168638674387,True,0.0021858930596854436,0.0021858930596854436
631,KANTR (102723508),0.0002875267457066524,True,0.00260393365346406,0.00260393365346406
632,TLL2 (7093),0.00028707775029284023,True,0.0004600523457261253,0.0004600523457261253
633,ZNF716 (441234),0.0002868673491832834,True,0.0029560853659414427,0.0029560853659414427
634,ZNRF1 (84937),0.0002865212862648271,True,-0.0003269858601492435,0.0003269858601492435
635,VASH2 (79805),0.00028621177777546987,True,-0.00022684552342976897,0.00022684552342976897
636,PTGS2 (5743),0.0002862098482766206,True,-0.0009334167014269398,0.0009334167014269398
637,DNAJB1 (3337),0.00028586624234375614,True,0.0002187286239162629,0.0002187286239162629
638,ADAM19 (8728),0.0002857743683126142,True,-0.0002663328206278218,0.0002663328206278218
639,OSBPL7 (114881),0.0002857392427361711,True,0.0023151142314572328,0.0023151142314572328
640,WDR48 (57599),0.00028568587739596506,True,-0.0015264389045638006,0.0015264389045638006
641,RRAGC (64121),0.0002851398028848878,True,0.00031647287103713385,0.00031647287103713385
642,KCNB1 (3745),0.00028481059463439276,True,0.0020189529673938795,0.0020189529673938795
643,TMPRSS11E (28983),0.0002846846284505457,True,0.003123321514556697,0.003123321514556697
644,BANP (54971),0.0002840118117104766,True,0.0008318420592570755,0.0008318420592570755
645,PIAS3 (10401),0.0002839570807551288,True,0.0012799083046905195,0.0012799083046905195
646,IRAK1BP1 (134728),0.00028294143270983057,True,0.0014398913796543058,0.0014398913796543058
647,GALM (130589),0.00028256734245349287,True,-0.0013094628943141643,0.0013094628943141643
648,CABCOCO1 (219621),0.0002824032712676377,True,0.0015643245677693833,0.0015643245677693833
649,KPNA4 (3840),0.0002823280474211163,True,-0.00021835825000789968,0.00021835825000789968
650,QPRT (23475),0.0002818656596833617,True,0.001363227902262529,0.001363227902262529
651,CHRNA3 (1136),0.00028146425969210906,True,-0.0009841918819871944,0.0009841918819871944
652,INTS9 (55756),0.00028140398356747313,True,-0.0021082404315437573,0.0021082404315437573
653,ATPAF1 (64756),0.00027854222641008865,True,0.0004359332520401495,0.0004359332520401495
654,ALKBH7 (84266),0.00027828756759566166,True,0.0004143876901484924,0.0004143876901484924
655,PGF (5228),0.0002782859814386672,True,-0.0009074353854870067,0.0009074353854870067
656,FKRP (79147),0.00027827491333750416,True,-0.0010281131584129123,0.0010281131584129123
657,HECA (51696),0.00027821997040889746,True,0.0021777333432227482,0.0021777333432227482
658,HBQ1 (3049),0.00027813248590604473,True,-0.001731113705521554,0.001731113705521554
659,ZHX1 (11244),0.0002779628649930029,True,0.0018190404491964566,0.0018190404491964566
660,CEP164 (22897),0.00027792382721372825,True,0.0019724059851624525,0.0019724059851624525
661,SLC33A1 (9197),0.0002779104074834319,True,0.0016231762253389485,0.0016231762253389485
662,NFATC3 (4775),0.0002773122138916017,True,-0.001266504119221319,0.001266504119221319
663,PDHB (5162),0.00027714099204567563,True,0.000696206315616493,0.000696206315616493
664,BTN2A1 (11120),0.00027713441353111496,True,-0.002095806186610102,0.002095806186610102
665,CST4 (1472),0.0002767208536183612,True,-0.0050632262194378,0.0050632262194378
666,HSD17B11 (51170),0.0002766540633969072,True,-0.0013326196478815574,0.0013326196478815574
667,MECR (51102),0.00027660871998696427,True,-0.0008454491241476803,0.0008454491241476803
668,LSM14A (26065),0.00027637427566522786,True,-0.0011065059282367913,0.0011065059282367913
669,C4BPA (722),0.00027627934109062237,True,-0.0017496593459848447,0.0017496593459848447
670,ARHGAP35 (2909),0.0002761257532507718,True,0.00045276642824305805,0.00045276642824305805
671,BTBD16 (118663),0.00027606548948444276,True,0.0011032049044965872,0.0011032049044965872
672,MEX3B (84206),0.00027525916921176973,True,9.743654761776234e-05,9.743654761776234e-05
673,SLC16A7 (9194),0.0002751040119379995,True,-0.00027578690515101065,0.00027578690515101065
674,NCK2 (8440),0.00027504057363582097,True,-3.7098622340300987e-05,3.7098622340300987e-05
675,SEC63 (11231),0.0002749529837691844,True,0.0004187599168547272,0.0004187599168547272
676,CAPN3 (825),0.00027481329857730535,True,-0.002833142788847876,0.002833142788847876
677,FOXA2 (3170),0.0002738479885696996,True,-0.003776475880620394,0.003776475880620394
678,HIC1 (3090),0.00027377473621351177,True,0.0011236497036548004,0.0011236497036548004
679,MTBP (27085),0.00027355866813448304,True,0.0018243620436078243,0.0018243620436078243
680,TSPYL4 (23270),0.00027355286119425793,True,0.0002876986950502026,0.0002876986950502026
681,BMP3 (651),0.0002731519697583442,True,-0.0036104315956311086,0.0036104315956311086
682,SPSB3 (90864),0.0002728780277491626,True,0.001582356102843423,0.001582356102843423
683,RASL12 (51285),0.000272489246253848,True,0.0019471942584147778,0.0019471942584147778
684,KDM8 (79831),0.00027228811761316707,True,-0.0010483427023697672,0.0010483427023697672
685,DMAP1 (55929),0.00027106856399124516,True,0.00035927406613448713,0.00035927406613448713
686,H2AC15 (8330),0.0002702412439993426,True,0.00045548402790902294,0.00045548402790902294
687,SERPINB12 (89777),0.00027014063881230783,True,0.0017499919680490695,0.0017499919680490695
688,ATOH7 (220202),0.0002698560321513441,True,0.00030709209560366715,0.00030709209560366715
689,ZDHHC6 (64429),0.0002693460401063917,True,-0.00022939185370495104,0.00022939185370495104
690,BTF3L4 (91408),0.00026931656624113115,True,0.0037053038733674383,0.0037053038733674383
691,FAIM2 (23017),0.0002687284983894811,True,0.00025096293545363694,0.00025096293545363694
692,LAMB3 (3914),0.0002685563680441742,True,0.00017210895321515592,0.00017210895321515592
693,ATP6V1F (9296),0.00026850354065325574,True,0.0007418799611820188,0.0007418799611820188
694,WNK3 (65267),0.0002684435843838393,True,-0.0010840494443548727,0.0010840494443548727
695,HS3ST3A1 (9955),0.0002678527593016805,True,0.0006852067869849393,0.0006852067869849393
696,RNPEPL1 (57140),0.000267650963994929,True,-0.0010531220542951704,0.0010531220542951704
697,SH3GL3 (6457),0.000267544009503692,True,0.0015558343523593943,0.0015558343523593943
698,EDIL3 (10085),0.000267129980400173,True,-0.00029672807104890754,0.00029672807104890754
699,PMCH (5367),0.00026682299215718405,True,-0.0006326848796645583,0.0006326848796645583
700,CARD6 (84674),0.00026670682606547575,True,-0.0017764826297385794,0.0017764826297385794
701,MTFR1L (56181),0.0002666571883951295,True,-0.00038236743317893976,0.00038236743317893976
702,C1orf122 (127687),0.00026633315309192623,True,0.0025260886674337768,0.0025260886674337768
703,FARP2 (9855),0.00026616482570291316,True,-3.82722507385109e-05,3.82722507385109e-05
704,SFRP2 (6423),0.0002659218350304537,True,0.0018117916731679917,0.0018117916731679917
705,FGF1 (2246),0.00026541244783949625,True,0.0034492733365255267,0.0034492733365255267
706,PSPC1 (55269),0.00026525483374082,True,-0.0004767150789036135,0.0004767150789036135
707,GNAI1 (2770),0.00026516828292251065,True,0.0020120469509904565,0.0020120469509904565
708,CCHCR1 (54535),0.00026485833461133845,True,0.0003611501489180117,0.0003611501489180117
709,CPQ (10404),0.00026462114080557557,True,0.0011561288649761857,0.0011561288649761857
710,TRMO (51531),0.00026459048158479097,True,-0.0007354244018176631,0.0007354244018176631
711,SORD (6652),0.0002645326142705217,True,4.608637001603071e-06,4.608637001603071e-06
712,TMEM151A (256472),0.00026414938421795843,True,0.0007116385397594612,0.0007116385397594612
713,CUBN (8029),0.00026410432092408253,True,-0.00427539801231179,0.00427539801231179
714,CNP (1267),0.0002637345818062923,True,-0.0006338593196058774,0.0006338593196058774
715,CD14 (929),0.0002637325998013938,True,-0.0030140372293950687,0.0030140372293950687
716,ZFP41 (286128),0.00026352583163898486,True,0.0007005487077351457,0.0007005487077351457
717,SNX19 (399979),0.000263094175866395,True,0.003196959748637136,0.003196959748637136
718,SYDE2 (84144),0.00026266542641779336,True,0.004239390368885727,0.004239390368885727
719,FLNA (2316),0.00026223676563783677,True,0.0006974275105198689,0.0006974275105198689
720,DYRK4 (8798),0.00026186629701760976,True,0.001965619250117041,0.001965619250117041
721,DISP1 (84976),0.0002614826098620642,True,0.0009411042233945097,0.0009411042233945097
722,KIAA1549L (25758),0.0002613981170628389,True,0.0010506045989535145,0.0010506045989535145
723,MRS2 (57380),0.00026087293277738744,True,0.0037259352606584147,0.0037259352606584147
724,RPL14 (9045),0.00026060357781541296,True,-0.0008412760306502904,0.0008412760306502904
725,NDST2 (8509),0.00026040372099528293,True,0.0025647743419624585,0.0025647743419624585
726,PRKCI (5584),0.00026036899820602757,True,0.0008707877015289428,0.0008707877015289428
727,PLSCR4 (57088),0.0002602409995193664,True,0.003384479434632179,0.003384479434632179
728,PMFBP1 (83449),0.0002602262381032922,True,-0.0014351176582084544,0.0014351176582084544
729,ADSS1 (122622),0.00025983052425549563,True,-0.0011698827598190793,0.0011698827598190793
730,PLD1 (5337),0.00025960927052759506,True,-0.002421198980499803,0.002421198980499803
731,ETV6 (2120),0.00025942573074703003,True,-0.00305007150514754,0.00305007150514754
732,WHR1 (8859),0.0002590930137404203,True,-0.00044492172791088026,0.00044492172791088026
733,RASGRF1 (5923),0.00025903224763320964,True,-0.0042175899890005,0.0042175899890005
734,HAPSTR2 (389895),0.00025900403664460463,True,0.001772596645337249,0.001772596645337249
735,LYPLAL1 (127018),0.0002587569261422879,True,-0.0003232056572158987,0.0003232056572158987
736,EREG (2069),0.0002587346809584859,True,-0.0033572278153429927,0.0033572278153429927
737,ZNF343 (79175),0.0002585820853225857,True,-0.0007362430521128812,0.0007362430521128812
738,GLMN (11146),0.0002585290070169886,True,0.00021198048639901965,0.00021198048639901965
739,S1PR5 (53637),0.0002580965386097401,True,-0.002003736922322547,0.002003736922322547
740,RPS2 (6187),0.0002580571498198989,True,0.0008288158966469833,0.0008288158966469833
741,SERPINB9 (5272),0.0002574594905477403,True,-0.0008130685682851133,0.0008130685682851133
742,BET1 (10282),0.00025740609217351785,True,0.00329382759517946,0.00329382759517946
743,KCP (375616),0.000257401891295517,True,-0.0020858555969536065,0.0020858555969536065
744,GNA12 (2768),0.00025732376632976663,True,0.00042669180527088197,0.00042669180527088197
745,PLA2G4A (5321),0.0002567308178577362,True,-0.0022536584814027254,0.0022536584814027254
746,PIGBOS1 (101928527),0.0002566554186323036,True,-0.0022638157714357805,0.0022638157714357805
747,DDR2 (4921),0.00025658326091030004,True,0.0012667514579532207,0.0012667514579532207
748,LAPTM4B (55353),0.0002563190534876006,True,0.0013658636463642674,0.0013658636463642674
749,HMGA1 (3159),0.00025624775358163294,True,-0.0029944834475890305,0.0029944834475890305
750,LSM10 (84967),0.0002561061248737952,True,0.0011746791918531862,0.0011746791918531862
751,ZFTA (65998),0.00025599250366103863,True,0.00010192746930677826,0.00010192746930677826
752,DNAJB12 (54788),0.00025596476797394596,True,-0.0013830348624721646,0.0013830348624721646
753,ZMYND11 (10771),0.00025560962100122783,True,9.791545514767081e-06,9.791545514767081e-06
754,NFE2L3 (9603),0.0002554222375045487,True,-0.0015577396299185885,0.0015577396299185885
755,MTHFD2 (10797),0.0002552148127578926,True,0.0012155060103466505,0.0012155060103466505
756,DNAH10OS (642797),0.00025518182514421814,True,0.002187871500087993,0.002187871500087993
757,C10orf143 (387723),0.00025489536277087176,True,-0.00027443507658602394,0.00027443507658602394
758,ALB (213),0.0002547956880656851,True,-0.0028890736035492347,0.0028890736035492347
759,SGIP1 (84251),0.0002545743784077994,True,-0.0009025350847860623,0.0009025350847860623
760,GABARAPL1 (23710),0.0002544731174417303,True,0.0012804406366869422,0.0012804406366869422
761,ITGB2 (3689),0.00025438184334243915,True,0.0017110631964757197,0.0017110631964757197
762,NDUFB7 (4713),0.00025434611512127717,True,0.0016941762876079203,0.0016941762876079203
763,SLITRK5 (26050),0.00025407359347770514,True,0.004424163623413367,0.004424163623413367
764,TNFRSF13C (115650),0.00025404697317789126,True,0.0006705128060219899,0.0006705128060219899
765,KCTD4 (386618),0.0002540337170667317,True,0.0038106302778665806,0.0038106302778665806
766,UPF3B (65109),0.0002538420933353797,True,-2.708645933079015e-05,2.708645933079015e-05
767,ARHGAP24 (83478),0.0002536740044414084,True,0.0016159151696347814,0.0016159151696347814
768,ICAM5 (7087),0.0002529322348467455,True,0.0008469957986447599,0.0008469957986447599
769,GPC4 (2239),0.0002529316861089551,True,0.00035554718355775933,0.00035554718355775933
770,AGBL1 (123624),0.00025216894816868364,True,0.002388497144041033,0.002388497144041033
771,SLC36A4 (120103),0.0002519566014006169,True,-0.001555030341277181,0.001555030341277181
772,ZNF667 (63934),0.0002519508432014812,True,0.003058385263116103,0.003058385263116103
773,IGFN1 (91156),0.000251182043758693,True,0.0006130991494668407,0.0006130991494668407
774,MARCHF4 (57574),0.0002511273752244412,True,0.0020349746624273505,0.0020349746624273505
775,LRIG1 (26018),0.0002510469551321803,True,0.0021387818470971383,0.0021387818470971383
776,ACTL10 (170487),0.0002509997733050825,True,-0.0011176411833760363,0.0011176411833760363
777,AICDA (57379),0.0002509730563598208,True,0.0021451091635201836,0.0021451091635201836
778,ADNP2 (22850),0.0002508208677843641,True,-0.0002047807815749184,0.0002047807815749184
779,FKBP4 (2288),0.00025072659458302973,True,0.002878339094225581,0.002878339094225581
780,VTA1 (51534),0.0002507181537536805,True,0.0019336110479552075,0.0019336110479552075
781,CUL2 (8453),0.00025052970484930505,True,0.0013715943943844267,0.0013715943943844267
782,CHI3L2 (1117),0.00025037185787658953,True,-0.0009540697364426815,0.0009540697364426815
783,SERBP1 (26135),0.00025036132053602854,True,0.001060278541303904,0.001060278541303904
784,NRROS (375387),0.00025034354685069985,True,-0.00389921887731415,0.00389921887731415
785,BEGAIN (57596),0.0002503254612414273,True,-0.002212346156601707,0.002212346156601707
786,RIPK4 (54101),0.00024987761656822944,True,-0.001066944556067832,0.001066944556067832
787,FBXL19 (54620),0.0002496365691048982,True,-0.0005734594918725077,0.0005734594918725077
788,LIF (3976),0.0002494533146294069,True,-0.0006698591991351796,0.0006698591991351796
789,CADM1 (23705),0.0002493964529426751,True,0.001807877651933161,0.001807877651933161
790,NCAM1 (4684),0.000249343508211783,True,0.0022511517860470736,0.0022511517860470736
791,PTGFR (5737),0.00024921644995432816,True,0.0008561374745591614,0.0008561374745591614
792,TAF13 (6884),0.00024869111261123755,True,0.001198135667723726,0.001198135667723726
793,CNGA1 (1259),0.00024857464257886777,True,-0.0023791203337741483,0.0023791203337741483
794,KLHL13 (90293),0.00024848516323087755,True,0.00033026786110925527,0.00033026786110925527
795,CYP2S1 (29785),0.00024846471573370977,True,-0.0020123994006453977,0.0020123994006453977
796,TAF11 (6882),0.00024808241600758217,True,0.0011341286202799132,0.0011341286202799132
797,KPNA7 (402569),0.00024804151263595767,True,-0.0021288439866127013,0.0021288439866127013
798,FAM89A (375061),0.0002479988770340345,True,-0.001055932272593289,0.001055932272593289
799,FGFR2 (2263),0.00024787352829616443,True,-0.00117986087824292,0.00117986087824292
800,LHPP (64077),0.00024785553300490877,True,0.0016272165127947452,0.0016272165127947452
801,WDTC1 (23038),0.0002478512473400743,True,0.001040939951982994,0.001040939951982994
802,PNRC2 (55629),0.0002477682373295273,True,-0.0011766814694906388,0.0011766814694906388
803,GABRB3 (2562),0.0002475390191525041,True,0.0009736528012108143,0.0009736528012108143
804,CHST6 (4166),0.000247525902195673,True,-0.001918061963587589,0.001918061963587589
805,H1-4 (3008),0.0002474750034663698,True,0.0034110740752323057,0.0034110740752323057
806,TTYH2 (94015),0.00024713280797135774,True,-0.003385010283263513,0.003385010283263513
807,NEFH (4744),0.0002469034689157456,True,-0.001745212547347496,0.001745212547347496
808,DCAF10 (79269),0.00024681366069722655,True,0.0011890236062149211,0.0011890236062149211
809,CHPF2 (54480),0.00024677790591477196,True,-0.0003329601909222738,0.0003329601909222738
810,TP53RK (112858),0.0002464943586179805,True,0.0027905194088399376,0.0027905194088399376
811,SERINC5 (256987),0.000246437262191051,True,-0.0004759607058321257,0.0004759607058321257
812,HOXC4 (3221),0.00024640247246685124,True,-2.5203698982340875e-05,2.5203698982340875e-05
813,TSSK2 (23617),0.00024638175152992813,True,0.0003900982864095675,0.0003900982864095675
814,POTEF (728378),0.0002456368204802167,True,0.0010338584437301573,0.0010338584437301573
815,TACR2 (6865),0.0002455213667625272,True,-0.000370430793495019,0.000370430793495019
816,OAF (220323),0.0002452773244408353,True,-0.000884119900748807,0.000884119900748807
817,ITLN2 (142683),0.0002449005404854515,True,-0.0004848137840888343,0.0004848137840888343
818,PIK3C2B (5287),0.00024480225011608465,True,-0.0013134323654825685,0.0013134323654825685
819,SLC22A31 (146429),0.0002447938593571542,True,-0.00037230764037632434,0.00037230764037632434
820,DYRK1A (1859),0.00024421777835115905,True,0.0018478894657212768,0.0018478894657212768
821,PUSL1 (126789),0.00024419801518619615,True,0.0014952596582077588,0.0014952596582077588
822,KRT20 (54474),0.0002440562741101244,True,-0.0033846891471576556,0.0033846891471576556
823,DOK5 (55816),0.00024404425163072828,True,0.00023523674261597327,0.00023523674261597327
824,PDE4DIP (9659),0.00024396356387978272,True,0.004465788220675352,0.004465788220675352
825,RIMS4 (140730),0.0002438423891509909,True,0.0010197696681611757,0.0010197696681611757
826,CNKSR3 (154043),0.00024330401725178985,True,0.0017970792173498196,0.0017970792173498196
827,STAC (6769),0.00024315766779016518,True,0.0008583830239517044,0.0008583830239517044
828,SNX14 (57231),0.00024309189666966484,True,-0.000743481989652932,0.000743481989652932
829,GALNT1 (2589),0.00024236298505757613,True,-0.004413185243264983,0.004413185243264983
830,AKR1B10 (57016),0.0002420693157143874,True,-3.7550996563890564e-05,3.7550996563890564e-05
831,MAGED4B (81557),0.00024191102329772742,True,-0.0005140107862117223,0.0005140107862117223
832,IRAK2 (3656),0.0002417148216939228,True,0.0005499669214915689,0.0005499669214915689
833,UTY (7404),0.0002410908700418212,True,-0.00286623581816815,0.00286623581816815
834,TBX2 (6909),0.00024079006907043804,True,3.5591511157772975e-05,3.5591511157772975e-05
835,KDELR1 (10945),0.0002406172312464327,True,-0.0011785382948726565,0.0011785382948726565
836,BLOC1S5 (63915),0.000240471410108338,True,0.0005771766949000004,0.0005771766949000004
837,SULT4A1 (25830),0.00024046757079492084,True,0.002156650375389099,0.002156650375389099
838,HDAC6 (10013),0.00024043749109661178,True,0.0006470650759494226,0.0006470650759494226
839,SKIDA1 (387640),0.00024031275796711164,True,0.00010923397722249382,0.00010923397722249382
840,ACKR2 (1238),0.00024008200096319518,True,0.0016618697360252569,0.0016618697360252569
841,CLIC4 (25932),0.00023947881060842533,True,9.304964080633941e-05,9.304964080633941e-05
842,PAPSS2 (9060),0.00023943814909955363,True,-0.0007706012083514799,0.0007706012083514799
843,RUNX2 (860),0.00023927541940664727,True,9.954079810728508e-05,9.954079810728508e-05
844,SPRTN (83932),0.00023914864666837142,True,-0.002563637197840513,0.002563637197840513
845,SRSF10 (10772),0.00023842301953517464,True,-0.0016598089264099683,0.0016598089264099683
846,SPIN2A (54466),0.00023810571257450964,True,0.0026235409407110934,0.0026235409407110934
847,SSMEM1 (136263),0.00023809755038775847,True,-0.0011009632636910145,0.0011009632636910145
848,GLIS2 (84662),0.0002380916989738251,True,-8.124463851477129e-05,8.124463851477129e-05
849,APOL3 (80833),0.00023800965221743218,True,-0.0008705873556421261,0.0008705873556421261
850,METTL8 (79828),0.00023800456665237394,True,-0.0008857411510569968,0.0008857411510569968
851,MS4A15 (219995),0.00023793738601287864,True,0.0025085994900951713,0.0025085994900951713
852,CT45A9 (102723680),0.00023788064687157813,True,0.0008872167984909328,0.0008872167984909328
853,TMEM262 (100130348),0.00023764768322430632,True,0.0022872026000765548,0.0022872026000765548
854,AJAP1 (55966),0.0002375094454118342,True,0.0036320877293282315,0.0036320877293282315
855,PNRC1 (10957),0.00023749430262942167,True,0.0010875641969947335,0.0010875641969947335
856,SLIT3 (6586),0.00023734113204889476,True,0.0005321199410736656,0.0005321199410736656
857,LIME1 (54923),0.00023709228745330763,True,0.0006337632657301529,0.0006337632657301529
858,MFSD12 (126321),0.00023681912443259843,True,-0.0012120208030409311,0.0012120208030409311
859,MRPL2 (51069),0.00023669881310517355,True,0.003060715726346341,0.003060715726346341
860,PNMA1 (9240),0.00023658564625721277,True,-0.001039956851375777,0.001039956851375777
861,PCIF1 (63935),0.00023612230334992131,True,0.0016734098780448045,0.0016734098780448045
862,BTBD19 (149478),0.00023577644183643025,True,-0.004106609029404356,0.004106609029404356
863,DHRS3 (9249),0.00023573151104134182,True,-0.0014381163726212764,0.0014381163726212764
864,GTF2F1 (2962),0.00023568510341221,True,-0.0006064197953120371,0.0006064197953120371
865,ZNF566 (84924),0.00023559078171147787,True,0.0009306383244213288,0.0009306383244213288
866,TTI1 (9675),0.00023521579638620304,True,0.0018717172614408275,0.0018717172614408275
867,LBX2 (85474),0.00023519563604150305,True,-0.0015924212654154983,0.0015924212654154983
868,SUCLG2 (8801),0.00023500689682341775,True,-0.0018333192704285848,0.0018333192704285848
869,AASDHPPT (60496),0.0002349995460551691,True,0.0014074725880654192,0.0014074725880654192
870,MTRFR (91574),0.00023490483338369221,True,-0.0012905956344726212,0.0012905956344726212
871,GM2A (2760),0.00023475989581551527,True,-0.002259989265797664,0.002259989265797664
872,RIMS1 (22999),0.00023475369275543384,True,0.000422199689536191,0.000422199689536191
873,QPCT (25797),0.00023470635749544145,True,0.0018118723201346282,0.0018118723201346282
874,XAGE1B (653067),0.0002346083085070976,True,0.0007002874870140965,0.0007002874870140965
875,KRT14 (3861),0.00023459683518135653,True,-0.001149486715541222,0.001149486715541222
876,KCND2 (3751),0.00023451295186332338,True,0.0005100532944378803,0.0005100532944378803
877,PADI3 (51702),0.00023369699871779413,True,-0.004225147763033321,0.004225147763033321
878,TFB1M (51106),0.00023346495556840239,True,-0.0025898446265663665,0.0025898446265663665
879,ZNF460 (10794),0.00023345906252795662,True,0.002437961590025193,0.002437961590025193
880,NADK2 (133686),0.00023335759288692034,True,0.002234620625392345,0.002234620625392345
881,ABR (29),0.00023332963340185663,True,-0.0018682644335837862,0.0018682644335837862
882,TMEM18 (129787),0.0002330998400938842,True,0.001995930116538592,0.001995930116538592
883,SAXO3 (101059948),0.00023303667129937305,True,-0.0012022274415518274,0.0012022274415518274
884,WLS (79971),0.00023262624788418233,True,-0.0001630019573689921,0.0001630019573689921
885,MFAP3L (9848),0.00023216080913787262,True,-0.0008903379871824503,0.0008903379871824503
886,SLC44A1 (23446),0.00023195074262540312,True,-0.00030157198679969213,0.00030157198679969213
887,PPP1R26 (9858),0.00023193260120825212,True,-0.0013559799503374765,0.0013559799503374765
888,BLTP3A (54887),0.00023188315812768657,True,0.00284477048165004,0.00284477048165004
889,SPANXN5 (494197),0.00023182917013886263,True,0.006199557413991634,0.006199557413991634
890,MFSD8 (256471),0.0002314513171212752,True,0.002534638699906799,0.002534638699906799
891,SLC5A12 (159963),0.0002314054242208692,True,0.002407136467794912,0.002407136467794912
892,ECI1 (1632),0.00023137662589438088,True,0.0015796789307619507,0.0015796789307619507
893,RHOBTB2 (23221),0.00023100253240400647,True,0.0005204983277849907,0.0005204983277849907
894,FYB1 (2533),0.00023099003478551102,True,-0.0014953880421913588,0.0014953880421913588
895,MGST2 (4258),0.00023095280936072236,True,0.000855607269542996,0.000855607269542996
896,RALGPS2 (55103),0.000230663919935066,True,0.00021275608215457539,0.00021275608215457539
897,SMCO2 (341346),0.0002303122236378815,True,0.0017884557443063904,0.0017884557443063904
898,NIFK (84365),0.0002300961689149447,True,0.00302093039265623,0.00302093039265623
899,HNRNPA1L3 (642659),0.00022996400297053293,True,0.0002674547716823637,0.0002674547716823637
900,APOBEC3C (27350),0.00022994018668126914,True,-0.002191334786195273,0.002191334786195273
901,CARMIL3 (90668),0.00022975053181596656,True,-0.00044163499627993355,0.00044163499627993355
902,CCM2L (140706),0.0002295735853890315,True,-0.0001549641181307897,0.0001549641181307897
903,SKI (6497),0.0002295373544934069,True,0.0001271740058787947,0.0001271740058787947
904,GALNT11 (63917),0.00022953708495861982,True,0.0032627416744232876,0.0032627416744232876
905,REEP1 (65055),0.0002292705880055031,True,0.0009942868482335553,0.0009942868482335553
906,CT45A5 (441521),0.0002292043652832204,True,0.0023213943681027333,0.0023213943681027333
907,SPDYA (245711),0.00022905839584558963,True,0.0009308739787645408,0.0009308739787645408
908,MOBP (4336),0.0002290047696331914,True,-0.00012735662641337594,0.00012735662641337594
909,ZFPM2 (23414),0.0002288649902378462,True,0.0036298538489392762,0.0036298538489392762
910,PRAME (23532),0.00022878888701866284,True,-0.0005315453789565029,0.0005315453789565029
911,PROP1 (5626),0.0002287817537231786,True,0.0018907006867771253,0.0018907006867771253
912,TMEM147 (10430),0.0002287716388821717,True,0.0010446396329190865,0.0010446396329190865
913,INO80C (125476),0.0002287693044307357,True,-0.004548480160375311,0.004548480160375311
914,DNAJB14 (79982),0.00022873594793052854,True,-0.0007152388610646694,0.0007152388610646694
915,ERCC8 (1161),0.00022819001969306532,True,-0.0020805673887342355,0.0020805673887342355
916,DCT (1638),0.00022795018850444633,True,-0.0015525462646948651,0.0015525462646948651
917,SGSM3 (27352),0.00022769135549799806,True,0.0008290322297613234,0.0008290322297613234
918,F10 (2159),0.00022749439557131373,True,-0.000965615743683382,0.000965615743683382
919,FCGBP (8857),0.00022744325142962706,True,-0.00025988750498026527,0.00025988750498026527
920,PHF2 (5253),0.00022733597749836042,True,0.0015984821030546996,0.0015984821030546996
921,DCDC1 (341019),0.00022695696812383002,True,-0.0023428837029895273,0.0023428837029895273
922,KIF12 (113220),0.0002268910133180007,True,0.0004996965984733663,0.0004996965984733663
923,SLC7A7 (9056),0.000226600867761056,True,-0.0038069788543227947,0.0038069788543227947
924,LOXL4 (84171),0.00022657788173744363,True,-0.0032750470227543445,0.0032750470227543445
925,RGPD8 (727851),0.00022632860746770223,True,0.0019026098238091919,0.0019026098238091919
926,SMOC2 (64094),0.00022608227026518128,True,-0.002511882511680282,0.002511882511680282
927,CLEC2B (9976),0.0002257607301707791,True,0.001380136997895812,0.001380136997895812
928,CPAMD8 (27151),0.0002254310821858373,True,-0.0010143317071942086,0.0010143317071942086
929,PBXIP1 (57326),0.0002250512112101859,True,-0.0019941963088799604,0.0019941963088799604
930,ARK2C (494470),0.0002250208879754924,True,-1.664491598459038e-05,1.664491598459038e-05
931,RAMP2 (10266),0.0002247788534618701,True,-2.1744995312466316e-05,2.1744995312466316e-05
932,RILPL1 (353116),0.00022444231477195253,True,-0.0014574201161897471,0.0014574201161897471
933,MRNIP (51149),0.00022432060696487365,True,-0.0013447084820989207,0.0013447084820989207
934,DUSP19 (142679),0.00022429246038091228,True,0.0026136361380538144,0.0026136361380538144
935,FAM120C (54954),0.00022419895885877,True,0.0034519238638632604,0.0034519238638632604
936,FGF19 (9965),0.00022417164084416217,True,0.002656548701889672,0.002656548701889672
937,PRIMPOL (201973),0.0002238216584591237,True,0.0014853965848885735,0.0014853965848885735
938,NCOR1 (9611),0.00022381539083727553,True,-0.0011771608640717495,0.0011771608640717495
939,HTR6 (3362),0.00022362610010649605,True,0.0008741748836295937,0.0008741748836295937
940,ZYG11A (440590),0.00022353688888359483,True,-0.00044350000265110513,0.00044350000265110513
941,TAX1BP1 (8887),0.00022343022215755477,True,-0.0018565458272782377,0.0018565458272782377
942,LAPTM5 (7805),0.00022334772457232303,True,-0.0021033516871334723,0.0021033516871334723
943,ARL1 (400),0.00022331548260462838,True,0.003667106597456009,0.003667106597456009
944,ZMAT2 (153527),0.0002232340153561624,True,-0.0005872544410306815,0.0005872544410306815
945,SIM2 (6493),0.00022296032691485846,True,0.0027844343861595086,0.0027844343861595086
946,UBE2G1 (7326),0.00022289546778686217,True,0.0014052703058572615,0.0014052703058572615
947,RAB6C (84084),0.0002228322322451621,True,0.0010882273787874998,0.0010882273787874998
948,MMAB (326625),0.00022243720465774038,True,-0.001176758872763138,0.001176758872763138
949,ZNF300 (91975),0.00022237304269556583,True,0.0013953630133310985,0.0013953630133310985
950,CEP85L (387119),0.0002222386139851052,True,-0.001134798882734761,0.001134798882734761
951,CNEP1R1 (255919),0.00022205297398722687,True,-0.00023102374641802083,0.00023102374641802083
952,CLMN (79789),0.0002217768508165145,True,-0.001558851124103467,0.001558851124103467
953,RAC2 (5880),0.00022172638120223763,True,-0.0018215397751459536,0.0018215397751459536
954,NOSTRIN (115677),0.00022167946959890288,True,-0.0014723994812917665,0.0014723994812917665
955,ORAI3 (93129),0.00022167125044298268,True,-0.0016752625293298433,0.0016752625293298433
956,LY86 (9450),0.00022166292914355395,True,0.0007864264255874084,0.0007864264255874084
957,NFKBIB (4793),0.00022141791228201467,True,0.0003366496446763541,0.0003366496446763541
958,PIMREG (54478),0.0002212853565894882,True,0.0029686978348212652,0.0029686978348212652
959,SPDYE18 (100505767),0.00022126917930053832,True,0.0002981548896555138,0.0002981548896555138
960,NINL (22981),0.0002211941209401166,True,-6.853751947634391e-06,6.853751947634391e-06
961,KIN (22944),0.00022116443333090746,True,-0.0028825552572558687,0.0028825552572558687
962,TIAM2 (26230),0.0002208167154770502,True,-0.0010739250166950233,0.0010739250166950233
963,DMAC1 (90871),0.00022075497520313055,True,0.0017514705658890819,0.0017514705658890819
964,PIGO (84720),0.0002207277627202154,True,0.0008467127235338612,0.0008467127235338612
965,TMEM17 (200728),0.00022048421219858998,True,-0.00036389879970719205,0.00036389879970719205
966,SMPDL3A (10924),0.000220483081157876,True,-0.001568888261606464,0.001568888261606464
967,CHP1 (11261),0.00022001511080887577,True,-0.0038238483976667454,0.0038238483976667454
968,XRRA1 (143570),0.00022001188629938983,True,0.0032862492557413983,0.0032862492557413983
969,GTPBP2 (54676),0.00021998419450935548,True,0.001361773787692462,0.001361773787692462
970,GCHFR (2644),0.00021995212074412765,True,-0.0011113496003327989,0.0011113496003327989
971,SNRPC (6631),0.0002198880108348978,True,0.0020354541064656635,0.0020354541064656635
972,ZNF711 (7552),0.0002198157318402442,True,0.0007996430103898865,0.0007996430103898865
973,SLC10A4 (201780),0.00021948217377268402,True,-0.0010292976167091059,0.0010292976167091059
974,CLN8 (2055),0.00021923705300670086,True,0.0029628403566090513,0.0029628403566090513
975,MACROH2A2 (55506),0.0002190580836948977,True,1.0264669357141066e-05,1.0264669357141066e-05
976,SAMD13 (148418),0.0002187885843210938,True,-0.0033014992260623735,0.0033014992260623735
977,DAPK3 (1613),0.00021874698296088646,True,0.00027779079821159663,0.00027779079821159663
978,USP48 (84196),0.00021856065384831015,True,0.0012064985562009198,0.0012064985562009198
979,CRYL1 (51084),0.00021850408670449824,True,-0.001905773550017762,0.001905773550017762
980,BRD7 (29117),0.0002180538200028887,True,-6.361692320791057e-06,6.361692320791057e-06
981,HPS1 (3257),0.00021782170487583802,True,-0.0020719975347541332,0.0020719975347541332
982,DPYSL5 (56896),0.00021780412757040567,True,-0.00010786938979630615,0.00010786938979630615
983,PLEKHG4 (25894),0.00021772460991283612,True,0.004776467378859151,0.004776467378859151
984,UST (10090),0.00021753235078702051,True,0.0028559215311754725,0.0028559215311754725
985,YAF2 (10138),0.000217054223568945,True,0.0015355512766387959,0.0015355512766387959
986,OXCT1 (5019),0.00021703755823285851,True,-0.0012452296172506155,0.0012452296172506155
987,ZFYVE21 (79038),0.00021693306525504485,True,0.0015317981315851282,0.0015317981315851282
988,FOXE1 (2304),0.0002169087435225506,True,0.0011587809516726234,0.0011587809516726234
989,TTC22 (55001),0.0002168611057346549,True,2.2655296665960575e-06,2.2655296665960575e-06
990,TXNL4A (10907),0.00021683828088513892,True,0.002663520645707108,0.002663520645707108
991,TM9SF2 (9375),0.00021677329616491458,True,-0.0017698982543420108,0.0017698982543420108
992,RAB4B (53916),0.00021672182657333475,True,-0.0023787825407394973,0.0023787825407394973
993,CORO2A (7464),0.00021669106954022777,True,-0.0006519911523473903,0.0006519911523473903
994,ZNF600 (162966),0.00021665328194036065,True,0.003608281799132508,0.003608281799132508
995,EHHADH (1962),0.00021663288137540985,True,0.0015140224290970039,0.0015140224290970039
996,OR10H1 (26539),0.00021615966350752255,True,-0.0020355609765161614,0.0020355609765161614
997,UBE4A (9354),0.00021575253023897365,True,0.0018877039192013204,0.0018877039192013204
998,PLTP (5360),0.0002156390662918817,True,-0.0011235072269682926,0.0011235072269682926
999,SOCS4 (122809),0.00021558895166428715,True,-0.0006761896887798567,0.0006761896887798567
1000,WSCD1 (23302),0.0002155827820912714,True,-0.0037707003025752596,0.0037707003025752596
1001,SMIM8 (57150),0.000215537528946586,True,0.002032766780148862,0.002032766780148862
1002,EIF4G3 (8672),0.0002155257123605695,True,0.002185977710826955,0.002185977710826955
1003,RBBP4 (5928),0.00021532993792154956,True,0.0005842196001528302,0.0005842196001528302
1004,SIRT3 (23410),0.00021511569968414937,True,0.0019468634231422659,0.0019468634231422659
1005,APOC2 (344),0.00021487206430677061,True,-0.0033622531470631645,0.0033622531470631645
1006,NFE2 (4778),0.00021475808527363617,True,-0.0003120206221057559,0.0003120206221057559
1007,FCGR2B (2213),0.00021473735361588362,True,-0.000879046205608823,0.000879046205608823
1008,SLC5A11 (115584),0.00021467785292509156,True,-0.0008760814130964307,0.0008760814130964307
1009,SPOCD1 (90853),0.0002146432124964306,True,-0.0017858590199060528,0.0017858590199060528
1010,LSM2 (57819),0.0002141434854474211,True,0.0011134531937530318,0.0011134531937530318
1011,PRKCZ (5590),0.00021398059513326188,True,0.0017389796299019896,0.0017389796299019896
1012,DENND5B (160518),0.00021380257462547703,True,-0.000343454883811916,0.000343454883811916
1013,C2CD6 (151254),0.00021380031700895445,True,-0.005855939833263236,0.005855939833263236
1014,NECAB3 (63941),0.00021369204490801044,True,0.0010563965743616123,0.0010563965743616123
1015,ATP1A1 (476),0.00021341621685403946,True,-0.0017206655075455795,0.0017206655075455795
1016,MUC2 (4583),0.00021340437663098467,True,-0.00028382145869475104,0.00028382145869475104
1017,TNFSF15 (9966),0.0002132033416437352,True,7.541665240905649e-05,7.541665240905649e-05
1018,CCNA1 (8900),0.00021288122044474004,True,-0.0012034104135184684,0.0012034104135184684
1019,CD34 (947),0.0002127494028384942,True,-0.0016149400183036577,0.0016149400183036577
1020,DNAJC19 (131118),0.00021255279383821965,True,0.0003961439999773471,0.0003961439999773471
1021,LHFPL6 (10186),0.0002125341307264102,True,0.0019745584523323677,0.0019745584523323677
1022,FAM117A (81558),0.00021242982074514002,True,0.0036935195067272736,0.0036935195067272736
1023,FAU (2197),0.00021224917292781234,True,0.0016595609041602094,0.0016595609041602094
1024,YPEL2 (388403),0.0002120438839176822,True,-0.001275122510204478,0.001275122510204478
1025,SNX7 (51375),0.00021178246552214363,True,-0.001018603656541986,0.001018603656541986
1026,AKR1A1 (10327),0.00021176376982527193,True,0.0008365283613783554,0.0008365283613783554
1027,C1R (715),0.0002117311045582568,True,-0.0002465804196157685,0.0002465804196157685
1028,GUCY1A1 (2982),0.00021113093198027078,True,0.0020057140270183784,0.0020057140270183784
1029,COL4A4 (1286),0.0002109569437349139,True,0.00023730213698373664,0.00023730213698373664
1030,ERBB3 (2065),0.00021078378237044036,True,0.00043293388041512127,0.00043293388041512127
1031,SLC12A7 (10723),0.00021065605195451858,True,0.0007536200566217849,0.0007536200566217849
1032,STAB1 (23166),0.0002106027720510509,True,0.001754455478834524,0.001754455478834524
1033,EDN2 (1907),0.00021057418340871133,True,0.002465424998832363,0.002465424998832363
1034,IL17RC (84818),0.0002104787403380073,True,0.001920275146561695,0.001920275146561695
1035,WIPF3 (644150),0.00021046139901057315,True,-0.004299884665789063,0.004299884665789063
1036,ERG (2078),0.00021041157419767465,True,0.0011032362500105063,0.0011032362500105063
1037,TIMM23B (100652748),0.00021037786080862678,True,0.000250064051298619,0.000250064051298619
1038,TMSB15B (286527),0.00021028335264162588,True,0.00024803006057737644,0.00024803006057737644
1039,TACR1 (6869),0.0002102159843364767,True,-0.0018466533117035206,0.0018466533117035206
1040,BCAT2 (587),0.00020977585082810972,True,-0.00030996117773224416,0.00030996117773224416
1041,ABCA6 (23460),0.00020971111468531443,True,0.0016303397967578266,0.0016303397967578266
1042,TBX19 (9095),0.0002095534402381137,True,0.0009236589190729805,0.0009236589190729805
1043,CDC20B (166979),0.00020955329695910714,True,-0.0006005688354168851,0.0006005688354168851
1044,COPS6 (10980),0.0002095025756413784,True,-0.0020800294285256457,0.0020800294285256457
1045,VPS37A (137492),0.0002093600446589332,True,0.0004223136050277832,0.0004223136050277832
1046,SNX27 (81609),0.00020928093804675147,True,0.000551866635982972,0.000551866635982972
1047,STX1A (6804),0.00020925560542889307,True,-0.000584244252925733,0.000584244252925733
1048,UPF1 (5976),0.00020903630202596536,True,0.0010788764217613198,0.0010788764217613198
1049,LGI4 (163175),0.00020898562724274783,True,-3.256216898602014e-05,3.256216898602014e-05
1050,PDE10A (10846),0.00020896693264367918,True,-0.0013220684420633087,0.0013220684420633087
1051,SUPT16H (11198),0.00020860201536632218,True,-0.0011247572652327465,0.0011247572652327465
1052,NES (10763),0.00020858981657074642,True,-0.004147932310326802,0.004147932310326802
1053,SYNGAP1 (8831),0.00020847186184817353,True,0.00036166177594435553,0.00036166177594435553
1054,MYH16 (84176),0.0002084048431589233,True,-0.003564443437896677,0.003564443437896677
1055,ZNF500 (26048),0.00020812518213892574,True,0.0013317014233293332,0.0013317014233293332
1056,CENPU (79682),0.0002079897000075828,True,0.00015500920663106795,0.00015500920663106795
1057,POP5 (51367),0.00020779490405850598,True,-0.0018056955816533656,0.0018056955816533656
1058,FABP2 (2169),0.00020773809109816298,True,-0.0013196810289551719,0.0013196810289551719
1059,BIN1 (274),0.00020748501785663182,True,-0.0009370326697810397,0.0009370326697810397
1060,ASB5 (140458),0.00020747989375813109,True,0.0007885400202088421,0.0007885400202088421
1061,CFAP263 (29070),0.00020726626296872707,True,-3.277838408908087e-05,3.277838408908087e-05
1062,SGPL1 (8879),0.00020713785262526125,True,0.00024973581142952,0.00024973581142952
1063,MMP14 (4323),0.00020713504601714986,True,-0.002212023584685678,0.002212023584685678
1064,LIAS (11019),0.0002069138380718414,True,0.0004906318890253167,0.0004906318890253167
1065,EIF6 (3692),0.00020655205137728956,True,3.524634998796272e-05,3.524634998796272e-05
1066,H1-2 (3006),0.00020642642538742852,True,0.0007457461089572548,0.0007457461089572548
1067,SIRT6 (51548),0.00020632433195154806,True,-0.0020620323464258837,0.0020620323464258837
1068,OTX2 (5015),0.00020619664998578692,True,-0.0026727896595096384,0.0026727896595096384
1069,GNB3 (2784),0.00020614208164310905,True,-0.0009746761968232437,0.0009746761968232437
1070,SEC24C (9632),0.0002061413101579335,True,0.0005851303440566445,0.0005851303440566445
1071,POC1B (282809),0.00020595025269913084,True,-0.0011729013471715691,0.0011729013471715691
1072,OR2A7 (401427),0.0002058805221147166,True,-0.0014113882303790771,0.0014113882303790771
1073,JPH2 (57158),0.0002057936926778747,True,0.0016955215328742985,0.0016955215328742985
1074,EIF3D (8664),0.00020577573072668335,True,-0.002198257686813453,0.002198257686813453
1075,HAUS2 (55142),0.00020573106819684928,True,0.00039350197415895715,0.00039350197415895715
1076,CCDC22 (28952),0.00020556093489701013,True,0.003323206084522407,0.003323206084522407
1077,COX6B1 (1340),0.00020542204461843771,True,-0.0005081164493542515,0.0005081164493542515
1078,P4HB (5034),0.00020505979521116203,True,0.00046571889922278716,0.00046571889922278716
1079,SLC30A10 (55532),0.00020496691811551165,True,0.0011356827177228107,0.0011356827177228107
1080,S1PR3 (1903),0.00020496504551242164,True,0.0005902309858133751,0.0005902309858133751
1081,HOXC5 (3222),0.00020494781888249111,True,-0.0012078365365993848,0.0012078365365993848
1082,PAK4 (10298),0.00020490829084120383,True,0.0012260789962664836,0.0012260789962664836
1083,MUC5B (727897),0.00020464481912354447,True,-6.768618980860066e-05,6.768618980860066e-05
1084,BATF2 (116071),0.00020449983977211973,True,0.001450584754833195,0.001450584754833195
1085,GAPDHS (26330),0.00020444744085385433,True,-0.0022088105379657027,0.0022088105379657027
1086,ACTC1 (70),0.0002044183460309251,True,-0.0020075634490137155,0.0020075634490137155
1087,ADIRF (10974),0.00020430286500578487,True,0.0002971212133240095,0.0002971212133240095
1088,MBNL3 (55796),0.0002039493910549289,True,-0.0020067440123053425,0.0020067440123053425
1089,HINT3 (135114),0.0002037242108606669,True,-7.002768580873799e-05,7.002768580873799e-05
1090,ZNF236 (7776),0.00020360180107313326,True,0.0033521727946813707,0.0033521727946813707
1091,IGSF5 (150084),0.0002035324223738583,True,-0.0002812838583225321,0.0002812838583225321
1092,LRFN4 (78999),0.00020347532147338732,True,0.00040559987702048833,0.00040559987702048833
1093,ZNF382 (84911),0.00020309185965285858,True,0.0006998777610463728,0.0006998777610463728
1094,NUP133 (55746),0.00020289774503050935,True,-0.0007166974703122445,0.0007166974703122445
1095,CYTL1 (54360),0.00020266313799118215,True,-0.0009276145138147293,0.0009276145138147293
1096,KCNK7 (10089),0.00020263577152953416,True,0.0001671841428858877,0.0001671841428858877
1097,MEMO1 (51072),0.00020263497587070863,True,-0.002739571651842462,0.002739571651842462
1098,C2orf76 (130355),0.00020240260007769055,True,0.002892648395414514,0.002892648395414514
1099,ZNF234 (10780),0.00020240036020311727,True,-0.0006711315986083965,0.0006711315986083965
1100,WT1 (7490),0.00020235082920227375,True,0.00240100616828705,0.00240100616828705
1101,ANKS1B (56899),0.0002022916240224595,True,0.0006545705623347306,0.0006545705623347306
1102,SYNC (81493),0.00020188933024185664,True,0.003917730921238628,0.003917730921238628
1103,RRAS2 (22800),0.00020178296227149864,True,0.00018866237009605247,0.00018866237009605247
1104,ANKRD42 (338699),0.0002017180208735163,True,0.001033601320174377,0.001033601320174377
1105,PLEK2 (26499),0.00020149307295716566,True,-0.0009504098140724162,0.0009504098140724162
1106,TMEM132A (54972),0.00020136534594991973,True,0.0014873266027755844,0.0014873266027755844
1107,LARP1B (55132),0.0002011049894382395,True,0.0014538878761045412,0.0014538878761045412
1108,ZCRB1 (85437),0.00020095020390524214,True,0.0024524198334296993,0.0024524198334296993
1109,PLXNA1 (5361),0.0002008349785926189,True,-0.0010263943367500067,0.0010263943367500067
1110,ZBTB12 (221527),0.00020079677614281527,True,-0.001388228289538866,0.001388228289538866
1111,PPP3CB (5532),0.0002007362188850893,True,-0.0007138547614854669,0.0007138547614854669
1112,TSPAN18 (90139),0.00020073061664418527,True,0.0032853927248495283,0.0032853927248495283
1113,TESK2 (10420),0.00020062573707176212,True,-0.0004882883361859466,0.0004882883361859466
1114,ACIN1 (22985),0.00020010400883923544,True,0.0007386940870376449,0.0007386940870376449
1115,CHN2 (1124),0.00019995973040198546,True,0.0003860735899451842,0.0003860735899451842
1116,ANAPC16 (119504),0.00019989960993884007,True,-0.0036039462392148014,0.0036039462392148014
1117,PILRB (29990),0.0001998415897447174,True,0.0009456654969865863,0.0009456654969865863
1118,BMP6 (654),0.00019971845650823843,True,-0.0007138296931673067,0.0007138296931673067
1119,WASL (8976),0.0001996906834682447,True,0.0011302309546017924,0.0011302309546017924
1120,PKM (5315),0.00019962314447416208,True,-0.0025517518477036543,0.0025517518477036543
1121,ZSCAN30 (100101467),0.00019938027754119622,True,0.0003694208487611644,0.0003694208487611644
1122,LPAR2 (9170),0.00019909849537444503,True,-0.0031592242019046167,0.0031592242019046167
1123,PACC1 (55248),0.00019909486119534925,True,0.0028197810959590514,0.0028197810959590514
1124,CAD (790),0.00019908206753008415,True,0.000467984994787422,0.000467984994787422
1125,PRAG1 (157285),0.00019906022961366796,True,0.00014711805540783014,0.00014711805540783014
1126,PTGES (9536),0.00019898705164681836,True,-0.002961261359871779,0.002961261359871779
1127,OCRL (4952),0.0001989264834091242,True,0.001009554319754372,0.001009554319754372
1128,TBC1D4 (9882),0.00019871104766384392,True,-0.0008981789747047361,0.0008981789747047361
1129,TXK (7294),0.00019862548643488103,True,-0.0005756830398948906,0.0005756830398948906
1130,CTH (1491),0.0001985581470132863,True,0.003283391728515229,0.003283391728515229
1131,FBXO11 (80204),0.00019848553061905738,True,-0.00024577698824830617,0.00024577698824830617
1132,LCMT2 (9836),0.00019822313841243785,True,0.0027255641238264293,0.0027255641238264293
1133,LAMA3 (3909),0.0001981159282090089,True,-0.00010349483737633882,0.00010349483737633882
1134,MYBL1 (4603),0.00019804440252286276,True,0.0005197090843433538,0.0005197090843433538
1135,ANXA10 (11199),0.00019803851975506182,True,-0.003341992793590352,0.003341992793590352
1136,DCHS2 (54798),0.0001980136624817104,True,-0.0007452642517756314,0.0007452642517756314
1137,TTK (7272),0.00019789671496939644,True,0.00011019375115563961,0.00011019375115563961
1138,TTC36 (143941),0.00019775707127450405,True,0.0013351613870303302,0.0013351613870303302
1139,TUFT1 (7286),0.00019758412967691154,True,0.003055204469961903,0.003055204469961903
1140,BICC1 (80114),0.00019755375286408506,True,0.002794974880981119,0.002794974880981119
1141,CTCFL (140690),0.00019747829044587987,True,0.0014696269622605004,0.0014696269622605004
1142,MRGPRX4 (117196),0.0001974744610330424,True,-0.0032271885651674066,0.0032271885651674066
1143,TNFRSF10C (8794),0.0001974469989762648,True,0.0004121890867681585,0.0004121890867681585
1144,WASF3 (10810),0.00019743905597073756,True,0.0012870487514076217,0.0012870487514076217
1145,ZC3H7A (29066),0.00019727135747727345,True,0.002127395272860066,0.002127395272860066
1146,VPS37C (55048),0.00019679697001025786,True,0.0015749510448967701,0.0015749510448967701
1147,ADARB1 (104),0.00019673592022655955,True,0.004740624121929827,0.004740624121929827
1148,KLK6 (5653),0.0001966662256414978,True,-0.0017542325589390154,0.0017542325589390154
1149,MEF2A (4205),0.0001966530451838932,True,-0.0017123144336717803,0.0017123144336717803
1150,EIF2A (83939),0.0001965780121726679,True,-0.0010266110565827142,0.0010266110565827142
1151,IP6K3 (117283),0.0001965593342511609,True,-0.001953610772048556,0.001953610772048556
1152,ATG5 (9474),0.0001965174043638466,True,-0.0004090257119214605,0.0004090257119214605
1153,ALG2 (85365),0.00019639133832220562,True,0.0010038452234231976,0.0010038452234231976
1154,AP1G1 (164),0.00019638671109864316,True,-0.0023292212691853617,0.0023292212691853617
1155,DPP4 (1803),0.0001961614210859537,True,0.0030322894207179397,0.0030322894207179397
1156,DEPTOR (64798),0.000195977422623742,True,0.0026106901071108546,0.0026106901071108546
1157,MORN5 (254956),0.00019595580633928076,True,0.005186420467070117,0.005186420467070117
1158,PRPS1 (5631),0.00019581246928001281,True,0.000965469503956754,0.000965469503956754
1159,CCDC91 (55297),0.00019574354611489068,True,-0.0004638027071814136,0.0004638027071814136
1160,PMEL (6490),0.00019546820982635236,True,-0.002563175472627369,0.002563175472627369
1161,SLC35F1 (222553),0.00019539033928692094,True,-0.0006873044040821845,0.0006873044040821845
1162,CLMP (79827),0.00019531980339279107,True,0.0011086807123779517,0.0011086807123779517
1163,CYP4B1 (1580),0.0001952980489483335,True,0.002171344524370359,0.002171344524370359
1164,SERPIND1 (3053),0.00019480915472261907,True,-6.45352344052141e-05,6.45352344052141e-05
1165,RSAD1 (55316),0.00019472294847373733,True,0.0025359585058321835,0.0025359585058321835
1166,LGI3 (203190),0.0001945433360202516,True,0.001277884470692782,0.001277884470692782
1167,PSTPIP2 (9050),0.00019430687797740773,True,-0.004019299377168694,0.004019299377168694
1168,ZFP36L1 (677),0.00019430506741853945,True,-0.0014520526830409527,0.0014520526830409527
1169,FER (2241),0.00019402019964319712,True,1.5229251774063904e-05,1.5229251774063904e-05
1170,ENO4 (387712),0.0001939404281935277,True,-0.0006609902272194588,0.0006609902272194588
1171,GDF15 (9518),0.0001938404276906731,True,-0.0024888370942341104,0.0024888370942341104
1172,MAML3 (55534),0.00019383303378790907,True,-5.503593161828701e-05,5.503593161828701e-05
1173,HEMK1 (51409),0.00019367333084148818,True,0.0007660950291599677,0.0007660950291599677
1174,DUS3L (56931),0.00019361615877277094,True,-0.0030780390549470646,0.0030780390549470646
1175,TOR3A (64222),0.00019359310783310723,True,-0.002144265933248384,0.002144265933248384
1176,PPP1R12A (4659),0.00019344801518409504,True,0.0009835350312816914,0.0009835350312816914
1177,SEC13 (6396),0.0001933726569886474,True,0.0019937485385794623,0.0019937485385794623
1178,ABI1 (10006),0.00019323449781840558,True,-0.00010270911983048812,0.00010270911983048812
1179,SLC27A2 (11001),0.00019287882884500677,True,-0.005212573632074828,0.005212573632074828
1180,ADPRHL1 (113622),0.00019275939184594255,True,-0.0024634293520697055,0.0024634293520697055
1181,MYADML2 (255275),0.00019273625527361344,True,0.0022570083061350093,0.0022570083061350093
1182,LRRN2 (10446),0.00019270899033531585,True,-0.0013698788056252166,0.0013698788056252166
1183,PRKACB (5567),0.00019267477323140883,True,0.000878382583172576,0.000878382583172576
1184,LZIC (84328),0.00019265479650772138,True,0.0015195809607671659,0.0015195809607671659
1185,ATF3 (467),0.00019249804557864658,True,0.002625384412425342,0.002625384412425342
1186,TRIM55 (84675),0.00019245510114157977,True,-0.004061474552344258,0.004061474552344258
1187,SLAMF6 (114836),0.00019229286091355035,True,-0.0023890735495486373,0.0023890735495486373
1188,MED29 (55588),0.00019216815981510033,True,0.0019075593919970473,0.0019075593919970473
1189,SLC46A2 (57864),0.00019213732100795635,True,-0.001999387668859755,0.001999387668859755
1190,NPR3 (4883),0.0001921236551392871,True,0.00020544374064618255,0.00020544374064618255
1191,CRTAC1 (55118),0.00019207373866476996,True,0.002133113006673498,0.002133113006673498
1192,RNF121 (55298),0.00019207335926500567,True,-0.0016725421518927397,0.0016725421518927397
1193,CRYBG1 (202),0.00019201638927305936,True,-6.961501106812133e-05,6.961501106812133e-05
1194,TGFB1I1 (7041),0.00019180688815561005,True,-0.0008897665516541816,0.0008897665516541816
1195,EIF2AK4 (440275),0.00019176741383957214,True,-0.0004710773832033181,0.0004710773832033181
1196,VTN (7448),0.00019146580076224458,True,-0.002955742662182325,0.002955742662182325
1197,MYO5C (55930),0.00019132808349603644,True,0.0005844629087818935,0.0005844629087818935
1198,F5 (2153),0.00019130814928154294,True,-0.0023000813048803873,0.0023000813048803873
1199,NOL8 (55035),0.00019115586400592923,True,0.0013944188201553192,0.0013944188201553192
1200,HELB (92797),0.00019102344334917618,True,0.0008868821995312963,0.0008868821995312963
1201,GOLIM4 (27333),0.00019099237368236401,True,0.00017750768490952052,0.00017750768490952052
1202,SAMD1 (90378),0.00019096806684427333,True,0.0005150136526238355,0.0005150136526238355
1203,NDUFB10 (4716),0.00019079806931466132,True,-0.0005373486690690476,0.0005373486690690476
1204,ZCWPW1 (55063),0.0001907842737813221,True,-0.002948125921049738,0.002948125921049738
1205,PCCA (5095),0.0001906948674882415,True,-0.0023053204559128496,0.0023053204559128496
1206,EED (8726),0.0001905476410893783,True,0.0006925330242727231,0.0006925330242727231
1207,FSCN2 (25794),0.0001904446436733684,True,0.0016326082793901304,0.0016326082793901304
1208,CNTROB (116840),0.00019041573187386721,True,0.00022262149920571116,0.00022262149920571116
1209,COG5 (10466),0.00019039511086234138,True,0.0013768705731280109,0.0013768705731280109
1210,ADIPOR2 (79602),0.00019029420379910553,True,0.0027193373991890677,0.0027193373991890677
1211,DBN1 (1627),0.00019023899228600352,True,0.0013214952185123048,0.0013214952185123048
1212,TSR3 (115939),0.00019010963402020422,True,0.0016458969575800413,0.0016458969575800413
1213,PDE11A (50940),0.00019010442165567367,True,-0.00254692481395741,0.00254692481395741
1214,ALCAM (214),0.00019004649204588857,True,0.0019259708355530648,0.0019259708355530648
1215,CLDN3 (1365),0.0001897605467002122,True,0.0018643592540035587,0.0018643592540035587
1216,NUP160 (23279),0.00018974505399914482,True,0.00041952149546165734,0.00041952149546165734
1217,EHD3 (30845),0.00018972159587233377,True,-0.00099647647004244,0.00099647647004244
1218,CLDN20 (49861),0.00018965094796785775,True,-0.0021060899953452912,0.0021060899953452912
1219,COPB1 (1315),0.00018943330508093244,True,0.001567057161598718,0.001567057161598718
1220,SPTBN1 (6711),0.00018916056088692042,True,-0.0021536425611421934,0.0021536425611421934
1221,NECAP1 (25977),0.00018900849021917816,True,0.0027496348341148596,0.0027496348341148596
1222,LEF1 (51176),0.0001889429719794977,True,0.00047038701563063075,0.00047038701563063075
1223,CALCOCO1 (57658),0.00018894162406414748,True,0.0005168836386486274,0.0005168836386486274
1224,TCTN2 (79867),0.0001888559663031522,True,8.554719827814764e-05,8.554719827814764e-05
1225,RGS4 (5999),0.0001887654702047258,True,-0.00013529469143630518,0.00013529469143630518
1226,NT5DC2 (64943),0.00018872679356475415,True,0.0009378009085893313,0.0009378009085893313
1227,CSRNP2 (81566),0.00018808484927850902,True,0.0004958908351003809,0.0004958908351003809
1228,FOXRED2 (80020),0.00018807083927907048,True,-0.0008241527425144044,0.0008241527425144044
1229,PDE8B (8622),0.00018757806089148604,True,0.0019346000485040388,0.0019346000485040388
1230,HYOU1 (10525),0.0001875443786013709,True,0.0020967355035646524,0.0020967355035646524
1231,PMAIP1 (5366),0.0001874558018732045,True,-0.0004312722029773553,0.0004312722029773553
1232,ZNF717 (100131827),0.0001873596666753865,True,0.0018480650780580278,0.0018480650780580278
1233,USP16 (10600),0.0001873577742066383,True,0.00017741659369814675,0.00017741659369814675
1234,SH3RF2 (153769),0.00018723604136942397,True,-0.00017971616936252662,0.00017971616936252662
1235,NUDT21 (11051),0.00018718803446902732,True,-0.0014786392620273901,0.0014786392620273901
1236,PTPN3 (5774),0.00018717861628228554,True,-0.00018531692156709633,0.00018531692156709633
1237,NQO1 (1728),0.0001871472533938472,True,-0.00036834667396808476,0.00036834667396808476
1238,TMEM176B (28959),0.00018710224352876405,True,-0.002595367573220578,0.002595367573220578
1239,ERC1 (23085),0.0001870884091353173,True,0.0007443787788451422,0.0007443787788451422
1240,TBL3 (10607),0.00018695772288533657,True,0.0006931307529062705,0.0006931307529062705
1241,IHH (3549),0.00018673893788480073,True,-0.0004938858068847049,0.0004938858068847049
1242,TH (7054),0.00018628617024913082,True,8.986279162546702e-06,8.986279162546702e-06
1243,LRRC24 (441381),0.00018628404651657317,True,0.002152327160348523,0.002152327160348523
1244,LETM1 (3954),0.00018596572584062115,True,-0.00117770952005723,0.00117770952005723
1245,CD164 (8763),0.00018594518375247398,True,-0.00013477072269993894,0.00013477072269993894
1246,MRPS24 (64951),0.00018592157289531617,True,0.0024735198493124307,0.0024735198493124307
1247,GSTCD (79807),0.00018589347369226571,True,0.00047506855973812384,0.00047506855973812384
1248,TAF2 (6873),0.00018576181119608792,True,0.0006033262937877384,0.0006033262937877384
1249,ADCY9 (115),0.00018561512208242496,True,0.0035790476007212897,0.0035790476007212897
1250,PPP2R1B (5519),0.00018558630785755876,True,0.001323537393848463,0.001323537393848463
1251,PCYT2 (5833),0.00018555908805335038,True,0.0001481018049383333,0.0001481018049383333
1252,PERP (64065),0.00018527517116095457,True,-0.00029366562017878834,0.00029366562017878834
1253,CEP104 (9731),0.00018505864303701195,True,0.0021042806130409622,0.0021042806130409622
1254,MIER2 (54531),0.00018500174576068022,True,-0.0017066417751290227,0.0017066417751290227
1255,PIDD1 (55367),0.00018497683779523415,True,0.0017409406185500027,0.0017409406185500027
1256,WTAP (9589),0.0001849749749057131,True,0.0006436128617134905,0.0006436128617134905
1257,FTCDNL1 (348751),0.00018494871512810158,True,0.0015657912772599602,0.0015657912772599602
1258,TRIM31 (11074),0.0001849208767884279,True,-0.003643192010403534,0.003643192010403534
1259,TMEM121B (27439),0.00018492015677743344,True,-0.0010078787296495442,0.0010078787296495442
1260,CLPP (8192),0.000184891649763771,True,-0.0012710326858347337,0.0012710326858347337
1261,SLC2A9 (56606),0.00018462665667439833,True,-0.0015452044825470463,0.0015452044825470463
1262,ASXL2 (55252),0.00018460979465703488,True,-0.0002890392903045628,0.0002890392903045628
1263,TMEM101 (84336),0.00018453652475490648,True,0.00011821890515499513,0.00011821890515499513
1264,STK32A (202374),0.00018443347542366288,True,-0.00412699425051434,0.00412699425051434
1265,RTN3 (10313),0.00018438301985928784,True,-2.6464316577109277e-05,2.6464316577109277e-05
1266,ATP23 (91419),0.00018425424841894325,True,-0.000841479709024877,0.000841479709024877
1267,GABRQ (55879),0.00018408605884996917,True,-0.0015374265264407275,0.0015374265264407275
1268,ZNF48 (197407),0.0001840802950290455,True,0.00011520144065112605,0.00011520144065112605
1269,H4C5 (8367),0.0001839952088210853,True,0.001451734636872895,0.001451734636872895
1270,TRIM29 (23650),0.00018396714740309773,True,-0.0025531249696030623,0.0025531249696030623
1271,PURB (5814),0.00018374570449339008,True,5.9544758469138107e-05,5.9544758469138107e-05
1272,CIMAP1C (161753),0.00018366882815571792,True,-0.004351618134190831,0.004351618134190831
1273,RNF40 (9810),0.00018361254953475894,True,0.00023494617368645344,0.00023494617368645344
1274,PRR16 (51334),0.00018350457718752867,True,-0.0008177718409194843,0.0008177718409194843
1275,SNX3 (8724),0.00018345409114702674,True,0.0015624826966702638,0.0015624826966702638
1276,TIGAR (57103),0.00018345078984483197,True,-0.0012744813280987947,0.0012744813280987947
1277,RAB11FIP5 (26056),0.00018339464626154035,True,0.001705081198619012,0.001705081198619012
1278,TNFRSF19 (55504),0.0001833666364439573,True,0.0005322399336303316,0.0005322399336303316
1279,GSTZ1 (2954),0.00018328151279262437,True,-0.0024586362899565546,0.0024586362899565546
1280,RUBCNL (80183),0.000183140601240012,True,-0.0002686571743351614,0.0002686571743351614
1281,FMO5 (2330),0.00018311274170771953,True,-0.0024509232167541353,0.0024509232167541353
1282,CPLX1 (10815),0.00018297337981465497,True,0.0005693386462540149,0.0005693386462540149
1283,ANKRD49 (54851),0.00018292093442646903,True,0.002731620087976795,0.002731620087976795
1284,RPL28 (6158),0.00018288002879530833,True,-0.0006038242854504318,0.0006038242854504318
1285,DCLRE1B (64858),0.00018287157630874422,True,0.0008053872803309172,0.0008053872803309172
1286,DGKG (1608),0.0001827956495214074,True,-0.003358932400501022,0.003358932400501022
1287,C1QTNF2 (114898),0.0001827916288345557,True,-0.00013709004208491398,0.00013709004208491398
1288,UNG (7374),0.00018276276910928204,True,0.0013521154048234563,0.0013521154048234563
1289,FAM53B (9679),0.00018271279831488248,True,-0.0016114204841334132,0.0016114204841334132
1290,MAGEA9B (728269),0.00018267640752707334,True,0.00630273124634439,0.00630273124634439
1291,PCDH9 (5101),0.00018264460898656382,True,-0.0014423643304494237,0.0014423643304494237
1292,ZNF83 (55769),0.00018263936479752206,True,0.002469366615614365,0.002469366615614365
1293,PHF21A (51317),0.0001826327486299694,True,0.0032441301930612107,0.0032441301930612107
1294,TBXAS1 (6916),0.0001825751694946751,True,0.0021624533895262333,0.0021624533895262333
1295,CDHR3 (222256),0.00018252383410266037,True,-0.00042075401237008495,0.00042075401237008495
1296,MSRB3 (253827),0.00018248285163052506,True,0.0011553645786794322,0.0011553645786794322
1297,KRT79 (338785),0.00018246424029073823,True,-0.0006569324139797096,0.0006569324139797096
1298,R3HCC1 (203069),0.0001824122445322197,True,-0.0016134227300787043,0.0016134227300787043
1299,GSTO1 (9446),0.00018236507297888583,True,0.0008598776900919664,0.0008598776900919664
1300,RNF8 (9025),0.0001822207375756755,True,0.001618726227737159,0.001618726227737159
1301,INPPL1 (3636),0.00018216538537873291,True,-0.00034868865180696473,0.00034868865180696473
1302,ACOX2 (8309),0.00018209807665657543,True,-0.003757608454512783,0.003757608454512783
1303,HDAC3 (8841),0.0001817971113987523,True,4.735513662259042e-05,4.735513662259042e-05
1304,PLEKHD1 (400224),0.00018172693200604897,True,0.0015108736317397328,0.0015108736317397328
1305,CTNS (1497),0.000181626557887975,True,0.00047365590321125635,0.00047365590321125635
1306,DPY19L4 (286148),0.0001816254263182628,True,0.0027096951858805642,0.0027096951858805642
1307,SCRN2 (90507),0.00018161350883847947,True,0.0012538230577657061,0.0012538230577657061
1308,PTGR3 (284273),0.00018155053297514378,True,-0.001100927512310172,0.001100927512310172
1309,EMP2 (2013),0.000181433218775593,True,-0.002749527116573806,0.002749527116573806
1310,LIPA (3988),0.00018143296373276108,True,-0.0007884017523547694,0.0007884017523547694
1311,FBXO32 (114907),0.00018128385011957312,True,0.00025281383473629165,0.00025281383473629165
1312,RBM17 (84991),0.00018090037029701596,True,-0.0024088126857317446,0.0024088126857317446
1313,CBLN3 (643866),0.00018089488286420635,True,-0.002711794514410676,0.002711794514410676
1314,DPM3 (54344),0.00018077977573418397,True,0.0004090274150393991,0.0004090274150393991
1315,NDUFV2 (4729),0.00018077416285102233,True,-0.001575997992891346,0.001575997992891346
1316,DUSP6 (1848),0.00018074677840800162,True,-0.0011560905183064,0.0011560905183064
1317,SOX17 (64321),0.00018061308648201056,True,0.00145207876419281,0.00145207876419281
1318,DNMBP (23268),0.0001804081884880677,True,-0.0015054603123936328,0.0015054603123936328
1319,KRT6C (286887),0.00018029736182463433,True,0.00020308147940994125,0.00020308147940994125
1320,SLC44A3 (126969),0.00018015803651463426,True,-0.0021215145780055355,0.0021215145780055355
1321,PEX14 (5195),0.0001801096715585016,True,0.0007868684998827819,0.0007868684998827819
1322,UBE2J2 (118424),0.00017999786032407749,True,0.0009720065463382777,0.0009720065463382777
1323,HMGN4 (10473),0.00017996526305109876,True,-0.0003086572275012942,0.0003086572275012942
1324,GPR68 (8111),0.00017990685234746436,True,-0.001538428951455247,0.001538428951455247
1325,FAM133B (257415),0.00017990191309711663,True,-0.0005144346139370659,0.0005144346139370659
1326,ITPR2 (3709),0.000179864036550786,True,0.00010103156210073544,0.00010103156210073544
1327,EXO5 (64789),0.00017985634641715388,True,0.0006633592507374643,0.0006633592507374643
1328,TPM4 (7171),0.00017983926376836178,True,0.0001065640028883513,0.0001065640028883513
1329,MAP3K14 (9020),0.00017971290722927259,True,4.8656791873576046e-05,4.8656791873576046e-05
1330,ST6GALNAC2 (10610),0.00017960654424712907,True,-0.0023490286223335714,0.0023490286223335714
1331,WNT5B (81029),0.0001796062407871562,True,0.002721876397598903,0.002721876397598903
1332,RNF149 (284996),0.00017953669042105127,True,-0.0013959825335327957,0.0013959825335327957
1333,FKBPL (63943),0.00017921653086345712,True,0.0006891263702193157,0.0006891263702193157
1334,KBTBD8 (84541),0.00017917325778790268,True,0.0011044148876885856,0.0011044148876885856
1335,CHRM3 (1131),0.00017893346286735798,True,0.0020922971539747183,0.0020922971539747183
1336,RETREG1 (54463),0.00017887162661932188,True,0.0008527361336044821,0.0008527361336044821
1337,HASPIN (83903),0.00017870689916334593,True,0.0009166091604995573,0.0009166091604995573
1338,OASL (8638),0.00017856167035810712,True,-0.0029102553068199857,0.0029102553068199857
1339,MORN3 (283385),0.00017855661029766106,True,0.0002693932163516568,0.0002693932163516568
1340,USP42 (84132),0.00017855108946275653,True,-0.0005782797727230902,0.0005782797727230902
1341,NPTN (27020),0.00017821787523520757,True,0.00022205816192471552,0.00022205816192471552
1342,POLR3H (171568),0.00017781560218744103,True,-0.0008309284949659865,0.0008309284949659865
1343,TFEC (22797),0.00017781299043573108,True,0.0022996239795127415,0.0022996239795127415
1344,AGT (183),0.00017778267501477614,True,-0.0027187072562370397,0.0027187072562370397
1345,APLP1 (333),0.0001777457296818932,True,-0.0013126449840752431,0.0013126449840752431
1346,ARHGDIB (397),0.00017770682201330998,True,-2.8961719020280635e-05,2.8961719020280635e-05
1347,DCAF6 (55827),0.0001776573399956586,True,-0.00015410136468534244,0.00015410136468534244
1348,BCL2A1 (597),0.0001776054565506608,True,0.0007109285220206775,0.0007109285220206775
1349,B9D2 (80776),0.00017756451403950788,True,-2.4199907473366285e-05,2.4199907473366285e-05
1350,SPMIP5 (143379),0.0001774732717264525,True,0.0030400104135314267,0.0030400104135314267
1351,PPP1R9B (84687),0.00017747234351890947,True,-0.00014588055924529063,0.00014588055924529063
1352,SLC25A47 (283600),0.00017743985283107152,True,0.0019297442375568394,0.0019297442375568394
1353,DYNC2LI1 (51626),0.0001773103569001114,True,-0.0011549343023892684,0.0011549343023892684
1354,FSTL5 (56884),0.00017723616253822194,True,0.0015690429585148071,0.0015690429585148071
1355,NR1H3 (10062),0.00017710112671207457,True,-0.0017282053508934625,0.0017282053508934625
1356,UVRAG (7405),0.0001770962979295106,True,0.0025290896918721733,0.0025290896918721733
1357,ERCC6 (2074),0.00017709291271539489,True,0.003018389327744551,0.003018389327744551
1358,ABHD2 (11057),0.00017696908404482906,True,-0.0012557295575106168,0.0012557295575106168
1359,YOD1 (55432),0.00017690524054768367,True,-0.0002950219774965168,0.0002950219774965168
1360,UBE2B (7320),0.00017686504984032445,True,-0.0009627352476512574,0.0009627352476512574
1361,SETD4 (54093),0.0001767710769922872,True,0.0010587925818197794,0.0010587925818197794
1362,SPINK1 (6690),0.00017664100155918714,True,-0.004353301335438336,0.004353301335438336
1363,SRGN (5552),0.00017656495197285033,True,0.0012596966982742826,0.0012596966982742826
1364,IDH3A (3419),0.00017653565157115203,True,-0.002217704823454798,0.002217704823454798
1365,HM13 (81502),0.0001764991811265481,True,0.0010919952946416745,0.0010919952946416745
1366,ZNF273 (10793),0.00017639575840996998,True,0.0019787515394651557,0.0019787515394651557
1367,TMEM60 (85025),0.00017617379068390857,True,-0.0011691969455183018,0.0011691969455183018
1368,CAVIN2 (8436),0.00017617275252683495,True,5.641932122915351e-05,5.641932122915351e-05
1369,PPP1R14B (26472),0.00017617103994913808,True,-3.636875307651581e-05,3.636875307651581e-05
1370,EFCAB2 (84288),0.00017595095050917681,True,0.0020548269141655653,0.0020548269141655653
1371,CBS (875),0.00017586450125332983,True,-0.0025119393176741595,0.0025119393176741595
1372,RAB3A (5864),0.0001756998856852361,True,-0.0010988695556932932,0.0010988695556932932
1373,NSF (4905),0.00017567238448709113,True,0.0021177739143019014,0.0021177739143019014
1374,RTKN2 (219790),0.00017561844325409957,True,0.0024258670685376386,0.0024258670685376386
1375,DRG2 (1819),0.00017555588014526825,True,0.0006988060235821861,0.0006988060235821861
1376,ACAA2 (10449),0.00017553674161655268,True,-0.001332958772584698,0.001332958772584698
1377,GPR155 (151556),0.00017524377430461828,True,-0.0009169500373806008,0.0009169500373806008
1378,FAM20B (9917),0.00017508800387068895,True,-0.001739305318519684,0.001739305318519684
1379,SLC6A8 (6535),0.00017496529139906117,True,0.00024387323079572837,0.00024387323079572837
1380,REXO5 (81691),0.00017492038289422787,True,-0.00027869739458419936,0.00027869739458419936
1381,ZNF581 (51545),0.00017491515245776347,True,0.00023438606044279275,0.00023438606044279275
1382,INA (9118),0.00017475603295877363,True,-0.0021279738722059928,0.0021279738722059928
1383,HK1 (3098),0.0001745421761561548,True,0.002383705979268236,0.002383705979268236
1384,PRKAB2 (5565),0.00017442611468756884,True,0.00018244072936652754,0.00018244072936652754
1385,ATP1B1 (481),0.0001743927200067783,True,-0.0008413666241328375,0.0008413666241328375
1386,SENP1 (29843),0.00017427682046528502,True,0.002058654179180466,0.002058654179180466
1387,KIF2A (3796),0.00017425081865129569,True,-0.0021095912478454742,0.0021095912478454742
1388,NXF1 (10482),0.000174244123842569,True,0.0014172075423986817,0.0014172075423986817
1389,SOX7 (83595),0.00017424157278358,True,-0.001490448130252115,0.001490448130252115
1390,PIK3R5 (23533),0.00017400629732812486,True,-0.0003320032700789854,0.0003320032700789854
1391,RAB1A (5861),0.0001739643797497912,True,-0.000588569051199346,0.000588569051199346
1392,CCDC191 (57577),0.00017392406663264818,True,-0.0003277068422923462,0.0003277068422923462
1393,STON1 (11037),0.0001736792475867694,True,0.000957831772103609,0.000957831772103609
1394,SHROOM4 (57477),0.00017344212146848167,True,-0.0009447356912636977,0.0009447356912636977
1395,PRKCD (5580),0.00017334564150349037,True,-0.00042868894111460507,0.00042868894111460507
1396,CNTD1 (124817),0.00017332612282790398,True,-0.0008191801448385147,0.0008191801448385147
1397,ARHGAP39 (80728),0.00017329011544406665,True,0.0008641784007484342,0.0008641784007484342
1398,H2AC17 (8336),0.0001732853290114558,True,-0.0007382748925992186,0.0007382748925992186
1399,IQCD (115811),0.00017325225884813212,True,0.002476458834261767,0.002476458834261767
1400,ULK1 (8408),0.000173082644982681,True,-0.0007015564278134898,0.0007015564278134898
1401,POLR2G (5436),0.00017305405543010128,True,0.001369294966470511,0.001369294966470511
1402,ZNF160 (90338),0.00017297975763174954,True,0.0001610606824534506,0.0001610606824534506
1403,ADGRA1 (84435),0.00017286544962323786,True,-0.0006351852316638302,0.0006351852316638302
1404,MAP10 (54627),0.00017253056746490707,True,0.0007247958192961965,0.0007247958192961965
1405,GARNL3 (84253),0.0001724889322546309,True,3.294462313841888e-05,3.294462313841888e-05
1406,PQBP1 (10084),0.00017241865334931207,True,0.002269385952471335,0.002269385952471335
1407,STMN2 (11075),0.00017236816669004583,True,-0.0005561491045067645,0.0005561491045067645
1408,DLGAP4 (22839),0.00017235876720452767,True,0.0011041514223512979,0.0011041514223512979
1409,SLC30A8 (169026),0.0001723474005511348,True,-0.0017828041175758033,0.0017828041175758033
1410,AKIRIN1 (79647),0.00017232413773132275,True,0.0002995289038591649,0.0002995289038591649
1411,ZNG1B (150472),0.00017225147503516618,True,0.0027376322749666443,0.0027376322749666443
1412,CYP2J2 (1573),0.0001722283643149242,True,-0.002028262662859386,0.002028262662859386
1413,DMD (1756),0.00017200235341206297,True,0.0017033904138816672,0.0017033904138816672
1414,IFIT3 (3437),0.00017191637963881232,True,-0.0006566212860888,0.0006566212860888
1415,ARHGEF10 (9639),0.00017184967001594313,True,0.004146297664125183,0.004146297664125183
1416,ESM1 (11082),0.0001717152388127255,True,0.0019297583518941722,0.0019297583518941722
1417,ATN1 (1822),0.0001716096417969402,True,0.0039694200656317,0.0039694200656317
1418,ADAMTS14 (140766),0.00017157841800296251,True,0.00045159038207764077,0.00045159038207764077
1419,C8orf34 (116328),0.00017156659622365395,True,0.002252022649176835,0.002252022649176835
1420,CIMIP6 (129852),0.0001714413117212579,True,0.0028893834359494997,0.0028893834359494997
1421,POLN (353497),0.00017139605302185216,True,0.0021515336199897177,0.0021515336199897177
1422,HMCN2 (256158),0.00017136114817313145,True,-0.0014373377580210289,0.0014373377580210289
1423,STIM1 (6786),0.0001713353161896366,True,0.00014527102230139748,0.00014527102230139748
1424,EPHA5 (2044),0.00017119406495722013,True,0.003331354959888011,0.003331354959888011
1425,ATP5PD (10476),0.0001710878243941054,True,0.0010007025952403353,0.0010007025952403353
1426,BEND4 (389206),0.00017100322217432378,True,0.0013163070685348064,0.0013163070685348064
1427,NT5E (4907),0.0001709632425758625,True,-0.0004666508265823015,0.0004666508265823015
1428,FHIP1A (729830),0.00017050834631109519,True,0.0019274298278072657,0.0019274298278072657
1429,RHEX (440712),0.00017046371101188244,True,0.0026099248683717543,0.0026099248683717543
1430,TPP2 (7174),0.0001702902186959759,True,-0.003433138642256087,0.003433138642256087
1431,DCDC2 (51473),0.00017025416608677156,True,0.0011856095572738378,0.0011856095572738378
1432,UXS1 (80146),0.00017023655799464874,True,0.0008440945742459087,0.0008440945742459087
1433,CCDC192 (728586),0.0001701601847592779,True,-0.004369660262631018,0.004369660262631018
1434,HTRA4 (203100),0.0001699441107996837,True,-0.0005062488541772796,0.0005062488541772796
1435,CPA2 (1358),0.00016994296838578667,True,-0.004714213551729711,0.004714213551729711
1436,NCKAP1 (10787),0.00016991176293648734,True,-0.0005847377899990431,0.0005847377899990431
1437,CAPRIN2 (65981),0.00016985137290920094,True,0.0002999777428563382,0.0002999777428563382
1438,IFT70A (92104),0.00016978380499721132,True,0.000761107046643013,0.000761107046643013
1439,RPS6KL1 (83694),0.00016962632845589655,True,-0.002404278236796944,0.002404278236796944
1440,FNDC11 (79025),0.0001695423439053753,True,0.0014089518103819517,0.0014089518103819517
1441,HLA-DMB (3109),0.00016951514064739642,True,-0.0009880116571513596,0.0009880116571513596
1442,HCFC1R1 (54985),0.00016932198854891577,True,-0.0015700120349005804,0.0015700120349005804
1443,SYT9 (143425),0.0001692035291217127,True,-0.0014402441404187379,0.0014402441404187379
1444,GIPC1 (10755),0.000169169361147584,True,-0.0004676464545687278,0.0004676464545687278
1445,SPINK4 (27290),0.0001691612509051282,True,-0.002726049564931011,0.002726049564931011
1446,DDX60 (55601),0.00016915131421005558,True,-0.0010390422716582306,0.0010390422716582306
1447,SOWAHD (347454),0.0001690931943553809,True,0.003911241899770384,0.003911241899770384
1448,PDX1 (3651),0.00016908471171379,True,-0.0006000300023291801,0.0006000300023291801
1449,ZNF808 (388558),0.0001689445991505895,True,0.002986477631188523,0.002986477631188523
1450,KLRF1 (51348),0.00016894021100584855,True,0.0024457590543242916,0.0024457590543242916
1451,COL26A1 (136227),0.00016886499424899966,True,0.002095307799038803,0.002095307799038803
1452,SYT16 (83851),0.00016874754772812085,True,0.0016421277043128508,0.0016421277043128508
1453,MRPL52 (122704),0.00016873989938597035,True,-0.0013031513375846126,0.0013031513375846126
1454,SYT15B (102724488),0.00016872330073204204,True,0.0009545760618277213,0.0009545760618277213
1455,PADI2 (11240),0.0001686482402684929,True,0.0030028528921204932,0.0030028528921204932
1456,SPATS1 (221409),0.00016862073978961373,True,-0.002139257129466718,0.002139257129466718
1457,FAM216A (29902),0.000168383385595014,True,-2.2022943392644833e-05,2.2022943392644833e-05
1458,SLITRK6 (84189),0.00016828820757152293,True,-0.00015375152313201615,0.00015375152313201615
1459,PLXDC1 (57125),0.00016822996268951872,True,0.005120066104487983,0.005120066104487983
1460,ZFAND2B (130617),0.000168161028706156,True,-0.000297143064138688,0.000297143064138688
1461,RPGRIP1 (57096),0.0001680504725445758,True,-0.000660825477641382,0.000660825477641382
1462,OTUD4 (54726),0.00016799503505469937,True,0.0005856898550020346,0.0005856898550020346
1463,FBXO43 (286151),0.00016799174461912416,True,-0.00184886328149389,0.00184886328149389
1464,ACADM (34),0.00016780907753118996,True,4.14545884348189e-05,4.14545884348189e-05
1465,ZDHHC9 (51114),0.00016779444502133963,True,0.0032839151344010308,0.0032839151344010308
1466,GOT2 (2806),0.00016777496761015306,True,-0.0015925112621743903,0.0015925112621743903
1467,SEC23A (10484),0.00016768644351891951,True,0.00032829908651332276,0.00032829908651332276
1468,PARVB (29780),0.000167467524843885,True,0.0005375345106328989,0.0005375345106328989
1469,IL1RAPL1 (11141),0.00016723654576624144,True,0.00022296412925729755,0.00022296412925729755
1470,PARD3B (117583),0.00016722450947315694,True,0.001722270808582031,0.001722270808582031
1471,NSFL1C (55968),0.0001672005074670764,True,-0.0020003679550295527,0.0020003679550295527
1472,B3GALNT2 (148789),0.00016697964807353577,True,7.916955351456017e-05,7.916955351456017e-05
1473,OGT (8473),0.00016692517390241705,True,0.0013168393228672308,0.0013168393228672308
1474,HOMER2 (9455),0.0001669103937432307,True,0.003042911081777312,0.003042911081777312
1475,BNC2 (54796),0.00016682057268511217,True,-0.0006274718210325639,0.0006274718210325639
1476,KLRG2 (346689),0.00016648292199686023,True,0.0014902808509821446,0.0014902808509821446
1477,PAX7 (5081),0.00016646746914161106,True,0.0008135123372671567,0.0008135123372671567
1478,IL10 (3586),0.00016645277851546608,True,0.0017324379006607815,0.0017324379006607815
1479,RHBDL3 (162494),0.00016633997336688535,True,0.0023564708047343497,0.0023564708047343497
1480,NUDT13 (25961),0.0001662340432948301,True,-0.002665009095487926,0.002665009095487926
1481,CAPN6 (827),0.00016618617957942191,True,0.0016237378722974267,0.0016237378722974267
1482,ALPK3 (57538),0.00016613705325415148,True,-0.0017971629319564434,0.0017971629319564434
1483,AKR1C4 (1109),0.0001661029745994947,True,-0.002160457940524797,0.002160457940524797
1484,IFI16 (3428),0.00016609707257657608,True,-0.0030215353284595656,0.0030215353284595656
1485,HAX1 (10456),0.00016590588683076894,True,0.0006462922424050987,0.0006462922424050987
1486,ZNF816 (125893),0.00016565992885729113,True,0.0013718196007801537,0.0013718196007801537
1487,NDFIP2 (54602),0.0001654083208162075,True,-0.0025337574803915024,0.0025337574803915024
1488,AGBL5 (60509),0.00016539208982439813,True,7.221484678702735e-06,7.221484678702735e-06
1489,DGKE (8526),0.00016538186675778236,True,0.004303679967275638,0.004303679967275638
1490,SMARCA2 (6595),0.0001653570209024292,True,0.002718130923155653,0.002718130923155653
1491,INTS12 (57117),0.00016530823146251636,True,-0.0004315198496110473,0.0004315198496110473
1492,STARD3 (10948),0.00016526224054803934,True,-5.723193100450269e-05,5.723193100450269e-05
1493,PDE9A (5152),0.00016522951309653108,True,0.0002996713167480662,0.0002996713167480662
1494,TSHZ2 (128553),0.00016518421238520805,True,-4.01127308709623e-05,4.01127308709623e-05
1495,CD177 (57126),0.00016503050675490533,True,-0.0008785824149596491,0.0008785824149596491
1496,KLK14 (43847),0.00016488854388349062,True,0.0026625717473412525,0.0026625717473412525
1497,INTU (27152),0.00016483654001438517,True,0.0022346890371901266,0.0022346890371901266
1498,DHRS12 (79758),0.00016478769624416503,True,-0.004049025730289805,0.004049025730289805
1499,FUT3 (2525),0.00016464018244111028,True,-0.0003330945081759459,0.0003330945081759459
1500,GNL3L (54552),0.00016458677554016086,True,0.0016799994328477127,0.0016799994328477127
1501,ANKRD17 (26057),0.00016449282341044307,True,0.0010326354422375015,0.0010326354422375015
1502,ASIC1 (41),0.000164478753789749,True,0.0010682014289981904,0.0010682014289981904
1503,PLEKHG3 (26030),0.00016438018062781955,True,-0.0011961092172194905,0.0011961092172194905
1504,DHX58 (79132),0.00016436300909541935,True,-0.0008487407644622031,0.0008487407644622031
1505,SETD5 (55209),0.00016426321772038542,True,0.002896810697265328,0.002896810697265328
1506,C6orf141 (135398),0.00016408885437209912,True,-0.001250833721192461,0.001250833721192461
1507,CARD11 (84433),0.00016408235168692285,True,-0.0013021223804764166,0.0013021223804764166
1508,THAP2 (83591),0.00016407113410006458,True,0.00011183343978925464,0.00011183343978925464
1509,SELENOT (51714),0.00016405990273448407,True,-0.001649798048834815,0.001649798048834815
1510,DPP10 (57628),0.00016391150155052971,True,0.003081676893079079,0.003081676893079079
1511,HRH1 (3269),0.00016389226167546315,True,0.0006679597787109902,0.0006679597787109902
1512,TUSC1 (286319),0.00016386569748656201,True,0.0003446530546411435,0.0003446530546411435
1513,ZBTB41 (360023),0.0001638146794933727,True,-0.0007655935188490125,0.0007655935188490125
1514,AK2 (204),0.00016375208045646094,True,0.0011438140737725202,0.0011438140737725202
1515,HES2 (54626),0.0001637345363997429,True,-0.0014598181771880367,0.0014598181771880367
1516,SOX12 (6666),0.00016372022279231567,True,-0.0005019640408139943,0.0005019640408139943
1517,MVD (4597),0.0001636445519498073,True,0.0003241589521064106,0.0003241589521064106
1518,KLHDC10 (23008),0.00016356329080974202,True,-0.0008674037596143346,0.0008674037596143346
1519,DDX10 (1662),0.00016346485255973596,True,0.00017501758355819457,0.00017501758355819457
1520,KCNMA1 (3778),0.00016344055637999426,True,0.0005852092553881908,0.0005852092553881908
1521,PRRT2 (112476),0.00016336067065531138,True,-0.0004493818308823445,0.0004493818308823445
1522,CREG1 (8804),0.0001631425624352472,True,-0.0005048142718605225,0.0005048142718605225
1523,DLG4 (1742),0.000163114753411119,True,9.434617793973557e-05,9.434617793973557e-05
1524,ARHGEF19 (128272),0.00016302144147865112,True,-0.0009069193151160075,0.0009069193151160075
1525,SMIM1 (388588),0.00016298840050331837,True,-0.0016082003072182003,0.0016082003072182003
1526,SBF2 (81846),0.00016294380670437957,True,0.0003829443587477998,0.0003829443587477998
1527,APOC1 (341),0.00016293063633216072,True,-0.003961914579386439,0.003961914579386439
1528,SFSWAP (6433),0.0001628745279071503,True,-0.0011639414196184755,0.0011639414196184755
1529,PTPN11 (5781),0.00016283825861531463,True,0.0004182030983648753,0.0004182030983648753
1530,CFB (629),0.00016280516696397956,True,-0.0016859780998039896,0.0016859780998039896
1531,CCDC148 (130940),0.00016273805100486662,True,-0.0008579782779257509,0.0008579782779257509
1532,BOP1 (23246),0.000162720860172103,True,-0.0009090392209055091,0.0009090392209055091
1533,OR5B21 (219968),0.00016262307043391874,True,-0.0008921498910382465,0.0008921498910382465
1534,FAM76B (143684),0.0001625997140311609,True,0.0006023136339943957,0.0006023136339943957
1535,DTD2 (112487),0.0001625016251700506,True,0.0039055224968527237,0.0039055224968527237
1536,SCML4 (256380),0.00016244263286616247,True,0.0010540874051689177,0.0010540874051689177
1537,VWA1 (64856),0.00016242767134271897,True,-0.0027968733602086464,0.0027968733602086464
1538,ANXA4 (307),0.0001623206232209611,True,-0.00012475374465930787,0.00012475374465930787
1539,SNX29 (92017),0.00016231388030951374,True,0.0004728183779986342,0.0004728183779986342
1540,TRPV3 (162514),0.00016224539652556172,True,0.0029403071021425263,0.0029403071021425263
1541,SRGAP1 (57522),0.0001622310170470401,True,0.002911513019241996,0.002911513019241996
1542,PPP6C (5537),0.00016212643739325723,True,-0.0011081280104890813,0.0011081280104890813
1543,IL1RN (3557),0.00016208024449734326,True,0.0003629847264873696,0.0003629847264873696
1544,TIMM8B (26521),0.00016199266486048073,True,0.003121459343793022,0.003121459343793022
1545,PFN2 (5217),0.00016191342389331546,True,0.001996615573075948,0.001996615573075948
1546,PPP1R37 (284352),0.00016188194565408851,True,0.0004970620724572216,0.0004970620724572216
1547,NDUFAF8 (284184),0.00016186636340882466,True,-0.0013127261420342053,0.0013127261420342053
1548,RIOK1 (83732),0.00016181574171435248,True,-0.0004053370972950355,0.0004053370972950355
1549,RBP2 (5948),0.00016178893657413804,True,-0.0005652203158318253,0.0005652203158318253
1550,ZNF233 (353355),0.00016174942883076534,True,-0.0034396311833189593,0.0034396311833189593
1551,UNC13B (10497),0.0001617189192156551,True,0.0015644120868384772,0.0015644120868384772
1552,SLIT2 (9353),0.00016170665838984475,True,0.0013362365173874837,0.0013362365173874837
1553,PCMT1 (5110),0.00016168820358824883,True,0.0015670055972717757,0.0015670055972717757
1554,AGPAT3 (56894),0.00016167526928879332,True,0.0015427315394135903,0.0015427315394135903
1555,GAS7 (8522),0.0001616198882184981,True,-0.0017604345061401306,0.0017604345061401306
1556,GEMIN2 (8487),0.00016147961023926902,True,0.0007825959912330809,0.0007825959912330809
1557,MGAT5B (146664),0.0001614504993922535,True,0.00011710337766956437,0.00011710337766956437
1558,CTSC (1075),0.00016143617442482904,True,0.0028550104487241167,0.0028550104487241167
1559,PHLPP1 (23239),0.0001613676272073739,True,0.0005930664384013733,0.0005930664384013733
1560,DHX32 (55760),0.00016131219187956106,True,-0.0013436735687401896,0.0013436735687401896
1561,DNAJC27 (51277),0.0001612543674106956,True,-0.0001630781304498433,0.0001630781304498433
1562,RIT1 (6016),0.00016087647693413973,True,0.0020734695295960394,0.0020734695295960394
1563,ACSM3 (6296),0.00016080748097980997,True,-0.0005717682085313078,0.0005717682085313078
1564,SPIN2B (474343),0.00016073850509550454,True,0.0038225501541590927,0.0038225501541590927
1565,ASF1A (25842),0.00016066978050008525,True,0.0012591490990691567,0.0012591490990691567
1566,ARHGAP9 (64333),0.00016062937571319634,True,0.0003250024074265758,0.0003250024074265758
1567,GATAD2B (57459),0.0001606108557004486,True,-0.0004604515927846538,0.0004604515927846538
1568,BCL2L13 (23786),0.0001606034902345297,True,0.0002596748156090255,0.0002596748156090255
1569,RGPD4 (285190),0.0001604624734476155,True,0.0006337678532506716,0.0006337678532506716
1570,GSTT2 (2953),0.0001603832353611014,True,-8.654563478952595e-05,8.654563478952595e-05
1571,RLF (6018),0.0001602526831366719,True,0.001102620397854948,0.001102620397854948
1572,CCDC126 (90693),0.00016022199330612973,True,0.0028791598255096624,0.0028791598255096624
1573,ZNF845 (91664),0.00016018180136239782,True,0.0038113166658482237,0.0038113166658482237
1574,TESK1 (7016),0.00016002495615038167,True,0.0002061353792827856,0.0002061353792827856
1575,MYH9 (4627),0.0001600132856388392,True,0.0015794610834195316,0.0015794610834195316
1576,STK32B (55351),0.00015999575614363928,True,0.0025147397604092883,0.0025147397604092883
1577,SLC30A1 (7779),0.00015998612836096098,True,-0.0012828826698294406,0.0012828826698294406
1578,ALKBH4 (54784),0.00015998299553075064,True,-0.0009943952696206376,0.0009943952696206376
1579,IFI44L (10964),0.0001599375416790355,True,0.0014228484359318982,0.0014228484359318982
1580,CMTM3 (123920),0.0001598939746273106,True,-0.0033055985916533195,0.0033055985916533195
1581,MRPL32 (64983),0.0001598683635986216,True,0.00013596894946227224,0.00013596894946227224
1582,C4B (721),0.00015980863707283041,True,-0.0026835488559956307,0.0026835488559956307
1583,THEM4 (117145),0.00015975596199416519,True,-0.004502190396060801,0.004502190396060801
1584,AXDND1 (126859),0.00015973677085623405,True,0.0001611156445815794,0.0001611156445815794
1585,TMEM59L (25789),0.00015960750709227375,True,-0.0016944635399309563,0.0016944635399309563
1586,HNRNPLL (92906),0.00015948870511495018,True,0.0006466627808970624,0.0006466627808970624
1587,PLEKHO2 (80301),0.00015945898544453009,True,0.0008175670202314857,0.0008175670202314857
1588,SUMO4 (387082),0.00015934399683344342,True,0.0015318570661271118,0.0015318570661271118
1589,DUOX2 (50506),0.00015933718113815185,True,-0.0007276284189595532,0.0007276284189595532
1590,ZNF853 (54753),0.00015913011439872997,True,-0.0012168891408329662,0.0012168891408329662
1591,KLK3 (354),0.00015912195580944973,True,0.00023608607865239714,0.00023608607865239714
1592,CCDC117 (150275),0.00015893204870784288,True,0.0018393882525673238,0.0018393882525673238
1593,DPPA4 (55211),0.0001588037395663774,True,0.0015023264939985103,0.0015023264939985103
1594,ELOF1 (84337),0.00015857109198140433,True,0.00030687568144925604,0.00030687568144925604
1595,LOXL2 (4017),0.00015856860501808068,True,-0.00030517202687560746,0.00030517202687560746
1596,TGFA (7039),0.00015855878341101116,True,-0.00040223428034267227,0.00040223428034267227
1597,NR4A3 (8013),0.00015853268544895293,True,-0.0014362651648208184,0.0014362651648208184
1598,TRAPPC6B (122553),0.0001585055371794216,True,-0.0012197351790038343,0.0012197351790038343
1599,LRCH1 (23143),0.00015849184057681938,True,-0.0010805790116893647,0.0010805790116893647
1600,BCDIN3D (144233),0.0001584415433353079,True,0.00014822134427040345,0.00014822134427040345
1601,PARP4 (143),0.00015823906234414183,True,-0.0015902868883810276,0.0015902868883810276
1602,SNX15 (29907),0.00015806960632345064,True,-0.0014308505291428515,0.0014308505291428515
1603,SUV39H1 (6839),0.00015802848253454265,True,0.00043591817783215003,0.00043591817783215003
1604,TLX2 (3196),0.00015802097689603738,True,-5.257220568359632e-05,5.257220568359632e-05
1605,CASKIN1 (57524),0.0001580208169497533,True,0.0004158258578082717,0.0004158258578082717
1606,TAGLN2 (8407),0.0001579499053229901,True,-0.0018052445019768376,0.0018052445019768376
1607,KIF13B (23303),0.00015781829056628758,True,-0.0007344343700453462,0.0007344343700453462
1608,NUBP2 (10101),0.00015775151081595304,True,0.0015640575650181232,0.0015640575650181232
1609,RBM18 (92400),0.0001577437104189703,True,0.0003524568216033549,0.0003524568216033549
1610,CISD2 (493856),0.00015771631374430494,True,-0.0005491248732587871,0.0005491248732587871
1611,TNPO2 (30000),0.00015766457132052123,True,0.0018317595824449138,0.0018317595824449138
1612,TAF5L (27097),0.00015761106793424885,True,-0.0011933339870428775,0.0011933339870428775
1613,MINDY2 (54629),0.00015741897560373293,True,-0.0005354304293415057,0.0005354304293415057
1614,DNAJC28 (54943),0.00015737781186880308,True,0.0006387701130924697,0.0006387701130924697
1615,ZNF550 (162972),0.0001568480553642196,True,0.0008210779047452142,0.0008210779047452142
1616,MT1F (4494),0.00015678909150307086,True,0.002529343096756692,0.002529343096756692
1617,CNOT3 (4849),0.00015678505986121,True,0.0001494787582351489,0.0001494787582351489
1618,WASHC2A (387680),0.0001567815761194189,True,0.0008780187941227448,0.0008780187941227448
1619,TUFM (7284),0.0001567238649249159,True,-0.0015219884200915346,0.0015219884200915346
1620,DZIP3 (9666),0.00015668621763780205,True,-0.00011112467608424934,0.00011112467608424934
1621,ACVRL1 (94),0.0001566694805799476,True,0.0012840670601009768,0.0012840670601009768
1622,RWDD2B (10069),0.00015658182865989297,True,-0.0009137219659311295,0.0009137219659311295
1623,TBC1D28 (254272),0.00015654873726773951,True,-0.003594634973297851,0.003594634973297851
1624,MTAP (4507),0.00015647003313606155,True,0.001543983860010347,0.001543983860010347
1625,KCNK15 (60598),0.00015645541739944897,True,0.0015453658005712726,0.0015453658005712726
1626,ROPN1L (83853),0.00015636100636073333,True,0.0015065661677700856,0.0015065661677700856
1627,KLHDC9 (126823),0.00015619823247396559,True,-0.0005147025375953156,0.0005147025375953156
1628,TMC8 (147138),0.0001560803326429829,True,-0.001908959843814942,0.001908959843814942
1629,RABAC1 (10567),0.00015605247478151478,True,-0.00022157326832650324,0.00022157326832650324
1630,FAM76A (199870),0.00015599128782270072,True,0.0016832757823124658,0.0016832757823124658
1631,ETHE1 (23474),0.0001557685357847078,True,-0.002358503173317674,0.002358503173317674
1632,NDUFS5 (4725),0.0001557609800041596,True,-0.000300152072119361,0.000300152072119361
1633,ARID1A (8289),0.00015572108443525205,True,0.0002595144201195023,0.0002595144201195023
1634,FOXRED1 (55572),0.0001556885048355271,True,0.0024953962694048157,0.0024953962694048157
1635,NUP37 (79023),0.00015564534173004733,True,0.001241592734506443,0.001241592734506443
1636,ASTN2 (23245),0.00015563139850980972,True,0.0008420324150653455,0.0008420324150653455
1637,UQCR11 (10975),0.0001555271976633719,True,0.0011002635555463507,0.0011002635555463507
1638,OIP5 (11339),0.00015552110309444213,True,0.0008559191941700395,0.0008559191941700395
1639,TMCO3 (55002),0.0001554812744541786,True,-0.0016534988428038894,0.0016534988428038894
1640,NDOR1 (27158),0.0001553672271309573,True,-0.0014241357025179093,0.0014241357025179093
1641,API5 (8539),0.00015516952488415774,True,0.0009582769996252908,0.0009582769996252908
1642,IMPDH2 (3615),0.00015510520569968984,True,-0.0032320224874042604,0.0032320224874042604
1643,HCAR1 (27198),0.00015505612663265533,True,-0.0013255475276112293,0.0013255475276112293
1644,CBX2 (84733),0.00015492213859447804,True,0.0019728012717425275,0.0019728012717425275
1645,MIIP (60672),0.00015491998405825342,True,0.002904870003373975,0.002904870003373975
1646,FKBP1C (642489),0.00015481908927388735,True,-0.0012819674792993489,0.0012819674792993489
1647,CLEC11A (6320),0.00015462266003073928,True,-0.0002345044786766534,0.0002345044786766534
1648,PANX2 (56666),0.00015461546953477457,True,0.0012389466952920794,0.0012389466952920794
1649,NICN1 (84276),0.00015449723283559932,True,-0.0013392639212023182,0.0013392639212023182
1650,DTD1 (92675),0.00015445397107427392,True,-0.0016467630947807905,0.0016467630947807905
1651,TSPAN12 (23554),0.0001543569656484011,True,-0.000244197822303668,0.000244197822303668
1652,FBXO6 (26270),0.00015434538126335678,True,0.00418840769683481,0.00418840769683481
1653,LCK (3932),0.0001543260775225211,True,-0.0026557763967965113,0.0026557763967965113
1654,BPNT2 (54928),0.0001542301152360918,True,1.743421367785046e-05,1.743421367785046e-05
1655,NDST1 (3340),0.00015411558235116056,True,0.0002514830836264767,0.0002514830836264767
1656,PKNOX2 (63876),0.00015410700033906475,True,-0.0011080084335817319,0.0011080084335817319
1657,XPO5 (57510),0.00015401968910402217,True,0.00199560171196103,0.00199560171196103
1658,NNT (23530),0.00015401421294747525,True,-0.0011537080994230096,0.0011537080994230096
1659,SLC16A14 (151473),0.00015397393731980729,True,1.4645720286212598e-07,1.4645720286212598e-07
1660,DDB2 (1643),0.00015394286043570195,True,-0.0016018819676933468,0.0016018819676933468
1661,BEST1 (7439),0.00015393705970875808,True,0.0025679234915427437,0.0025679234915427437
1662,GABARAP (11337),0.0001537273738728877,True,0.0008431878889344619,0.0008431878889344619
1663,TMEM11 (8834),0.00015370786082129548,True,-6.957233141402183e-05,6.957233141402183e-05
1664,SNRNP35 (11066),0.00015361422055599507,True,-0.003239915828319998,0.003239915828319998
1665,SLC39A7 (7922),0.00015349338462984456,True,0.001724429923586998,0.001724429923586998
1666,CDKN2A (1029),0.0001534659898686101,True,0.0010464655603576538,0.0010464655603576538
1667,MED11 (400569),0.0001534511712995564,True,0.00033371973187955203,0.00033371973187955203
1668,CXCL16 (58191),0.00015344192996584506,True,-0.0004883741387616157,0.0004883741387616157
1669,ZNF593 (51042),0.00015320763867941175,True,0.0005663836439131192,0.0005663836439131192
1670,MYCT1 (80177),0.00015314508162849415,True,0.0012089761087866174,0.0012089761087866174
1671,CACNA1G (8913),0.00015313855430025629,True,-4.485403312431686e-05,4.485403312431686e-05
1672,CPEB1 (64506),0.000153092717841913,True,-0.0006306377533831329,0.0006306377533831329
1673,TBC1D32 (221322),0.00015307589828852488,True,-0.000790079447753871,0.000790079447753871
1674,SYCP2 (10388),0.0001529498131074322,True,0.0010627680716176514,0.0010627680716176514
1675,CDK11A (728642),0.00015290676377840374,True,0.0005605742982611273,0.0005605742982611273
1676,TDRKH (11022),0.0001528633073908248,True,-0.0005073866336377551,0.0005073866336377551
1677,DPAGT1 (1798),0.00015273439818508854,True,0.0027463375609430747,0.0027463375609430747
1678,EMX2 (2018),0.00015267195318259677,True,0.001194289899592815,0.001194289899592815
1679,PFKFB1 (5207),0.00015254385032724535,True,0.0010414221395087578,0.0010414221395087578
1680,SLC2A4RG (56731),0.000152482371900694,True,0.0023816376130891617,0.0023816376130891617
1681,COLGALT1 (79709),0.00015238425512704775,True,0.0018651702553225897,0.0018651702553225897
1682,FAM241B (219738),0.0001522435230784419,True,0.0018477691508488514,0.0018477691508488514
1683,FSTL1 (11167),0.00015218845726417652,True,0.002799068123042305,0.002799068123042305
1684,SNX1 (6642),0.0001521788560092868,True,-0.0018056118474632234,0.0018056118474632234
1685,ACACA (31),0.00015215788870736382,True,0.00017181627922696337,0.00017181627922696337
1686,ZIC3 (7547),0.00015199717958231897,True,0.0006982138066975326,0.0006982138066975326
1687,C20orf204 (284739),0.00015189305352761008,True,0.001396570492832348,0.001396570492832348
1688,RHOA (387),0.00015189144638182143,True,-0.001235051116102468,0.001235051116102468
1689,PSMA2 (5683),0.00015186447609121008,True,-0.0001497789769622686,0.0001497789769622686
1690,H3C3 (8352),0.00015172014535041323,True,-0.0016924224866912278,0.0016924224866912278
1691,PLP1 (5354),0.00015161328415869724,True,-0.0006011434466079977,0.0006011434466079977
1692,TRAPPC2L (51693),0.00015161297168287974,True,-0.002471561317100605,0.002471561317100605
1693,FBXO42 (54455),0.00015157224142261111,True,0.0018535596136225636,0.0018535596136225636
1694,ABCA7 (10347),0.00015148159270664136,True,-0.0032514079236157178,0.0032514079236157178
1695,KDELR2 (11014),0.00015143897181450723,True,0.0010673965209340212,0.0010673965209340212
1696,FOSL1 (8061),0.0001513266029193342,True,-0.0008071209219845979,0.0008071209219845979
1697,DISP2 (85455),0.00015124798930532814,True,-0.0009508967630161888,0.0009508967630161888
1698,CKS1B (1163),0.00015088895521631326,True,0.00035397977150154443,0.00035397977150154443
1699,AIRIM (54955),0.00015079983758719499,True,0.0017016804533914504,0.0017016804533914504
1700,BRD4 (23476),0.00015064870798953584,True,0.0015879756652705614,0.0015879756652705614
1701,PLEK (5341),0.0001506382212463871,True,-0.0007220233775331797,0.0007220233775331797
1702,LEO1 (123169),0.00015061119805692496,True,-0.0018112050543934556,0.0018112050543934556
1703,DHRSX (207063),0.00015060160825868665,True,-0.0009030335924772628,0.0009030335924772628
1704,TAF12 (6883),0.0001505704250291227,True,-0.00024804739529815656,0.00024804739529815656
1705,FLT1 (2321),0.0001503706319660827,True,1.144187970306132e-05,1.144187970306132e-05
1706,ROR2 (4920),0.0001503684704336762,True,0.0012449222628068682,0.0012449222628068682
1707,FCRL5 (83416),0.00015031890313408865,True,0.001689921033113926,0.001689921033113926
1708,WFDC2 (10406),0.00015026971993602808,True,-0.003699934326805265,0.003699934326805265
1709,RELL2 (285613),0.00015013415531531704,True,-0.0013453279612706229,0.0013453279612706229
1710,BTG3 (10950),0.00015013016351337802,True,0.0016604398925247716,0.0016604398925247716
1711,NGLY1 (55768),0.00015010956551600338,True,-0.00033663974723394975,0.00033663974723394975
1712,PPIP5K2 (23262),0.00014995284367236308,True,0.0007370733715073696,0.0007370733715073696
1713,ZNF706 (51123),0.00014976569195800562,True,-0.00024180347839878593,0.00024180347839878593
1714,JDP2 (122953),0.0001497273736748939,True,0.0009505529706952717,0.0009505529706952717
1715,NKAP (79576),0.00014969142439395707,True,-0.0007742022211339975,0.0007742022211339975
1716,C11orf54 (28970),0.00014956507385836256,True,0.0016559376888582457,0.0016559376888582457
1717,FGF18 (8817),0.000149413667026114,True,0.00025050798634769847,0.00025050798634769847
1718,SLF2 (55719),0.00014933369083416242,True,-0.0008926234795893866,0.0008926234795893866
1719,TBL2 (26608),0.00014930348032643465,True,0.0032651901894532385,0.0032651901894532385
1720,RADIL (55698),0.00014930056232304704,True,0.0011457025974135776,0.0011457025974135776
1721,INHBE (83729),0.000149299810139218,True,0.0021250356652404304,0.0021250356652404304
1722,SHISA5 (51246),0.0001491674972167788,True,-0.0008373869544767553,0.0008373869544767553
1723,KNDC1 (85442),0.00014914111407754137,True,0.0008516785064229044,0.0008516785064229044
1724,ARPP19 (10776),0.0001491064196801108,True,-0.0020144659868105495,0.0020144659868105495
1725,ACE (1636),0.00014886601199294708,True,-0.0011243809190787813,0.0011243809190787813
1726,TMEM19 (55266),0.00014880384084333325,True,0.0005788783913819545,0.0005788783913819545
1727,SYNE2 (23224),0.00014865930247285488,True,0.0031141607562109835,0.0031141607562109835
1728,IL20RA (53832),0.00014863885078884658,True,0.001552912168170968,0.001552912168170968
1729,TMED9 (54732),0.0001485465323177981,True,0.0012122675355845669,0.0012122675355845669
1730,RDH11 (51109),0.00014844092079628564,True,-0.0011108752701750454,0.0011108752701750454
1731,HMSD (284293),0.0001484228717130121,True,9.469985432539922e-05,9.469985432539922e-05
1732,ARHGAP5 (394),0.00014841919175152175,True,0.0009753795025821291,0.0009753795025821291
1733,JAK2 (3717),0.00014841357413268515,True,-0.001293311226909059,0.001293311226909059
1734,TMEM45A (55076),0.00014840402228823054,True,0.0029268616443644604,0.0029268616443644604
1735,SLC25A27 (9481),0.00014831927311631846,True,0.0010725398402885332,0.0010725398402885332
1736,CS (1431),0.00014815347228122527,True,0.001310593778503962,0.001310593778503962
1737,CAMSAP2 (23271),0.0001481370389919156,True,5.810171423987955e-05,5.810171423987955e-05
1738,GPR18 (2841),0.0001481174754332452,True,-0.000170648335799209,0.000170648335799209
1739,YIPF3 (25844),0.00014806640618482948,True,0.0019169998987809982,0.0019169998987809982
1740,CDH6 (1004),0.00014805169380861246,True,0.0031588413593397016,0.0031588413593397016
1741,CTDSPL2 (51496),0.00014767844496917004,True,-0.0007990046850505791,0.0007990046850505791
1742,PABPC4L (132430),0.0001476696872933452,True,0.0009690506677458896,0.0009690506677458896
1743,CMTR2 (55783),0.00014765942718083039,True,-0.002600548970171585,0.002600548970171585
1744,RBM38 (55544),0.00014762647900372426,True,-0.0016086230732857618,0.0016086230732857618
1745,BRD8 (10902),0.00014758393758870816,True,-0.0015374238311487822,0.0015374238311487822
1746,AQP7 (364),0.00014754733879046046,True,-0.0039191899070073755,0.0039191899070073755
1747,FAM193B (54540),0.00014750623274029066,True,6.512215554323902e-05,6.512215554323902e-05
1748,KLF7 (8609),0.00014748864441191975,True,0.000670798578318283,0.000670798578318283
1749,CYSRT1 (375791),0.00014738198068990591,True,-0.0015400325658979737,0.0015400325658979737
1750,NYX (60506),0.0001473763229793594,True,0.003421426995074574,0.003421426995074574
1751,NTHL1 (4913),0.00014728821928613458,True,-8.900529958698333e-05,8.900529958698333e-05
1752,ZNF433 (163059),0.00014721320880062294,True,-5.396132389575217e-05,5.396132389575217e-05
1753,LRRC8A (56262),0.00014719669305486173,True,-0.0017395454347614516,0.0017395454347614516
1754,POLR3C (10623),0.00014718747063034777,True,0.0010157302570993924,0.0010157302570993924
1755,EPHB2 (2048),0.000146987364324507,True,0.0012928432328231194,0.0012928432328231194
1756,OR52B6 (340980),0.00014696754378053844,True,0.0010084110735240435,0.0010084110735240435
1757,KRTAP20-2 (337976),0.0001468501182105213,True,0.002496253060467124,0.002496253060467124
1758,XAGE2 (9502),0.0001468411870697642,True,0.003306039535106149,0.003306039535106149
1759,UNKL (64718),0.00014682725925604332,True,0.0011285513978198415,0.0011285513978198415
1760,UBA5 (79876),0.00014676961672826204,True,-0.0009655159148770849,0.0009655159148770849
1761,BTBD3 (22903),0.00014660051947428034,True,-0.0013113905657878024,0.0013113905657878024
1762,ASB2 (51676),0.00014653438723260856,True,-0.0041983698729697325,0.0041983698729697325
1763,TTC21B (79809),0.0001464524054947615,True,0.002412595019469483,0.002412595019469483
1764,QRSL1 (55278),0.0001464100743583479,True,0.0016198728110503532,0.0016198728110503532
1765,KCNG1 (3755),0.00014632018039883294,True,-0.0006831929536334986,0.0006831929536334986
1766,YIF1B (90522),0.0001462910689286759,True,-0.00017773026066009992,0.00017773026066009992
1767,NAP1L3 (4675),0.00014617825384942977,True,-0.0001569508134337664,0.0001569508134337664
1768,SLC24A4 (123041),0.00014608788545135225,True,-0.0023720364848573,0.0023720364848573
1769,GK5 (256356),0.00014599975025473858,True,0.0017517398060984263,0.0017517398060984263
1770,GSG1L (146395),0.00014597516396701549,True,0.0011295021312181215,0.0011295021312181215
1771,BID (637),0.00014595583835652336,True,-0.0015447461024491614,0.0015447461024491614
1772,IL12RB1 (3594),0.00014591818310360488,True,0.0016698429739518683,0.0016698429739518683
1773,SPAAR (158376),0.00014591257949669815,True,0.0010787202764246495,0.0010787202764246495
1774,USP37 (57695),0.00014583623167642673,True,0.000229658110470439,0.000229658110470439
1775,NAT8 (9027),0.00014579121179129155,True,-0.0018334366167548112,0.0018334366167548112
1776,UMPS (7372),0.00014575069480525374,True,0.0019102865278847509,0.0019102865278847509
1777,ABCG2 (9429),0.00014573599334549142,True,-0.002317016711897226,0.002317016711897226
1778,SAXO5 (374877),0.00014566458690967493,True,0.0009590008421534421,0.0009590008421534421
1779,TRMU (55687),0.0001456564834172724,True,-0.001464931211854991,0.001464931211854991
1780,CA10 (56934),0.00014548873793441018,True,-0.0005026814552395399,0.0005026814552395399
1781,ZNF518A (9849),0.00014542621402360771,True,-0.0007259638963124343,0.0007259638963124343
1782,ADM5 (199800),0.00014542604504655423,True,0.0007833908412041794,0.0007833908412041794
1783,SPICE1 (152185),0.00014542347743672722,True,-0.0011858408924496308,0.0011858408924496308
1784,SLCO1B1 (10599),0.00014540310901882828,True,-0.0029374847453177574,0.0029374847453177574
1785,SLC66A3 (130814),0.00014531346235803594,True,0.00025821275928198674,0.00025821275928198674
1786,IGSF8 (93185),0.00014524090114976146,True,-0.0016447776297594339,0.0016447776297594339
1787,DYRK1B (9149),0.0001452258926323999,True,0.0014234515530489025,0.0014234515530489025
1788,XKR5 (389610),0.0001450999130014574,True,-0.0011322778128624107,0.0011322778128624107
1789,RDH5 (5959),0.00014509106912500224,True,-0.0028861097495677707,0.0028861097495677707
1790,RAB32 (10981),0.00014504502767411916,True,0.0028089969854039796,0.0028089969854039796
1791,COLQ (8292),0.0001449956015897922,True,0.0009358233629478835,0.0009358233629478835
1792,REEP4 (80346),0.0001449515469980013,True,-0.0009865098093529562,0.0009865098093529562
1793,IRF4 (3662),0.00014492552295462788,True,-0.0013891367378197606,0.0013891367378197606
1794,PLK1 (5347),0.00014488291398860514,True,-0.0008496840255437033,0.0008496840255437033
1795,IRS2 (8660),0.000144877609185988,True,-0.0001566085740348493,0.0001566085740348493
1796,ANKRD23 (200539),0.00014483406837093165,True,-0.000564336701144654,0.000564336701144654
1797,TEX10 (54881),0.00014481377622682827,True,0.0008354154406869868,0.0008354154406869868
1798,DCAF17 (80067),0.00014474882798761648,True,-0.0002751352000621133,0.0002751352000621133
1799,PAX2 (5076),0.00014472675807924456,True,-7.64188073553362e-08,7.64188073553362e-08
1800,OSM (5008),0.00014471580110539682,True,0.0012480415108031826,0.0012480415108031826
1801,TRAM2 (9697),0.00014469092737421656,True,0.0017979707183952266,0.0017979707183952266
1802,NXF2 (56001),0.00014461570463024647,True,0.0015818310285362165,0.0015818310285362165
1803,CACNB1 (782),0.00014453796045800095,True,-0.0006345074842343099,0.0006345074842343099
1804,SH3YL1 (26751),0.00014446806442619355,True,0.0013066186299991135,0.0013066186299991135
1805,KRT32 (3882),0.0001444442077936541,True,-0.0018704195832493166,0.0018704195832493166
1806,NPPC (4880),0.00014435904955195788,True,-0.00575899380805994,0.00575899380805994
1807,RNF217 (154214),0.0001443111678659155,True,0.002482840392877874,0.002482840392877874
1808,MAP1LC3A (84557),0.0001442616351692154,True,0.005212980468963025,0.005212980468963025
1809,CACNG5 (27091),0.0001441548615726027,True,-0.0012226117354855,0.0012226117354855
1810,DFFA (1676),0.0001441191513752333,True,0.0028273103370301585,0.0028273103370301585
1811,PXMP2 (5827),0.00014401704241391773,True,-0.0003072904663344434,0.0003072904663344434
1812,TSSK6 (83983),0.00014390096593381395,True,-0.002454767804582479,0.002454767804582479
1813,SAMD10 (140700),0.00014388711324191393,True,-0.0004235704980088252,0.0004235704980088252
1814,KLC4 (89953),0.0001438730751328994,True,0.0035352873289373828,0.0035352873289373828
1815,MYCBP (26292),0.00014377442797576875,True,0.002050618610017099,0.002050618610017099
1816,TUBB8B (260334),0.00014377367521837555,True,0.0013235255636413349,0.0013235255636413349
1817,YWHAZ (7534),0.00014360838891056379,True,-0.0033604134635057785,0.0033604134635057785
1818,FAM83G (644815),0.00014346065769158415,True,0.0007369505734040387,0.0007369505734040387
1819,NAP1L2 (4674),0.00014343925846555455,True,0.0003344149957409928,0.0003344149957409928
1820,ALG6 (29929),0.0001433903166976863,True,0.0004128111839130726,0.0004128111839130726
1821,DIRAS2 (54769),0.00014328592522903276,True,0.0014006119011370816,0.0014006119011370816
1822,MYOZ1 (58529),0.00014327463019102606,True,0.0015420996333730098,0.0015420996333730098
1823,LYRM1 (57149),0.00014318576242376946,True,3.058477079627382e-05,3.058477079627382e-05
1824,IQGAP3 (128239),0.0001430113871531216,True,0.0005462146185610125,0.0005462146185610125
1825,TMEM31 (203562),0.00014295445658940622,True,-0.0008150103325672146,0.0008150103325672146
1826,FAM78B (149297),0.0001429467789088988,True,-0.002085506704260065,0.002085506704260065
1827,CSAD (51380),0.00014291159861521216,True,0.002165393678963034,0.002165393678963034
1828,SLC35E1 (79939),0.000142830558537521,True,0.0010997124781045805,0.0010997124781045805
1829,CLDN6 (9074),0.0001426452479653489,True,-0.00026178440187358875,0.00026178440187358875
1830,MRPS21 (54460),0.00014246808787499204,True,-0.0009602371820441298,0.0009602371820441298
1831,KLF9 (687),0.00014240074064199196,True,-0.0011288483330094672,0.0011288483330094672
1832,KIAA0040 (9674),0.00014239400385422367,True,-0.0026448356056849916,0.0026448356056849916
1833,CEP290 (80184),0.00014222632349497952,True,0.003069087617818261,0.003069087617818261
1834,TUBB2B (347733),0.0001422242226974167,True,0.0008257921211864811,0.0008257921211864811
1835,TMED7 (51014),0.00014213037822084475,True,-0.002002305451472139,0.002002305451472139
1836,KCTD7 (154881),0.00014203228030143937,True,-0.0015960825528401235,0.0015960825528401235
1837,LXN (56925),0.00014197071619304053,True,0.002113858941480083,0.002113858941480083
1838,TXNL4B (54957),0.00014192271256035043,True,-0.0026866525581304953,0.0026866525581304953
1839,EOGT (285203),0.00014185028522671462,True,-0.0023345523514870193,0.0023345523514870193
1840,JRK (8629),0.0001418319334814327,True,-0.0014538604411415382,0.0014538604411415382
1841,CCDC142 (84865),0.00014173990808322002,True,0.001680648582220859,0.001680648582220859
1842,REV3L (5980),0.00014171637636029157,True,0.0014297598098643861,0.0014297598098643861
1843,PDHA1 (5160),0.0001417162189390224,True,0.0004431893486243701,0.0004431893486243701
1844,CLEC16A (23274),0.00014165333248494387,True,0.0014933956972835295,0.0014933956972835295
1845,FYCO1 (79443),0.00014157564146348385,True,0.000732520358724981,0.000732520358724981
1846,SACM1L (22908),0.000141565307694537,True,0.0022582773933138064,0.0022582773933138064
1847,ULBP3 (79465),0.0001414957940855682,True,0.0002636995717950969,0.0002636995717950969
1848,KIAA0753 (9851),0.0001414476115125669,True,-0.0005726966946865625,0.0005726966946865625
1849,FGFR3 (2261),0.00014142454981826876,True,8.844447450897012e-05,8.844447450897012e-05
1850,HEXIM1 (10614),0.00014141657163345585,True,-0.0012490594281631385,0.0012490594281631385
1851,LRRC38 (126755),0.0001414086625497674,True,0.0022716960548886935,0.0022716960548886935
1852,GOLGA8S (653061),0.000141405682845187,True,-0.0016902378152431632,0.0016902378152431632
1853,VAPB (9217),0.00014137836295498348,True,-0.00017189796816896715,0.00017189796816896715
1854,COG8 (84342),0.00014136699394107097,True,-0.0014948790377856038,0.0014948790377856038
1855,COL9A2 (1298),0.00014129113365431533,True,0.004742155575444999,0.004742155575444999
1856,TOPBP1 (11073),0.00014126142149349996,True,0.0010556634560136653,0.0010556634560136653
1857,CRABP2 (1382),0.00014126085908143843,True,0.0006183758280360169,0.0006183758280360169
1858,EEF2KMT (196483),0.00014119453258365982,True,0.0021622104984242536,0.0021622104984242536
1859,RPL22 (6146),0.00014115239192843656,True,0.0011063030035812305,0.0011063030035812305
1860,DHRS7 (51635),0.00014087704079375685,True,-0.001452778820530051,0.001452778820530051
1861,GATAD1 (57798),0.00014087430658358703,True,-7.015795292243145e-05,7.015795292243145e-05
1862,SNRPD2 (6633),0.00014085329003748361,True,0.0006136241637487634,0.0006136241637487634
1863,ZNF747 (65988),0.00014081638644028617,True,0.0007649494182608219,0.0007649494182608219
1864,NUDT15 (55270),0.00014080807436088713,True,0.0001970100449611911,0.0001970100449611911
1865,MME (4311),0.00014071937269679905,True,-0.00016446218437689113,0.00016446218437689113
1866,MROH8 (140699),0.00014071182644495906,True,-0.0010032782947234612,0.0010032782947234612
1867,TRIM45 (80263),0.00014058876152132135,True,-6.22497629585754e-05,6.22497629585754e-05
1868,SOCS5 (9655),0.000140556124882858,True,-0.0014123064411386875,0.0014123064411386875
1869,SCN8A (6334),0.0001404844068172981,True,-0.0010604329596535435,0.0010604329596535435
1870,FMOD (2331),0.000140383861234975,True,0.00261465845586795,0.00261465845586795
1871,EDRF1 (26098),0.00014036344213464927,True,0.0013894026391406192,0.0013894026391406192
1872,EVA1A (84141),0.00014033930163692392,True,0.0006507191002377731,0.0006507191002377731
1873,CHST11 (50515),0.00014029165537405146,True,-0.0019848168948639047,0.0019848168948639047
1874,LIMS2 (55679),0.00014027367408737663,True,0.0018458157948556754,0.0018458157948556754
1875,LDAH (60526),0.00014021815106128027,True,0.0002439645483289488,0.0002439645483289488
1876,FAM98A (25940),0.00014021783682880088,True,-0.0006247236800800966,0.0006247236800800966
1877,OTOGL (283310),0.00014016773781726916,True,0.0030844527089922175,0.0030844527089922175
1878,FBXO40 (51725),0.00014016409985045334,True,0.0032481828946016684,0.0032481828946016684
1879,GNA13 (10672),0.00014009555961075294,True,-0.001853007145847922,0.001853007145847922
1880,PNPLA7 (375775),0.00014004324861426726,True,0.0019727091672110363,0.0019727091672110363
1881,IFI27 (3429),0.0001399961815466524,True,-0.0010362128515599728,0.0010362128515599728
1882,DQX1 (165545),0.00013994709803225746,True,-0.00010328107618800376,0.00010328107618800376
1883,ENKD1 (84080),0.000139912877419937,True,-0.003357317744693649,0.003357317744693649
1884,SFTPD (6441),0.00013988994427973757,True,0.0009512984917714246,0.0009512984917714246
1885,NUTM2A (728118),0.00013987668243816776,True,0.0036111192035791734,0.0036111192035791734
1886,MSRA (4482),0.00013973014662378263,True,-0.0021120570043777864,0.0021120570043777864
1887,RECK (8434),0.0001397094533476408,True,0.0009295813521233633,0.0009295813521233633
1888,DR1 (1810),0.0001395939520468334,True,0.0011739893166872856,0.0011739893166872856
1889,CYP24A1 (1591),0.00013956177682100755,True,-0.0034637134019471776,0.0034637134019471776
1890,BATF (10538),0.00013940522304943688,True,-0.0006118557475435103,0.0006118557475435103
1891,ANXA7 (310),0.00013938479197130114,True,-0.00030050523940189865,0.00030050523940189865
1892,IGFBP5 (3488),0.00013929910940775565,True,0.0015611215769333405,0.0015611215769333405
1893,MAPK12 (6300),0.00013927058743007768,True,0.0017722455760848352,0.0017722455760848352
1894,BMPR1B (658),0.0001392652106334143,True,0.0014804784293981719,0.0014804784293981719
1895,EEF2 (1938),0.00013923585790847931,True,-0.0016039109360580176,0.0016039109360580176
1896,TTYH1 (57348),0.0001390577069282629,True,0.0026986780186310025,0.0026986780186310025
1897,C1orf74 (148304),0.0001390161832874553,True,-0.004001102745156474,0.004001102745156474
1898,EPS8L1 (54869),0.0001390071219471807,True,0.0013434338224664652,0.0013434338224664652
1899,COX7B (1349),0.00013895080198274095,True,-4.198192662362144e-05,4.198192662362144e-05
1900,IFI27L2 (83982),0.00013895051575861747,True,-0.0020418372316335625,0.0020418372316335625
1901,BTBD18 (643376),0.00013892642869147042,True,0.002359512943041019,0.002359512943041019
1902,LYSMD1 (388695),0.0001387596480090698,True,0.0037732771110529444,0.0037732771110529444
1903,BACE2 (25825),0.00013872288137160691,True,-0.0018382567149215169,0.0018382567149215169
1904,TFIP11 (24144),0.00013871946265728825,True,-0.001419485086378537,0.001419485086378537
1905,ALPI (248),0.0001386098126229043,True,-0.004167377115584715,0.004167377115584715
1906,CYB5R1 (51706),0.00013856600839322404,True,0.0006381664186278161,0.0006381664186278161
1907,CMTR1 (23070),0.00013853652096690514,True,0.0034587478486345965,0.0034587478486345965
1908,JOSD2 (126119),0.00013845741604506115,True,-0.0003219643214459394,0.0003219643214459394
1909,PPP4R3A (55671),0.00013845653783301523,True,-0.002015717433496193,0.002015717433496193
1910,PRPS2 (5634),0.00013844891619241179,True,0.0012507986643710796,0.0012507986643710796
1911,PDGFA (5154),0.00013839427065328287,True,-0.0025486896442974624,0.0025486896442974624
1912,MUC5AC (4586),0.00013833673357501074,True,-0.003450072642926889,0.003450072642926889
1913,PRKG1 (5592),0.00013830965925859173,True,-0.0008861435003783419,0.0008861435003783419
1914,G6PD (2539),0.00013824984965421782,True,-0.00023141349573156992,0.00023141349573156992
1915,AGFG1 (3267),0.0001379731417900307,True,-0.00219967895116433,0.00219967895116433
1916,GLE1 (2733),0.00013790428260494343,True,7.879301916811237e-05,7.879301916811237e-05
1917,SPEG (10290),0.00013771636360092714,True,-0.0007763092480688548,0.0007763092480688548
1918,TMEM231 (79583),0.00013755608408075573,True,-0.00041353862032842076,0.00041353862032842076
1919,PPP1R9A (55607),0.00013727609542508345,True,0.0017908977955144072,0.0017908977955144072
1920,NUPR1 (26471),0.0001372139523784077,True,0.0017664161865836182,0.0017664161865836182
1921,FECH (2235),0.0001372067844782136,True,0.0005703163604928859,0.0005703163604928859
1922,PYROXD2 (84795),0.00013712955816045914,True,-0.0011068424468274897,0.0011068424468274897
1923,ORC3 (23595),0.00013709667245851928,True,0.0011639960390191517,0.0011639960390191517
1924,BARX2 (8538),0.00013703541591938629,True,-0.000733510970725567,0.000733510970725567
1925,HHIPL1 (84439),0.00013694909861734184,True,0.0018478387405734412,0.0018478387405734412
1926,MAGEA12 (4111),0.0001369220365046753,True,0.0001962043629988139,0.0001962043629988139
1927,SLC35A1 (10559),0.0001368765918203764,True,0.002275181048652245,0.002275181048652245
1928,PPP1R14D (54866),0.00013677933876404076,True,0.0002717582122064166,0.0002717582122064166
1929,TMEM74 (157753),0.0001367501066417376,True,-0.001753681279494475,0.001753681279494475
1930,MOCOS (55034),0.00013672599329599738,True,-0.0013483780800139543,0.0013483780800139543
1931,GIMAP8 (155038),0.00013666339372387214,True,0.0016372356106214175,0.0016372356106214175
1932,FCHSD2 (9873),0.00013664920637776858,True,0.0019152675712163834,0.0019152675712163834
1933,RXFP4 (339403),0.00013664543365910642,True,-0.0005630181260464625,0.0005630181260464625
1934,VWA5A (4013),0.00013658191969762276,True,-0.0009082195817896308,0.0009082195817896308
1935,BRAP (8315),0.0001365335678311991,True,-0.0007579555974593788,0.0007579555974593788
1936,PHETA2 (150368),0.00013647817616166933,True,0.00014185094790954763,0.00014185094790954763
1937,GAGE13 (645051),0.0001364262985854904,True,0.0007838502224170615,0.0007838502224170615
1938,TMEM254 (80195),0.00013641198795941517,True,0.003151517532204216,0.003151517532204216
1939,H3C11 (8354),0.00013629458903268048,True,-0.0008660426469927173,0.0008660426469927173
1940,MAGEE2 (139599),0.00013627271890383804,True,-0.00356977977488954,0.00356977977488954
1941,CCDC127 (133957),0.00013609239328836844,True,0.0025158070184896943,0.0025158070184896943
1942,LAMA4 (3910),0.0001360676131861154,True,-0.003148667836680351,0.003148667836680351
1943,RBM11 (54033),0.00013599043159215476,True,0.001821769632050576,0.001821769632050576
1944,ASPSCR1 (79058),0.00013588068465374215,True,0.00035467238023959827,0.00035467238023959827
1945,HNF1A (6927),0.00013586983661260143,True,-0.001175265569606957,0.001175265569606957
1946,ZNF267 (10308),0.00013578714003371247,True,-0.0008627475889433451,0.0008627475889433451
1947,CDIPT (10423),0.0001356845315964155,True,0.0013336310234846873,0.0013336310234846873
1948,PTPN13 (5783),0.0001356534769502106,True,0.001913413674962987,0.001913413674962987
1949,HAPLN2 (60484),0.00013550651541255235,True,0.001073910304066061,0.001073910304066061
1950,ZNF551 (90233),0.0001354943263512856,True,-0.0011949106429414561,0.0011949106429414561
1951,CNTLN (54875),0.0001354814996605948,True,0.0009244850775639367,0.0009244850775639367
1952,CHCHD4 (131474),0.0001353842540493309,True,0.0009757814302462557,0.0009757814302462557
1953,ARFGAP2 (84364),0.00013538306906800128,True,0.001349416933719151,0.001349416933719151
1954,CDC42EP4 (23580),0.0001352535818467648,True,-0.0018011264765973374,0.0018011264765973374
1955,RBM45 (129831),0.00013524455432601518,True,-0.001013135135294857,0.001013135135294857
1956,ADAMTS17 (170691),0.00013522573253025607,True,0.001161540435128644,0.001161540435128644
1957,ANKRD44 (91526),0.00013520525733421378,True,-0.0009342022788734342,0.0009342022788734342
1958,PHB1 (5245),0.0001352006970228891,True,0.00012580221913088678,0.00012580221913088678
1959,FANCD2 (2177),0.00013518251690656594,True,0.0009793550549612613,0.0009793550549612613
1960,GZF1 (64412),0.0001351647908575487,True,-0.00014203975783802806,0.00014203975783802806
1961,MYBL2 (4605),0.00013512599214438083,True,0.0007211789019845125,0.0007211789019845125
1962,MTMR2 (8898),0.00013511893764136894,True,0.0034966971197944977,0.0034966971197944977
1963,CASQ2 (845),0.00013506445233746008,True,0.0006820839953368339,0.0006820839953368339
1964,UQCRC1 (7384),0.00013505003863082673,True,-0.002440293286284492,0.002440293286284492
1965,EIF4A2 (1974),0.000135035706753411,True,-0.002466567938945826,0.002466567938945826
1966,CD101 (9398),0.00013499650413525375,True,0.0018412060217618189,0.0018412060217618189
1967,MARVELD1 (83742),0.0001349893621201334,True,-0.0010192984836182267,0.0010192984836182267
1968,LDHC (3948),0.00013496618514413105,True,-0.00032802428873925614,0.00032802428873925614
1969,PPIL3 (53938),0.00013496397098633372,True,-0.0011138491994849655,0.0011138491994849655
1970,MROH7 (374977),0.00013490574627035462,True,7.350771828331802e-05,7.350771828331802e-05
1971,GBP4 (115361),0.00013490099854753822,True,-0.0018156536473805135,0.0018156536473805135
1972,MLEC (9761),0.000134789939300101,True,0.0006204581805326491,0.0006204581805326491
1973,OVCA2 (124641),0.00013472905405313801,True,-0.00014521833125693585,0.00014521833125693585
1974,PLAC1 (10761),0.0001346483188896965,True,0.001366963792295429,0.001366963792295429
1975,LMCD1 (29995),0.00013461673468828558,True,-0.001313356889222963,0.001313356889222963
1976,KLHL21 (9903),0.00013451049279649609,True,0.0008086932440222933,0.0008086932440222933
1977,POU6F1 (5463),0.00013447028339723697,True,0.0006698607312634398,0.0006698607312634398
1978,ATP1B2 (482),0.00013446957742088245,True,0.001722104578826021,0.001722104578826021
1979,BRF2 (55290),0.00013443769038984298,True,0.0006642466257529955,0.0006642466257529955
1980,IGFBPL1 (347252),0.00013438612280816114,True,-0.0013953995074906707,0.0013953995074906707
1981,HTT (3064),0.00013433019815910923,True,-0.0012504616247900947,0.0012504616247900947
1982,SREK1IP1 (285672),0.00013429736658422212,True,-0.0020237195126473024,0.0020237195126473024
1983,GRHPR (9380),0.0001341985342918993,True,0.0012087353007071522,0.0012087353007071522
1984,NEFL (4747),0.0001341536720571646,True,-0.0017611504811882732,0.0017611504811882732
1985,FOXN2 (3344),0.00013410463000886977,True,-0.00016110776041317228,0.00016110776041317228
1986,CCR9 (10803),0.00013410137228925007,True,-0.0025327290570292603,0.0025327290570292603
1987,SP7 (121340),0.00013409635958233762,True,-9.321616772645113e-05,9.321616772645113e-05
1988,MFSD2B (388931),0.00013407718547742733,True,0.0022585646967131483,0.0022585646967131483
1989,CAVIN1 (284119),0.00013403423832401208,True,-0.0018038773098939468,0.0018038773098939468
1990,RIMKLA (284716),0.00013402909749475828,True,-0.0016178043429018463,0.0016178043429018463
1991,RETREG2 (79137),0.00013401975553793615,True,-0.0005750825402968229,0.0005750825402968229
1992,GLI1 (2735),0.00013397160749136102,True,-0.0006348536610911815,0.0006348536610911815
1993,CHPF (79586),0.00013395525278254598,True,-0.0008726858893720539,0.0008726858893720539
1994,ARFGEF1 (10565),0.00013394741226731836,True,0.004103122134531628,0.004103122134531628
1995,NDUFS4 (4724),0.00013392103826126837,True,-0.0009464226078071874,0.0009464226078071874
1996,LYRM4 (57128),0.0001338872931442598,True,0.0011753334701133885,0.0011753334701133885
1997,ENTPD7 (57089),0.0001338845255275494,True,-6.908824274020871e-05,6.908824274020871e-05
1998,TBCE (6905),0.00013371031892478235,True,-0.0019920001981452405,0.0019920001981452405
1999,RPS6KB1 (6198),0.00013366190077281304,True,0.0007913957034384755,0.0007913957034384755
2000,PDXK (8566),0.0001336175501404802,True,0.0018932529289598802,0.0018932529289598802
2001,MRPS18B (28973),0.00013348559986953883,True,0.0004363442911248961,0.0004363442911248961
2002,KLHDC4 (54758),0.00013342467221522604,True,0.0001346663682602145,0.0001346663682602145
2003,VAX2 (25806),0.00013342216375232305,True,-0.0007379977986687776,0.0007379977986687776
2004,ASB4 (51666),0.00013327823347193378,True,0.004621993499992893,0.004621993499992893
2005,KAT6B (23522),0.00013323930884135234,True,0.0008911718808895513,0.0008911718808895513
2006,LRCH3 (84859),0.00013320872636061912,True,-0.0013480552296930778,0.0013480552296930778
2007,GMCL1 (64395),0.00013316001301212117,True,0.0015298380454495976,0.0015298380454495976
2008,UBC (7316),0.0001329159208516229,True,-0.0002650343267282283,0.0002650343267282283
2009,PRMT7 (54496),0.00013288768206502527,True,-0.0017304187665494809,0.0017304187665494809
2010,MAPT (4137),0.0001326154973645656,True,0.0016503745234889284,0.0016503745234889284
2011,DCAF12L1 (139170),0.00013260870191360204,True,-0.0013787834452406197,0.0013787834452406197
2012,ABCG5 (64240),0.00013259288254875097,True,9.401790453365127e-05,9.401790453365127e-05
2013,NADK (65220),0.00013258808845838582,True,0.0009825124213140414,0.0009825124213140414
2014,AJUBA (84962),0.00013258612385370298,True,0.001274431939017617,0.001274431939017617
2015,BORA (79866),0.0001321631596482513,True,-0.00379498385108059,0.00379498385108059
2016,RGPD2 (729857),0.00013215459111735425,True,0.002480478651068693,0.002480478651068693
2017,EFHC1 (114327),0.00013202787039020422,True,0.0005377033817034803,0.0005377033817034803
2018,ABTB3 (121551),0.0001319959904802396,True,-2.4351721480361712e-05,2.4351721480361712e-05
2019,PRCD (768206),0.00013199301006435626,True,-0.0009161681319787595,0.0009161681319787595
2020,TMEM269 (100129924),0.0001319331501036277,True,0.000814661733615656,0.000814661733615656
2021,CWF19L2 (143884),0.00013188214043305133,True,0.002900385077137658,0.002900385077137658
2022,RPL11 (6135),0.00013186642995607453,True,-7.208664301260135e-05,7.208664301260135e-05
2023,TEX19 (400629),0.0001318429686501658,True,-0.0004886903872116748,0.0004886903872116748
2024,CXorf49B (100132994),0.00013177691895352705,True,-0.002584833377278588,0.002584833377278588
2025,TRIM27 (5987),0.00013174918312871335,True,0.0001918622334454946,0.0001918622334454946
2026,ZNF724 (440519),0.0001317316057697595,True,0.0008453414811916317,0.0008453414811916317
2027,ACVR2A (92),0.00013172139461030077,True,0.0017262669684321773,0.0017262669684321773
2028,TULP1 (7287),0.0001316380470351824,True,0.0021511814082119853,0.0021511814082119853
2029,SUSD4 (55061),0.00013157162907281855,True,0.0013660660575925162,0.0013660660575925162
2030,CCDC102B (79839),0.00013154947951906094,True,0.0013624199517019487,0.0013624199517019487
2031,ENHO (375704),0.00013152491985536,True,0.0013593860283163967,0.0013593860283163967
2032,PLBD1 (79887),0.0001314618810827964,True,-0.002019135624839039,0.002019135624839039
2033,NOX1 (27035),0.00013143276426105688,True,-0.00357873151262846,0.00357873151262846
2034,CPNE4 (131034),0.00013133297734738256,True,-0.0009318290638179243,0.0009318290638179243
2035,HAPSTR1 (29035),0.00013128950278505768,True,0.001558620611781864,0.001558620611781864
2036,PPARGC1A (10891),0.00013128604016609738,True,-0.000451775928332694,0.000451775928332694
2037,STRIP2 (57464),0.0001312596859796715,True,0.0010238170567566521,0.0010238170567566521
2038,EMILIN1 (11117),0.00013118475425914335,True,-0.0009904503813549471,0.0009904503813549471
2039,C2CD4D (100191040),0.00013109174356825545,True,0.00011638933491381169,0.00011638933491381169
2040,LGALS12 (85329),0.00013092150151341702,True,0.003511875818569525,0.003511875818569525
2041,OPN1MW (2652),0.00013080910498953555,True,-0.005236986075112842,0.005236986075112842
2042,ZBTB8OS (339487),0.00013071640054331007,True,-7.857379101938494e-05,7.857379101938494e-05
2043,FBXO2 (26232),0.00013068093483517367,True,-0.00034712726469860063,0.00034712726469860063
2044,MED4 (29079),0.00013058562987767257,True,0.0002654079002817936,0.0002654079002817936
2045,HSD17B1 (3292),0.00013053376314775612,True,0.0012363617461291327,0.0012363617461291327
2046,USP34 (9736),0.0001304190197509337,True,-0.002654929392961714,0.002654929392961714
2047,MRPS28 (28957),0.0001304172720367669,True,0.0002914330916501762,0.0002914330916501762
2048,CDC14B (8555),0.0001303655252637284,True,0.000372793853833205,0.000372793853833205
2049,PPFIA4 (8497),0.00013028137946896346,True,0.0012389451315444567,0.0012389451315444567
2050,GNPDA2 (132789),0.0001302136504022026,True,0.001419792299295828,0.001419792299295828
2051,ACP2 (53),0.00013018590733787655,True,-0.0008154584048730504,0.0008154584048730504
2052,GABRA2 (2555),0.00013007340298275722,True,0.0018480570886862074,0.0018480570886862074
2053,MYO1E (4643),0.00013005925822203297,True,0.00025726774040268495,0.00025726774040268495
2054,PTPRJ (5795),0.0001299990963772998,True,0.0011800227413574327,0.0011800227413574327
2055,KLHL33 (123103),0.0001299847131412229,True,-0.0006774995241134248,0.0006774995241134248
2056,TMEM145 (284339),0.00012998084739934825,True,-0.0016197813770443923,0.0016197813770443923
2057,FZD7 (8324),0.00012996560904389727,True,-0.00309798833491083,0.00309798833491083
2058,ZNF235 (9310),0.00012986583817559732,True,-0.0016020124707189982,0.0016020124707189982
2059,FKBP1A (2280),0.0001298062152194438,True,-0.000704401332983827,0.000704401332983827
2060,GMEB2 (26205),0.00012975425749296433,True,0.004084787860374266,0.004084787860374266
2061,TMBIM1 (64114),0.00012975167683215846,True,-0.0027299817196160363,0.0027299817196160363
2062,MTMR14 (64419),0.00012975132024092527,True,0.0003767724835896276,0.0003767724835896276
2063,C2orf92 (728537),0.00012975120652692785,True,0.0007623578188015916,0.0007623578188015916
2064,AEN (64782),0.0001297325506171916,True,-0.0014466064995143281,0.0014466064995143281
2065,RAI14 (26064),0.00012970195430276607,True,-0.0017855975499378343,0.0017855975499378343
2066,AFF4 (27125),0.0001296512304847581,True,-0.0008581921771337082,0.0008581921771337082
2067,BRF1 (2972),0.00012957699727528339,True,-0.0001543106780705619,0.0001543106780705619
2068,CCDC6 (8030),0.00012956717847699618,True,-0.0011020801610137538,0.0011020801610137538
2069,ANKRD33B (651746),0.00012951866356119724,True,0.0028791232955522757,0.0028791232955522757
2070,TRAF6 (7189),0.0001294876638534519,True,-0.0015503273271665662,0.0015503273271665662
2071,PDRG1 (81572),0.00012947091298463108,True,0.0038211817990676015,0.0038211817990676015
2072,CCN6 (8838),0.00012938431520590336,True,-0.0004616888841424207,0.0004616888841424207
2073,PLBD2 (196463),0.00012938188182089178,True,-0.001643335740217725,0.001643335740217725
2074,RND3 (390),0.00012934704823878708,True,-0.0009884375777539827,0.0009884375777539827
2075,CYP4F3 (4051),0.0001293226899921562,True,0.003260584437107572,0.003260584437107572
2076,ETFBKMT (254013),0.0001293026712088904,True,-0.0010899014173920269,0.0010899014173920269
2077,THTPA (79178),0.00012928614476789347,True,0.002328764217457574,0.002328764217457574
2078,RIPPLY1 (92129),0.00012925174848181804,True,-0.0031574765593907076,0.0031574765593907076
2079,NEXMIF (340533),0.00012922610715517286,True,-0.0022927609940442666,0.0022927609940442666
2080,FAF2 (23197),0.0001291691402619944,True,-0.001162953627742398,0.001162953627742398
2081,RAB31 (11031),0.00012916520446761015,True,-0.001449779749838846,0.001449779749838846
2082,IFNAR2 (3455),0.0001290559547443515,True,-0.00015411686359561075,0.00015411686359561075
2083,RBM10 (8241),0.00012905420671671767,True,0.0028873661156039003,0.0028873661156039003
2084,SSX4 (6759),0.00012898967808021322,True,0.0028749949385236027,0.0028749949385236027
2085,HPCAL4 (51440),0.0001289541129008153,True,-0.0004595215016497936,0.0004595215016497936
2086,SLC12A5 (57468),0.00012883621513041965,True,-0.0019254954283578472,0.0019254954283578472
2087,MEIS2 (4212),0.00012877436114859406,True,-0.004313601817001942,0.004313601817001942
2088,AFF2 (2334),0.0001287468748336962,True,-0.004393119650570177,0.004393119650570177
2089,PML (5371),0.00012868740475022124,True,-0.000861011409632478,0.000861011409632478
2090,SEZ6L (23544),0.0001286576688935466,True,0.0004960491639915293,0.0004960491639915293
2091,ATP5F1D (513),0.00012861626152022097,True,-0.00034096695611374574,0.00034096695611374574
2092,MXRA7 (439921),0.00012860874616655335,True,0.0014073299474157191,0.0014073299474157191
2093,UBE2Z (65264),0.00012860213418117362,True,0.0024876902997650733,0.0024876902997650733
2094,AKT1 (207),0.0001284955105564481,True,-0.0019598375313488797,0.0019598375313488797
2095,COX18 (285521),0.0001284463396056384,True,0.0015475963109432976,0.0015475963109432976
2096,CENPB (1059),0.00012843483534257305,True,0.0002897181993137736,0.0002897181993137736
2097,ZNF616 (90317),0.00012841646938825763,True,0.002216565551263548,0.002216565551263548
2098,FAM118A (55007),0.00012840378079273653,True,-0.0019311904497590405,0.0019311904497590405
2099,NGEF (25791),0.00012829618493968937,True,-0.0007814648995507245,0.0007814648995507245
2100,UPK3B (105375355),0.00012824815920486784,True,-0.002099467812788902,0.002099467812788902
2101,DAB2IP (153090),0.00012818719042864183,True,-0.0015690652238023817,0.0015690652238023817
2102,NCOA2 (10499),0.00012813678236923759,True,0.0024643151525431334,0.0024643151525431334
2103,ZNF528 (84436),0.0001280279805318914,True,0.003029667424305835,0.003029667424305835
2104,SOX13 (9580),0.00012801477312362894,True,0.0005897969681077681,0.0005897969681077681
2105,OLIG2 (10215),0.00012796025183989124,True,0.00014075091910467066,0.00014075091910467066
2106,TMEM263 (90488),0.00012777863062793648,True,-0.00022114053641709855,0.00022114053641709855
2107,DUSP13B (51207),0.00012776825706568593,True,0.001955548697676649,0.001955548697676649
2108,LARP7 (51574),0.00012772335875118295,True,0.000299111122193997,0.000299111122193997
2109,LCA5L (150082),0.00012769716328152103,True,0.001585500970612489,0.001585500970612489
2110,RABIF (5877),0.00012763051163678315,True,-0.0004792604828692537,0.0004792604828692537
2111,CLK4 (57396),0.00012754042909108443,True,0.0009473207257307627,0.0009473207257307627
2112,AUP1 (550),0.00012746675267415357,True,-0.0014063529279177318,0.0014063529279177318
2113,PPP2R1A (5518),0.00012744282772126633,True,-0.0011916265054504444,0.0011916265054504444
2114,RNFT1 (51136),0.00012738554390021153,True,0.00044945476417119134,0.00044945476417119134
2115,ZNF74 (7625),0.00012736346453045956,True,-0.0007034898054181011,0.0007034898054181011
2116,CASQ1 (844),0.00012731722034962865,True,0.0014131598048377735,0.0014131598048377735
2117,ABCA5 (23461),0.00012731258774178927,True,1.4960961594364525e-05,1.4960961594364525e-05
2118,ECPAS (23392),0.00012720710138323859,True,0.001501380203769154,0.001501380203769154
2119,LDLRAD2 (401944),0.0001272013177407081,True,-0.0019838688402579185,0.0019838688402579185
2120,CARHSP1 (23589),0.00012719182002712777,True,0.0004993716466549078,0.0004993716466549078
2121,SIL1 (64374),0.0001271024531690332,True,-0.00021731844249462664,0.00021731844249462664
2122,MGME1 (92667),0.0001270983890961085,True,-0.004034019709876596,0.004034019709876596
2123,ZNF253 (56242),0.00012703203044417177,True,0.0013503761323167681,0.0013503761323167681
2124,ERO1B (56605),0.00012697227163683267,True,-0.001048570195416609,0.001048570195416609
2125,PLEKHB1 (58473),0.00012684502756044272,True,-0.003693956658623901,0.003693956658623901
2126,WBP1 (23559),0.00012676247042049752,True,-0.0005780113102997369,0.0005780113102997369
2127,ENPP6 (133121),0.00012675676665825403,True,-0.0009908779953660448,0.0009908779953660448
2128,STARD13 (90627),0.0001266760491445573,True,0.0011290891556071966,0.0011290891556071966
2129,PFKFB3 (5209),0.0001266374283616544,True,-0.003432231344101875,0.003432231344101875
2130,SAR1B (51128),0.00012662230822463083,True,0.0014991881803009515,0.0014991881803009515
2131,APOOL (139322),0.00012660196800171573,True,-0.0015422269352791667,0.0015422269352791667
2132,PARP11 (57097),0.00012657570394095848,True,0.0010442795103808144,0.0010442795103808144
2133,MKNK1 (8569),0.00012653933202934966,True,0.0013292426651348782,0.0013292426651348782
2134,ABHD12 (26090),0.00012652739647913897,True,-0.001175006789082343,0.001175006789082343
2135,TBC1D5 (9779),0.00012651585715906544,True,0.0033621396054238726,0.0033621396054238726
2136,RPL13A (23521),0.00012646953660351676,True,-0.0019838681272411497,0.0019838681272411497
2137,ZSCAN12 (9753),0.0001264567675930938,True,-0.0027105688152081523,0.0027105688152081523
2138,RIN2 (54453),0.00012644947536566566,True,0.0027818764049007214,0.0027818764049007214
2139,PJA2 (9867),0.0001264419450130593,True,-0.0013472726176091644,0.0013472726176091644
2140,SPRY2 (10253),0.0001264160418793953,True,-0.0018722645959013782,0.0018722645959013782
2141,TVP23A (780776),0.00012640387781598248,True,-0.0023009434842873877,0.0023009434842873877
2142,H2BC6 (8344),0.00012633952907228462,True,0.0031989075862780755,0.0031989075862780755
2143,METTL9 (51108),0.00012631924564171694,True,0.0025300301644571913,0.0025300301644571913
2144,ZNF641 (121274),0.00012617428378282008,True,-0.0008663673928752536,0.0008663673928752536
2145,GRB7 (2886),0.00012610955539798307,True,0.00037656821047573914,0.00037656821047573914
2146,TMT1A (25840),0.00012609688507454623,True,-0.0002233977204667044,0.0002233977204667044
2147,C8orf74 (203076),0.00012609639190847206,True,0.0016347800108405188,0.0016347800108405188
2148,SRRM3 (222183),0.00012605677709499357,True,0.0011644809836159477,0.0011644809836159477
2149,ETFA (2108),0.00012597556165850908,True,0.0007468367576681581,0.0007468367576681581
2150,PRDX1 (5052),0.00012594482529050072,True,0.00027162802078744956,0.00027162802078744956
2151,PUS1 (80324),0.00012590924937924545,True,-0.0011396643987707435,0.0011396643987707435
2152,PAWR (5074),0.00012586339505848623,True,0.003507764130520964,0.003507764130520964
2153,ATP2C1 (27032),0.00012583397437628327,True,-8.973811048496559e-05,8.973811048496559e-05
2154,MFSD1 (64747),0.00012580290284155046,True,-0.0023403657142202737,0.0023403657142202737
2155,SYMPK (8189),0.00012572227773695625,True,-0.0022226373106313474,0.0022226373106313474
2156,METTL18 (92342),0.00012571024547489406,True,-0.0008242252020826856,0.0008242252020826856
2157,CRX (1406),0.00012560049967482137,True,-0.00252915966814135,0.00252915966814135
2158,ARHGAP45 (23526),0.00012555395850052494,True,-0.0011756545972296975,0.0011756545972296975
2159,PLAA (9373),0.00012553086039555637,True,-0.00027919318410219026,0.00027919318410219026
2160,TMX2 (51075),0.00012549668035816489,True,-0.001723628283483371,0.001723628283483371
2161,CD24 (100133941),0.00012538436393259104,True,0.003905740964710216,0.003905740964710216
2162,GSC2 (2928),0.0001252964469948596,True,-0.00039086768298186826,0.00039086768298186826
2163,ARPC3 (10094),0.00012509034674016524,True,-0.0008853065110986747,0.0008853065110986747
2164,GPR176 (11245),0.00012508893791508003,True,0.0029302377099316595,0.0029302377099316595
2165,NPC1 (4864),0.00012506661963075394,True,-0.0023130022413497143,0.0023130022413497143
2166,PLLP (51090),0.00012502008020970308,True,-0.0027451981350858795,0.0027451981350858795
2167,TMEM219 (124446),0.00012501068700829752,True,0.0015816206941471963,0.0015816206941471963
2168,ELL3 (80237),0.0001249913659732848,True,0.00034701621723515826,0.00034701621723515826
2169,NT5C1B (93034),0.00012481763013594345,True,0.004989631559522195,0.004989631559522195
2170,RPP21 (79897),0.00012479690432840281,True,-0.0009286559579910388,0.0009286559579910388
2171,C19orf38 (255809),0.00012475760817704637,True,-0.0003227115644713603,0.0003227115644713603
2172,DCX (1641),0.00012472005841649035,True,-0.0007288046877916385,0.0007288046877916385
2173,IVL (3713),0.0001246771743233923,True,-0.0015339142411101684,0.0015339142411101684
2174,TINF2 (26277),0.000124601414235015,True,-0.0015719473221734155,0.0015719473221734155
2175,ZNF765 (91661),0.00012458164760814074,True,0.0024429816190670458,0.0024429816190670458
2176,RNF186 (54546),0.0001245498048507376,True,0.0006073624239633403,0.0006073624239633403
2177,LCORL (254251),0.0001245036396455326,True,0.0004722618285306784,0.0004722618285306784
2178,PBX2 (5089),0.00012441854093145444,True,-0.0005361055262172026,0.0005361055262172026
2179,CDYL (9425),0.0001243881077905184,True,0.0018921066530103552,0.0018921066530103552
2180,GFPT1 (2673),0.00012431737164081034,True,0.002432983235429957,0.002432983235429957
2181,DKK1 (22943),0.00012429880248942513,True,-0.0023187037042930684,0.0023187037042930684
2182,PRSS53 (339105),0.00012429487749205168,True,0.0007273514230869704,0.0007273514230869704
2183,COA6 (388753),0.00012426963588137285,True,0.0029048475874351083,0.0029048475874351083
2184,MIS18BP1 (55320),0.00012420657924214193,True,-0.003085931367054537,0.003085931367054537
2185,HOXB13 (10481),0.00012413315075848844,True,0.00042871422621709255,0.00042871422621709255
2186,CSTF1 (1477),0.00012411997168897978,True,-0.00033046440962709867,0.00033046440962709867
2187,ATXN7 (6314),0.00012401212611087376,True,-0.0008345186310388666,0.0008345186310388666
2188,EPRS1 (2058),0.00012399900501967095,True,0.0014423609925402138,0.0014423609925402138
2189,TMEM217B (121725057),0.00012376014058511865,True,-0.00044750659882135445,0.00044750659882135445
2190,DDHD2 (23259),0.0001236908584140854,True,0.00045407210211375324,0.00045407210211375324
2191,HDLBP (3069),0.00012364657788940377,True,0.0001604917665620079,0.0001604917665620079
2192,SLC22A23 (63027),0.00012357312000950473,True,-0.0013769936201938528,0.0013769936201938528
2193,VN1R1 (57191),0.00012353648174808597,True,6.387789228879477e-05,6.387789228879477e-05
2194,C11orf52 (91894),0.0001234201845001025,True,0.00030599698298332603,0.00030599698298332603
2195,ZNF195 (7748),0.0001232730894351021,True,-0.0023983738553414306,0.0023983738553414306
2196,KATNB1 (10300),0.00012323314685295906,True,-0.000875133604699123,0.000875133604699123
2197,SSX2IP (117178),0.000123148498483924,True,0.0007792410102272782,0.0007792410102272782
2198,UBE2G2 (7327),0.0001230837173186636,True,0.0002779543299960439,0.0002779543299960439
2199,NCOA7 (135112),0.00012297412203766841,True,-0.0033772112722783754,0.0033772112722783754
2200,ZNF623 (9831),0.0001229377430869228,True,-0.0006421052993709429,0.0006421052993709429
2201,PSIP1 (11168),0.00012291947186903786,True,0.002742770452882199,0.002742770452882199
2202,FBXW7 (55294),0.00012290574462553468,True,-0.0012174382085742726,0.0012174382085742726
2203,NOVA2 (4858),0.00012278418360668617,True,-0.002675547055125711,0.002675547055125711
2204,ZBTB39 (9880),0.0001227717663870576,True,-0.00020763391992217103,0.00020763391992217103
2205,ELOVL2 (54898),0.00012271418979366237,True,0.0010406275820428429,0.0010406275820428429
2206,KIAA1210 (57481),0.00012264207789876153,True,-0.003218487162952503,0.003218487162952503
2207,RTN4RL2 (349667),0.00012257401470397566,True,-0.0025477794369057525,0.0025477794369057525
2208,PPIAL4G (644591),0.0001225627442007769,True,-5.942051084245441e-05,5.942051084245441e-05
2209,LARGE1 (9215),0.00012252515243428528,True,-0.002394836621175649,0.002394836621175649
2210,BDKRB2 (624),0.00012251029535461676,True,-0.0022653449799763616,0.0022653449799763616
2211,ORC1 (4998),0.00012248554443988288,True,0.0002677391482643083,0.0002677391482643083
2212,B9D1 (27077),0.00012231357407378046,True,0.0012954259869785616,0.0012954259869785616
2213,PXYLP1 (92370),0.00012230879748968275,True,-0.0026522313249415846,0.0026522313249415846
2214,OR8G5 (219865),0.00012228447160025517,True,0.005395767906553479,0.005395767906553479
2215,DNAJC30 (84277),0.00012226673473112717,True,0.0018168105127950684,0.0018168105127950684
2216,MRPL17 (63875),0.00012224779375359193,True,0.00185803100863526,0.00185803100863526
2217,ELF1 (1997),0.00012221526871624097,True,-0.0016155379056321615,0.0016155379056321615
2218,SART3 (9733),0.00012212736441126278,True,0.0003046336994782953,0.0003046336994782953
2219,C1orf56 (54964),0.0001221252407986496,True,-7.492880734549117e-05,7.492880734549117e-05
2220,ASMTL (8623),0.00012198794951964556,True,-0.0013539010198276309,0.0013539010198276309
2221,ABTB2 (25841),0.00012198773598430717,True,-0.0030130495558797826,0.0030130495558797826
2222,CYTH4 (27128),0.00012187502156516054,True,-0.0023412253371869213,0.0023412253371869213
2223,JMY (133746),0.00012185644593150623,True,-0.0006196432113800057,0.0006196432113800057
2224,OVOL1 (5017),0.00012176670930733686,True,0.000661133164645622,0.000661133164645622
2225,BORCS7 (119032),0.00012168045776693264,True,0.0002657765180234665,0.0002657765180234665
2226,CLCNKB (1188),0.00012161532127512215,True,0.0015793790331401466,0.0015793790331401466
2227,RABL3 (285282),0.00012159691641633943,True,0.00010787357150915844,0.00010787357150915844
2228,SDR9C7 (121214),0.00012155273343998693,True,-0.00014312546016221174,0.00014312546016221174
2229,OPHN1 (4983),0.00012151880527564028,True,0.001778169941857475,0.001778169941857475
2230,NOP56 (10528),0.0001214984100145079,True,-0.0018467239038008874,0.0018467239038008874
2231,CAMP (820),0.00012148664433489763,True,-0.0018511149505001413,0.0018511149505001413
2232,CHD9 (80205),0.00012145136193228785,True,-0.002481220945151966,0.002481220945151966
2233,RPS6KA2 (6196),0.00012134488449710579,True,-0.001362630109611601,0.001362630109611601
2234,KLF11 (8462),0.00012132032576606885,True,0.0008722038045695178,0.0008722038045695178
2235,MYCL (4610),0.00012131010529743915,True,8.870263742005616e-05,8.870263742005616e-05
2236,ACTR6 (64431),0.00012128039706191044,True,0.0021751923702061342,0.0021751923702061342
2237,GALNT4 (8693),0.00012126714989380099,True,-0.001667658820697296,0.001667658820697296
2238,LAMTOR5 (10542),0.00012125849577423133,True,-3.341224678717156e-05,3.341224678717156e-05
2239,PITX2 (5308),0.00012121611023243466,True,-0.0027190847314559974,0.0027190847314559974
2240,EPOR (2057),0.00012111867209207149,True,-0.001601584245339727,0.001601584245339727
2241,MRPL24 (79590),0.00012109392763761908,True,0.0005419953497879171,0.0005419953497879171
2242,MAML1 (9794),0.00012107433157316255,True,-0.000634607015893871,0.000634607015893871
2243,FMR1 (2332),0.00012102163030416748,True,-0.001506490556747668,0.001506490556747668
2244,CCDC157 (550631),0.0001209157470319744,True,-6.698726785592642e-05,6.698726785592642e-05
2245,TMEM64 (169200),0.00012088460664060273,True,-3.765445282268953e-05,3.765445282268953e-05
2246,IDO1 (3620),0.00012086619270009395,True,-0.0015732597398643655,0.0015732597398643655
2247,SAMD9 (54809),0.00012080011409240998,True,-0.0033461283299329094,0.0033461283299329094
2248,TSHZ1 (10194),0.00012078719190149637,True,-0.001167703853164525,0.001167703853164525
2249,GNPDA1 (10007),0.00012063608174558394,True,0.0014865556604948763,0.0014865556604948763
2250,ZBP1 (81030),0.00012061337352115348,True,-0.0027200774088871893,0.0027200774088871893
2251,BRI3 (25798),0.00012054269060591299,True,0.0009942485575053423,0.0009942485575053423
2252,ABCC2 (1244),0.00012053917462552097,True,0.002300539405081965,0.002300539405081965
2253,SLX4 (84464),0.00012051645262502296,True,0.001060756388375092,0.001060756388375092
2254,LSM3 (27258),0.00012050664760474891,True,0.0013702330757903616,0.0013702330757903616
2255,DEFB124 (245937),0.00012043464261386247,True,0.00017430799852685957,0.00017430799852685957
2256,KANK2 (25959),0.00012040316744071597,True,0.0016418251234989701,0.0016418251234989701
2257,RSPH4A (345895),0.00012032867189702856,True,0.002179604491658151,0.002179604491658151
2258,CALM3 (808),0.00012027602684761687,True,0.0008018305419331202,0.0008018305419331202
2259,LRRN4 (164312),0.0001202633188754398,True,-0.00039220022463417963,0.00039220022463417963
2260,CRADD (8738),0.00012019721322657087,True,6.208730234544128e-05,6.208730234544128e-05
2261,GNAT2 (2780),0.00012014786662963273,True,5.937243199637544e-05,5.937243199637544e-05
2262,ZCCHC24 (219654),0.00012009481380945096,True,-0.001013094859193722,0.001013094859193722
2263,CNNM4 (26504),0.00012005714782553762,True,0.0014690349007979294,0.0014690349007979294
2264,FH (2271),0.00012004330520304128,True,-1.4441101489417584e-05,1.4441101489417584e-05
2265,SCYL3 (57147),0.00012001083375799291,True,-0.0014607258109891217,0.0014607258109891217
2266,ATP9B (374868),0.00012000642529009503,True,-0.004255264337412093,0.004255264337412093
2267,RAVER1 (125950),0.00011999366267450825,True,8.512093925344038e-05,8.512093925344038e-05
2268,TIMM13 (26517),0.00011997763968286406,True,-0.0007331797746524592,0.0007331797746524592
2269,GALNT2 (2590),0.00011996126901817532,True,-0.000395478173112993,0.000395478173112993
2270,MXD4 (10608),0.00011990381979899301,True,-0.00024268890323464638,0.00024268890323464638
2271,CEP41 (95681),0.00011982285873896403,True,-0.00022423543887328118,0.00022423543887328118
2272,TBK1 (29110),0.00011981840602442672,True,-0.0003859578238411031,0.0003859578238411031
2273,GPKOW (27238),0.00011968579040531335,True,6.359381525865445e-05,6.359381525865445e-05
2274,ITSN2 (50618),0.00011965710070488425,True,-0.0007494859244879145,0.0007494859244879145
2275,DOCK7 (85440),0.00011965357562330097,True,-1.0022242755786115e-05,1.0022242755786115e-05
2276,VEGFD (2277),0.00011954985482103467,True,0.00037995142255073193,0.00037995142255073193
2277,IMMP2L (83943),0.00011944803975928477,True,-0.0021737816125371326,0.0021737816125371326
2278,COL1A2 (1278),0.00011936833353122942,True,0.0014994249197854948,0.0014994249197854948
2279,NTNG1 (22854),0.00011933652994700358,True,-0.000584662581870028,0.000584662581870028
2280,GRK7 (131890),0.00011926161613038407,True,0.0016438805104385217,0.0016438805104385217
2281,C1orf52 (148423),0.0001192404849537836,True,-0.0001365034375407539,0.0001365034375407539
2282,ANKRD18A (253650),0.00011921728106939475,True,-0.0013408329738424478,0.0013408329738424478
2283,ANKH (56172),0.00011915475657587675,True,0.0007585064501691383,0.0007585064501691383
2284,ABHD18 (80167),0.00011914832531942554,True,0.00123833955426893,0.00123833955426893
2285,PLA2G4C (8605),0.00011914103517853308,True,0.00020767395038248507,0.00020767395038248507
2286,PELO (53918),0.00011913570408998231,True,0.0007525936267004283,0.0007525936267004283
2287,STON2 (85439),0.00011899876689380009,True,0.00011223326595645542,0.00011223326595645542
2288,SLC25A3 (5250),0.00011896774638421282,True,-0.0008135119524523408,0.0008135119524523408
2289,CDK14 (5218),0.00011892161850055635,True,0.0015122570037306882,0.0015122570037306882
2290,EGR3 (1960),0.00011885954629994863,True,-0.00045385342906857293,0.00045385342906857293
2291,CTAG1A (246100),0.00011880083771375777,True,0.0012317801863702845,0.0012317801863702845
2292,GGH (8836),0.00011878311352427564,True,-0.00010176832973456432,0.00010176832973456432
2293,MT-ND1 (4535),0.0001187827142870471,True,-0.001924879830375531,0.001924879830375531
2294,GAB3 (139716),0.00011877417689587197,True,-0.0002571834859406907,0.0002571834859406907
2295,NFKBIZ (64332),0.0001186440144704495,True,-0.0011716865607745448,0.0011716865607745448
2296,UPK2 (7379),0.00011858669906325023,True,-0.0015237176287278861,0.0015237176287278861
2297,EIF1 (10209),0.00011856566477075724,True,0.0005648252531913085,0.0005648252531913085
2298,TINCR (257000),0.00011853715927230739,True,0.0005979888872355744,0.0005979888872355744
2299,ZNF823 (55552),0.00011853339095708514,True,0.0028095613806327947,0.0028095613806327947
2300,LUZP1 (7798),0.00011841004063467393,True,0.001851552590054027,0.001851552590054027
2301,SLC6A13 (6540),0.00011833421850675434,True,0.00489028539051126,0.00489028539051126
2302,TOR1B (27348),0.00011826465847698671,True,0.0006581912215606047,0.0006581912215606047
2303,CSTPP1 (79096),0.00011818661230913534,True,0.0007435834347143307,0.0007435834347143307
2304,ANG (283),0.00011808303406944591,True,-0.002619962265750423,0.002619962265750423
2305,HUWE1 (10075),0.00011807476479699596,True,0.002640279894863989,0.002640279894863989
2306,C1GALT1 (56913),0.00011807042186954899,True,-0.0029337808567396805,0.0029337808567396805
2307,ATP8B3 (148229),0.00011806097801775147,True,-0.00212232355851367,0.00212232355851367
2308,SLC9A1 (6548),0.00011803042577405756,True,-0.0012656227854969957,0.0012656227854969957
2309,NDUFA11 (126328),0.00011794279909401756,True,0.0022771068849748353,0.0022771068849748353
2310,ARHGEF12 (23365),0.0001179395609229445,True,0.00010565442220758546,0.00010565442220758546
2311,SPATA16 (83893),0.00011793130892310536,True,-0.0007229291812297466,0.0007229291812297466
2312,SGK2 (10110),0.00011785850461859601,True,-0.00017012758477386004,0.00017012758477386004
2313,ALDH3B2 (222),0.00011782596766027055,True,0.002447480937802709,0.002447480937802709
2314,UEVLD (55293),0.00011774867772285273,True,0.0015690631363790425,0.0015690631363790425
2315,TMEM185A (84548),0.00011773935409094947,True,-1.4227274612223489e-05,1.4227274612223489e-05
2316,KLHDC8B (200942),0.00011773393623344444,True,-0.001419418097896319,0.001419418097896319
2317,HABP2 (3026),0.00011766784102645414,True,-0.0026979241216476707,0.0026979241216476707
2318,DPH2 (1802),0.00011760584087716478,True,0.0011158332047058617,0.0011158332047058617
2319,SLC25A20 (788),0.0001176033129999969,True,0.0005870748510295172,0.0005870748510295172
2320,SRF (6722),0.0001175421954371119,True,0.0019391867238609639,0.0019391867238609639
2321,EFCC1 (79825),0.00011750076932979443,True,0.003128158418371561,0.003128158418371561
2322,GJB5 (2709),0.00011739564933879513,True,-0.001250642400045175,0.001250642400045175
2323,RARA (5914),0.00011737192325165419,True,-0.0014051515130396389,0.0014051515130396389
2324,OSBPL5 (114879),0.00011734308283467493,True,0.004916134944093702,0.004916134944093702
2325,PRDM16 (63976),0.00011729362295755796,True,-0.0005646383815770842,0.0005646383815770842
2326,STEAP1 (26872),0.00011728742587413857,True,6.885675060106866e-05,6.885675060106866e-05
2327,MEI4 (101928601),0.00011728590232557302,True,0.002693218876844412,0.002693218876844412
2328,TPBG (7162),0.00011726904205212241,True,-0.0017795488466525121,0.0017795488466525121
2329,MRPL3 (11222),0.00011718108761465255,True,0.001259180467316048,0.001259180467316048
2330,TRIM58 (25893),0.00011715533974070085,True,0.0024284601858411228,0.0024284601858411228
2331,SLCO2A1 (6578),0.00011714231618485022,True,0.0010138348129934173,0.0010138348129934173
2332,POLD4 (57804),0.00011711290704668914,True,-0.0023840935104135954,0.0023840935104135954
2333,HNRNPF (3185),0.00011708657653331635,True,-0.004563032416375965,0.004563032416375965
2334,AMER2 (219287),0.00011705725449046653,True,-0.000120506049987566,0.000120506049987566
2335,SPRR2D (6703),0.00011694516740881018,True,0.0003785931056143133,0.0003785931056143133
2336,ZNF324B (388569),0.00011685446798276081,True,-0.0014967699492151906,0.0014967699492151906
2337,BAG6 (7917),0.00011670492228840342,True,-0.0002827707909277248,0.0002827707909277248
2338,ZDHHC5 (25921),0.00011668812657209682,True,-0.00033423030798112945,0.00033423030798112945
2339,CETN3 (1070),0.00011668046002316266,True,0.002022145653710197,0.002022145653710197
2340,TAOK3 (51347),0.00011666503916478835,True,-0.001843017183388584,0.001843017183388584
2341,CYB5RL (606495),0.00011659012722981573,True,0.003631989297492353,0.003631989297492353
2342,TIMP3 (7078),0.00011651488168000917,True,-0.00342814315885959,0.00342814315885959
2343,EHBP1 (23301),0.00011648851745292694,True,-0.0035460696962376736,0.0035460696962376736
2344,FBXO4 (26272),0.00011642997240687198,True,0.000814830777198924,0.000814830777198924
2345,LTA (4049),0.00011635708591737007,True,-0.00038986893633015406,0.00038986893633015406
2346,MEX3A (92312),0.00011632460253834415,True,-0.0006221846133168344,0.0006221846133168344
2347,PKHD1L1 (93035),0.00011630526907918575,True,0.0007329661547817875,0.0007329661547817875
2348,RAET1G (353091),0.00011627653320356115,True,-0.003403462132906978,0.003403462132906978
2349,KMT2D (8085),0.00011622529773595487,True,0.0010961599376488015,0.0010961599376488015
2350,TUBA1C (84790),0.0001162226430052458,True,0.0007114756851865317,0.0007114756851865317
2351,CENPH (64946),0.00011610222263159536,True,-0.0009971586092779562,0.0009971586092779562
2352,SPACA5 (389852),0.00011608519101707672,True,0.003222505282539859,0.003222505282539859
2353,NAA80 (24142),0.0001160387037502523,True,0.0007442248301559029,0.0007442248301559029
2354,ATP5MGL (267020),0.00011601735695504546,True,-0.00045264145844726576,0.00045264145844726576
2355,DNASE2 (1777),0.00011596047150026614,True,-0.001304335591644805,0.001304335591644805
2356,GLTPD2 (388323),0.00011595815674659196,True,-0.001158063580429307,0.001158063580429307
2357,TRPM3 (80036),0.00011577696667894281,True,-0.0007663135614560106,0.0007663135614560106
2358,PRSS35 (167681),0.00011574167017896816,True,0.0017156873413899775,0.0017156873413899775
2359,HNRNPA1 (3178),0.00011568287245128023,True,0.000425989321746938,0.000425989321746938
2360,PIPOX (51268),0.0001155714264359247,True,0.0030617461399597068,0.0030617461399597068
2361,SLC1A4 (6509),0.00011551492002249495,True,-0.0005757925566609494,0.0005757925566609494
2362,FIS1 (51024),0.00011550087774237882,True,0.001152464572971574,0.001152464572971574
2363,ANAPC2 (29882),0.00011547917639367081,True,0.0001918292188636359,0.0001918292188636359
2364,KIF7 (374654),0.0001154712329406533,True,0.0025896585963651134,0.0025896585963651134
2365,CFAP20 (29105),0.00011543740483003172,True,0.0010201798534423064,0.0010201798534423064
2366,ETS2 (2114),0.00011543288051541396,True,-0.0002884764982754423,0.0002884764982754423
2367,SSUH2 (51066),0.00011542125756223874,True,0.0005032852589654122,0.0005032852589654122
2368,CACFD1 (11094),0.00011540554339928657,True,1.561767299420691e-05,1.561767299420691e-05
2369,PDSS1 (23590),0.0001153851250104029,True,-0.0023983343372029143,0.0023983343372029143
2370,NKX2-3 (159296),0.0001153810928181792,True,0.0019514846027425064,0.0019514846027425064
2371,TLR3 (7098),0.00011535314459421195,True,-0.0014980115690741106,0.0014980115690741106
2372,TRPV2 (51393),0.00011533777336172397,True,-0.0010076680926486537,0.0010076680926486537
2373,SDE2 (163859),0.00011527383100487377,True,-0.00200000623986672,0.00200000623986672
2374,CHD9NB (105371267),0.00011527215985558986,True,-0.0021274581583882383,0.0021274581583882383
2375,EGLN1 (54583),0.00011526461841365567,True,-0.0008368934754278322,0.0008368934754278322
2376,SULT1A2 (6799),0.00011524979758371746,True,-0.0006271056401120989,0.0006271056401120989
2377,BGN (633),0.00011523082604471702,True,0.003311905531698459,0.003311905531698459
2378,KHDRBS3 (10656),0.00011522474864511612,True,0.0012323293786979071,0.0012323293786979071
2379,ZXDA (7789),0.00011522210270307898,True,-2.9551453647057042e-05,2.9551453647057042e-05
2380,TTC9C (283237),0.00011518123919742504,True,0.0019263121012986595,0.0019263121012986595
2381,FUCA1 (2517),0.00011517212331033053,True,0.0009065575743481642,0.0009065575743481642
2382,FAM180A (389558),0.00011510249739480705,True,0.002663154578972952,0.002663154578972952
2383,FES (2242),0.00011501396613412423,True,-0.000985910861062025,0.000985910861062025
2384,TIGD1 (200765),0.00011494787004211951,True,0.0003046089939366172,0.0003046089939366172
2385,JAKMIP3 (282973),0.00011491695199743264,True,0.00018313554605292387,0.00018313554605292387
2386,TCEAL9 (51186),0.00011481304966290968,True,-0.0029306376120836705,0.0029306376120836705
2387,ACTR8 (93973),0.00011478909897785186,True,-0.0005658388366199122,0.0005658388366199122
2388,ATL1 (51062),0.00011477614983534452,True,-0.0022260491364214283,0.0022260491364214283
2389,MRPL41 (64975),0.00011475981955375655,True,-0.00128880597317183,0.00128880597317183
2390,E2F6 (1876),0.00011472533816612467,True,-0.002729502236592947,0.002729502236592947
2391,RMI1 (80010),0.0001147144827479222,True,0.0012909314165646456,0.0012909314165646456
2392,GPR45 (11250),0.00011469727507793687,True,-0.000598213168419628,0.000598213168419628
2393,NUP210 (23225),0.00011468003230687296,True,0.0013952618463791444,0.0013952618463791444
2394,CEP20 (123811),0.00011464769020719953,True,0.003365986889459847,0.003365986889459847
2395,LCN2 (3934),0.00011463039526230664,True,-0.001399080621515062,0.001399080621515062
2396,BPIFA1 (51297),0.00011462448418162666,True,-0.00022486281721938476,0.00022486281721938476
2397,PARP3 (10039),0.00011461119859279364,True,-0.0012638903537112965,0.0012638903537112965
2398,PNKP (11284),0.00011459281522339277,True,-3.717974537213991e-05,3.717974537213991e-05
2399,BIRC7 (79444),0.00011458409310251246,True,-0.005251962429177353,0.005251962429177353
2400,EPB41L4B (54566),0.00011453908374652592,True,0.0014988985017867292,0.0014988985017867292
2401,RBM48 (84060),0.00011449792766706568,True,-0.00023149262225054864,0.00023149262225054864
2402,CAMKV (79012),0.00011449428659978742,True,-0.0008713958682857468,0.0008713958682857468
2403,ODAM (54959),0.00011445280811184343,True,0.0005325701318091186,0.0005325701318091186
2404,DOK3 (79930),0.00011441456212695428,True,0.0011243530960055512,0.0011243530960055512
2405,FAM83A (84985),0.00011441009755717932,True,-0.00038904427031451584,0.00038904427031451584
2406,ZFHX3 (463),0.00011433190365914918,True,0.002202744364622234,0.002202744364622234
2407,MAGEA11 (4110),0.00011429670039985101,True,0.005501594799081992,0.005501594799081992
2408,EIF3A (8661),0.0001142028482437922,True,-0.0001520064416135766,0.0001520064416135766
2409,SLC27A1 (376497),0.00011415359679727283,True,-0.002275944272269472,0.002275944272269472
2410,CDHR4 (389118),0.00011410039253985229,True,-0.0038529598143307695,0.0038529598143307695
2411,RESF1 (55196),0.00011399888332779783,True,0.0009337466046776934,0.0009337466046776934
2412,MMP21 (118856),0.00011397373771203774,True,0.0017866119765631249,0.0017866119765631249
2413,FBF1 (85302),0.00011393720474187302,True,0.0017365548587866626,0.0017365548587866626
2414,AP5Z1 (9907),0.0001139295828495147,True,8.036281520510985e-05,8.036281520510985e-05
2415,CALB1 (793),0.0001138706403893402,True,0.0027333360987420157,0.0027333360987420157
2416,JARID2 (3720),0.00011384855668759913,True,6.275834364621782e-05,6.275834364621782e-05
2417,B2M (567),0.00011360688824471896,True,-0.002122708419241413,0.002122708419241413
2418,CARD19 (84270),0.00011356705835403865,True,-0.001536358375277638,0.001536358375277638
2419,IRAG2 (4033),0.00011346805918771927,True,0.0016051538413839983,0.0016051538413839983
2420,CIITA (4261),0.00011346280015462003,True,-0.0006675271970247231,0.0006675271970247231
2421,MCM5 (4174),0.00011339116966941487,True,-0.0006777129202712902,0.0006777129202712902
2422,MRPL37 (51253),0.0001133879579142306,True,0.0022404555195014294,0.0022404555195014294
2423,POU3F3 (5455),0.00011337158666140532,True,-0.00021538294178140765,0.00021538294178140765
2424,SLC52A2 (79581),0.00011333435572127546,True,-0.0007750400805587817,0.0007750400805587817
2425,BAZ1A (11177),0.00011330581583483635,True,0.0008817224431802348,0.0008817224431802348
2426,RPS18 (6222),0.00011329659895171153,True,0.0006522511033549205,0.0006522511033549205
2427,ARL13A (392509),0.00011328930692645488,True,-0.0005623673969645112,0.0005623673969645112
2428,STAT6 (6778),0.0001132837417022369,True,-0.0014375584020748806,0.0014375584020748806
2429,CHST13 (166012),0.00011326883657984429,True,-0.000606384254616706,0.000606384254616706
2430,PEX26 (55670),0.00011323098063644749,True,0.0004981894344563708,0.0004981894344563708
2431,YRDC (79693),0.00011319523269180491,True,0.0005426996043343089,0.0005426996043343089
2432,EYA4 (2070),0.00011317010610867172,True,0.003402309325232029,0.003402309325232029
2433,PRDM15 (63977),0.00011316044549492476,True,0.002095460113252872,0.002095460113252872
2434,CDH26 (60437),0.00011313824030374493,True,0.0016719647607782294,0.0016719647607782294
2435,PIGL (9487),0.00011307807826611732,True,-0.0006420460072068734,0.0006420460072068734
2436,BRI3BP (140707),0.00011300677449496016,True,-0.0006208874963920701,0.0006208874963920701
2437,ZFYVE16 (9765),0.00011295365935938591,True,-0.0002892364599677607,0.0002892364599677607
2438,DPM2 (8818),0.00011294381510413872,True,0.0012597992592335676,0.0012597992592335676
2439,MFSD4A (148808),0.00011277953011037709,True,-0.002618042472125237,0.002618042472125237
2440,MFSD2A (84879),0.00011269526341481275,True,0.0012198033150764079,0.0012198033150764079
2441,CCSAP (126731),0.00011267546114526747,True,-0.0013999590426046968,0.0013999590426046968
2442,BCAT1 (586),0.0001126574136737752,True,0.0015147553551857651,0.0015147553551857651
2443,MAP1LC3B (81631),0.00011259496176690807,True,8.32513928073716e-05,8.32513928073716e-05
2444,DEUP1 (159989),0.00011258629741828421,True,0.0016409154508711715,0.0016409154508711715
2445,CD96 (10225),0.0001124759247003875,True,-0.0002738701608294247,0.0002738701608294247
2446,PPM1L (151742),0.00011240441090215958,True,0.00020405061539642685,0.00020405061539642685
2447,GPR75 (10936),0.00011238244360059894,True,-0.0012949814177276404,0.0012949814177276404
2448,RGS22 (26166),0.00011232629183313532,True,0.0016179857579816511,0.0016179857579816511
2449,KHSRP (8570),0.00011229542011452799,True,-0.0010851709185950241,0.0010851709185950241
2450,MRPL53 (116540),0.00011223988160939559,True,0.0002786349070378201,0.0002786349070378201
2451,PTPRR (5801),0.0001122367503288416,True,-0.002403323250191299,0.002403323250191299
2452,CAPZA2 (830),0.00011217686220543416,True,-0.00037103050318119675,0.00037103050318119675
2453,FCAMR (83953),0.00011215807157766145,True,0.00010331626678120883,0.00010331626678120883
2454,ADAM8 (101),0.00011215128844197963,True,-0.00213800644100142,0.00213800644100142
2455,SLC14A1 (6563),0.00011203374725670194,True,-0.0014695025979675406,0.0014695025979675406
2456,TPI1 (7167),0.00011201690018425164,True,0.0010067707427948399,0.0010067707427948399
2457,MTCP1 (4515),0.00011201480386464036,True,-0.0014571014118008557,0.0014571014118008557
2458,TNFAIP8L1 (126282),0.00011200433118638182,True,-0.00288421774880438,0.00288421774880438
2459,ANXA2 (302),0.0001119537203761515,True,0.0006222631630896006,0.0006222631630896006
2460,FGD2 (221472),0.00011192252201277383,True,-0.0015576964398444407,0.0015576964398444407
2461,MAPDA (161823),0.00011190934315372062,True,0.0027200214892546216,0.0027200214892546216
2462,RNF168 (165918),0.00011190880246658454,True,-0.001107794587809608,0.001107794587809608
2463,KDM1A (23028),0.00011174414191445288,True,0.0002664637737097384,0.0002664637737097384
2464,DCTN3 (11258),0.00011162378679521929,True,-0.0028365504156830836,0.0028365504156830836
2465,TMC4 (147798),0.00011161602875695158,True,0.0009960158050567772,0.0009960158050567772
2466,AHR (196),0.00011160910035125306,True,0.0019406153356964885,0.0019406153356964885
2467,FBXO16 (157574),0.0001114591131006717,True,-0.0015954736872389398,0.0015954736872389398
2468,TMEM256 (254863),0.00011141631941344408,True,-3.698143865363756e-05,3.698143865363756e-05
2469,ITCH (83737),0.00011122196332503554,True,0.0005725168516457404,0.0005725168516457404
2470,HDDC2 (51020),0.00011108693093991539,True,0.0005001325379310197,0.0005001325379310197
2471,ARSD (414),0.00011107534333474478,True,0.0016051123759085783,0.0016051123759085783
2472,CCDC68 (80323),0.00011096417641559345,True,-0.0015921307616282869,0.0015921307616282869
2473,SLC2A1 (6513),0.00011079890357622708,True,-4.603751814839449e-05,4.603751814839449e-05
2474,DGAT1 (8694),0.0001107085518572629,True,-0.0004160856123222767,0.0004160856123222767
2475,TXNDC15 (79770),0.00011068181035203066,True,-0.0008274435173695294,0.0008274435173695294
2476,CCNB1 (891),0.00011067653350068462,True,-0.002646184330845552,0.002646184330845552
2477,DCSTAMP (81501),0.00011063290761280069,True,-0.002636692810407084,0.002636692810407084
2478,GDNF (2668),0.00011061239620806238,True,0.0006106288730490968,0.0006106288730490968
2479,ZCCHC9 (84240),0.00011061122308720088,True,-0.0015720893500451164,0.0015720893500451164
2480,RGL3 (57139),0.0001105783915014712,True,-0.0002292590258582087,0.0002292590258582087
2481,DSC3 (1825),0.0001105491306476329,True,0.0011282147631998499,0.0011282147631998499
2482,TPRG1L (127262),0.00011054277342836264,True,0.0009447381152086578,0.0009447381152086578
2483,TBC1D9 (23158),0.00011052949247875714,True,8.540142651353492e-05,8.540142651353492e-05
2484,SYCE3 (644186),0.00011049803793838697,True,-0.00042605450276188067,0.00042605450276188067
2485,KIDINS220 (57498),0.00011049478853577524,True,-0.0009975649189019093,0.0009975649189019093
2486,BTG1 (694),0.00011043455538150015,True,-0.0018123967271802134,0.0018123967271802134
2487,TMEM106A (113277),0.00011042243553015951,True,-0.0004122831964255314,0.0004122831964255314
2488,HOMER3 (9454),0.00011041029070026175,True,-0.00047416890972340107,0.00047416890972340107
2489,TMSB4X (7114),0.00011038057431122707,True,-0.0012321586238781775,0.0012321586238781775
2490,CDKN2C (1031),0.00011036611967478462,True,0.0001778233299073418,0.0001778233299073418
2491,GPX7 (2882),0.00011032627241608886,True,0.0011774548627273378,0.0011774548627273378
2492,RELL1 (768211),0.00011032554420479935,True,-0.0017002458965981728,0.0017002458965981728
2493,CHRM5 (1133),0.00011023146539467299,True,-0.0037523541147163235,0.0037523541147163235
2494,RBFA (79863),0.00011022348240558083,True,0.0007925106931588022,0.0007925106931588022
2495,SHISA4 (149345),0.00011017511166428449,True,0.00028305535380163853,0.00028305535380163853
2496,NCKAP5 (344148),0.00011015408060041475,True,0.005893964662043744,0.005893964662043744
2497,AGPAT4 (56895),0.00011013635318774407,True,0.0025283386376579987,0.0025283386376579987
2498,PRELID1 (27166),0.00011012081136932682,True,0.0007289987505383972,0.0007289987505383972
2499,AIG1 (51390),0.00011006264222292715,True,0.0007658786033810554,0.0007658786033810554
2500,ADAM21 (8747),0.00011002681470689706,True,0.0005438819316584662,0.0005438819316584662
2501,FAM151B (167555),0.00011002642942898142,True,0.0034501450590283802,0.0034501450590283802
2502,GRTP1 (79774),0.00010998465951353756,True,-0.0009143534988326734,0.0009143534988326734
2503,MDM2 (4193),0.0001099578502069131,True,-0.0007656524233442897,0.0007656524233442897
2504,CENPA (1058),0.0001099409323470665,True,-0.0002609039856202684,0.0002609039856202684
2505,ZNF395 (55893),0.00010993045432126487,True,-0.0001886312798335221,0.0001886312798335221
2506,SIRPB1 (10326),0.00010990234074237024,True,0.002982610480071192,0.002982610480071192
2507,GUCY2F (2986),0.00010989004165045901,True,0.0013316575346771773,0.0013316575346771773
2508,ASIC2 (40),0.00010988492110398704,True,-0.0020884665183007333,0.0020884665183007333
2509,TMEM234 (56063),0.00010988329437409386,True,0.0009928435896749356,0.0009928435896749356
2510,DNAJB9 (4189),0.00010984055787837687,True,0.001811135744401253,0.001811135744401253
2511,IL6 (3569),0.00010982084483753542,True,0.002560326093625392,0.002560326093625392
2512,ICOSLG (23308),0.0001097849876726134,True,0.0007348901958587665,0.0007348901958587665
2513,AAK1 (22848),0.0001097354892122543,True,-0.0007976575688142694,0.0007976575688142694
2514,LRRC56 (115399),0.00010964052723540827,True,-0.0015613988442763726,0.0015613988442763726
2515,THOC7 (80145),0.00010961757944414855,True,-0.00045983774542972516,0.00045983774542972516
2516,AEBP1 (165),0.00010960199385798759,True,0.00154374143806748,0.00154374143806748
2517,CATSPER1 (117144),0.00010957297477731194,True,-0.0017180972819626065,0.0017180972819626065
2518,ESYT1 (23344),0.00010954732389183196,True,0.0017968493689716723,0.0017968493689716723
2519,BCOR (54880),0.00010954690017383141,True,0.0016578426688037343,0.0016578426688037343
2520,MMP24OS (101410538),0.000109439411673921,True,0.0018203476158355457,0.0018203476158355457
2521,POLR3D (661),0.00010938180523073589,True,0.0005860972066407183,0.0005860972066407183
2522,APIP (51074),0.00010938164942520732,True,-0.0013437140044804128,0.0013437140044804128
2523,TIMM10B (26515),0.00010936492413620596,True,0.0010912773094941429,0.0010912773094941429
2524,ANKEF1 (63926),0.00010935622574717023,True,-0.0009051832624449594,0.0009051832624449594
2525,ARIH2 (10425),0.000109354272229261,True,-0.0020772893691895352,0.0020772893691895352
2526,DZIP1L (199221),0.00010929631922560612,True,-0.0002540606935584643,0.0002540606935584643
2527,NRBP2 (340371),0.00010928274381359149,True,-0.00014184605706723868,0.00014184605706723868
2528,SNRPG (6637),0.00010916106388813443,True,0.0011201090220163898,0.0011201090220163898
2529,CYP4F11 (57834),0.000109147855690124,True,0.0029036565125814913,0.0029036565125814913
2530,HP1BP3 (50809),0.00010914065099073589,True,-0.00020321057210717468,0.00020321057210717468
2531,RXRA (6256),0.00010913294549502996,True,-0.0015729501848117345,0.0015729501848117345
2532,LEMD1 (93273),0.00010899836240612834,True,-0.00025946800146297417,0.00025946800146297417
2533,RALGAPA2 (57186),0.00010898791064704695,True,-0.0007856705401706362,0.0007856705401706362
2534,FOXL1 (2300),0.00010898125900133507,True,-0.0002929207878873551,0.0002929207878873551
2535,LHFPL3 (375612),0.00010894524560941288,True,0.0030962359982651105,0.0030962359982651105
2536,APOBEC3G (60489),0.00010885380742716591,True,0.00023586160276111833,0.00023586160276111833
2537,ERCC2 (2068),0.0001087864873301908,True,0.0027603195040527655,0.0027603195040527655
2538,RBM14 (10432),0.00010874803060703042,True,-0.0018906204071610722,0.0018906204071610722
2539,RCN2 (5955),0.00010872880328259123,True,0.0008739316231773427,0.0008739316231773427
2540,FOXD4L3 (286380),0.00010869650278284588,True,-0.0006188910491585125,0.0006188910491585125
2541,DCAF8L1 (139425),0.00010868448254863967,True,0.001237710905712507,0.001237710905712507
2542,MARVELD3 (91862),0.00010866725061858802,True,0.0011320548892192665,0.0011320548892192665
2543,TRAM1 (23471),0.00010858777451692074,True,-9.769957233643533e-05,9.769957233643533e-05
2544,MCOLN1 (57192),0.00010856914433229472,True,6.514942012097579e-05,6.514942012097579e-05
2545,CLEC20A (400797),0.00010856443116645115,True,-0.0004624175904401194,0.0004624175904401194
2546,ORC6 (23594),0.00010854614791681244,True,0.0012662899028633317,0.0012662899028633317
2547,OSR1 (130497),0.00010850368226144294,True,-0.0003408934677759704,0.0003408934677759704
2548,IAH1 (285148),0.00010844068097635077,True,-0.0024250535934944293,0.0024250535934944293
2549,MICALL2 (79778),0.00010843056747759008,True,-0.0014600311629376374,0.0014600311629376374
2550,PTGR2 (145482),0.00010834099938291575,True,0.003496314548221274,0.003496314548221274
2551,DDAH1 (23576),0.00010825314896332152,True,0.00258989270808727,0.00258989270808727
2552,ZFYVE19 (84936),0.00010824847874354131,True,-0.00046538080701787505,0.00046538080701787505
2553,CLDND2 (125875),0.00010811602429425174,True,-0.0008866358398714501,0.0008866358398714501
2554,POMZP3 (22932),0.00010810285962373685,True,-0.0005166491249222597,0.0005166491249222597
2555,SFXN4 (119559),0.00010809583989126381,True,-1.2158677218559511e-05,1.2158677218559511e-05
2556,MRPL36 (64979),0.00010808346145127007,True,0.00046415477630936796,0.00046415477630936796
2557,TOX4 (9878),0.0001080819743759377,True,0.000324561027617822,0.000324561027617822
2558,NDUFC2 (4718),0.00010807366636830905,True,0.0024445586930460623,0.0024445586930460623
2559,ASXL3 (80816),0.00010800194868602214,True,-0.0006900262460715145,0.0006900262460715145
2560,ATP13A3 (79572),0.0001079742355727643,True,-0.0012688792245551597,0.0012688792245551597
2561,LRRC41 (10489),0.00010794389377905873,True,0.0031887273834708633,0.0031887273834708633
2562,NCOA1 (8648),0.00010794308220413795,True,0.0009217766297024717,0.0009217766297024717
2563,RAP2B (5912),0.00010792209834526573,True,-0.0020375965847692916,0.0020375965847692916
2564,CYP1B1 (1545),0.00010787428055394313,True,0.0021438695476640912,0.0021438695476640912
2565,HPS3 (84343),0.00010775796389450664,True,0.0019059449963887112,0.0019059449963887112
2566,PLCB1 (23236),0.00010773479643129149,True,0.0009128758448474447,0.0009128758448474447
2567,CNN1 (1264),0.00010772025310124289,True,0.0025372370882527245,0.0025372370882527245
2568,SPEGNB (100996693),0.00010770704348312803,True,-0.004513637988640164,0.004513637988640164
2569,SMARCA4 (6597),0.00010770648231985243,True,-0.0011484195397518508,0.0011484195397518508
2570,ZNF280D (54816),0.00010766593855513578,True,9.286439591844973e-05,9.286439591844973e-05
2571,ENTPD1 (953),0.00010762348436877505,True,-0.00018827747217586442,0.00018827747217586442
2572,CD320 (51293),0.0001076047771469735,True,-0.0003113951702898303,0.0003113951702898303
2573,USH2A (7399),0.00010758858847190463,True,0.00047500357393311896,0.00047500357393311896
2574,RBKS (64080),0.00010758144296646544,True,0.0002437166806459612,0.0002437166806459612
2575,KIAA0319L (79932),0.00010754943531519204,True,-0.0006430798878141587,0.0006430798878141587
2576,TEAD1 (7003),0.0001075395875427552,True,-0.000694440488233802,0.000694440488233802
2577,CPSF4 (10898),0.0001075234756303243,True,-0.000431417906875359,0.000431417906875359
2578,HTR7 (3363),0.00010748816100233692,True,-0.001539948149540963,0.001539948149540963
2579,TMEM258 (746),0.0001074345386067658,True,0.003899965248413639,0.003899965248413639
2580,CLCN4 (1183),0.00010740446035568726,True,0.0001867170804027593,0.0001867170804027593
2581,SDHD (6392),0.00010739401862725952,True,0.0026507411166132883,0.0026507411166132883
2582,SCAI (286205),0.00010731276599196053,True,0.002418382854408281,0.002418382854408281
2583,DENND4A (10260),0.00010728251427981373,True,-0.0010847652801307356,0.0010847652801307356
2584,ZNF639 (51193),0.00010724804545014312,True,-0.0019573507146354563,0.0019573507146354563
2585,CMTM6 (54918),0.00010716507056710374,True,0.00018921809204857536,0.00018921809204857536
2586,BCAR1 (9564),0.00010715880094412166,True,0.0004117467730237271,0.0004117467730237271
2587,UBXN2B (137886),0.00010711554836020998,True,-0.002624983420050285,0.002624983420050285
2588,SYNPO2 (171024),0.00010706816956163907,True,0.0006243719455623564,0.0006243719455623564
2589,MPP3 (4356),0.00010705933492165156,True,0.0019638052289463535,0.0019638052289463535
2590,PALM3 (342979),0.00010705784631955513,True,0.0006611865770495145,0.0006611865770495145
2591,ZNF653 (115950),0.00010705380788487049,True,-0.0025405051838891723,0.0025405051838891723
2592,LAMP1 (3916),0.00010702130067990748,True,-0.0013987237490529353,0.0013987237490529353
2593,EMSY (56946),0.00010699948601754373,True,0.0016360958593974644,0.0016360958593974644
2594,FOXO3B (2310),0.00010693451935438827,True,0.0006744477008019721,0.0006744477008019721
2595,ZFAT (57623),0.00010688031338639635,True,-0.0015668460179353186,0.0015668460179353186
2596,ZNF556 (80032),0.00010686280300943872,True,0.0006505821904051369,0.0006505821904051369
2597,SERPINC1 (462),0.00010677927013335505,True,-0.0011553378784171192,0.0011553378784171192
2598,TOX2 (84969),0.00010674593614238771,True,-0.0011559376340420692,0.0011559376340420692
2599,RGMA (56963),0.00010669131323837484,True,-0.0006588510877894594,0.0006588510877894594
2600,ENAH (55740),0.00010667192052124759,True,-0.001321375999308541,0.001321375999308541
2601,UAP1L1 (91373),0.00010665141400346175,True,0.0003243644393825446,0.0003243644393825446
2602,CYP2F1 (1572),0.00010663770287601458,True,0.0032240915767135087,0.0032240915767135087
2603,CHMP2B (25978),0.0001066319664730592,True,-0.0015019051262704485,0.0015019051262704485
2604,SRFBP1 (153443),0.00010661187178659924,True,0.00031006816608938025,0.00031006816608938025
2605,NEGR1 (257194),0.00010651380200242597,True,0.0002697845053320014,0.0002697845053320014
2606,STK16 (8576),0.00010647103431985114,True,8.09163829327054e-05,8.09163829327054e-05
2607,PNMA6A (84968),0.00010646269197227305,True,-0.0009543362611859965,0.0009543362611859965
2608,MBD2 (8932),0.00010644085781524122,True,-0.0018579545774354048,0.0018579545774354048
2609,BBS1 (582),0.00010641688509236239,True,0.0009752657645567768,0.0009752657645567768
2610,LCT (3938),0.00010641680237256843,True,-0.001115697805150857,0.001115697805150857
2611,EXOSC4 (54512),0.00010640792558432143,True,-0.0006972723377486256,0.0006972723377486256
2612,SCGB1A1 (7356),0.00010639477373854154,True,0.0032758964199171283,0.0032758964199171283
2613,RYR2 (6262),0.0001063708669354726,True,0.00579800915338803,0.00579800915338803
2614,CHD6 (84181),0.00010634950051594216,True,0.0033663179649765914,0.0033663179649765914
2615,ATP1B3 (483),0.00010630831782094664,True,-0.00043728220430888474,0.00043728220430888474
2616,AIFM1 (9131),0.00010629029288228402,True,0.00016694053138077616,0.00016694053138077616
2617,TTC9 (23508),0.00010627164149807817,True,0.00017599826275687628,0.00017599826275687628
2618,DRD1 (1812),0.00010625625685893077,True,-0.0027478050035752437,0.0027478050035752437
2619,OTUD6B (51633),0.00010623038280855306,True,0.0021483740878661993,0.0021483740878661993
2620,FOXI3 (344167),0.0001062246757822578,True,0.0018363068552847027,0.0018363068552847027
2621,SEL1L (6400),0.00010617328069717567,True,-0.0006068757163275046,0.0006068757163275046
2622,ALG8 (79053),0.0001061516470860954,True,-0.0012051168115929808,0.0012051168115929808
2623,GAL3ST1 (9514),0.00010613604358521744,True,-0.0013054663417966976,0.0013054663417966976
2624,LRRC42 (115353),0.00010612284088783156,True,0.0022727195358762005,0.0022727195358762005
2625,NOL12 (79159),0.00010609122337382235,True,-0.0005147402293093988,0.0005147402293093988
2626,GARIN1B (84691),0.00010607912613291506,True,0.0010826442476673053,0.0010826442476673053
2627,PPP1R2B (153743),0.00010603604148312538,True,0.00011989328652849997,0.00011989328652849997
2628,PCMTD1 (115294),0.00010602634677430196,True,0.000699215333835005,0.000699215333835005
2629,RBFOX1 (54715),0.00010592536249882745,True,0.0007201388927593557,0.0007201388927593557
2630,ITGB3 (3690),0.0001059017106479706,True,0.0002726013637570975,0.0002726013637570975
2631,NFRKB (4798),0.00010580540569196339,True,0.002660406912987413,0.002660406912987413
2632,PPM1A (5494),0.00010580350324047845,True,-0.0011657402512139548,0.0011657402512139548
2633,RPL7 (6129),0.00010579365292886945,True,0.0017949221152457162,0.0017949221152457162
2634,FER1L5 (90342),0.00010575190064287179,True,-0.0007121398148131626,0.0007121398148131626
2635,HSCB (150274),0.00010573069853918353,True,-0.002473881769283846,0.002473881769283846
2636,GSPT1 (2935),0.00010567579407346328,True,0.0004520071157701278,0.0004520071157701278
2637,REC8 (9985),0.00010567022698491618,True,-0.0014549755637327337,0.0014549755637327337
2638,FGD3 (89846),0.00010566865924709458,True,-0.0014428206654384236,0.0014428206654384236
2639,SPATA31H1 (84226),0.000105647245863067,True,0.0024418553191723966,0.0024418553191723966
2640,SLC1A3 (6507),0.00010562629796740771,True,-0.00011001718467111793,0.00011001718467111793
2641,PRR33 (102724536),0.00010559258953737585,True,-0.0017282993475178764,0.0017282993475178764
2642,GOLGA8N (643699),0.00010557777031234132,True,0.0005442085383871728,0.0005442085383871728
2643,SLC29A3 (55315),0.00010554760127393742,True,-0.0029309016477933048,0.0029309016477933048
2644,ABCB9 (23457),0.0001054246544346272,True,-0.0023376183240503686,0.0023376183240503686
2645,SEZ6 (124925),0.00010530522424125257,True,0.001545973616330304,0.001545973616330304
2646,PLIN4 (729359),0.00010528670529438445,True,-0.0017584324094574398,0.0017584324094574398
2647,ARPC1B (10095),0.00010528243501192847,True,-0.0002090568850785911,0.0002090568850785911
2648,CASTOR1 (652968),0.00010527437103126301,True,-0.0012406601486000296,0.0012406601486000296
2649,RGPD1 (400966),0.00010521554963961067,True,0.0025317231413822974,0.0025317231413822974
2650,UQCC1 (55245),0.00010520198579540781,True,0.0003968856255382729,0.0003968856255382729
2651,S100A8 (6279),0.00010520015952803725,True,-0.002839524789579037,0.002839524789579037
2652,NME7 (29922),0.00010519692883306686,True,-0.0035216635086873487,0.0035216635086873487
2653,SSBP4 (170463),0.00010517767770720359,True,-0.0021299576914422975,0.0021299576914422975
2654,B4GALNT3 (283358),0.00010517568071091889,True,0.0010449763691570781,0.0010449763691570781
2655,ELMO1 (9844),0.00010514354815625045,True,0.001236149839601877,0.001236149839601877
2656,GPR84 (53831),0.00010513818610803295,True,-0.0023255517416825217,0.0023255517416825217
2657,GLTP (51228),0.00010513540024353832,True,0.0008825812838952187,0.0008825812838952187
2658,RSBN1 (54665),0.00010506801448043102,True,-0.0008317932882213417,0.0008317932882213417
2659,ZNF302 (55900),0.00010504765436330153,True,0.0022627942188761614,0.0022627942188761614
2660,KLHDC8A (55220),0.00010503091201593706,True,0.0009501597875387303,0.0009501597875387303
2661,CHGA (1113),0.00010498647549503962,True,0.0003505701505443007,0.0003505701505443007
2662,SIX5 (147912),0.00010498077209726602,True,0.001158145727031924,0.001158145727031924
2663,DNASE1L2 (1775),0.00010495441865519101,True,0.005308178535506109,0.005308178535506109
2664,SESTD1 (91404),0.00010495195821545318,True,0.00015905924991692724,0.00015905924991692724
2665,ZNF813 (126017),0.00010494475761375946,True,0.001455735970122607,0.001455735970122607
2666,VPS26B (112936),0.00010483224073731177,True,0.0021411447652617565,0.0021411447652617565
2667,NEK10 (152110),0.00010478958586830362,True,0.0010978205260500744,0.0010978205260500744
2668,CD59 (966),0.00010478771264495403,True,-0.0008272717506437182,0.0008272717506437182
2669,FAM131C (348487),0.00010478188036287021,True,-0.0005074612934093546,0.0005074612934093546
2670,C13orf46 (100507747),0.00010471836473610327,True,0.00034343798617053525,0.00034343798617053525
2671,FANCG (2189),0.00010471322079144246,True,-0.0013746513519873314,0.0013746513519873314
2672,ID2 (3398),0.00010463358396983363,True,-0.0006037053773231713,0.0006037053773231713
2673,UBA7 (7318),0.00010461024703354655,True,-0.0009096040068489067,0.0009096040068489067
2674,CGA (1081),0.00010459603733644875,True,0.004668284647453695,0.004668284647453695
2675,FZD10 (11211),0.000104570487304468,True,0.0009797767168084853,0.0009797767168084853
2676,GALE (2582),0.00010454045209336341,True,-0.0003560307106569876,0.0003560307106569876
2677,DUSP23 (54935),0.00010452312990746505,True,0.006216539462618443,0.006216539462618443
2678,CMTM8 (152189),0.00010440496789554449,True,0.0008048704883424601,0.0008048704883424601
2679,PRSS12 (8492),0.00010439664448719975,True,0.001469214564544076,0.001469214564544076
2680,PSD3 (23362),0.00010438870807195872,True,-0.0013343673274113991,0.0013343673274113991
2681,RNF112 (7732),0.00010437910535983374,True,0.00023248256429151564,0.00023248256429151564
2682,EWSR1 (2130),0.00010436337638263748,True,-0.00013985436121497028,0.00013985436121497028
2683,MGAT4C (25834),0.00010431688014023475,True,0.0016209532692117111,0.0016209532692117111
2684,SUB1 (10923),0.00010429665581664644,True,0.0025203656705741085,0.0025203656705741085
2685,ACO2 (50),0.00010426871443943602,True,-0.0011072558302674654,0.0011072558302674654
2686,REN (5972),0.00010425330379790783,True,-0.005875850489896548,0.005875850489896548
2687,PLPP3 (8613),0.00010424961039092015,True,0.0010017081618067937,0.0010017081618067937
2688,NDE1 (54820),0.00010424722047446721,True,-0.0023625068361462576,0.0023625068361462576
2689,TUBB4A (10382),0.00010422380954192635,True,-0.002576401487498617,0.002576401487498617
2690,USF1 (7391),0.0001041723951658182,True,-0.0032133525191007485,0.0032133525191007485
2691,ZNF256 (10172),0.00010415863918683783,True,-0.00010523103118703029,0.00010523103118703029
2692,SDHAF3 (57001),0.0001041483547521908,True,0.0004245130015107371,0.0004245130015107371
2693,GPLD1 (2822),0.00010414327922445696,True,-0.00038992001246575736,0.00038992001246575736
2694,HLA-G (3135),0.00010412033114964755,True,-0.003103800202655641,0.003103800202655641
2695,TKT (7086),0.00010411002465569642,True,-0.0011611251069227036,0.0011611251069227036
2696,C16orf95 (100506581),0.00010406254530984926,True,-0.0005820559061511814,0.0005820559061511814
2697,PRSS8 (5652),0.00010406153148220963,True,0.001238718980627622,0.001238718980627622
2698,HIPK4 (147746),0.00010403025693778574,True,0.0008829293297989791,0.0008829293297989791
2699,PIERCE1 (138162),0.00010401457286456654,True,-0.0020237562742928513,0.0020237562742928513
2700,METTL23 (124512),0.00010400277669947282,True,0.0003715706726053026,0.0003715706726053026
2701,PHLPP2 (23035),0.00010394990046077341,True,-0.0009038923412268716,0.0009038923412268716
2702,GAL3ST4 (79690),0.00010386703926105632,True,-0.0021533144203406142,0.0021533144203406142
2703,CTNNA1 (1495),0.0001038634871689994,True,-0.0035033024946673915,0.0035033024946673915
2704,NOMO3 (408050),0.00010377759556464908,True,0.002396488206375478,0.002396488206375478
2705,OCEL1 (79629),0.00010375325131289552,True,0.0007155138122566034,0.0007155138122566034
2706,FHL1 (2273),0.00010370266611446879,True,0.0031946027807049793,0.0031946027807049793
2707,MAEA (10296),0.00010366643651204743,True,-0.0010830016744769596,0.0010830016744769596
2708,MCM3 (4172),0.00010361226437170298,True,0.0012636704792590159,0.0012636704792590159
2709,DAD1 (1603),0.00010360666334349157,True,0.0016414203586731643,0.0016414203586731643
2710,PBK (55872),0.00010358846963787011,True,-0.0008922286747454107,0.0008922286747454107
2711,RTL8B (441518),0.00010357634498114768,True,0.0012358214477789045,0.0012358214477789045
2712,ERCC5 (2073),0.00010356659444788776,True,-0.0027693139154320884,0.0027693139154320884
2713,MUC12 (10071),0.00010355033385229322,True,-0.0041612633163241744,0.0041612633163241744
2714,TBCEL (219899),0.00010353183029927345,True,-3.4432301511833335e-05,3.4432301511833335e-05
2715,C2orf81 (388963),0.0001035016094402913,True,-0.0032523358427713842,0.0032523358427713842
2716,ADAM15 (8751),0.00010349410592523975,True,0.0008408138930066365,0.0008408138930066365
2717,USH1C (10083),0.00010347387924417648,True,-0.0005941036468637938,0.0005941036468637938
2718,CREM (1390),0.00010346099931444748,True,0.00038847488645744194,0.00038847488645744194
2719,PRKRA (8575),0.00010330953903109008,True,-0.0010039658404954526,0.0010039658404954526
2720,ABI3 (51225),0.00010329555724946534,True,0.0019883060291601465,0.0019883060291601465
2721,TPTE (7179),0.00010326269177031573,True,0.003542901712760099,0.003542901712760099
2722,NBPF4 (148545),0.00010324448843734752,True,-0.0027375987103525523,0.0027375987103525523
2723,OR10AG1 (282770),0.00010315966970929225,True,-0.0031114988688175824,0.0031114988688175824
2724,LMO7 (4008),0.0001031384687404526,True,0.001188116180235683,0.001188116180235683
2725,RBAK (57786),0.00010311609841090871,True,-0.0026100122012727963,0.0026100122012727963
2726,MAST2 (23139),0.00010306981694601489,True,0.002142665147160227,0.002142665147160227
2727,GDPD3 (79153),0.00010299012081363103,True,0.0008648288813206608,0.0008648288813206608
2728,NDUFA2 (4695),0.00010298738769466291,True,0.0012527802853237791,0.0012527802853237791
2729,ELOVL1 (64834),0.00010296376978398978,True,0.0015162087446786714,0.0015162087446786714
2730,ATPSCKMT (134145),0.0001029575863429513,True,0.0004329428149494317,0.0004329428149494317
2731,PRMT1 (3276),0.0001029390709589272,True,-0.00028119813352484437,0.00028119813352484437
2732,TAS2R38 (5726),0.00010285312007556344,True,-0.0005072944440283402,0.0005072944440283402
2733,ERICH1 (157697),0.00010283476183834578,True,0.0011597259292476015,0.0011597259292476015
2734,ROCK1 (6093),0.00010280263722110879,True,-0.002577291852461411,0.002577291852461411
2735,LMBRD2 (92255),0.00010280054217802041,True,-0.0006833621137591695,0.0006833621137591695
2736,NPFFR1 (64106),0.00010275869325823804,True,-0.004662929891151218,0.004662929891151218
2737,WRAP73 (49856),0.00010273880342244232,True,0.0020541046314474717,0.0020541046314474717
2738,TBC1D8B (54885),0.0001026508854023913,True,0.00015296521571381934,0.00015296521571381934
2739,TSPAN6 (7105),0.00010248102444783664,True,0.0019065630459287738,0.0019065630459287738
2740,HAGH (3029),0.00010245474572636657,True,-0.0005792052538789681,0.0005792052538789681
2741,KRT86 (3892),0.00010243666951346593,True,-0.0013916338753082527,0.0013916338753082527
2742,SYCE2 (256126),0.00010243493345141831,True,0.0011835831260022162,0.0011835831260022162
2743,SPANXA2 (728712),0.00010242702773303069,True,0.0013755324616058376,0.0013755324616058376
2744,KCMF1 (56888),0.00010241291741754171,True,0.0014932036723342194,0.0014932036723342194
2745,GPR183 (1880),0.0001023837557008443,True,-0.0014312397259747859,0.0014312397259747859
2746,BRWD1 (54014),0.0001023816229535889,True,0.0038010170071364506,0.0038010170071364506
2747,RNF207 (388591),0.00010235255393880363,True,-0.0006444062143791626,0.0006444062143791626
2748,ANKRD36B (57730),0.00010233851175287141,True,0.0015010377923672176,0.0015010377923672176
2749,C12orf71 (728858),0.00010233700925047368,True,-0.0040089704710845366,0.0040089704710845366
2750,SEPTIN4 (5414),0.00010232913845724877,True,-0.0011172707448935885,0.0011172707448935885
2751,RAP2C (57826),0.00010228373371131474,True,-0.0009939627632898906,0.0009939627632898906
2752,LCTL (197021),0.00010226396900222382,True,-0.0026799090003313086,0.0026799090003313086
2753,ABAT (18),0.00010215816844536559,True,0.0004315469605413444,0.0004315469605413444
2754,CSGALNACT1 (55790),0.00010210332871229215,True,0.00024396643353911344,0.00024396643353911344
2755,L1CAM (3897),0.00010208069521106318,True,-0.0008760904962593479,0.0008760904962593479
2756,CCDC134 (79879),0.00010202647152757556,True,-0.001346954810663842,0.001346954810663842
2757,RAC3 (5881),0.00010202176266519404,True,0.0009339106203798133,0.0009339106203798133
2758,SLC6A15 (55117),0.00010195080991392405,True,0.0010066035234438785,0.0010066035234438785
2759,ALAS1 (211),0.00010192148228902141,True,-0.0018005647510855529,0.0018005647510855529
2760,GOLGA8A (23015),0.00010192046323753611,True,0.0029431529457832513,0.0029431529457832513
2761,CCDC85B (11007),0.00010191490265148254,True,-0.00017818267563285005,0.00017818267563285005
2762,RAD51 (5888),0.00010189355625498673,True,-0.0002179383469681469,0.0002179383469681469
2763,MRPL18 (29074),0.00010187261459681283,True,0.0022079439396676596,0.0022079439396676596
2764,TUBGCP4 (27229),0.0001018120518568208,True,0.0019878202466945675,0.0019878202466945675
2765,OR3A3 (8392),0.0001018072872735458,True,0.0012334457405439984,0.0012334457405439984
2766,KCNH1 (3756),0.00010180079710468953,True,-0.0016490914717427422,0.0016490914717427422
2767,IGF2BP2 (10644),0.00010178835766543409,True,-0.00010823950393365196,0.00010823950393365196
2768,PIGX (54965),0.00010176749548663606,True,-0.0008302677049032417,0.0008302677049032417
2769,ALDH4A1 (8659),0.00010174595320303069,True,0.0001837451549359596,0.0001837451549359596
2770,EFNA2 (1943),0.00010172777563362196,True,-0.0024154770909602698,0.0024154770909602698
2771,C3orf52 (79669),0.00010172021031065148,True,-0.0023492367348708085,0.0023492367348708085
2772,BLVRB (645),0.00010171718809993858,True,-0.0003384868363530407,0.0003384868363530407
2773,ADSS2 (159),0.00010169519678234936,True,-0.003304389214886596,0.003304389214886596
2774,KIF20B (9585),0.00010162945182406801,True,-0.0007750402086153308,0.0007750402086153308
2775,AGAP6 (414189),0.00010161424477438078,True,0.00016791433977734528,0.00016791433977734528
2776,RAVER2 (55225),0.00010156738623655042,True,0.0021278351872645405,0.0021278351872645405
2777,TRABD2A (129293),0.0001015657828456035,True,0.0009848695732277129,0.0009848695732277129
2778,SNRPB2 (6629),0.0001015617838391404,True,-6.96850144328116e-05,6.96850144328116e-05
2779,SMIM10L2A (399668),0.00010153017111532244,True,-0.00037207969908002107,0.00037207969908002107
2780,FCHSD1 (89848),0.00010148335017224533,True,-0.0005307966750650666,0.0005307966750650666
2781,FUNDC1 (139341),0.00010148273768524938,True,0.002288456883926892,0.002288456883926892
2782,NBPF10 (100132406),0.00010143288397200513,True,0.005238294359181751,0.005238294359181751
2783,PRDM10 (56980),0.00010143108699356792,True,0.003730619027019769,0.003730619027019769
2784,ZNF611 (81856),0.00010140697049224807,True,0.0035024453552489933,0.0035024453552489933
2785,NLGN4Y (22829),0.00010139815093086317,True,-0.002087842336200435,0.002087842336200435
2786,GSTM3 (2947),0.00010134674988566024,True,0.005596508458960765,0.005596508458960765
2787,TMEM130 (222865),0.00010129834804844021,True,0.0007500541375291981,0.0007500541375291981
2788,RASA2 (5922),0.00010129400644056622,True,0.0008837585627606881,0.0008837585627606881
2789,RNF227 (284023),0.00010115866273793591,True,0.0019482697588539123,0.0019482697588539123
2790,CPNE7 (27132),0.00010115845621536708,True,-0.0014282947826823043,0.0014282947826823043
2791,PLEKHH3 (79990),0.00010115779597929531,True,-0.0017322203261567039,0.0017322203261567039
2792,CKAP5 (9793),0.00010109164859884104,True,-0.00031508355531950486,0.00031508355531950486
2793,RNF208 (727800),0.00010105992131766864,True,0.0004084789735273462,0.0004084789735273462
2794,NR2E1 (7101),0.00010098785791034751,True,0.00047928056815104455,0.00047928056815104455
2795,ATRAID (51374),0.00010098781278254025,True,-9.845708303085729e-05,9.845708303085729e-05
2796,PIK3R4 (30849),0.00010095889443880483,True,-0.0011702359506719172,0.0011702359506719172
2797,PLXNB2 (23654),0.00010093056624844799,True,0.002328287572480822,0.002328287572480822
2798,SCYL1 (57410),0.00010092121319344141,True,0.0017431087555686018,0.0017431087555686018
2799,SULT1E1 (6783),0.000100882435754281,True,0.0011635243447753463,0.0011635243447753463
2800,FCRLB (127943),0.00010088068248711158,True,-0.0027662736446111987,0.0027662736446111987
2801,ZER1 (10444),0.00010086809932707589,True,0.0015628449728746006,0.0015628449728746006
2802,ACACB (32),0.00010084792873054496,True,-0.00014388924660308552,0.00014388924660308552
2803,CCDC125 (202243),0.00010084064073276969,True,-0.0004007170806345445,0.0004007170806345445
2804,ATP6V0A4 (50617),0.00010078298971548533,True,0.00442936258009732,0.00442936258009732
2805,S100A9 (6280),0.00010077551175027734,True,-0.0014825206487312078,0.0014825206487312078
2806,DSC2 (1824),0.00010076301615147515,True,-9.879511043517624e-05,9.879511043517624e-05
2807,RAB11FIP2 (22841),0.0001007182114511057,True,0.0002535747945350272,0.0002535747945350272
2808,CLDND1 (56650),0.00010067018214121816,True,-0.0012919746504324874,0.0012919746504324874
2809,DLX4 (1748),0.00010061272872875012,True,0.003960365843326935,0.003960365843326935
2810,SLC35F6 (54978),0.00010059013892508976,True,-0.0014732011676784396,0.0014732011676784396
2811,GALK2 (2585),0.00010058600543117309,True,-0.0001620178012985479,0.0001620178012985479
2812,CD74 (972),0.00010056618804425967,True,-0.0015981692138810181,0.0015981692138810181
2813,COL6A3 (1293),0.00010051338340804478,True,8.117150978986993e-05,8.117150978986993e-05
2814,GZMM (3004),0.00010050486735241476,True,0.0011455856151553407,0.0011455856151553407
2815,HNRNPA1L2 (144983),0.00010049395940432783,True,-0.0015258287506176135,0.0015258287506176135
2816,PARVG (64098),0.00010048065683697889,True,-0.0037474464756696293,0.0037474464756696293
2817,AKR7L (246181),0.00010043788268848752,True,0.00039096511086312864,0.00039096511086312864
2818,TRANK1 (9881),0.00010040516322592208,True,-0.0006851649562758327,0.0006851649562758327
2819,EFHB (151651),0.00010039340003940384,True,0.0012579641580021598,0.0012579641580021598
2820,HNRNPCL1 (343069),0.00010038724010573719,True,-0.00011500279464971615,0.00011500279464971615
2821,TMEM230 (29058),0.00010033132477721269,True,-0.0011592453666364692,0.0011592453666364692
2822,EMC10 (284361),0.00010033059438288522,True,-0.001225507821148099,0.001225507821148099
2823,FURIN (5045),0.00010032944307499847,True,-0.0013875709029734892,0.0013875709029734892
2824,FRMD3 (257019),0.00010030298621678124,True,-0.0014353816987004318,0.0014353816987004318
2825,SLC26A7 (115111),0.0001002584374426927,True,-0.0014940394101661065,0.0014940394101661065
2826,NPIPB3 (23117),0.00010013182848303572,True,-0.0005415536347888393,0.0005415536347888393
2827,ACY1 (95),0.00010010231798522344,True,-0.0009744194787397072,0.0009744194787397072
2828,CNOT1 (23019),0.00010009331617045542,True,-0.0022027655897657455,0.0022027655897657455
2829,DLL1 (28514),0.00010000700359544925,True,-0.0023377278525125,0.0023377278525125
2830,PLPPR1 (54886),9.999910000112865e-05,True,0.0012900051747901024,0.0012900051747901024
2831,NABP2 (79035),9.997226101531549e-05,True,0.001730659552563651,0.001730659552563651
2832,RCBTB2 (1102),9.996155411469516e-05,True,0.0018071316350363508,0.0018071316350363508
2833,LY75 (4065),9.994676775149307e-05,True,0.0015774564393390843,0.0015774564393390843
2834,SPTY2D1 (144108),9.991646328852713e-05,True,0.0024077106140808924,0.0024077106140808924
2835,CNNM1 (26507),9.987707697569877e-05,True,-0.00028640147300332275,0.00028640147300332275
2836,DLAT (1737),9.987409039980933e-05,True,0.0028991509048345515,0.0028991509048345515
2837,SH3BP5L (80851),9.987145540309804e-05,True,0.0007285360084714745,0.0007285360084714745
2838,IL36G (56300),9.981966510263998e-05,True,-0.0002230023136501359,0.0002230023136501359
2839,QRFP (347148),9.977621613705494e-05,True,0.0026689273917622986,0.0026689273917622986
2840,SLC3A2 (6520),9.97225830587146e-05,True,0.0006338135608361536,0.0006338135608361536
2841,DIAPH3 (81624),9.957382161443843e-05,True,0.0026576266446572674,0.0026576266446572674
2842,C11orf87 (399947),9.953851591925061e-05,True,0.002296335617121125,0.002296335617121125
2843,SEC22B (9554),9.952811798373964e-05,True,0.002940435158066142,0.002940435158066142
2844,ZNF367 (195828),9.951052283673547e-05,True,0.0005070568978575922,0.0005070568978575922
2845,ZNF649 (65251),9.949504293776182e-05,True,0.004420807757881503,0.004420807757881503
2846,DHX16 (8449),9.940921261864918e-05,True,-0.0007914179250739589,0.0007914179250739589
2847,ISLR2 (57611),9.931171771073334e-05,True,-0.0018786542059593201,0.0018786542059593201
2848,UROD (7389),9.930891499979463e-05,True,0.000626435377274818,0.000626435377274818
2849,CEBPZ (10153),9.928598771654248e-05,True,-0.0013402882605767774,0.0013402882605767774
2850,PHYH (5264),9.927440234310938e-05,True,-0.0005111501302955501,0.0005111501302955501
2851,C12orf60 (144608),9.92689181931988e-05,True,-0.0012451828668870561,0.0012451828668870561
2852,MMD (23531),9.925611474459828e-05,True,-0.0012567562561016175,0.0012567562561016175
2853,ADAM18 (8749),9.925593996132359e-05,True,-0.0006836515984695027,0.0006836515984695027
2854,FEM1C (56929),9.924725697280983e-05,True,-0.0007365619090069952,0.0007365619090069952
2855,MAZ (4150),9.922703549071339e-05,True,-0.0005505679515449644,0.0005505679515449644
2856,WNK1 (65125),9.921575299459146e-05,True,0.0008499399847529373,0.0008499399847529373
2857,ANKRD37 (353322),9.918367321220433e-05,True,-0.00038006640137413193,0.00038006640137413193
2858,PRXL2B (127281),9.917753390415658e-05,True,-0.0020558968859399045,0.0020558968859399045
2859,SMCHD1 (23347),9.917293636440056e-05,True,-0.001021254045173545,0.001021254045173545
2860,GLYR1 (84656),9.90924754489437e-05,True,0.0014794431889920932,0.0014794431889920932
2861,SOX4 (6659),9.907703634841714e-05,True,-0.00011279727000492444,0.00011279727000492444
2862,STRA6 (64220),9.904127246215846e-05,True,-0.004965064657165278,0.004965064657165278
2863,NXNL2 (158046),9.903827771623504e-05,True,-0.0008275234319498855,0.0008275234319498855
2864,MFF (56947),9.886081610040078e-05,True,-0.0008274400691376327,0.0008274400691376327
2865,TOR2A (27433),9.880992850181773e-05,True,-0.000535234134114663,0.000535234134114663
2866,ADAM10 (102),9.87910042039142e-05,True,-0.0003145194113444354,0.0003145194113444354
2867,EFNB2 (1948),9.86989288756118e-05,True,-0.004047993334036616,0.004047993334036616
2868,DYNC1H1 (1778),9.868474743776307e-05,True,0.00015875430839823543,0.00015875430839823543
2869,C5orf47 (133491),9.865536739017003e-05,True,-0.00021337118776478637,0.00021337118776478637
2870,CCDC33 (80125),9.864239140700852e-05,True,-0.003998965629830102,0.003998965629830102
2871,HTRA1 (5654),9.862269863975964e-05,True,0.0016855438059788616,0.0016855438059788616
2872,ANAPC13 (25847),9.861318616057964e-05,True,0.0016694035946246038,0.0016694035946246038
2873,SREK1 (140890),9.860503095500135e-05,True,-0.0017738813941997123,0.0017738813941997123
2874,DPEP1 (1800),9.859717205829601e-05,True,-0.0012949697091453785,0.0012949697091453785
2875,GPR135 (64582),9.853371594190935e-05,True,0.0023703659818982187,0.0023703659818982187
2876,COL9A3 (1299),9.851263379385532e-05,True,-0.0012887135896888127,0.0012887135896888127
2877,CHAF1B (8208),9.843705677496127e-05,True,-0.00028416342676282087,0.00028416342676282087
2878,PKD1L2 (114780),9.83906600519046e-05,True,-0.002577422782508174,0.002577422782508174
2879,TULP3 (7289),9.838226088608543e-05,True,0.0036733955798551546,0.0036733955798551546
2880,EDF1 (8721),9.83634295367257e-05,True,-0.0013650037991915678,0.0013650037991915678
2881,ENOPH1 (58478),9.834739528584636e-05,True,0.0007518275189751966,0.0007518275189751966
2882,FNDC8 (54752),9.834209750646484e-05,True,0.0003825987601437682,0.0003825987601437682
2883,POP4 (10775),9.833789824727936e-05,True,-0.0014792233444160027,0.0014792233444160027
2884,GNPTAB (79158),9.82926737382397e-05,True,0.00024200665078000466,0.00024200665078000466
2885,SCAF11 (9169),9.826337816652108e-05,True,0.0007599273424039902,0.0007599273424039902
2886,FKBP9 (11328),9.812821924286118e-05,True,0.0005609604596642892,0.0005609604596642892
2887,CTSK (1513),9.809843857377056e-05,True,-0.0005120690605935488,0.0005120690605935488
2888,KAT2A (2648),9.808447163585353e-05,True,0.000763424307271689,0.000763424307271689
2889,LAGE3 (8270),9.807824841689048e-05,True,0.0004201868842257714,0.0004201868842257714
2890,CLK1 (1195),9.806969891388255e-05,True,-0.0018079550462689793,0.0018079550462689793
2891,KYNU (8942),9.797087021568862e-05,True,8.473137391737414e-05,8.473137391737414e-05
2892,LAPTM4A (9741),9.793601335083391e-05,True,0.0012614160093130577,0.0012614160093130577
2893,ZNF428 (126299),9.78823800819881e-05,True,-0.0016396984399441412,0.0016396984399441412
2894,TMEM126A (84233),9.786586365488899e-05,True,0.0021512194643158867,0.0021512194643158867
2895,MGAT2 (4247),9.785961039244624e-05,True,-9.113824293229857e-06,9.113824293229857e-06
2896,TRMT1 (55621),9.781182377160838e-05,True,0.0003826976345161317,0.0003826976345161317
2897,XKR9 (389668),9.778232050110701e-05,True,-0.0002871877235202916,0.0002871877235202916
2898,RAB3C (115827),9.775693002265165e-05,True,0.000953931422582491,0.000953931422582491
2899,BCL11B (64919),9.77290407415013e-05,True,-0.00013245362237963897,0.00013245362237963897
2900,TCTN1 (79600),9.76891026090253e-05,True,-0.00018758794267602916,0.00018758794267602916
2901,ITGAV (3685),9.749625596790485e-05,True,-0.0003861825003737191,0.0003861825003737191
2902,SLAIN1 (122060),9.746120384905932e-05,True,-0.000680220530979094,0.000680220530979094
2903,LCN10 (414332),9.743568320340335e-05,True,5.602322817598992e-05,5.602322817598992e-05
2904,SEC22C (9117),9.740938827663644e-05,True,-0.0012165725217931223,0.0012165725217931223
2905,ROBO4 (54538),9.740194098488873e-05,True,-0.0014469344467065194,0.0014469344467065194
2906,C8orf58 (541565),9.739932446795559e-05,True,0.0010668529764696392,0.0010668529764696392
2907,PCBD2 (84105),9.734799400299141e-05,True,-0.0009046819132191295,0.0009046819132191295
2908,TNFSF18 (8995),9.730853731920325e-05,True,-0.0034624947746141428,0.0034624947746141428
2909,LRIG2 (9860),9.722136973391769e-05,True,-0.002293321567168963,0.002293321567168963
2910,CCR7 (1236),9.720336522097388e-05,True,-0.0019905557744703314,0.0019905557744703314
2911,HIKESHI (51501),9.718519654284001e-05,True,0.002808521540797116,0.002808521540797116
2912,IL15RA (3601),9.71572752340495e-05,True,-0.0004828199953092658,0.0004828199953092658
2913,COX16 (51241),9.715307011263671e-05,True,0.0008201259317461057,0.0008201259317461057
2914,APOBEC3D (140564),9.71363818510366e-05,True,-0.001025300331514732,0.001025300331514732
2915,GLCE (26035),9.711283105339902e-05,True,0.0017545513947781564,0.0017545513947781564
2916,BDH1 (622),9.70897850697669e-05,True,-0.0009128952145088772,0.0009128952145088772
2917,NDRG3 (57446),9.708031637037312e-05,True,0.0011143809349498743,0.0011143809349498743
2918,C14orf132 (56967),9.707795378612017e-05,True,0.0011991029618160921,0.0011991029618160921
2919,RARS2 (57038),9.703924177204035e-05,True,0.0002596321471243848,0.0002596321471243848
2920,BST2 (684),9.703480973133352e-05,True,0.0005062818509536083,0.0005062818509536083
2921,MBP (4155),9.698472584477646e-05,True,0.0001910005777431285,0.0001910005777431285
2922,SPTLC1 (10558),9.697772883705916e-05,True,8.837825117329794e-05,8.837825117329794e-05
2923,EFTUD2 (9343),9.681512266564472e-05,True,-0.0006844335862796246,0.0006844335862796246
2924,NXPH4 (11247),9.680797115193607e-05,True,0.0009865910631711168,0.0009865910631711168
2925,KAZALD1 (81621),9.679708999175362e-05,True,0.0015145390833178648,0.0015145390833178648
2926,ACOT9 (23597),9.673754072172925e-05,True,0.0006110168492483477,0.0006110168492483477
2927,CHCHD6 (84303),9.67091361271796e-05,True,0.0005392116259007769,0.0005392116259007769
2928,CRACR2B (283229),9.663733951772237e-05,True,0.0026943545269755313,0.0026943545269755313
2929,CDV3 (55573),9.662040076077537e-05,True,0.0010388512813388731,0.0010388512813388731
2930,CCL20 (6364),9.66196644508483e-05,True,-0.00017868461149783536,0.00017868461149783536
2931,CFAP97 (57587),9.658029968744732e-05,True,0.0014042316763462344,0.0014042316763462344
2932,FAIM (55179),9.657549614738057e-05,True,0.0008263261194987404,0.0008263261194987404
2933,RDX (5962),9.654159399296104e-05,True,0.0008846867230735351,0.0008846867230735351
2934,GALNT14 (79623),9.654046846162936e-05,True,0.002194942327408146,0.002194942327408146
2935,NIP7 (51388),9.649289128881224e-05,True,-0.0008859379550080783,0.0008859379550080783
2936,SNRNP27 (11017),9.645328919132874e-05,True,0.0004043297800955933,0.0004043297800955933
2937,ILDR2 (387597),9.645281956170687e-05,True,0.00017944661457416032,0.00017944661457416032
2938,HCAR3 (8843),9.64408006991418e-05,True,-0.0015067934268523956,0.0015067934268523956
2939,TEX48 (100505478),9.642488512007421e-05,True,-0.0008866089260428244,0.0008866089260428244
2940,HPX (3263),9.630896129511526e-05,True,-0.0001448565924247866,0.0001448565924247866
2941,ADAMTS16 (170690),9.626102653314477e-05,True,0.00110548990345309,0.00110548990345309
2942,TSPAN11 (441631),9.625531677408702e-05,True,0.0020141544495589758,0.0020141544495589758
2943,TMEM248 (55069),9.623756889357493e-05,True,-0.0009038934863763323,0.0009038934863763323
2944,PES1 (23481),9.619081704107008e-05,True,-0.001290984239315722,0.001290984239315722
2945,H2BC12 (85236),9.61808729010515e-05,True,0.0009069986268956964,0.0009069986268956964
2946,SPIB (6689),9.617909363967327e-05,True,0.00046304521026406726,0.00046304521026406726
2947,LGALS4 (3960),9.613256352270417e-05,True,-0.0009644970063686197,0.0009644970063686197
2948,DNPH1 (10591),9.612575234828196e-05,True,-0.00020963665759875087,0.00020963665759875087
2949,SNX24 (28966),9.612400084284016e-05,True,0.0006644082109161723,0.0006644082109161723
2950,FGFBP1 (9982),9.612200125256005e-05,True,-6.037453135334715e-05,6.037453135334715e-05
2951,KIF19 (124602),9.611340823873797e-05,True,0.0006408620465872132,0.0006408620465872132
2952,HCLS1 (3059),9.61053318089868e-05,True,0.002344288138514068,0.002344288138514068
2953,ZNF585A (199704),9.610414029972382e-05,True,-0.0009032839985449635,0.0009032839985449635
2954,GSK3B (2932),9.606325473044541e-05,True,-0.0007574462811059764,0.0007574462811059764
2955,ARHGEF38 (54848),9.595919581447105e-05,True,0.002992662344340506,0.002992662344340506
2956,ETV1 (2115),9.588692901118429e-05,True,-0.0035694989801086318,0.0035694989801086318
2957,SUMF1 (285362),9.588193334344448e-05,True,8.503050784633513e-05,8.503050784633513e-05
2958,SRSF9 (8683),9.584998852823546e-05,True,-1.3245643946621123e-06,1.3245643946621123e-06
2959,CSF2RB (1439),9.583255233808583e-05,True,0.0035180462827966207,0.0035180462827966207
2960,STK11 (6794),9.580705304325134e-05,True,-0.003779586275310686,0.003779586275310686
2961,SYTL5 (94122),9.579670073964128e-05,True,0.00019199537356987678,0.00019199537356987678
2962,TMEM150B (284417),9.575094076224847e-05,True,-0.0015274957040339611,0.0015274957040339611
2963,SLC7A4 (6545),9.573944166803334e-05,True,0.00015279810277961245,0.00015279810277961245
2964,MYOM2 (9172),9.570775510454876e-05,True,-0.0005389283725204168,0.0005389283725204168
2965,CLU (1191),9.568853631410418e-05,True,0.0019536058396912017,0.0019536058396912017
2966,VIRMA (25962),9.568199723056419e-05,True,-0.0018515258070411187,0.0018515258070411187
2967,PEBP1 (5037),9.565856047014909e-05,True,-9.327245472749929e-06,9.327245472749929e-06
2968,PKDCC (91461),9.565660868235224e-05,True,-0.0027949097426867536,0.0027949097426867536
2969,PLEC (5339),9.563256946445753e-05,True,0.00019557276340273141,0.00019557276340273141
2970,NME8 (51314),9.557299890215282e-05,True,0.0015035871109002517,0.0015035871109002517
2971,ZNF71 (58491),9.55714062744955e-05,True,0.0006437340967326159,0.0006437340967326159
2972,SNCG (6623),9.55394851651711e-05,True,-0.001599791667470867,0.001599791667470867
2973,FBXL16 (146330),9.546881692078635e-05,True,-0.0004406104029036861,0.0004406104029036861
2974,DMRTA1 (63951),9.543911458680545e-05,True,0.0018130894391967369,0.0018130894391967369
2975,MED12L (116931),9.539919643811716e-05,True,0.0003427285552243301,0.0003427285552243301
2976,PLIN5 (440503),9.535937847785856e-05,True,0.0026554793914383206,0.0026554793914383206
2977,FBXW10B (374286),9.535162877847172e-05,True,-0.0017016153762707932,0.0017016153762707932
2978,ZNF519 (162655),9.533230933454524e-05,True,-0.0003313018438617047,0.0003313018438617047
2979,THAP8 (199745),9.529378967995097e-05,True,0.0021992768527677705,0.0021992768527677705
2980,ELP2 (55250),9.52893468878684e-05,True,-0.0011887821140709241,0.0011887821140709241
2981,FAM168A (23201),9.52663717807463e-05,True,0.0002752648905302822,0.0002752648905302822
2982,PPP1CB (5500),9.526169434933402e-05,True,0.0004487672828448238,0.0004487672828448238
2983,ADD1 (118),9.524964936448339e-05,True,-0.0018901100898126915,0.0018901100898126915
2984,GALP (85569),9.52016981000516e-05,True,0.004925220242456543,0.004925220242456543
2985,LURAP1L (286343),9.508953187066854e-05,True,0.0030627621659490086,0.0030627621659490086
2986,MSTN (2660),9.508554514775815e-05,True,-0.001168263874447267,0.001168263874447267
2987,FJX1 (24147),9.50625796204907e-05,True,-0.0006156097201071009,0.0006156097201071009
2988,RLN1 (6013),9.504229417442148e-05,True,0.0008448826082927889,0.0008448826082927889
2989,MAP4K1 (11184),9.503394148940138e-05,True,0.0027616968768501616,0.0027616968768501616
2990,ZHX2 (22882),9.503269328813554e-05,True,0.0010775672644680874,0.0010775672644680874
2991,PRRC2B (84726),9.49866782193513e-05,True,0.0010258512499840527,0.0010258512499840527
2992,OR10K1 (391109),9.497814971750053e-05,True,-0.0006185070959476527,0.0006185070959476527
2993,TAS2R30 (259293),9.496438144717671e-05,True,0.003157817506285004,0.003157817506285004
2994,UNC5C (8633),9.495343710841076e-05,True,-0.0014248109479596525,0.0014248109479596525
2995,SLC39A6 (25800),9.492655901053165e-05,True,0.00045004770057175975,0.00045004770057175975
2996,TMEM200B (399474),9.489397528912558e-05,True,-0.0025934674025865695,0.0025934674025865695
2997,EIF2S2 (8894),9.488730794080738e-05,True,0.001591865148512683,0.001591865148512683
2998,DPY30 (84661),9.48573118940193e-05,True,-0.0001578906909834356,0.0001578906909834356
2999,NUDC (10726),9.484754208322983e-05,True,-0.0008024952628834436,0.0008024952628834436
3000,LPCAT3 (10162),9.484310523748623e-05,True,0.00018378250799838485,0.00018378250799838485
3001,PXN (5829),9.48399650360382e-05,True,-0.0010797907710136119,0.0010797907710136119
3002,ATXN3 (4287),9.482754924247745e-05,True,-0.0001802131407559391,0.0001802131407559391
3003,HCAR2 (338442),9.4779135211361e-05,True,-0.0005422013919095624,0.0005422013919095624
3004,FAM90A1 (55138),9.473794669307191e-05,True,0.00184552555342249,0.00184552555342249
3005,ARHGEF3 (50650),9.468182069678986e-05,True,-0.0006879579829733313,0.0006879579829733313
3006,SLC25A30 (253512),9.465237203792603e-05,True,0.0015234128934130228,0.0015234128934130228
3007,PAEP (5047),9.463985722609542e-05,True,7.807931034251384e-05,7.807931034251384e-05
3008,CHST12 (55501),9.46271357070068e-05,True,0.0005675370517720186,0.0005675370517720186
3009,CDH22 (64405),9.461360514780769e-05,True,-0.0010024690962408167,0.0010024690962408167
3010,NPDC1 (56654),9.461278342881604e-05,True,-0.00011782216653056588,0.00011782216653056588
3011,CD163L1 (283316),9.451640939638734e-05,True,0.0019647991601401647,0.0019647991601401647
3012,VANGL2 (57216),9.443777409772057e-05,True,-0.001135892577143408,0.001135892577143408
3013,FOLR1 (2348),9.441807044081666e-05,True,-0.0007472592166012405,0.0007472592166012405
3014,EIF1AD (84285),9.440068825588774e-05,True,9.308505453023072e-05,9.308505453023072e-05
3015,SGCB (6443),9.436826667870572e-05,True,0.00037278101660519116,0.00037278101660519116
3016,SF1 (7536),9.435363852234788e-05,True,0.0001701523742173674,0.0001701523742173674
3017,TRAPPC6A (79090),9.435270015312617e-05,True,0.0005599924867084941,0.0005599924867084941
3018,MUC22 (100507679),9.434693851035188e-05,True,-0.0016676131037746723,0.0016676131037746723
3019,CDK6 (1021),9.431105252780525e-05,True,-9.748538766386457e-05,9.748538766386457e-05
3020,ESRRB (2103),9.428645348053715e-05,True,0.0014383533809381442,0.0014383533809381442
3021,SLC41A2 (84102),9.414844734742238e-05,True,0.0009023516911070234,0.0009023516911070234
3022,RGS18 (64407),9.408130429720128e-05,True,0.003653572136021035,0.003653572136021035
3023,MCEE (84693),9.404539948138727e-05,True,0.0018326766141413323,0.0018326766141413323
3024,CFAP418 (157657),9.403198367355226e-05,True,6.484000083702493e-05,6.484000083702493e-05
3025,MARVELD2 (153562),9.401252217702939e-05,True,0.000521874183639993,0.000521874183639993
3026,DUSP8 (1850),9.399552029385472e-05,True,0.0012831956105309919,0.0012831956105309919
3027,MVK (4598),9.399274330965531e-05,True,-0.0013803086412475399,0.0013803086412475399
3028,TUBAL3 (79861),9.398903489478145e-05,True,-0.0003027142898871315,0.0003027142898871315
3029,DCLRE1A (9937),9.397229168394143e-05,True,-0.0011948339285925635,0.0011948339285925635
3030,SHBG (6462),9.39368569652069e-05,True,0.002431013938638647,0.002431013938638647
3031,CT45A1 (541466),9.392965957059347e-05,True,0.0031845155805824863,0.0031845155805824863
3032,DOCK3 (1795),9.38346772580131e-05,True,0.00043108149456197356,0.00043108149456197356
3033,C1orf216 (127703),9.379165752656791e-05,True,-0.00012983071108190218,0.00012983071108190218
3034,AP5B1 (91056),9.368262110174221e-05,True,0.0009516041899898442,0.0009516041899898442
3035,INPP5J (27124),9.367745668868661e-05,True,-0.000678448036392966,0.000678448036392966
3036,L3MBTL3 (84456),9.360653765574177e-05,True,-0.0002718894010202746,0.0002718894010202746
3037,OOEP (441161),9.360395353123978e-05,True,0.0010022916690335506,0.0010022916690335506
3038,AHNAK (79026),9.357059323522391e-05,True,-9.308419240856296e-05,9.308419240856296e-05
3039,WDR5B (54554),9.35190354927777e-05,True,0.001440359103891581,0.001440359103891581
3040,SMIM32 (389332),9.349772944232946e-05,True,0.004004415976120544,0.004004415976120544
3041,MILR1 (284021),9.341749125282208e-05,True,-0.0023958994372420004,0.0023958994372420004
3042,ZNF814 (730051),9.341609359942978e-05,True,-0.0011852905157796528,0.0011852905157796528
3043,RAD9B (144715),9.340869197560187e-05,True,0.0002961565887868861,0.0002961565887868861
3044,TMEM126B (55863),9.340732114513554e-05,True,0.0004994841813710461,0.0004994841813710461
3045,SMYD5 (10322),9.32777929271544e-05,True,-0.0012801204810684037,0.0012801204810684037
3046,EBLN2 (55096),9.319370614819268e-05,True,-0.0012332141943793753,0.0012332141943793753
3047,FHIP2A (57700),9.319159530999442e-05,True,9.054982747512281e-05,9.054982747512281e-05
3048,CFAP221 (200373),9.31573378120073e-05,True,0.0007191116021354805,0.0007191116021354805
3049,NR0B2 (8431),9.312589932971369e-05,True,-0.0008934529502046358,0.0008934529502046358
3050,CHRNA5 (1138),9.311618662976284e-05,True,-0.002267940840555523,0.002267940840555523
3051,F8A1 (8263),9.308666054142536e-05,True,0.0004230042532506436,0.0004230042532506436
3052,SDR39U1 (56948),9.308424046223707e-05,True,-0.0014171769480971152,0.0014171769480971152
3053,CFI (3426),9.307700374606588e-05,True,-0.003055643294552983,0.003055643294552983
3054,CALCR (799),9.304922139733427e-05,True,0.0003644117823454168,0.0003644117823454168
3055,FAM199X (139231),9.303878527378602e-05,True,-0.000995994383074502,0.000995994383074502
3056,GPR179 (440435),9.302558216252154e-05,True,0.0022690322909214235,0.0022690322909214235
3057,PSMC6 (5706),9.299174219179055e-05,True,-0.0003069908444656819,0.0003069908444656819
3058,SHPK (23729),9.298349179064335e-05,True,-0.000744093258912264,0.000744093258912264
3059,PPHLN1 (51535),9.297979473747301e-05,True,-0.0005918641186583124,0.0005918641186583124
3060,RALGDS (5900),9.292816954052158e-05,True,-0.0017390257308320853,0.0017390257308320853
3061,CKM (1158),9.291402927278652e-05,True,0.0011973347085861962,0.0011973347085861962
3062,RASL10B (91608),9.285608686512717e-05,True,0.0014186827285502732,0.0014186827285502732
3063,TWF2 (11344),9.277875879005279e-05,True,-0.0005224738864947084,0.0005224738864947084
3064,ISL2 (64843),9.275832488969147e-05,True,0.0009413101596817408,0.0009413101596817408
3065,MYRF (745),9.275223635463329e-05,True,0.0021393021433844623,0.0021393021433844623
3066,YIPF5 (81555),9.274300109645348e-05,True,-0.000497620562867636,0.000497620562867636
3067,PRDM8 (56978),9.273244394781963e-05,True,-0.002753763910770468,0.002753763910770468
3068,SHMT1 (6470),9.271699508776776e-05,True,-0.0006233106546630245,0.0006233106546630245
3069,SRSF12 (135295),9.271332874331468e-05,True,0.0010339529967296726,0.0010339529967296726
3070,RNF185 (91445),9.269337336751575e-05,True,0.0004866064442174069,0.0004866064442174069
3071,GEMIN4 (50628),9.269243340036121e-05,True,0.001113190646476673,0.001113190646476673
3072,NEUROG2 (63973),9.269003991673333e-05,True,0.00042891687127052046,0.00042891687127052046
3073,MEF2C (4208),9.266694432807858e-05,True,-0.0028188371846231326,0.0028188371846231326
3074,KIF4A (24137),9.256285293289312e-05,True,8.021586516538531e-05,8.021586516538531e-05
3075,MCM3AP (8888),9.255726370697054e-05,True,0.0006675650688985585,0.0006675650688985585
3076,MARCHF8 (220972),9.254682976721562e-05,True,-0.0020653957256732873,0.0020653957256732873
3077,C1orf162 (128346),9.248009011154593e-05,True,-0.001020622052806403,0.001020622052806403
3078,TATDN2 (9797),9.24732752009292e-05,True,0.002863949735139767,0.002863949735139767
3079,OAZ3 (51686),9.246616362997688e-05,True,0.0006904301278153875,0.0006904301278153875
3080,MED15 (51586),9.242827323390543e-05,True,-0.000913311408768921,0.000913311408768921
3081,MED9 (55090),9.242226744840792e-05,True,0.001982876475629146,0.001982876475629146
3082,ARSH (347527),9.236786911822238e-05,True,0.004150095946690626,0.004150095946690626
3083,CCNH (902),9.236399133412648e-05,True,0.0004846617356261812,0.0004846617356261812
3084,TECPR1 (25851),9.228024472439636e-05,True,-0.0015940063081942007,0.0015940063081942007
3085,MBNL2 (10150),9.22635032914288e-05,True,-0.001762550322319604,0.001762550322319604
3086,MACROH2A1 (9555),9.224101400074934e-05,True,-0.0020971017095491404,0.0020971017095491404
3087,RUFY2 (55680),9.222195303315682e-05,True,-0.00023281796995872035,0.00023281796995872035
3088,NOL4L (140688),9.221593710778171e-05,True,0.002124070762053609,0.002124070762053609
3089,C6orf89 (221477),9.221019291224865e-05,True,0.002705079506760792,0.002705079506760792
3090,PPP1R14C (81706),9.219998572698992e-05,True,-0.0013598922718533173,0.0013598922718533173
3091,ZNF443 (10224),9.219549026644797e-05,True,0.0018165200896368265,0.0018165200896368265
3092,EVC2 (132884),9.21693786355723e-05,True,-0.0005828507304236818,0.0005828507304236818
3093,DUSP5 (1847),9.216751517182051e-05,True,-7.865857565146671e-05,7.865857565146671e-05
3094,CLDN1 (9076),9.200780564373669e-05,True,-0.0006091554149790688,0.0006091554149790688
3095,FRAS1 (80144),9.200451846599164e-05,True,-0.0022475852304111817,0.0022475852304111817
3096,BMPR2 (659),9.197112448144226e-05,True,0.0005247602537620729,0.0005247602537620729
3097,FBLL1 (345630),9.19692426961829e-05,True,0.0016757714161759847,0.0016757714161759847
3098,P2RY1 (5028),9.195537441794304e-05,True,-0.0005388732396427193,0.0005388732396427193
3099,IPO4 (79711),9.193264282320016e-05,True,-0.0007942762420309456,0.0007942762420309456
3100,NUAK1 (9891),9.187303658463314e-05,True,0.0012894114537064703,0.0012894114537064703
3101,FAM13A (10144),9.178500113407805e-05,True,-0.00015300269216913555,0.00015300269216913555
3102,NKX3-1 (4824),9.176736122967464e-05,True,-0.0012560894904777293,0.0012560894904777293
3103,LRRC49 (54839),9.172956566523852e-05,True,0.00029190315645570173,0.00029190315645570173
3104,TICRR (90381),9.172868049356933e-05,True,0.00033791201767734494,0.00033791201767734494
3105,CYP27B1 (1594),9.172727977094628e-05,True,-0.0012073216926801991,0.0012073216926801991
3106,LPIN2 (9663),9.17245639896489e-05,True,-0.0001807381883513503,0.0001807381883513503
3107,ACADVL (37),9.169670117444583e-05,True,0.000935655285642127,0.000935655285642127
3108,PLCXD2 (257068),9.164274584785325e-05,True,-0.0005875150581875272,0.0005875150581875272
3109,RECQL (5965),9.162126450683138e-05,True,0.00017158590020118023,0.00017158590020118023
3110,RAB11FIP4 (84440),9.160735319251701e-05,True,0.0009874242829916707,0.0009874242829916707
3111,ZIC4 (84107),9.1588009080421e-05,True,0.000731395077614358,0.000731395077614358
3112,H2BC4 (8347),9.157357543939997e-05,True,0.00035564776674324784,0.00035564776674324784
3113,GGN (199720),9.154888557800353e-05,True,-0.0003347114365503136,0.0003347114365503136
3114,C15orf61 (145853),9.153372804684943e-05,True,-0.00235063581250614,0.00235063581250614
3115,SNX30 (401548),9.151904993548029e-05,True,0.00012824074179135746,0.00012824074179135746
3116,MTRF1L (54516),9.149643179238419e-05,True,-0.0011646020564585443,0.0011646020564585443
3117,CASP8AP2 (9994),9.148217088448785e-05,True,-0.0010006749070683731,0.0010006749070683731
3118,PELI2 (57161),9.147400215231077e-05,True,0.00018272258981140812,0.00018272258981140812
3119,PIK3R3 (8503),9.145924014445882e-05,True,0.001608855691686694,0.001608855691686694
3120,CRISPLD1 (83690),9.144276366036899e-05,True,0.0009513475311429542,0.0009513475311429542
3121,REX1BD (55049),9.143023203925443e-05,True,-0.0011003951019017285,0.0011003951019017285
3122,ASPRV1 (151516),9.141292905014274e-05,True,-0.0017353247025514423,0.0017353247025514423
3123,OST4 (100128731),9.138475938214437e-05,True,0.0022884001666398954,0.0022884001666398954
3124,RLIM (51132),9.134072833191445e-05,True,0.0004620071950257013,0.0004620071950257013
3125,FHL3 (2275),9.133481889116936e-05,True,0.0002613081648868712,0.0002613081648868712
3126,LIN7A (8825),9.132631369880367e-05,True,0.0015813001688752852,0.0015813001688752852
3127,UBE2D1 (7321),9.123135901740983e-05,True,-0.0005023711868096332,0.0005023711868096332
3128,MED10 (84246),9.122838026685658e-05,True,-0.0011347067435737335,0.0011347067435737335
3129,RSU1 (6251),9.11766838662972e-05,True,-0.0012919699475532336,0.0012919699475532336
3130,SERPINB10 (5273),9.117398577042921e-05,True,0.0008540865375413883,0.0008540865375413883
3131,FEN1 (2237),9.113591524093809e-05,True,0.001286422198374344,0.001286422198374344
3132,TUBA3C (7278),9.104290334436773e-05,True,-6.946810474241509e-05,6.946810474241509e-05
3133,NCKAP1L (3071),9.10352251362041e-05,True,0.0005239933290754617,0.0005239933290754617
3134,ALOX15B (247),9.103049644358928e-05,True,0.0016642608076329053,0.0016642608076329053
3135,BCL6 (604),9.101276849626967e-05,True,-8.473556708758984e-05,8.473556708758984e-05
3136,CCL28 (56477),9.09667179777643e-05,True,-0.000540717445175417,0.000540717445175417
3137,CKLF (51192),9.093538727085291e-05,True,-0.003991566071348282,0.003991566071348282
3138,NTPCR (84284),9.092532865407845e-05,True,0.00039289269382984573,0.00039289269382984573
3139,TCEA3 (6920),9.092306939743742e-05,True,7.096186605799818e-05,7.096186605799818e-05
3140,PRKD1 (5587),9.09187451997976e-05,True,0.0011728751033054728,0.0011728751033054728
3141,SMIM10 (644538),9.084528431328438e-05,True,0.001146973691931436,0.001146973691931436
3142,DMAC2 (55101),9.082588360220074e-05,True,-0.004010411434275423,0.004010411434275423
3143,SLC15A2 (6565),9.082135230444192e-05,True,-0.0010820609579308793,0.0010820609579308793
3144,TEPSIN (146705),9.081938138352533e-05,True,-0.00012772583017868554,0.00012772583017868554
3145,MYL3 (4634),9.078614432323252e-05,True,0.0030117241659271526,0.0030117241659271526
3146,HMMR (3161),9.075816842567997e-05,True,-0.0002579940275156112,0.0002579940275156112
3147,SCOC (60592),9.073762808211673e-05,True,-0.0005575967274788363,0.0005575967274788363
3148,OGG1 (4968),9.068824894605596e-05,True,0.0011149621821297069,0.0011149621821297069
3149,KIF14 (9928),9.067911605567769e-05,True,-0.0011401801246157073,0.0011401801246157073
3150,SAA1 (6288),9.064849586839133e-05,True,0.0005097888433356172,0.0005097888433356172
3151,TRIML2 (205860),9.062191991761715e-05,True,0.00169251111248091,0.00169251111248091
3152,MRPL57 (78988),9.061299025241344e-05,True,0.0003890616478040331,0.0003890616478040331
3153,RBM8A (9939),9.058356359002447e-05,True,0.0013506419404416576,0.0013506419404416576
3154,MINPP1 (9562),9.05117091066899e-05,True,-0.000920197112463653,0.000920197112463653
3155,SPATC1L (84221),9.049909249672607e-05,True,0.0007598157711889871,0.0007598157711889871
3156,ATRX (546),9.049075471375203e-05,True,0.0009152347709650184,0.0009152347709650184
3157,BFSP2 (8419),9.045469638057026e-05,True,-0.00034696447804193227,0.00034696447804193227
3158,CIMIP5 (130813),9.04473561670818e-05,True,0.0033298548442214386,0.0033298548442214386
3159,PSG5 (5673),9.04023208428884e-05,True,-0.0012649371893703448,0.0012649371893703448
3160,KIF3C (3797),9.03871933770328e-05,True,-0.001187367056218185,0.001187367056218185
3161,C18orf32 (497661),9.038244273374867e-05,True,-0.002394171051711365,0.002394171051711365
3162,PHYHIP (9796),9.034808305659484e-05,True,-0.0022267383467393393,0.0022267383467393393
3163,BBLN (79095),9.031787602755014e-05,True,-6.834881908797906e-05,6.834881908797906e-05
3164,BEX5 (340542),9.03094601379466e-05,True,0.00014542105252902504,0.00014542105252902504
3165,SPDYE2 (441273),9.02798992383792e-05,True,-0.0011598682330388262,0.0011598682330388262
3166,CPLX2 (10814),9.0261796800699e-05,True,-0.0006362737764787204,0.0006362737764787204
3167,PWP1 (11137),9.026077874097797e-05,True,-0.0009653091482308475,0.0009653091482308475
3168,CALHM5 (254228),9.016932755531036e-05,True,-0.002753887191269938,0.002753887191269938
3169,PSMA1 (5682),9.008402053556606e-05,True,-0.0003932187402983275,0.0003932187402983275
3170,CRYBB1 (1414),9.005337192579623e-05,True,0.0007290013790283664,0.0007290013790283664
3171,DNAJB13 (374407),9.000894232783674e-05,True,0.0007393294014241562,0.0007393294014241562
3172,DNALI1 (7802),9.00002722627474e-05,True,0.0007890353646249737,0.0007890353646249737
3173,TRAP1 (10131),8.999015957425744e-05,True,0.0007329360666541954,0.0007329360666541954
3174,NAA20 (51126),8.99076586298742e-05,True,0.001212399192498326,0.001212399192498326
3175,OR8S1 (341568),8.984874208118811e-05,True,0.0036854341598123496,0.0036854341598123496
3176,IPCEF1 (26034),8.978559417150953e-05,True,-0.0008872716814939553,0.0008872716814939553
3177,VPS11 (55823),8.971845025223258e-05,True,0.002555082256520299,0.002555082256520299
3178,HCCS (3052),8.966345161688149e-05,True,0.0005036205176976198,0.0005036205176976198
3179,TMEM191B (728229),8.965469266572815e-05,True,-0.00014683625022103878,0.00014683625022103878
3180,EFNA5 (1946),8.964440092768025e-05,True,-0.0005557138106946916,0.0005557138106946916
3181,CDH17 (1015),8.9640678725541e-05,True,-0.0023658314875600146,0.0023658314875600146
3182,FAM9B (171483),8.957571101519284e-05,True,-0.0010129286730917084,0.0010129286730917084
3183,ZNF24 (7572),8.953979605633387e-05,True,-0.0010329948183142605,0.0010329948183142605
3184,IL3RA (3563),8.953207476867292e-05,True,-9.1264048751965e-05,9.1264048751965e-05
3185,CADM2 (253559),8.952510930167262e-05,True,-0.0015172094297069326,0.0015172094297069326
3186,NIPSNAP3B (55335),8.951327219167832e-05,True,0.002903729251973635,0.002903729251973635
3187,NDUFA8 (4702),8.948918454616541e-05,True,0.0016631663356854367,0.0016631663356854367
3188,ZBTB3 (79842),8.94778416542841e-05,True,0.00023819876934440818,0.00023819876934440818
3189,C2orf66 (401027),8.946633399242279e-05,True,-0.0006236160978777476,0.0006236160978777476
3190,ALDOB (229),8.942230013922554e-05,True,0.002539782043666679,0.002539782043666679
3191,ADAMTS2 (9509),8.94187015868959e-05,True,0.002669712943631059,0.002669712943631059
3192,KIAA1328 (57536),8.937384999374535e-05,True,-0.0016766443894213725,0.0016766443894213725
3193,PIP5K1B (8395),8.935643057988657e-05,True,0.0005804503773407882,0.0005804503773407882
3194,MRAP (56246),8.932327931034427e-05,True,-0.0030187156125667455,0.0030187156125667455
3195,ATP1A2 (477),8.932254727447568e-05,True,0.0030661710636438856,0.0030661710636438856
3196,PABPC1L (80336),8.931686624339362e-05,True,-0.0009334896500260209,0.0009334896500260209
3197,DAP (1611),8.927841973728572e-05,True,0.0015249803215816877,0.0015249803215816877
3198,VPS51 (738),8.925804016181871e-05,True,-0.0005616127513608329,0.0005616127513608329
3199,WDR26 (80232),8.925023857526298e-05,True,-9.901417698559081e-05,9.901417698559081e-05
3200,TRAF3IP3 (80342),8.924785396195219e-05,True,-0.0023082705926448757,0.0023082705926448757
3201,SPRED1 (161742),8.923674450204207e-05,True,-0.0012784444005921403,0.0012784444005921403
3202,CEP126 (57562),8.923437761172922e-05,True,0.0005776822045978622,0.0005776822045978622
3203,CHEK2 (11200),8.919912392353551e-05,True,-0.00021566864019651692,0.00021566864019651692
3204,KIAA0319 (9856),8.919311162069889e-05,True,0.0031174911510308935,0.0031174911510308935
3205,USP3 (9960),8.914901301189582e-05,True,-0.002349295370500357,0.002349295370500357
3206,BTN2A2 (10385),8.913622840251208e-05,True,-0.0031538712372753625,0.0031538712372753625
3207,GJB2 (2706),8.898434183806149e-05,True,-0.002453585430381503,0.002453585430381503
3208,TNFRSF9 (3604),8.897879476636114e-05,True,0.00036960781417738565,0.00036960781417738565
3209,SCUBE2 (57758),8.89584378129664e-05,True,-0.0004967579385659613,0.0004967579385659613
3210,MYL12B (103910),8.893292949511797e-05,True,-0.0005294937789890623,0.0005294937789890623
3211,CDC42BPB (9578),8.890703034305625e-05,True,0.001966243782973237,0.001966243782973237
3212,ZNF280B (140883),8.887904964088124e-05,True,0.0014573331436993214,0.0014573331436993214
3213,CRHR1 (1394),8.88756366757133e-05,True,-0.0007341038422074497,0.0007341038422074497
3214,SUSD5 (26032),8.885209892763809e-05,True,0.00031942501634253835,0.00031942501634253835
3215,COTL1 (23406),8.881725360590918e-05,True,0.0008827629603494856,0.0008827629603494856
3216,LAYN (143903),8.877375416110768e-05,True,0.0002918279371327886,0.0002918279371327886
3217,DEFA3 (1668),8.875611589082283e-05,True,0.0036502472231823174,0.0036502472231823174
3218,DOCK10 (55619),8.87333715744286e-05,True,0.00014294242941279012,0.00014294242941279012
3219,SIRT5 (23408),8.873005572296712e-05,True,-0.0023499121750839105,0.0023499121750839105
3220,CPD (1362),8.868030933158462e-05,True,-0.00027605694157907795,0.00027605694157907795
3221,NAT2 (10),8.867501823418218e-05,True,0.0024543243887324953,0.0024543243887324953
3222,KDM4C (23081),8.860614955046747e-05,True,0.0002936464344419638,0.0002936464344419638
3223,FKBP6 (8468),8.857033340765722e-05,True,-0.00146574250611535,0.00146574250611535
3224,GTF3C4 (9329),8.854483034776885e-05,True,-0.00012406887670919024,0.00012406887670919024
3225,ECHDC3 (79746),8.848006647089005e-05,True,0.00018227374543555025,0.00018227374543555025
3226,B3GALT1 (8708),8.847749533649457e-05,True,-0.002282916250647722,0.002282916250647722
3227,PPP2R5E (5529),8.844954592667242e-05,True,4.5670473611867215e-05,4.5670473611867215e-05
3228,TBRG4 (9238),8.84358867625895e-05,True,0.0002328818635482367,0.0002328818635482367
3229,JAG1 (182),8.837401777623612e-05,True,-0.0011897967308393315,0.0011897967308393315
3230,TMTC2 (160335),8.83638089541006e-05,True,-0.0027691447338816727,0.0027691447338816727
3231,ABCA3 (21),8.834969423022538e-05,True,0.00016707490287240718,0.00016707490287240718
3232,SHISA3 (152573),8.833756040144808e-05,True,-0.0014356829456657338,0.0014356829456657338
3233,CHM (1121),8.828359235448872e-05,True,-0.0027873374042605217,0.0027873374042605217
3234,B3GALT2 (8707),8.819541230827024e-05,True,0.0002849096313486555,0.0002849096313486555
3235,TBP (6908),8.819402625031377e-05,True,9.286054303754695e-06,9.286054303754695e-06
3236,KCNQ2 (3785),8.817830817369644e-05,True,0.0009531174942768775,0.0009531174942768775
3237,PREP (5550),8.817623953799463e-05,True,-0.0014855342420796605,0.0014855342420796605
3238,RPL3L (6123),8.816770947507543e-05,True,0.0014045918189906032,0.0014045918189906032
3239,RARG (5916),8.815016299055096e-05,True,-0.001855944910942931,0.001855944910942931
3240,ARRDC2 (27106),8.8141104752403e-05,True,-0.0018543217797773051,0.0018543217797773051
3241,CNTN2 (6900),8.813080094610704e-05,True,0.0005297815298324579,0.0005297815298324579
3242,LRRTM2 (26045),8.812898609497742e-05,True,-0.0012286458869844167,0.0012286458869844167
3243,SIRT7 (51547),8.812067941823236e-05,True,-0.0008811551838297777,0.0008811551838297777
3244,TMPRSS11F (389208),8.811702704996377e-05,True,0.0021744699430915867,0.0021744699430915867
3245,CFAP141 (388701),8.809615906255278e-05,True,-0.0032600850497486117,0.0032600850497486117
3246,EPN1 (29924),8.803012308832527e-05,True,0.0003664471369211695,0.0003664471369211695
3247,SLC25A46 (91137),8.802212589902281e-05,True,-0.00027272487302170204,0.00027272487302170204
3248,RAB40C (57799),8.798905340654956e-05,True,0.0021291171983827744,0.0021291171983827744
3249,COQ5 (84274),8.79060300582859e-05,True,-0.0006912553784831269,0.0006912553784831269
3250,UBXN4 (23190),8.788245237493994e-05,True,0.001062054934600101,0.001062054934600101
3251,BUB1B (701),8.787853071728311e-05,True,0.0010941983282178945,0.0010941983282178945
3252,C16orf87 (388272),8.786511537870716e-05,True,0.002168340431994675,0.002168340431994675
3253,MYNN (55892),8.785261280045129e-05,True,-0.00027026185013606847,0.00027026185013606847
3254,SQOR (58472),8.779713690138965e-05,True,0.0007490607642905403,0.0007490607642905403
3255,LAMA5 (3911),8.779138169602705e-05,True,0.001251157940162026,0.001251157940162026
3256,FEZF1 (389549),8.775510395217287e-05,True,0.0005526366358054721,0.0005526366358054721
3257,GNAS (2778),8.764129742495223e-05,True,-0.0003417258007541906,0.0003417258007541906
3258,SLC6A3 (6531),8.759602868436056e-05,True,0.002017120180325195,0.002017120180325195
3259,PRELID3A (10650),8.759280668241349e-05,True,0.00042754543443381985,0.00042754543443381985
3260,SLC8B1 (80024),8.758307990594798e-05,True,-0.00013974032334967143,0.00013974032334967143
3261,SLC24A2 (25769),8.753259460444325e-05,True,-0.0012252789505399798,0.0012252789505399798
3262,BAG4 (9530),8.752009305978675e-05,True,0.000504619719201518,0.000504619719201518
3263,DEPDC1B (55789),8.750749508890259e-05,True,-0.002894513069853894,0.002894513069853894
3264,ATRNL1 (26033),8.750343422537977e-05,True,0.0020043494820703306,0.0020043494820703306
3265,SPDL1 (54908),8.742160051394802e-05,True,5.116087487449432e-05,5.116087487449432e-05
3266,MAPRE2 (10982),8.741071724593245e-05,True,-0.003199763905477892,0.003199763905477892
3267,THPO (7066),8.733857700800528e-05,True,0.0005986107627672114,0.0005986107627672114
3268,KRT37 (8688),8.732630956026868e-05,True,-0.00045544587070727946,0.00045544587070727946
3269,EMC9 (51016),8.730614153475751e-05,True,-0.002275823798703004,0.002275823798703004
3270,RFTN1 (23180),8.728389018192241e-05,True,-5.415432768598308e-05,5.415432768598308e-05
3271,PSMB10 (5699),8.72714771548675e-05,True,-0.00370424763609307,0.00370424763609307
3272,MTX2 (10651),8.717331921895196e-05,True,-0.0005406147533843257,0.0005406147533843257
3273,TRDMT1 (1787),8.715747271898595e-05,True,-0.001122976714458864,0.001122976714458864
3274,SAP18 (10284),8.705678241514393e-05,True,-0.0013841197043112515,0.0013841197043112515
3275,CAB39 (51719),8.705185468733138e-05,True,-0.0024563382656984196,0.0024563382656984196
3276,CA3 (761),8.698516253376292e-05,True,-2.5351720613648134e-05,2.5351720613648134e-05
3277,DOCK4 (9732),8.697647760558162e-05,True,0.003432248717522924,0.003432248717522924
3278,CDK7 (1022),8.696626816577746e-05,True,-0.001971982667756611,0.001971982667756611
3279,AAR2 (25980),8.693211199353897e-05,True,0.0012856402533083615,0.0012856402533083615
3280,SUCNR1 (56670),8.689175383275677e-05,True,-0.0031992299843365407,0.0031992299843365407
3281,H2AC8 (3012),8.687036408540883e-05,True,0.0002211909792898763,0.0002211909792898763
3282,NRBF2 (29982),8.683966894203425e-05,True,0.0014533619258725412,0.0014533619258725412
3283,IRS1 (3667),8.683899344367223e-05,True,-0.002062215019061461,0.002062215019061461
3284,TIGD6 (81789),8.680072305420357e-05,True,-0.0005704623594269941,0.0005704623594269941
3285,DESI2 (51029),8.675269638468679e-05,True,-4.917436277010012e-05,4.917436277010012e-05
3286,SLX1A (548593),8.67472030883633e-05,True,6.619545487089281e-05,6.619545487089281e-05
3287,FBXL5 (26234),8.674494732607605e-05,True,0.0009622392789740209,0.0009622392789740209
3288,TULP2 (7288),8.671539813842445e-05,True,-0.0002226565161837599,0.0002226565161837599
3289,BRMS1 (25855),8.671459637479491e-05,True,0.0007618118666547339,0.0007618118666547339
3290,SPANXB1 (728695),8.666214814318773e-05,True,0.0012214803798495245,0.0012214803798495245
3291,CPE (1363),8.665788412633892e-05,True,0.0018153889626895334,0.0018153889626895334
3292,CCDC121 (79635),8.664607304946128e-05,True,-0.00023796489029107915,0.00023796489029107915
3293,AGFG2 (3268),8.661256394629971e-05,True,0.000501632476621103,0.000501632476621103
3294,C21orf140 (101928147),8.660444927299137e-05,True,-0.0006695644192008326,0.0006695644192008326
3295,HTD2 (109703458),8.660444614786653e-05,True,9.586324228729294e-05,9.586324228729294e-05
3296,RSPH6A (81492),8.657854832465468e-05,True,-0.0011746013562733814,0.0011746013562733814
3297,SIRPD (128646),8.656237330630938e-05,True,0.002291304048570414,0.002291304048570414
3298,NPIPB2 (729978),8.65525024470922e-05,True,0.0019427870991887536,0.0019427870991887536
3299,CNTN5 (53942),8.65473951707955e-05,True,0.0035998682245555417,0.0035998682245555417
3300,RPS23 (6228),8.653738330447363e-05,True,-4.022885867976527e-05,4.022885867976527e-05
3301,CD63 (967),8.642641693004099e-05,True,-0.00044758562672425487,0.00044758562672425487
3302,SLC43A1 (8501),8.639668310696656e-05,True,-0.0007665053029003209,0.0007665053029003209
3303,EVI2A (2123),8.636627072263087e-05,True,0.0021723509061527336,0.0021723509061527336
3304,GJA5 (2702),8.630936642794551e-05,True,2.7774918061544696e-05,2.7774918061544696e-05
3305,BTC (685),8.629021401565387e-05,True,0.0018188559769702437,0.0018188559769702437
3306,ARX (170302),8.628888655572663e-05,True,8.729298497915606e-05,8.729298497915606e-05
3307,CYTH1 (9267),8.626156251067494e-05,True,-5.519783326243181e-05,5.519783326243181e-05
3308,FUBP3 (8939),8.625016327837312e-05,True,-0.0003273934270060048,0.0003273934270060048
3309,DEPDC4 (120863),8.623066312754068e-05,True,0.0022810945873698836,0.0022810945873698836
3310,GPD1 (2819),8.618887091672805e-05,True,-0.005094651381284546,0.005094651381284546
3311,CCL25 (6370),8.616578486948294e-05,True,0.001608682442013619,0.001608682442013619
3312,ZNF121 (7675),8.613276682557908e-05,True,0.0012814216747011917,0.0012814216747011917
3313,ZNF614 (80110),8.612866787003926e-05,True,-0.0010348367195363063,0.0010348367195363063
3314,ERLIN2 (11160),8.610197329617537e-05,True,0.0014430130402193872,0.0014430130402193872
3315,RAPGEF6 (51735),8.609562038923995e-05,True,-0.0011739790990733894,0.0011739790990733894
3316,IGFBP4 (3487),8.608977480010287e-05,True,-0.0004497503883406142,0.0004497503883406142
3317,ELOB (6923),8.606252380639838e-05,True,0.001743318119924319,0.001743318119924319
3318,RNF111 (54778),8.60585218462198e-05,True,0.0006145693707911427,0.0006145693707911427
3319,INPP4B (8821),8.602156967459254e-05,True,5.175995693426747e-06,5.175995693426747e-06
3320,NEMP1 (23306),8.592067241554035e-05,True,0.0011226723445673477,0.0011226723445673477
3321,TCEAL6 (158931),8.589126119568094e-05,True,0.0007982762432006576,0.0007982762432006576
3322,SNIP1 (79753),8.588824399471301e-05,True,0.0001004705548367105,0.0001004705548367105
3323,GRAP (10750),8.585396912076171e-05,True,0.003057072600629529,0.003057072600629529
3324,LSM14B (149986),8.580347817984645e-05,True,0.0013435740237949553,0.0013435740237949553
3325,SLC25A33 (84275),8.578254480335794e-05,True,6.721113444293353e-05,6.721113444293353e-05
3326,GUCA2A (2980),8.57317693794408e-05,True,-0.0033401649773104917,0.0033401649773104917
3327,NLGN2 (57555),8.56898463460672e-05,True,-0.0015882533352327497,0.0015882533352327497
3328,POPDC3 (64208),8.568153536772569e-05,True,-0.0011646892729047106,0.0011646892729047106
3329,PPOX (5498),8.56792545832223e-05,True,-0.0002596809089110023,0.0002596809089110023
3330,H2BC15 (8341),8.564517585676165e-05,True,0.002384245305505724,0.002384245305505724
3331,RASA4 (10156),8.563984749652611e-05,True,-0.0015187986407699111,0.0015187986407699111
3332,EPN2 (22905),8.562026454892406e-05,True,0.0009097422792577945,0.0009097422792577945
3333,DOCK11 (139818),8.557156925797032e-05,True,-0.000619419948490946,0.000619419948490946
3334,AURKC (6795),8.556412403506676e-05,True,0.00044022608870054804,0.00044022608870054804
3335,TMLHE (55217),8.55487109269083e-05,True,0.00021243821267604866,0.00021243821267604866
3336,KLHL7 (55975),8.547893230486715e-05,True,0.0005287500424930207,0.0005287500424930207
3337,DUOXA1 (90527),8.54369830728972e-05,True,-0.0007561628432387524,0.0007561628432387524
3338,CYP2D6 (1565),8.542212204805985e-05,True,0.0001709457915602035,0.0001709457915602035
3339,VSTM2L (128434),8.53689742626348e-05,True,0.003037913525204183,0.003037913525204183
3340,RRAD (6236),8.531309410077208e-05,True,-0.001045692289203318,0.001045692289203318
3341,FAHD2A (51011),8.530111310661927e-05,True,-0.0007561205329210939,0.0007561205329210939
3342,RASGRF2 (5924),8.528008931390757e-05,True,-0.00031048937122818074,0.00031048937122818074
3343,HS3ST1 (9957),8.524185298526926e-05,True,-0.0011276217566128502,0.0011276217566128502
3344,RBPMS (11030),8.524097184008362e-05,True,0.0005669524031392014,0.0005669524031392014
3345,ZNF264 (9422),8.522008484696343e-05,True,-0.000891825152592055,0.000891825152592055
3346,MAGEB1 (4112),8.521089796078612e-05,True,0.001025425699895297,0.001025425699895297
3347,SLC47A2 (146802),8.514688470141883e-05,True,-0.0016478454575944812,0.0016478454575944812
3348,TCEAL7 (56849),8.51230532138008e-05,True,0.0010634900579624268,0.0010634900579624268
3349,NOL11 (25926),8.505758042154871e-05,True,-0.0015613531542664856,0.0015613531542664856
3350,FSTL4 (23105),8.505040158703231e-05,True,-0.003998410537596782,0.003998410537596782
3351,LIAT1 (400566),8.498498632823846e-05,True,-0.001359907410012285,0.001359907410012285
3352,CRAMP1 (57585),8.496309694304684e-05,True,0.0012484627778398853,0.0012484627778398853
3353,TMEM35A (59353),8.496115958478629e-05,True,-0.001806758567488099,0.001806758567488099
3354,SNX11 (29916),8.493396534244333e-05,True,0.0018064756193006447,0.0018064756193006447
3355,EXOC8 (149371),8.492910837350406e-05,True,-1.487335295520184e-06,1.487335295520184e-06
3356,KIF26A (26153),8.491089301825009e-05,True,-0.0017739517842732082,0.0017739517842732082
3357,ITGAM (3684),8.489454907975725e-05,True,-0.00041339355805853067,0.00041339355805853067
3358,LRCH2 (57631),8.489217556185733e-05,True,0.0008924013094726397,0.0008924013094726397
3359,PNPLA1 (285848),8.488340650950583e-05,True,0.0012614764247213506,0.0012614764247213506
3360,ST8SIA6 (338596),8.479150221350076e-05,True,-0.0012072771066877577,0.0012072771066877577
3361,ARL15 (54622),8.475882547934028e-05,True,-0.0006979159723091549,0.0006979159723091549
3362,SLC6A6 (6533),8.475497746111874e-05,True,0.00024139198780755497,0.00024139198780755497
3363,LRRC36 (55282),8.47328116243665e-05,True,0.0012841683196190721,0.0012841683196190721
3364,PAK5 (57144),8.471203171984517e-05,True,0.0011629188417853781,0.0011629188417853781
3365,SLCO5A1 (81796),8.468632320020168e-05,True,0.0009345452642710601,0.0009345452642710601
3366,PDLIM5 (10611),8.46823500758563e-05,True,0.00011187252477302153,0.00011187252477302153
3367,PPP1CA (5499),8.468222214417746e-05,True,-0.00021745971635366175,0.00021745971635366175
3368,CCNL1 (57018),8.46429371612732e-05,True,-0.00218465181329481,0.00218465181329481
3369,RBM43 (375287),8.460923793581131e-05,True,-0.0005246779746193213,0.0005246779746193213
3370,MKRN1 (23608),8.459349887383796e-05,True,0.0007145931254899725,0.0007145931254899725
3371,PYM1 (84305),8.451940166006767e-05,True,-0.000256247414880039,0.000256247414880039
3372,ABCB7 (22),8.451807821711533e-05,True,-0.0017699719184154502,0.0017699719184154502
3373,PYROXD1 (79912),8.451579864003078e-05,True,0.0016061696790553627,0.0016061696790553627
3374,NOX3 (50508),8.450008816403763e-05,True,0.0011547180764055758,0.0011547180764055758
3375,TIMM17B (10245),8.44933520261699e-05,True,0.002843644380942576,0.002843644380942576
3376,TRPM8 (79054),8.442416287495815e-05,True,-0.001784190572339711,0.001784190572339711
3377,BARD1 (580),8.440502336694285e-05,True,-0.000576823258456332,0.000576823258456332
3378,TGDS (23483),8.439982875831655e-05,True,-0.0017760839490606737,0.0017760839490606737
3379,HDC (3067),8.433181852732489e-05,True,-0.00730702310997718,0.00730702310997718
3380,LAX1 (54900),8.430231008990728e-05,True,-0.0007992164250389731,0.0007992164250389731
3381,MYH4 (4622),8.430056333870975e-05,True,0.0001307194039476684,0.0001307194039476684
3382,TEKT5 (146279),8.418912444139597e-05,True,0.0004962860935532713,0.0004962860935532713
3383,IGF2 (3481),8.418084205053841e-05,True,-0.0023382951506294896,0.0023382951506294896
3384,TUBA3D (113457),8.416129318478267e-05,True,-0.0025457813937861218,0.0025457813937861218
3385,TNS2 (23371),8.414196055647123e-05,True,-0.0005806661025807712,0.0005806661025807712
3386,SUCLG1 (8802),8.414057992771275e-05,True,-0.002495210388032622,0.002495210388032622
3387,CD164L2 (388611),8.410800371913717e-05,True,-0.0007885772001066469,0.0007885772001066469
3388,NSG1 (27065),8.40895851102777e-05,True,-0.0018962919248359758,0.0018962919248359758
3389,GOLT1A (127845),8.406769608942298e-05,True,0.0016949831183699347,0.0016949831183699347
3390,PGAM2 (5224),8.404944782923663e-05,True,0.000662979549429775,0.000662979549429775
3391,TP53TG3C (653550),8.400673314793362e-05,True,0.0024873786499979298,0.0024873786499979298
3392,PTPRS (5802),8.400384504663845e-05,True,-0.0004854046511509466,0.0004854046511509466
3393,ADRA1B (147),8.399668610629871e-05,True,-0.0007940223056951794,0.0007940223056951794
3394,TNFRSF18 (8784),8.398792972160022e-05,True,-0.002424643623701493,0.002424643623701493
3395,CXCL6 (6372),8.395901522117675e-05,True,0.0009197606411796444,0.0009197606411796444
3396,VSNL1 (7447),8.394707102473082e-05,True,-0.0025458610546404232,0.0025458610546404232
3397,TUBB6 (84617),8.393808780037227e-05,True,-0.000572886630163682,0.000572886630163682
3398,IL33 (90865),8.392861634120127e-05,True,-0.0006554234144412875,0.0006554234144412875
3399,ATP5PO (539),8.39052106022211e-05,True,-0.00029907154269892154,0.00029907154269892154
3400,PGCKA1 (55286),8.389529265657288e-05,True,-0.0025066351432711472,0.0025066351432711472
3401,AUH (549),8.38844938849743e-05,True,-0.0012842312863418984,0.0012842312863418984
3402,CNRIP1 (25927),8.38549466930883e-05,True,0.0005407697397918571,0.0005407697397918571
3403,C10orf67 (256815),8.385107501666346e-05,True,-0.0006591919740813747,0.0006591919740813747
3404,CNR2 (1269),8.38502120541833e-05,True,-0.00017657274962569133,0.00017657274962569133
3405,INAVA (55765),8.384964506546573e-05,True,0.00016216062988377725,0.00016216062988377725
3406,THSD8 (111644133),8.384742812946184e-05,True,6.689341405539517e-06,6.689341405539517e-06
3407,MDH2 (4191),8.38032930104436e-05,True,0.001160204314588613,0.001160204314588613
3408,KIF25 (3834),8.379454912942862e-05,True,0.00227223407528655,0.00227223407528655
3409,KCTD11 (147040),8.379364651712928e-05,True,0.0008984268209049821,0.0008984268209049821
3410,XAF1 (54739),8.379131546814927e-05,True,0.0029182119957455767,0.0029182119957455767
3411,DNAJB2 (3300),8.370079614331494e-05,True,0.0006160151786265755,0.0006160151786265755
3412,SLC18A1 (6570),8.367058920225452e-05,True,0.0006235439320884523,0.0006235439320884523
3413,UBR1 (197131),8.365992869807272e-05,True,0.0006848282881796288,0.0006848282881796288
3414,OOSP3 (112577461),8.365777769236981e-05,True,-0.004283496265116666,0.004283496265116666
3415,DIRAS1 (148252),8.361833306076741e-05,True,-0.0016973709299809223,0.0016973709299809223
3416,GAGE2A (729447),8.355998133348254e-05,True,0.001326338781958669,0.001326338781958669
3417,SYNJ2 (8871),8.354617828628079e-05,True,0.0022459292855123267,0.0022459292855123267
3418,PLOD2 (5352),8.352248972129675e-05,True,0.0031993013281339535,0.0031993013281339535
3419,CFAP77 (389799),8.346795205468371e-05,True,0.001165737126795402,0.001165737126795402
3420,PHF8 (23133),8.33656338259328e-05,True,0.0032968230258819927,0.0032968230258819927
3421,ACSL6 (23305),8.336376641334949e-05,True,0.001183694133053461,0.001183694133053461
3422,CDH8 (1006),8.332191946311563e-05,True,0.001248110495174281,0.001248110495174281
3423,DSE (29940),8.325250743213342e-05,True,0.0010739846536004136,0.0010739846536004136
3424,KNL1 (57082),8.324869814412694e-05,True,-0.0008854417748108308,0.0008854417748108308
3425,PTPRM (5797),8.316430863855218e-05,True,-0.0018591192845821636,0.0018591192845821636
3426,RGS3 (5998),8.315984784386294e-05,True,-0.0010809628876298943,0.0010809628876298943
3427,RAMACL (353267),8.307812913241855e-05,True,0.0010864982708962449,0.0010864982708962449
3428,SLC39A13 (91252),8.304976003073764e-05,True,0.0023551802742502103,0.0023551802742502103
3429,KLF13 (51621),8.304686276626994e-05,True,0.000945714431303978,0.000945714431303978
3430,CAPN2 (824),8.298656661507422e-05,True,-0.003965246101202873,0.003965246101202873
3431,PIAS4 (51588),8.29824743610702e-05,True,-3.0870823717587745e-05,3.0870823717587745e-05
3432,FAM111B (374393),8.295285186862894e-05,True,0.0006527513460214668,0.0006527513460214668
3433,GPRC5B (51704),8.292365287812069e-05,True,0.00020037499996876157,0.00020037499996876157
3434,TSC22D2 (9819),8.291851783269576e-05,True,-1.634757286088362e-05,1.634757286088362e-05
3435,PRPF19 (27339),8.291504378169611e-05,True,-0.0009251680987043039,0.0009251680987043039
3436,SERF1B (728492),8.289740364911694e-05,True,-0.001478952276415009,0.001478952276415009
3437,ANKFN1 (162282),8.288890606334212e-05,True,0.0027059790198896514,0.0027059790198896514
3438,NCBP2L (392517),8.287319758646228e-05,True,0.003986740875509863,0.003986740875509863
3439,TAF1A (9015),8.286213379773908e-05,True,0.00026576764641543515,0.00026576764641543515
3440,BNIP2 (663),8.284890511753633e-05,True,0.0015819719820791742,0.0015819719820791742
3441,TEKT1 (83659),8.281596114213905e-05,True,0.0006505153188738574,0.0006505153188738574
3442,TMPRSS6 (164656),8.278550951112042e-05,True,0.001640691391020125,0.001640691391020125
3443,SH2D6 (284948),8.275230482302702e-05,True,-0.0026000968691988462,0.0026000968691988462
3444,MRPS18A (55168),8.273952843777946e-05,True,-1.4499661455288828e-05,1.4499661455288828e-05
3445,SPINT1 (6692),8.271163220561487e-05,True,0.0003377427147938177,0.0003377427147938177
3446,FAM124B (79843),8.270849228267297e-05,True,-0.0010385699010980207,0.0010385699010980207
3447,HOXC6 (3223),8.270701091900137e-05,True,-0.0005180968310179231,0.0005180968310179231
3448,ZNF211 (10520),8.26644579670135e-05,True,-0.002329059021206347,0.002329059021206347
3449,PSRC1 (84722),8.265245800710306e-05,True,-0.0016071929692835756,0.0016071929692835756
3450,KLHL3 (26249),8.263593586957304e-05,True,-0.002133544067729196,0.002133544067729196
3451,AARD (441376),8.262779224150185e-05,True,-0.002614420106497188,0.002614420106497188
3452,VNN2 (8875),8.259926550756144e-05,True,0.003015795467759352,0.003015795467759352
3453,PLA2G4B (100137049),8.259086870088174e-05,True,-0.002156330674324902,0.002156330674324902
3454,TADA3 (10474),8.252014357570932e-05,True,0.00026050359564094773,0.00026050359564094773
3455,GEMIN5 (25929),8.251895014115396e-05,True,0.0006855155961033102,0.0006855155961033102
3456,DNAI2 (64446),8.25152953451511e-05,True,0.0011118724663530543,0.0011118724663530543
3457,MAT2A (4144),8.245965249586222e-05,True,-0.0015746356967376613,0.0015746356967376613
3458,MRPS2 (51116),8.245241432158978e-05,True,-0.0013754426373314879,0.0013754426373314879
3459,NHERF2 (9351),8.244281760925231e-05,True,0.0023957856182597066,0.0023957856182597066
3460,ZNF10 (7556),8.243746086553832e-05,True,-0.0003059159533856709,0.0003059159533856709
3461,NPIPA8 (101059953),8.24263524378032e-05,True,0.0019401258730492223,0.0019401258730492223
3462,SFR1 (119392),8.240442723974444e-05,True,-0.00010011513795491487,0.00010011513795491487
3463,IRF8 (3394),8.240205254655162e-05,True,-0.0014502246005466503,0.0014502246005466503
3464,MALSU1 (115416),8.234300768767564e-05,True,-0.0012889292904127983,0.0012889292904127983
3465,HDAC1 (3065),8.233257766273257e-05,True,-0.0006488999407764961,0.0006488999407764961
3466,SLC24A1 (9187),8.232977033312204e-05,True,-0.0010400352373814248,0.0010400352373814248
3467,SERPINF1 (5176),8.232891880018917e-05,True,-0.005738631247170841,0.005738631247170841
3468,PEPD (5184),8.23003548312239e-05,True,-0.0027693457318171944,0.0027693457318171944
3469,SMAP1 (60682),8.226130838893611e-05,True,0.00023032642498005689,0.00023032642498005689
3470,CBFB (865),8.224906301377414e-05,True,-0.00306067893089704,0.00306067893089704
3471,CCNT1 (904),8.224513319972787e-05,True,-0.0011743604443489389,0.0011743604443489389
3472,MOCS2 (4338),8.22412287335104e-05,True,0.0006704882763646416,0.0006704882763646416
3473,NUBPL (80224),8.219113764821196e-05,True,0.0034727782954335957,0.0034727782954335957
3474,MAPK11 (5600),8.218168219004839e-05,True,-0.0004818750648563719,0.0004818750648563719
3475,UBQLN4 (56893),8.208663793978361e-05,True,-0.0006233724001641419,0.0006233724001641419
3476,BCHE (590),8.20813643313666e-05,True,-0.0009482067778826923,0.0009482067778826923
3477,VPS28 (51160),8.203605318156074e-05,True,7.025132375610278e-05,7.025132375610278e-05
3478,CHAC1 (79094),8.203549079335967e-05,True,-0.00021159126329981697,0.00021159126329981697
3479,SPRY3 (10251),8.203172642256071e-05,True,0.0004287465958264121,0.0004287465958264121
3480,SPRR2G (6706),8.197196590062369e-05,True,-0.0015619551315789594,0.0015619551315789594
3481,PHTF2 (57157),8.186626511822284e-05,True,9.904959669983443e-05,9.904959669983443e-05
3482,NUP50 (10762),8.186274155728423e-05,True,-0.002122136538766866,0.002122136538766866
3483,SLC35D2 (11046),8.185560135671037e-05,True,-0.001271204580212405,0.001271204580212405
3484,LRRTM4 (80059),8.184799257887229e-05,True,-0.000996403049660769,0.000996403049660769
3485,TPM2 (7169),8.184515169112644e-05,True,-3.883680583811238e-05,3.883680583811238e-05
3486,ALG3 (10195),8.181134688842287e-05,True,-0.00039708114202664834,0.00039708114202664834
3487,ANXA2R (389289),8.18082169279204e-05,True,0.004270937399135886,0.004270937399135886
3488,PTPDC1 (138639),8.179741264479412e-05,True,0.001128189239295242,0.001128189239295242
3489,APOE (348),8.179004736375115e-05,True,0.0007126595849927212,0.0007126595849927212
3490,ZNF525 (170958),8.177031104226959e-05,True,0.003281028012447755,0.003281028012447755
3491,COPE (11316),8.172806187127237e-05,True,-0.0006858206643820151,0.0006858206643820151
3492,MUC1 (4582),8.17193138784709e-05,True,0.00432758460857978,0.00432758460857978
3493,NAB1 (4664),8.168614571478379e-05,True,-0.001960903808762968,0.001960903808762968
3494,SYBU (55638),8.163202441356608e-05,True,-0.0012730404144165566,0.0012730404144165566
3495,TRIM47 (91107),8.162633529782829e-05,True,-0.00040962841519631254,0.00040962841519631254
3496,GPN1 (11321),8.158553810137448e-05,True,0.00010888508311261507,0.00010888508311261507
3497,MAP3K2 (10746),8.156263417745963e-05,True,0.0023890134112727526,0.0023890134112727526
3498,KIF20A (10112),8.155745407058834e-05,True,0.0006929614855175404,0.0006929614855175404
3499,TMEM14B (81853),8.154411978419624e-05,True,0.0012212890932386067,0.0012212890932386067
3500,FAM117B (150864),8.149865595378608e-05,True,0.0007455473634474753,0.0007455473634474753
3501,POLR3K (51728),8.145120307414005e-05,True,0.0008793926901577128,0.0008793926901577128
3502,GCSAM (257144),8.139656213689666e-05,True,-0.0022189779832749476,0.0022189779832749476
3503,HFE (3077),8.139573123027754e-05,True,-0.0034437866379801183,0.0034437866379801183
3504,SLC9B2 (133308),8.138511320249971e-05,True,-0.001040777479351369,0.001040777479351369
3505,BMERB1 (89927),8.134980358137532e-05,True,-0.002615461913548128,0.002615461913548128
3506,BSN (8927),8.134712437631031e-05,True,0.0009488753897079821,0.0009488753897079821
3507,CPSF4L (642843),8.133556614454923e-05,True,-0.0018828783128551694,0.0018828783128551694
3508,FNTB (2342),8.128680625625491e-05,True,-0.003397297894140448,0.003397297894140448
3509,UGGT2 (55757),8.127827474312119e-05,True,-0.0021913926925960104,0.0021913926925960104
3510,NFX1 (4799),8.127198528021134e-05,True,-0.0018816438969412133,0.0018816438969412133
3511,ZNF354A (6940),8.122754260410317e-05,True,0.002035439107314865,0.002035439107314865
3512,STK40 (83931),8.120939203114621e-05,True,-0.0014595140670755121,0.0014595140670755121
3513,ZACN (353174),8.120938708449124e-05,True,0.0023238154939002145,0.0023238154939002145
3514,CYP4V2 (285440),8.11910587781622e-05,True,-0.0010306581865609453,0.0010306581865609453
3515,ATP5MC2 (517),8.118913789415761e-05,True,-0.0009231077297923837,0.0009231077297923837
3516,ELL (8178),8.11759351904006e-05,True,0.0003383690006291324,0.0003383690006291324
3517,FABP6 (2172),8.117546765764886e-05,True,-0.0009026130344004378,0.0009026130344004378
3518,SLC39A11 (201266),8.114833886619566e-05,True,0.0008712610362592773,0.0008712610362592773
3519,CHRNA1 (1134),8.113564959059185e-05,True,-0.000920597975445049,0.000920597975445049
3520,SHANK1 (50944),8.111635275465065e-05,True,-0.004399570357556057,0.004399570357556057
3521,GTF3C3 (9330),8.110939472198292e-05,True,-0.00011545840402711572,0.00011545840402711572
3522,KCNC1 (3746),8.109730068274997e-05,True,0.0003339855729858443,0.0003339855729858443
3523,NLRC3 (197358),8.108381896529968e-05,True,0.00016483105142519743,0.00016483105142519743
3524,SH3GL2 (6456),8.10720755174069e-05,True,0.0033204209810712526,0.0033204209810712526
3525,CHST8 (64377),8.106311072754721e-05,True,0.000975464672369623,0.000975464672369623
3526,OPRK1 (4986),8.105598544746848e-05,True,0.000864130361133192,0.000864130361133192
3527,ARHGEF33 (100271715),8.104872200038378e-05,True,-0.002005330665452344,0.002005330665452344
3528,RSPH9 (221421),8.095120484620822e-05,True,-0.0015587171955887384,0.0015587171955887384
3529,SLC10A6 (345274),8.092135899212697e-05,True,0.003352869182572663,0.003352869182572663
3530,NPFF (8620),8.090487874810023e-05,True,-0.0012907308357567291,0.0012907308357567291
3531,TBC1D20 (128637),8.090103811358141e-05,True,-0.0014514928081161328,0.0014514928081161328
3532,MED8 (112950),8.089989629607525e-05,True,0.0019287617476379253,0.0019287617476379253
3533,PNPO (55163),8.088950706184633e-05,True,0.0007677254830734768,0.0007677254830734768
3534,DSCAM (1826),8.088445570548411e-05,True,-0.0029047630851347208,0.0029047630851347208
3535,CPA4 (51200),8.085754660968701e-05,True,-0.0006360723137041689,0.0006360723137041689
3536,LZTS2 (84445),8.083688940185229e-05,True,-0.00187968938129453,0.00187968938129453
3537,SLC9A2 (6549),8.079887261567971e-05,True,0.001558253795443526,0.001558253795443526
3538,ACER1 (125981),8.078238956563324e-05,True,-0.0003804180662182866,0.0003804180662182866
3539,PROSER3 (148137),8.078168238278691e-05,True,-0.001665039440559029,0.001665039440559029
3540,VWCE (220001),8.076076282445002e-05,True,0.00035641279415712197,0.00035641279415712197
3541,SEM1 (7979),8.072777143275965e-05,True,0.001472516979788268,0.001472516979788268
3542,DNAJB11 (51726),8.07244208982413e-05,True,-0.0020978026937067303,0.0020978026937067303
3543,IFNGR1 (3459),8.071485891109443e-05,True,-0.0012791681849818794,0.0012791681849818794
3544,CYP4F8 (11283),8.067459237460605e-05,True,0.0009536209363581985,0.0009536209363581985
3545,DOK4 (55715),8.065611296944316e-05,True,-0.0006111029669579827,0.0006111029669579827
3546,SNRPF (6636),8.062627857595906e-05,True,-7.110050054268493e-05,7.110050054268493e-05
3547,APOBEC3B (9582),8.059397257621992e-05,True,-0.0023121693645394015,0.0023121693645394015
3548,NLN (57486),8.057667593420936e-05,True,-0.0007511191605281326,0.0007511191605281326
3549,TTC33 (23548),8.0555025378507e-05,True,0.0022861855029930322,0.0022861855029930322
3550,TTPAL (79183),8.05495356689847e-05,True,0.0017962220748418396,0.0017962220748418396
3551,KISS1 (3814),8.044260603246722e-05,True,0.002166285824329927,0.002166285824329927
3552,LCE1F (353137),8.043514945577356e-05,True,-0.0009028764874010029,0.0009028764874010029
3553,TDP2 (51567),8.041355384068689e-05,True,-0.0008998725105492507,0.0008998725105492507
3554,ARHGAP42 (143872),8.036958479156426e-05,True,0.0010362953843996536,0.0010362953843996536
3555,GSTM4 (2948),8.031798515526053e-05,True,-0.0009242328207852276,0.0009242328207852276
3556,GRPEL1 (80273),8.028496861037391e-05,True,-0.00031065192464281013,0.00031065192464281013
3557,PLCD1 (5333),8.025687073450694e-05,True,-0.0011412962830851623,0.0011412962830851623
3558,CYP26B1 (56603),8.025239057049376e-05,True,0.0012403878650115985,0.0012403878650115985
3559,FAS (355),8.022216456966686e-05,True,0.0013302180393129164,0.0013302180393129164
3560,RFC5 (5985),8.019506035021806e-05,True,0.00017991794017109498,0.00017991794017109498
3561,GREM2 (64388),8.019441371354985e-05,True,0.0004147944343290935,0.0004147944343290935
3562,QRFPR (84109),8.013140486516816e-05,True,0.00210138599409841,0.00210138599409841
3563,PPID (5481),8.012834167492311e-05,True,0.0007675930929776278,0.0007675930929776278
3564,MIA2 (4253),8.002244417692273e-05,True,-0.0014693156396912363,0.0014693156396912363
3565,L3MBTL2 (83746),8.001692486871568e-05,True,-0.0005120456343676218,0.0005120456343676218
3566,VRK2 (7444),7.995900156919017e-05,True,-0.0013507391536345286,0.0013507391536345286
3567,RPEL1 (729020),7.992951903697498e-05,True,0.0021302458459187923,0.0021302458459187923
3568,TBC1D24 (57465),7.992797401703877e-05,True,0.0011262446653220962,0.0011262446653220962
3569,MTF1 (4520),7.992781187175573e-05,True,0.000965302765045967,0.000965302765045967
3570,CDK2 (1017),7.990345236530745e-05,True,-1.800964933800246e-05,1.800964933800246e-05
3571,RPL8 (6132),7.989670165613855e-05,True,-0.00022613867063638407,0.00022613867063638407
3572,ASCC3 (10973),7.98951201971823e-05,True,-0.0038079398923413677,0.0038079398923413677
3573,PRR15L (79170),7.988250742057503e-05,True,0.0005612781644641196,0.0005612781644641196
3574,TRPV4 (59341),7.987987765489022e-05,True,-0.0014082943941300294,0.0014082943941300294
3575,DCUN1D1 (54165),7.986179280337045e-05,True,0.0004894413009070711,0.0004894413009070711
3576,USP36 (57602),7.985623795875154e-05,True,-0.001327709279969246,0.001327709279969246
3577,TMEM184B (25829),7.983977378033894e-05,True,1.9676157868620025e-05,1.9676157868620025e-05
3578,MTMR11 (10903),7.981377000393872e-05,True,-0.0018795158015780596,0.0018795158015780596
3579,TMEM210 (100505993),7.976773173116647e-05,True,0.0007291582418150543,0.0007291582418150543
3580,POLR1G (10849),7.971356878186151e-05,True,0.0005296573660713896,0.0005296573660713896
3581,KCNV1 (27012),7.97060327440334e-05,True,0.0028595995442556063,0.0028595995442556063
3582,PCNA (5111),7.970325114656328e-05,True,-0.0019585695261204288,0.0019585695261204288
3583,PIGW (284098),7.96928321904365e-05,True,-0.0005315267701512616,0.0005315267701512616
3584,SCAMP3 (10067),7.967738742241833e-05,True,-0.0006437642165603899,0.0006437642165603899
3585,PPP3R1 (5534),7.964435572618233e-05,True,0.0004052525584237309,0.0004052525584237309
3586,CFAP276 (127003),7.962940659177133e-05,True,0.0033597484201920765,0.0033597484201920765
3587,DNAJA3 (9093),7.952731882875134e-05,True,0.001742761175433657,0.001742761175433657
3588,GPR150 (285601),7.949234443119589e-05,True,-0.004507895643409839,0.004507895643409839
3589,ZCCHC3 (85364),7.949106892866837e-05,True,-0.0021893017696652467,0.0021893017696652467
3590,CYP26A1 (1592),7.949095221476792e-05,True,-0.00021584250412402676,0.00021584250412402676
3591,C12orf76 (400073),7.947325967503537e-05,True,0.0004372604215334279,0.0004372604215334279
3592,MNS1 (55329),7.946878400883586e-05,True,0.0027446839709302554,0.0027446839709302554
3593,MT1E (4493),7.940579833233374e-05,True,-0.002317431024198461,0.002317431024198461
3594,C20orf144 (128864),7.939662287573205e-05,True,-4.451663439124378e-05,4.451663439124378e-05
3595,SETX (23064),7.938767474421707e-05,True,-0.001479711031113951,0.001479711031113951
3596,DDX27 (55661),7.931693887644637e-05,True,0.000609237664551368,0.000609237664551368
3597,XBP1 (7494),7.927137114628233e-05,True,0.0017673137150073426,0.0017673137150073426
3598,ZEB1 (6935),7.92300655144432e-05,True,-0.0004863879521995717,0.0004863879521995717
3599,FTCD (10841),7.920827855464031e-05,True,0.002044050812819748,0.002044050812819748
3600,SOCS6 (9306),7.920686285235218e-05,True,-0.002824299106048328,0.002824299106048328
3601,MVP (9961),7.920154802985221e-05,True,-0.002332075634816093,0.002332075634816093
3602,HYCC1 (84668),7.91747474680269e-05,True,0.0029634499909984577,0.0029634499909984577
3603,SEC61A1 (29927),7.91653937280022e-05,True,0.0009655387192410649,0.0009655387192410649
3604,INSR (3643),7.912881278555711e-05,True,0.0005747691333595855,0.0005747691333595855
3605,TICAM2 (353376),7.91020652025235e-05,True,0.0012775325575807273,0.0012775325575807273
3606,CMPK2 (129607),7.909827753410511e-05,True,0.00042121900808996806,0.00042121900808996806
3607,LPAR6 (10161),7.909431759969134e-05,True,0.0006870064839157404,0.0006870064839157404
3608,ZNF385B (151126),7.905565453796855e-05,True,0.0004734608913720892,0.0004734608913720892
3609,CA5B (11238),7.905383109487138e-05,True,0.001526657005386196,0.001526657005386196
3610,EVI2B (2124),7.89958678983713e-05,True,0.0013934878665934009,0.0013934878665934009
3611,WSB1 (26118),7.897863624876984e-05,True,0.0009573440743839701,0.0009573440743839701
3612,ARHGAP11A (9824),7.896615128203755e-05,True,-0.0008399117869633743,0.0008399117869633743
3613,EBF3 (253738),7.889350243790844e-05,True,0.002455967686880368,0.002455967686880368
3614,LRRK2 (120892),7.8872530181883e-05,True,-0.0024038544870828597,0.0024038544870828597
3615,MTO1 (25821),7.886925405198765e-05,True,0.0010265908253798538,0.0010265908253798538
3616,ECD (11319),7.886725963299202e-05,True,0.00028968905989834636,0.00028968905989834636
3617,SF3B5 (83443),7.885945632541497e-05,True,0.0007040412986094852,0.0007040412986094852
3618,NBDY (550643),7.885856985573895e-05,True,0.0013544463616218172,0.0013544463616218172
3619,GPRASP2 (114928),7.880882299947709e-05,True,0.000754368569114632,0.000754368569114632
3620,IWS1 (55677),7.880011794809232e-05,True,0.001972647350622566,0.001972647350622566
3621,GJB7 (375519),7.879908253380962e-05,True,-0.00021900841417859954,0.00021900841417859954
3622,GPR78 (27201),7.875573998442867e-05,True,-0.0006584654828674351,0.0006584654828674351
3623,RACK1 (10399),7.875541629735865e-05,True,0.00025744153572685845,0.00025744153572685845
3624,CLVS1 (157807),7.874635945516227e-05,True,-0.0004930332410942346,0.0004930332410942346
3625,NLRP3 (114548),7.871911047023966e-05,True,0.0002388336917280012,0.0002388336917280012
3626,NME3 (4832),7.871878367006222e-05,True,-0.00244696245530979,0.00244696245530979
3627,MT2A (4502),7.871023921502375e-05,True,-0.001762877061717949,0.001762877061717949
3628,FZD2 (2535),7.870309129784535e-05,True,-0.0012300548329674643,0.0012300548329674643
3629,KIF18A (81930),7.868070642664427e-05,True,0.0002528664786234146,0.0002528664786234146
3630,GAL3ST2 (64090),7.867944760327771e-05,True,0.0014705773926895229,0.0014705773926895229
3631,PRCP (5547),7.863707753664197e-05,True,0.0010609905071753646,0.0010609905071753646
3632,C19orf81 (342918),7.863128944278783e-05,True,-0.0022460964230999582,0.0022460964230999582
3633,GADD45G (10912),7.862017565435306e-05,True,0.0025444137473314248,0.0025444137473314248
3634,TRIM4 (89122),7.861622009370225e-05,True,0.0009354784926749189,0.0009354784926749189
3635,NEK9 (91754),7.858645042903502e-05,True,-0.0011339185723828694,0.0011339185723828694
3636,TCEANC (170082),7.855477505685499e-05,True,0.0011611080257348234,0.0011611080257348234
3637,SERPINH1 (871),7.852887220877217e-05,True,-0.0036494270275491893,0.0036494270275491893
3638,SLC19A1 (6573),7.847696182549548e-05,True,-0.0006253941645106893,0.0006253941645106893
3639,KRBOX5 (124411),7.84413718377918e-05,True,-4.8018202822836366e-05,4.8018202822836366e-05
3640,RNF25 (64320),7.843627889598152e-05,True,-0.00023853246173004055,0.00023853246173004055
3641,CERS3 (204219),7.840736667221775e-05,True,-0.001040745300111843,0.001040745300111843
3642,HIF1A (3091),7.840298903661437e-05,True,-0.0036441118254467676,0.0036441118254467676
3643,CHRNA7 (1139),7.838241676383694e-05,True,-0.0006455716810267432,0.0006455716810267432
3644,BLOC1S1 (2647),7.836508533639462e-05,True,-0.0019095916922779916,0.0019095916922779916
3645,KRT1 (3848),7.835583855154624e-05,True,-0.0017429639797553167,0.0017429639797553167
3646,PRAC1 (84366),7.826673252136892e-05,True,0.0031571963927992056,0.0031571963927992056
3647,EEF1G (1937),7.824586934264715e-05,True,0.0012369528102910852,0.0012369528102910852
3648,CSTF2T (23283),7.82274986967837e-05,True,0.00039672898672604966,0.00039672898672604966
3649,SYNE3 (161176),7.822646099064898e-05,True,-0.0005317665978064835,0.0005317665978064835
3650,C5AR2 (27202),7.819748417580613e-05,True,-0.0008565153685161972,0.0008565153685161972
3651,P2RY11 (5032),7.814414711501814e-05,True,0.0009696658478264091,0.0009696658478264091
3652,EPYC (1833),7.812666777334746e-05,True,0.0015756124946268767,0.0015756124946268767
3653,CLPTM1L (81037),7.81189458951291e-05,True,-2.446717970838643e-05,2.446717970838643e-05
3654,PLD3 (23646),7.805326770141059e-05,True,-0.0008373629805460794,0.0008373629805460794
3655,MAPKAPK2 (9261),7.803242560366243e-05,True,-0.00022546599194895863,0.00022546599194895863
3656,RGP1 (9827),7.802538926240593e-05,True,0.0003340207952040455,0.0003340207952040455
3657,FCGR1A (2209),7.801280643406107e-05,True,0.000865691166255569,0.000865691166255569
3658,HAS2 (3037),7.800521065972668e-05,True,0.0009351587023569796,0.0009351587023569796
3659,AGBL2 (79841),7.799664325404973e-05,True,0.0007667086856709922,0.0007667086856709922
3660,SHFL (55337),7.798775194813292e-05,True,-0.0008487655731884648,0.0008487655731884648
3661,OPA1 (4976),7.79810268254421e-05,True,-0.002870704753842093,0.002870704753842093
3662,AVEN (57099),7.796771501556693e-05,True,-0.00015807627317993532,0.00015807627317993532
3663,C1RL (51279),7.795906582879462e-05,True,-0.0003462211505220582,0.0003462211505220582
3664,ARMH3 (79591),7.795109582990877e-05,True,0.003408264035788469,0.003408264035788469
3665,SMURF2 (64750),7.795021674037509e-05,True,0.001046326381028425,0.001046326381028425
3666,BRCC3 (79184),7.793806199103051e-05,True,-0.0009821260967531834,0.0009821260967531834
3667,ADK (132),7.793775744524957e-05,True,0.0009923610922406927,0.0009923610922406927
3668,ARHGAP21 (57584),7.78814760992187e-05,True,-0.002338373270923407,0.002338373270923407
3669,PIH1D2 (120379),7.787178844959184e-05,True,0.0023983938567257728,0.0023983938567257728
3670,ATG4C (84938),7.78650732759244e-05,True,0.0014891511327096607,0.0014891511327096607
3671,SBF1 (6305),7.783940523644042e-05,True,0.001849747482655555,0.001849747482655555
3672,F2RL2 (2151),7.781372587919617e-05,True,-0.0006608545496491268,0.0006608545496491268
3673,DENND2B (6764),7.775394849002198e-05,True,-0.0032998304664622015,0.0032998304664622015
3674,SORCS1 (114815),7.774717673641691e-05,True,-0.0008563620734665018,0.0008563620734665018
3675,GDF5 (8200),7.772773316819099e-05,True,0.0016359918706573382,0.0016359918706573382
3676,GDF10 (2662),7.772714319010334e-05,True,0.0005491801739245211,0.0005491801739245211
3677,RAB3GAP1 (22930),7.766463845790354e-05,True,0.001155604240114836,0.001155604240114836
3678,MAMLD1 (10046),7.765462398983247e-05,True,0.0014396118082040112,0.0014396118082040112
3679,SLC39A4 (55630),7.759874745711344e-05,True,0.0012193221601974813,0.0012193221601974813
3680,LANCL3 (347404),7.759802593893679e-05,True,-0.0011703688564146735,0.0011703688564146735
3681,PSG8 (440533),7.758308599470748e-05,True,-0.002497686419070961,0.002497686419070961
3682,FZD1 (8321),7.756155427047481e-05,True,0.0033494786501682716,0.0033494786501682716
3683,PPP1R7 (5510),7.755796373460212e-05,True,0.0007411997734391882,0.0007411997734391882
3684,RBM15B (29890),7.754745265127258e-05,True,0.0003886342171916554,0.0003886342171916554
3685,DLEU7 (220107),7.754595928481408e-05,True,0.002095219853873163,0.002095219853873163
3686,FPGT (8790),7.753840030318245e-05,True,0.0012751607905560835,0.0012751607905560835
3687,WNT1 (7471),7.752282282931725e-05,True,-0.0021743673648477817,0.0021743673648477817
3688,TBCB (1155),7.751715435046639e-05,True,0.0005554415797528323,0.0005554415797528323
3689,ADCK5 (203054),7.750903419060347e-05,True,0.0012483791619042665,0.0012483791619042665
3690,BAG1 (573),7.749497002052946e-05,True,-0.0029862790673008846,0.0029862790673008846
3691,MBL2 (4153),7.746273177257823e-05,True,-0.00019778211582513125,0.00019778211582513125
3692,UPK3BL2 (107983993),7.744004419125201e-05,True,-0.0007641072866530946,0.0007641072866530946
3693,CGNL1 (84952),7.743362534221935e-05,True,-0.001337306619884302,0.001337306619884302
3694,SLN (6588),7.742650051894247e-05,True,-0.0028077894958984,0.0028077894958984
3695,STX8 (9482),7.739538498318703e-05,True,0.0010561608681317967,0.0010561608681317967
3696,INPP5D (3635),7.73725308579478e-05,True,-0.003191102534192619,0.003191102534192619
3697,STK10 (6793),7.73598904289222e-05,True,-0.0019073475718257434,0.0019073475718257434
3698,ERICH6B (220081),7.735684455374725e-05,True,-0.0024623840443978775,0.0024623840443978775
3699,ZNF414 (84330),7.73278319669861e-05,True,0.0018470767909553266,0.0018470767909553266
3700,TWNK (56652),7.730868420802144e-05,True,0.00027952897576007064,0.00027952897576007064
3701,ANLN (54443),7.730418890967404e-05,True,0.0003712324586617197,0.0003712324586617197
3702,TREX2 (11219),7.730141567323856e-05,True,-0.0018366238137939354,0.0018366238137939354
3703,LAMP3 (27074),7.727359182140946e-05,True,0.0025702653410409502,0.0025702653410409502
3704,CSAG1 (158511),7.72683918626529e-05,True,0.00012376849545831566,0.00012376849545831566
3705,HMGXB3 (22993),7.72633626295086e-05,True,-0.0014684171284305581,0.0014684171284305581
3706,NFAM1 (150372),7.725420395995815e-05,True,-0.00013216792258739394,0.00013216792258739394
3707,PHOX2B (8929),7.722699346007425e-05,True,-0.0007767326710967067,0.0007767326710967067
3708,ODAPH (152816),7.720807501515789e-05,True,-0.001091499630185546,0.001091499630185546
3709,APPBP2 (10513),7.7174159134224e-05,True,0.0007736376290678863,0.0007736376290678863
3710,HSD11B2 (3291),7.716016558979708e-05,True,0.00038516399755422564,0.00038516399755422564
3711,IL17D (53342),7.712694131904596e-05,True,0.00014337258501179997,0.00014337258501179997
3712,CCL24 (6369),7.70842836199073e-05,True,-0.0008335407394438296,0.0008335407394438296
3713,POLL (27343),7.707188608745209e-05,True,0.00034915710598526105,0.00034915710598526105
3714,RBFOX2 (23543),7.700297785290088e-05,True,-8.002487756170532e-06,8.002487756170532e-06
3715,CAPS (828),7.699901970035932e-05,True,4.035695167397201e-05,4.035695167397201e-05
3716,ZNF277 (11179),7.698889157488016e-05,True,-0.0019713347077368023,0.0019713347077368023
3717,LCN12 (286256),7.698775523242151e-05,True,-0.003000993073235349,0.003000993073235349
3718,CEACAM6 (4680),7.69819035261397e-05,True,0.00017818046396681625,0.00017818046396681625
3719,GRIP1 (23426),7.696547383090612e-05,True,0.002588534315008078,0.002588534315008078
3720,TMEM88 (92162),7.694863955762859e-05,True,-0.003716933222711727,0.003716933222711727
3721,BCL2L1 (598),7.693839872538085e-05,True,0.0012850185337188555,0.0012850185337188555
3722,CDC45 (8318),7.693342005529459e-05,True,-0.0007316918971926262,0.0007316918971926262
3723,CENPI (2491),7.691747962392141e-05,True,-9.807801016374715e-05,9.807801016374715e-05
3724,GNG14 (105372280),7.691103933994421e-05,True,0.001679581330179618,0.001679581330179618
3725,TMEM39B (55116),7.687047174255581e-05,True,-0.0006944605367581076,0.0006944605367581076
3726,SGK3 (23678),7.685132925187595e-05,True,0.0013916899297952677,0.0013916899297952677
3727,PABPC5 (140886),7.685037362500329e-05,True,0.0004078612530892924,0.0004078612530892924
3728,FRMD4B (23150),7.684896522724516e-05,True,-0.0037114289385438877,0.0037114289385438877
3729,CALML3 (810),7.682418093854241e-05,True,0.0005388458899048493,0.0005388458899048493
3730,ATP13A1 (57130),7.681496197734586e-05,True,-0.0022429515754263224,0.0022429515754263224
3731,WDR45B (56270),7.673749136815616e-05,True,0.0003379067526126493,0.0003379067526126493
3732,LIMS4 (100288695),7.67008074501496e-05,True,0.0004537803659861528,0.0004537803659861528
3733,MYL6 (4637),7.668529529587856e-05,True,0.0021089762851306095,0.0021089762851306095
3734,MAGI3 (260425),7.664744160900963e-05,True,6.54102749420237e-05,6.54102749420237e-05
3735,ZNF524 (147807),7.664543673973737e-05,True,-0.0009136740869830537,0.0009136740869830537
3736,POU4F1 (5457),7.663424585671906e-05,True,-0.0007920301106156249,0.0007920301106156249
3737,DDX31 (64794),7.661537474449619e-05,True,-0.0011243005794217198,0.0011243005794217198
3738,ANP32E (81611),7.660133290473856e-05,True,-0.0003665119987316455,0.0003665119987316455
3739,CSKMT (751071),7.651658610142813e-05,True,-0.002580086625177826,0.002580086625177826
3740,VWF (7450),7.650261652220672e-05,True,0.0015658390168641302,0.0015658390168641302
3741,PLB1 (151056),7.647293755223792e-05,True,-0.0020373982274012885,0.0020373982274012885
3742,MAP1LC3B2 (643246),7.645251484161603e-05,True,-2.0065853154199297e-05,2.0065853154199297e-05
3743,UBASH3B (84959),7.643754295746667e-05,True,-0.002232976432582519,0.002232976432582519
3744,FAM83E (54854),7.64319382590592e-05,True,0.0010522626599785854,0.0010522626599785854
3745,CINP (51550),7.640326527311687e-05,True,-0.0003492772895724708,0.0003492772895724708
3746,RNASE10 (338879),7.637408219912195e-05,True,0.0046230415950633385,0.0046230415950633385
3747,CD47 (961),7.635622419811455e-05,True,-0.0012499967721395177,0.0012499967721395177
3748,AP3B2 (8120),7.635230265124467e-05,True,-0.002395944265541635,0.002395944265541635
3749,CD3E (916),7.631228067433714e-05,True,0.003477624437012116,0.003477624437012116
3750,NPFFR2 (10886),7.629566468479356e-05,True,0.0018625621416543023,0.0018625621416543023
3751,CPSF1 (29894),7.629023198657691e-05,True,-0.0013248447746586924,0.0013248447746586924
3752,CSF2 (1437),7.628403426454963e-05,True,-0.00022295538717710477,0.00022295538717710477
3753,RCE1 (9986),7.626081584781806e-05,True,-0.0002692520491127243,0.0002692520491127243
3754,LRRN3 (54674),7.624558373775122e-05,True,0.0005697740893930886,0.0005697740893930886
3755,MMP2 (4313),7.617945678281099e-05,True,0.0008008626589123288,0.0008008626589123288
3756,RO60 (6738),7.61756197109003e-05,True,-0.00014409662442342987,0.00014409662442342987
3757,AMBP (259),7.616790590575821e-05,True,-0.0004335875202916171,0.0004335875202916171
3758,XAB2 (56949),7.614177333452453e-05,True,0.0008360563559241514,0.0008360563559241514
3759,ORAI1 (84876),7.610306322070859e-05,True,0.00043168710412753455,0.00043168710412753455
3760,SLC38A9 (153129),7.604974495674034e-05,True,-0.0026512727370901065,0.0026512727370901065
3761,STK33 (65975),7.598310403708916e-05,True,-0.0024106301977823456,0.0024106301977823456
3762,ZNF22 (7570),7.596562641235456e-05,True,-0.00036727429482768864,0.00036727429482768864
3763,CGB7 (94027),7.596019167598213e-05,True,-0.0024941885880442106,0.0024941885880442106
3764,CRIP2 (1397),7.595265552764578e-05,True,0.0024836176068469,0.0024836176068469
3765,ALDH1L1 (10840),7.593740757438634e-05,True,-0.002131676279512261,0.002131676279512261
3766,EAF2 (55840),7.592276611624203e-05,True,0.0008000409295957113,0.0008000409295957113
3767,MYORG (57462),7.588231086137389e-05,True,0.0014200989110321216,0.0014200989110321216
3768,CDX2 (1045),7.586063921704013e-05,True,0.0008589214257101992,0.0008589214257101992
3769,RTL8A (26071),7.58176766018364e-05,True,-0.0011705429082763223,0.0011705429082763223
3770,KLHL23 (151230),7.57992877799574e-05,True,-0.002114542687962539,0.002114542687962539
3771,GNMT (27232),7.578848814727067e-05,True,0.00043205145490574515,0.00043205145490574515
3772,STXBP3 (6814),7.578800229448597e-05,True,-0.0013993914234954172,0.0013993914234954172
3773,SHROOM2 (357),7.57842132476418e-05,True,-0.0017965863196962128,0.0017965863196962128
3774,FBXW10 (10517),7.578006979891793e-05,True,-0.0037242215207126733,0.0037242215207126733
3775,SPATA12 (353324),7.577553342826586e-05,True,0.00035656677859600044,0.00035656677859600044
3776,SACS (26278),7.577285882154583e-05,True,0.0010343900239472815,0.0010343900239472815
3777,LRP8 (7804),7.576798733302956e-05,True,0.001788581929996003,0.001788581929996003
3778,MTURN (222166),7.574661195673521e-05,True,0.000938309829937976,0.000938309829937976
3779,PET100 (100131801),7.574001383227626e-05,True,0.0010178945850700563,0.0010178945850700563
3780,ABCB6 (10058),7.573799448824644e-05,True,-0.0015203722064186407,0.0015203722064186407
3781,CARS1 (833),7.569937659443764e-05,True,-0.0010872442004252068,0.0010872442004252068
3782,COL4A5 (1287),7.569510591637356e-05,True,-0.0008844965761297036,0.0008844965761297036
3783,ZNF778 (197320),7.568076315518398e-05,True,0.0009475875388317459,0.0009475875388317459
3784,FRMD8 (83786),7.564122019070192e-05,True,0.0009200575581134979,0.0009200575581134979
3785,ARC (23237),7.563205869324158e-05,True,-0.00018354677206075445,0.00018354677206075445
3786,TCF7 (6932),7.561404647190275e-05,True,-0.00158200296039973,0.00158200296039973
3787,SPDYE3 (441272),7.5602445722435e-05,True,-0.0016677252446502598,0.0016677252446502598
3788,MUC15 (143662),7.558572249802693e-05,True,0.0018465635143251997,0.0018465635143251997
3789,DZANK1 (55184),7.557551423491692e-05,True,-0.002302255447938552,0.002302255447938552
3790,OR56B4 (196335),7.553837092752044e-05,True,0.0024254058051311296,0.0024254058051311296
3791,DMRT2 (10655),7.55364459928311e-05,True,-0.002205224452247889,0.002205224452247889
3792,POTEG (404785),7.551521172096778e-05,True,0.0009074751035782805,0.0009074751035782805
3793,SDS (10993),7.543484413747342e-05,True,-0.0027663874255660333,0.0027663874255660333
3794,RIF1 (55183),7.542909015696386e-05,True,0.0024354048933378338,0.0024354048933378338
3795,TFCP2 (7024),7.541626380999507e-05,True,-0.0015705200989586546,0.0015705200989586546
3796,RBM12 (10137),7.534280225338971e-05,True,-0.0009584422600314277,0.0009584422600314277
3797,PDZD9 (255762),7.532885584972247e-05,True,-0.0026672182516560873,0.0026672182516560873
3798,UBE2M (9040),7.531408719973007e-05,True,0.0003821669765715187,0.0003821669765715187
3799,TMEM215 (401498),7.528761019209481e-05,True,0.000582144091678131,0.000582144091678131
3800,RNF150 (57484),7.527233365175711e-05,True,-0.0023174075815768193,0.0023174075815768193
3801,ABCA4 (24),7.52384457153038e-05,True,5.162022229532917e-05,5.162022229532917e-05
3802,ARMC8 (25852),7.519987976737884e-05,True,0.0003840743112626993,0.0003840743112626993
3803,CEP85 (64793),7.519332223788885e-05,True,0.00018637566928881221,0.00018637566928881221
3804,SECTM1 (6398),7.519108158932521e-05,True,0.0013215669898248065,0.0013215669898248065
3805,RND2 (8153),7.514420875083533e-05,True,-0.0003574675918248847,0.0003574675918248847
3806,RABEPK (10244),7.513090364317261e-05,True,0.001266289119065997,0.001266289119065997
3807,THNSL2 (55258),7.51220460736053e-05,True,-0.0027436419469165346,0.0027436419469165346
3808,SEMA6C (10500),7.504819568191711e-05,True,-0.000735376596370648,0.000735376596370648
3809,PTTG1 (9232),7.504143495896929e-05,True,-0.002382891448526988,0.002382891448526988
3810,EXOSC10 (5394),7.501659957911775e-05,True,0.0007460373119094889,0.0007460373119094889
3811,FLG (2312),7.499451383759604e-05,True,-0.0016874082488060281,0.0016874082488060281
3812,DCAKD (79877),7.498066375133888e-05,True,-0.0007409367441990153,0.0007409367441990153
3813,PACSIN2 (11252),7.495358913951556e-05,True,-0.0022229387509546724,0.0022229387509546724
3814,DHX9 (1660),7.49194265530638e-05,True,-0.0017922368168856312,0.0017922368168856312
3815,PLCXD3 (345557),7.491901412196299e-05,True,-0.002830158111604562,0.002830158111604562
3816,PELI3 (246330),7.48703462446095e-05,True,0.002720378892983209,0.002720378892983209
3817,IGF2BP1 (10642),7.48538987045433e-05,True,0.00016185872769501793,0.00016185872769501793
3818,RSPH3 (83861),7.484737042822889e-05,True,-0.00046792936145921516,0.00046792936145921516
3819,TNIK (23043),7.482014469157119e-05,True,-0.0028161215337693694,0.0028161215337693694
3820,PCGF1 (84759),7.481331783148942e-05,True,1.3711524064090536e-05,1.3711524064090536e-05
3821,PPAN (56342),7.479149256699675e-05,True,0.0004690837950157927,0.0004690837950157927
3822,TSPYL1 (7259),7.476140134610332e-05,True,0.0009226430042697896,0.0009226430042697896
3823,COMP (1311),7.472884320069631e-05,True,-0.0011851836376101268,0.0011851836376101268
3824,PTCH1 (5727),7.470569324599176e-05,True,0.0011669823714912974,0.0011669823714912974
3825,PSMG2 (56984),7.466732189220181e-05,True,-0.0017836156160477754,0.0017836156160477754
3826,FKBP8 (23770),7.466591875823893e-05,True,-0.0019448957946171792,0.0019448957946171792
3827,GJA10 (84694),7.465899937404865e-05,True,-0.0034133230996673605,0.0034133230996673605
3828,ZDHHC21 (340481),7.462433913400046e-05,True,0.0028633480079824944,0.0028633480079824944
3829,DPH7 (92715),7.46094697179643e-05,True,-0.0015617123443302347,0.0015617123443302347
3830,COL6A2 (1292),7.458234435010939e-05,True,0.0006282526359093069,0.0006282526359093069
3831,ZNF708 (7562),7.456767938437419e-05,True,0.0004445938348023808,0.0004445938348023808
3832,ITGA7 (3679),7.455966841129669e-05,True,-0.000562970331497135,0.000562970331497135
3833,IDNK (414328),7.454552429881382e-05,True,-0.003325367282791497,0.003325367282791497
3834,ZBTB33 (10009),7.453258258560463e-05,True,-0.0007704396178887518,0.0007704396178887518
3835,CLIP1 (6249),7.45232907874859e-05,True,-0.0009068050490716835,0.0009068050490716835
3836,RNASE4 (6038),7.451673124915441e-05,True,-0.0017188617091773014,0.0017188617091773014
3837,PTPN20 (26095),7.450690006377924e-05,True,0.0024091251111520383,0.0024091251111520383
3838,FABP5 (2171),7.450397793348614e-05,True,-0.0017746494411623424,0.0017746494411623424
3839,ARHGAP32 (9743),7.448976526705093e-05,True,0.0013915239999687191,0.0013915239999687191
3840,CCDC146 (57639),7.445566534734768e-05,True,-0.0011382123504468872,0.0011382123504468872
3841,CD276 (80381),7.445244616587696e-05,True,-0.00043987265902694066,0.00043987265902694066
3842,POLD2 (5425),7.444288295303056e-05,True,0.0018127986813236468,0.0018127986813236468
3843,RAB39A (54734),7.44376216801101e-05,True,0.0014054661554145764,0.0014054661554145764
3844,GPR82 (27197),7.443551788091774e-05,True,0.0015252161228370615,0.0015252161228370615
3845,ANKS1A (23294),7.442311515378926e-05,True,0.001250979244725916,0.001250979244725916
3846,INAFM2 (100505573),7.437313138659946e-05,True,-0.0014100308062569345,0.0014100308062569345
3847,IGSF23 (147710),7.434470339690366e-05,True,0.0008166168388616412,0.0008166168388616412
3848,CFAP90 (134121),7.43336788858769e-05,True,0.0003247062698994805,0.0003247062698994805
3849,EPX (8288),7.432317597925114e-05,True,-0.0006917605713473657,0.0006917605713473657
3850,POFUT1 (23509),7.427412354645132e-05,True,0.00326330500536015,0.00326330500536015
3851,FASTKD2 (22868),7.421896656823321e-05,True,-0.001761264193007959,0.001761264193007959
3852,GPR148 (344561),7.421764895046575e-05,True,0.0009678114159941266,0.0009678114159941266
3853,DMGDH (29958),7.420534653857182e-05,True,-2.0570818682610556e-07,2.0570818682610556e-07
3854,CNKSR2 (22866),7.418941896770938e-05,True,0.00034597578400100094,0.00034597578400100094
3855,TMEM74B (55321),7.418154354991507e-05,True,-0.0016805874776437766,0.0016805874776437766
3856,TSPAN14 (81619),7.418000976090972e-05,True,-0.0034566899917690824,0.0034566899917690824
3857,LAT (27040),7.416930121455265e-05,True,-0.002091934532868412,0.002091934532868412
3858,UCK1 (83549),7.414838277566645e-05,True,0.0021857872415550596,0.0021857872415550596
3859,SMARCAD1 (56916),7.411995569179561e-05,True,-0.0017485804703716388,0.0017485804703716388
3860,ARV1 (64801),7.411061813501417e-05,True,-0.001000604929642059,0.001000604929642059
3861,ARHGEF9 (23229),7.410281490901057e-05,True,-0.0010883001802436806,0.0010883001802436806
3862,MCAT (27349),7.408303438892975e-05,True,-0.0033361718797369475,0.0033361718797369475
3863,POP7 (10248),7.407335167638625e-05,True,0.0013631254467859565,0.0013631254467859565
3864,NFKBIE (4794),7.406531819897362e-05,True,0.0018953695325574838,0.0018953695325574838
3865,IL16 (3603),7.404693162916993e-05,True,0.00015630956294681773,0.00015630956294681773
3866,SUSD6 (9766),7.404121485765043e-05,True,-0.0011231810751096975,0.0011231810751096975
3867,CAP1 (10487),7.402900600908823e-05,True,0.00012079518396571889,0.00012079518396571889
3868,UQCC2 (84300),7.402408477650143e-05,True,0.001335275469220282,0.001335275469220282
3869,CELF5 (60680),7.402103540279161e-05,True,-0.0009541359477922475,0.0009541359477922475
3870,EFCAB14 (9813),7.400971797273841e-05,True,0.0008842124037557023,0.0008842124037557023
3871,EPHA7 (2045),7.397293922368943e-05,True,0.0007444798914156831,0.0007444798914156831
3872,SLC25A38 (54977),7.39553802801659e-05,True,0.0012002780173962597,0.0012002780173962597
3873,UQCRQ (27089),7.394725589048549e-05,True,-0.0008332287449498025,0.0008332287449498025
3874,MIER3 (166968),7.393718170223088e-05,True,-0.0009483332237466566,0.0009483332237466566
3875,CH25H (9023),7.389264571818772e-05,True,0.00041165273880602307,0.00041165273880602307
3876,GPX1 (2876),7.382687185108526e-05,True,-0.0011239156124074712,0.0011239156124074712
3877,SCN7A (6332),7.377577014432658e-05,True,0.00123641100950444,0.00123641100950444
3878,ZNF81 (347344),7.374980748025954e-05,True,0.003299609734416356,0.003299609734416356
3879,PGLYRP2 (114770),7.374907011373184e-05,True,0.00033538977927913684,0.00033538977927913684
3880,NLRP2 (55655),7.373905986847299e-05,True,0.0019424473412887255,0.0019424473412887255
3881,UBA2 (10054),7.370768319423089e-05,True,-0.0021179159059352974,0.0021179159059352974
3882,MSL3B (151507),7.368681606016317e-05,True,-0.0006486633804595695,0.0006486633804595695
3883,SLIRP (81892),7.366890965209958e-05,True,-0.0007531777480099354,0.0007531777480099354
3884,NEDD9 (4739),7.365846019934902e-05,True,-0.002749780791439943,0.002749780791439943
3885,ELAPOR2 (222223),7.363412620360671e-05,True,0.0021617510379124774,0.0021617510379124774
3886,RAPGEF1 (2889),7.363002367671866e-05,True,-5.573158333136287e-05,5.573158333136287e-05
3887,SIVA1 (10572),7.358258184688843e-05,True,-0.0010208878222495229,0.0010208878222495229
3888,SLC16A3 (9123),7.356319921775837e-05,True,-0.0013779035600327148,0.0013779035600327148
3889,AGPAT2 (10555),7.355339082999196e-05,True,0.0013906717228715356,0.0013906717228715356
3890,GSTO2 (119391),7.34988280153604e-05,True,-0.0018742414624031776,0.0018742414624031776
3891,RNF2 (6045),7.345034881101181e-05,True,-0.0005903248215773239,0.0005903248215773239
3892,RASSF3 (283349),7.337424425563942e-05,True,0.0020461528011964693,0.0020461528011964693
3893,GXYLT1 (283464),7.337166713408884e-05,True,0.0003569594224756361,0.0003569594224756361
3894,MUS81 (80198),7.334434130614129e-05,True,0.0012399970866785693,0.0012399970866785693
3895,KCNK3 (3777),7.334202798507905e-05,True,0.00017681153617142412,0.00017681153617142412
3896,DTX2 (113878),7.332267793708814e-05,True,0.00019329045828995095,0.00019329045828995095
3897,ZNF157 (7712),7.332158843170012e-05,True,0.0007931328844639762,0.0007931328844639762
3898,ABHD17B (51104),7.332063451460107e-05,True,0.0012899598242610759,0.0012899598242610759
3899,MAD2L2 (10459),7.331203212264804e-05,True,0.0012500520294655593,0.0012500520294655593
3900,CCDC51 (79714),7.330876670644341e-05,True,-0.0017499761142507893,0.0017499761142507893
3901,CD200R1 (131450),7.33022803119123e-05,True,0.002231935572070569,0.002231935572070569
3902,IL21R (50615),7.329738280072806e-05,True,-0.0018381687072199062,0.0018381687072199062
3903,AKR1C3 (8644),7.327550530479161e-05,True,4.3465624352487155e-05,4.3465624352487155e-05
3904,ACSL4 (2182),7.325676372747233e-05,True,0.0015053431807095937,0.0015053431807095937
3905,TRIM72 (493829),7.325496749287112e-05,True,-0.0016337652218486494,0.0016337652218486494
3906,EMC7 (56851),7.320644524510479e-05,True,-0.0011242314307082105,0.0011242314307082105
3907,GGCT (79017),7.316415135585463e-05,True,0.00024820924540841266,0.00024820924540841266
3908,SERTAD4 (56256),7.314440326437827e-05,True,0.0023317153087323104,0.0023317153087323104
3909,REEP3 (221035),7.310828288466355e-05,True,0.0008003337116774365,0.0008003337116774365
3910,TM7SF3 (51768),7.309464015666681e-05,True,-0.001211206150881777,0.001211206150881777
3911,SLC3A1 (6519),7.307608294944815e-05,True,0.0026260938679143328,0.0026260938679143328
3912,FANCF (2188),7.305087707484763e-05,True,-0.0013186024839962728,0.0013186024839962728
3913,MMP7 (4316),7.301828799938996e-05,True,-0.0011298595746966613,0.0011298595746966613
3914,CCDC200 (100874261),7.301519083787284e-05,True,0.0008359958729616587,0.0008359958729616587
3915,KCNK10 (54207),7.298990880827461e-05,True,-0.00034837908974971407,0.00034837908974971407
3916,FOXE3 (2301),7.29848730179247e-05,True,0.0004673073114486422,0.0004673073114486422
3917,STAU1 (6780),7.297778389005171e-05,True,0.0006656200952596964,0.0006656200952596964
3918,XAGE1A (653220),7.296449086341178e-05,True,0.0012553164134618332,0.0012553164134618332
3919,MRPL58 (3396),7.291813387757212e-05,True,-0.0021233539153082243,0.0021233539153082243
3920,CAPNS2 (84290),7.287686555899575e-05,True,0.0003735578742108401,0.0003735578742108401
3921,MRPL22 (29093),7.287224805069652e-05,True,-0.0007957155345388763,0.0007957155345388763
3922,KCNIP2 (30819),7.284975248090072e-05,True,-0.0006118478978027978,0.0006118478978027978
3923,FGF12 (2257),7.28435271137797e-05,True,-0.0001919682835489129,0.0001919682835489129
3924,BBS7 (55212),7.28045906643352e-05,True,0.0008136140986506988,0.0008136140986506988
3925,MTMR10 (54893),7.277411847446326e-05,True,-0.0009570103499306088,0.0009570103499306088
3926,TDRP (157695),7.27133469798898e-05,True,-0.0018835261036583993,0.0018835261036583993
3927,FAHD1 (81889),7.270557828321628e-05,True,0.001504316841135058,0.001504316841135058
3928,TRIM25 (7706),7.265320538409017e-05,True,0.001520020832267351,0.001520020832267351
3929,PDE8A (5151),7.263227051039072e-05,True,0.000358850755188967,0.000358850755188967
3930,GPHN (10243),7.261305599904248e-05,True,-0.004570951757408518,0.004570951757408518
3931,ARF6 (382),7.261257085076721e-05,True,-0.00036496893336849097,0.00036496893336849097
3932,RAB40A (142684),7.256339922779286e-05,True,-0.0013046182674659617,0.0013046182674659617
3933,UGT2B15 (7366),7.254884109622427e-05,True,0.0017899698567577344,0.0017899698567577344
3934,ZEB2 (9839),7.250542747133846e-05,True,0.0003791890394995701,0.0003791890394995701
3935,SDHAF4 (135154),7.248963481093936e-05,True,-0.0009701339864648479,0.0009701339864648479
3936,DEPP1 (11067),7.24640789573725e-05,True,-0.0011038652854633813,0.0011038652854633813
3937,CACNA2D2 (9254),7.245059318486771e-05,True,-0.0007352262552707089,0.0007352262552707089
3938,ZNF527 (84503),7.24436285123793e-05,True,0.00013125765791223757,0.00013125765791223757
3939,LTB4R (1241),7.242268954496802e-05,True,0.0016552634376951448,0.0016552634376951448
3940,TMCO1 (54499),7.239648818248633e-05,True,0.0008066958462991415,0.0008066958462991415
3941,SDHA (6389),7.239309199756053e-05,True,0.0035631298519404066,0.0035631298519404066
3942,PRSS3 (5646),7.238498059561247e-05,True,-0.0020455210055230757,0.0020455210055230757
3943,NWD1 (284434),7.23533630982999e-05,True,-0.0012522391242350598,0.0012522391242350598
3944,MAP1S (55201),7.23450126239893e-05,True,0.00124108084264877,0.00124108084264877
3945,PIK3CG (5294),7.232761442005154e-05,True,-0.004176125833584699,0.004176125833584699
3946,STAT3 (6774),7.230998653347183e-05,True,-0.00028476510991826766,0.00028476510991826766
3947,REXO1 (57455),7.229273953039468e-05,True,-0.001208311035946499,0.001208311035946499
3948,SMOC1 (64093),7.227693126280085e-05,True,-0.0024004561802003816,0.0024004561802003816
3949,PUDP (8226),7.226723840913975e-05,True,0.0007897963853611563,0.0007897963853611563
3950,TENT2 (167153),7.223690302815155e-05,True,-0.002744621275690096,0.002744621275690096
3951,LAMTOR4 (389541),7.221111210920308e-05,True,-0.0002134140243967782,0.0002134140243967782
3952,SIN3B (23309),7.210857555203193e-05,True,0.0005951831451490903,0.0005951831451490903
3953,CORO1A (11151),7.2107977848375e-05,True,-0.0012124624922029642,0.0012124624922029642
3954,GGCX (2677),7.210346623387888e-05,True,-0.0004343333408060011,0.0004343333408060011
3955,RASD1 (51655),7.210303052039949e-05,True,0.001724608677278442,0.001724608677278442
3956,SLC6A18 (348932),7.207902960059782e-05,True,0.00021524365849170772,0.00021524365849170772
3957,MLLT3 (4300),7.201020286494252e-05,True,-0.0004919575283979942,0.0004919575283979942
3958,TENT5B (115572),7.197896834869739e-05,True,0.0027707487756068704,0.0027707487756068704
3959,DDA1 (79016),7.188017340123152e-05,True,0.002497666697641905,0.002497666697641905
3960,NTM (50863),7.184129779354734e-05,True,5.7418661320545687e-05,5.7418661320545687e-05
3961,SPRYD4 (283377),7.177006034738441e-05,True,0.0021929966267186865,0.0021929966267186865
3962,H4C2 (8366),7.17244555478406e-05,True,0.001081283827274397,0.001081283827274397
3963,KLHL25 (64410),7.16918365991426e-05,True,0.0002562320347823579,0.0002562320347823579
3964,TMIE (259236),7.167012368736119e-05,True,0.004112099176027397,0.004112099176027397
3965,GDPD1 (284161),7.16540591073745e-05,True,0.001996843688211989,0.001996843688211989
3966,RAMP1 (10267),7.163692678252964e-05,True,0.0016360172415821892,0.0016360172415821892
3967,ALK (238),7.157132808410659e-05,True,0.0013333661236844885,0.0013333661236844885
3968,YWHAE (7531),7.156383880288561e-05,True,0.00041188372573005964,0.00041188372573005964
3969,PLEKHA5 (54477),7.153957078884556e-05,True,0.0029762913501538237,0.0029762913501538237
3970,THSD4 (79875),7.153941883380613e-05,True,0.0034720277420842785,0.0034720277420842785
3971,ZSWIM4 (65249),7.149526989506014e-05,True,-0.00015012051063745127,0.00015012051063745127
3972,ZNF684 (127396),7.146816554637124e-05,True,0.0016831700874694153,0.0016831700874694153
3973,ACE2 (59272),7.1456991601278e-05,True,2.1863271303975166e-05,2.1863271303975166e-05
3974,CNTF (1270),7.145261292768249e-05,True,-0.001596117224403783,0.001596117224403783
3975,HLA-E (3133),7.144419441730387e-05,True,-0.0013865101418398112,0.0013865101418398112
3976,RSPH14 (27156),7.13977541972578e-05,True,0.0002919799412613775,0.0002919799412613775
3977,TRIM54 (57159),7.138780603257772e-05,True,-0.001058789603541137,0.001058789603541137
3978,AP3M1 (26985),7.136646974808041e-05,True,0.0005039948835610089,0.0005039948835610089
3979,LGALS2 (3957),7.133949779497122e-05,True,-0.00019926831062118118,0.00019926831062118118
3980,COMMD1 (150684),7.13189937465747e-05,True,0.00017609110609041615,0.00017609110609041615
3981,HPS6 (79803),7.131071866354262e-05,True,0.0014252001274330647,0.0014252001274330647
3982,DNMT3A (1788),7.128020841927561e-05,True,-0.0006065099213936494,0.0006065099213936494
3983,TAFA2 (338811),7.126528095384438e-05,True,-0.00648868078897018,0.00648868078897018
3984,TACSTD2 (4070),7.124972435551836e-05,True,-0.0001297405021391646,0.0001297405021391646
3985,ARHGEF5 (7984),7.124254666410703e-05,True,0.00047347681009592526,0.00047347681009592526
3986,ABLIM2 (84448),7.122986984473863e-05,True,0.00047923979960791976,0.00047923979960791976
3987,H2AX (3014),7.121186504506006e-05,True,0.0005946765979689792,0.0005946765979689792
3988,JUND (3727),7.115658713197866e-05,True,-0.0008791818447784686,0.0008791818447784686
3989,TAFA5 (25817),7.11356900441508e-05,True,-0.000935402225225994,0.000935402225225994
3990,EFCAB5 (374786),7.112344316790953e-05,True,0.0007576099329264002,0.0007576099329264002
3991,CLDN22 (53842),7.109903361556525e-05,True,-0.0016110595189270907,0.0016110595189270907
3992,GAS6 (2621),7.107955791736319e-05,True,0.0009059181225819567,0.0009059181225819567
3993,CSPP1 (79848),7.10747365977015e-05,True,0.0009177201629691058,0.0009177201629691058
3994,IFNE (338376),7.105581813939071e-05,True,0.002468470596682006,0.002468470596682006
3995,NR2F6 (2063),7.100660740247252e-05,True,0.00014410554986044218,0.00014410554986044218
3996,MCF2L (23263),7.099325194773878e-05,True,0.0001127067309185572,0.0001127067309185572
3997,CFAP68 (64776),7.098144291500636e-05,True,0.002895948703782341,0.002895948703782341
3998,H2BC17 (8348),7.098064579758212e-05,True,0.0007469459873170294,0.0007469459873170294
3999,SYT17 (51760),7.095637423464229e-05,True,-0.0005781462728174493,0.0005781462728174493
4000,RHAG (6005),7.095281660633588e-05,True,0.004226672959062403,0.004226672959062403
4001,OR52N1 (79473),7.085972244581237e-05,True,0.0007383627421439559,0.0007383627421439559
4002,SFXN1 (94081),7.085401870403693e-05,True,0.0003092684123573155,0.0003092684123573155
4003,MSANTD1 (345222),7.08360140028651e-05,True,0.0028763310023996918,0.0028763310023996918
4004,ZNF532 (55205),7.082410573971592e-05,True,0.00242249228319975,0.00242249228319975
4005,TTC3 (7267),7.076221629311704e-05,True,0.002561000822316159,0.002561000822316159
4006,DKC1 (1736),7.076147102704112e-05,True,0.0015993351227324305,0.0015993351227324305
4007,LSS (4047),7.070500462860706e-05,True,6.28580456660051e-05,6.28580456660051e-05
4008,ABCA8 (10351),7.065283653297435e-05,True,0.0008365682992371075,0.0008365682992371075
4009,TMEM138 (51524),7.064255248168698e-05,True,-0.0012697363451268603,0.0012697363451268603
4010,LPAR3 (23566),7.064029287845304e-05,True,0.0033534713693390405,0.0033534713693390405
4011,GABBR1 (2550),7.0596417940424e-05,True,-0.0023260095706530326,0.0023260095706530326
4012,LAMB2 (3913),7.051136526154775e-05,True,7.38874188060066e-05,7.38874188060066e-05
4013,TBC1D9B (23061),7.050447850114812e-05,True,-0.0006509644852155112,0.0006509644852155112
4014,TEX14 (56155),7.045733941940916e-05,True,-0.0017152041508548782,0.0017152041508548782
4015,FAM177A1 (283635),7.045593348682763e-05,True,0.0027801361629588295,0.0027801361629588295
4016,HDGF (3068),7.037760471977402e-05,True,-0.0006578686209558814,0.0006578686209558814
4017,SYT4 (6860),7.032630073022583e-05,True,-0.001322886274495555,0.001322886274495555
4018,RABGAP1L (9910),7.032609850014897e-05,True,0.0004302311631790655,0.0004302311631790655
4019,CCAR2 (57805),7.031392544190601e-05,True,-0.0009434789824665339,0.0009434789824665339
4020,DNAAF1 (123872),7.028087076222606e-05,True,-0.001739330016943409,0.001739330016943409
4021,TOR4A (54863),7.026753468239575e-05,True,-0.0028494590263170314,0.0028494590263170314
4022,ERV3-1 (2086),7.026370536219652e-05,True,0.0016210454461960387,0.0016210454461960387
4023,COA4 (51287),7.025295549452414e-05,True,-0.0008331929442607685,0.0008331929442607685
4024,ZSCAN9 (7746),7.022993093929037e-05,True,-0.0014136916987872645,0.0014136916987872645
4025,RNF113A (7737),7.011636087403706e-05,True,-0.0011711671872741826,0.0011711671872741826
4026,LARP6 (55323),7.010619856144038e-05,True,-0.0009145162629558682,0.0009145162629558682
4027,BOLA2 (552900),7.009923955256022e-05,True,0.0020025662403277953,0.0020025662403277953
4028,TP53TG3F (102724127),7.008907711051459e-05,True,0.0011055887198785407,0.0011055887198785407
4029,LASP1NB (100505576),6.997820489366425e-05,True,0.0013533730867749069,0.0013533730867749069
4030,NUPR2 (389493),6.991193370029934e-05,True,0.0005481126534670356,0.0005481126534670356
4031,GPR85 (54329),6.988851639937914e-05,True,-0.0009400467839551971,0.0009400467839551971
4032,PAX3 (5077),6.988589374831327e-05,True,-0.00023412878109928476,0.00023412878109928476
4033,CAPN8 (388743),6.988000356843918e-05,True,-0.0014767602744881702,0.0014767602744881702
4034,ZNF283 (284349),6.984652683628043e-05,True,0.0007106052126878632,0.0007106052126878632
4035,NKAIN2 (154215),6.98412978406466e-05,True,-0.0006166942910241044,0.0006166942910241044
4036,GBX1 (2636),6.982600088744676e-05,True,-0.004424233610652318,0.004424233610652318
4037,RLN3 (117579),6.982515271872814e-05,True,0.0018776790390143613,0.0018776790390143613
4038,NMUR1 (10316),6.981974965253532e-05,True,0.0013514649370290593,0.0013514649370290593
4039,RANGAP1 (5905),6.979913074763207e-05,True,-0.0014354103871281984,0.0014354103871281984
4040,IL12RB2 (3595),6.977063167831316e-05,True,-0.0012688765839965752,0.0012688765839965752
4041,ADRM1 (11047),6.97007183062354e-05,True,-0.000966850600535513,0.000966850600535513
4042,ALOX12 (239),6.968127627844986e-05,True,-0.002063956540872534,0.002063956540872534
4043,C21orf91 (54149),6.9627287943419e-05,True,0.0032722376426401866,0.0032722376426401866
4044,DNAH17 (8632),6.959910983817014e-05,True,-0.0009353392909849845,0.0009353392909849845
4045,HERPUD1 (9709),6.958543986276835e-05,True,-0.0009845021004228453,0.0009845021004228453
4046,MTLN (205251),6.957795009875545e-05,True,-0.0010048336077198297,0.0010048336077198297
4047,TMEM201 (199953),6.957718006110236e-05,True,0.0007665386067599749,0.0007665386067599749
4048,KBTBD11 (9920),6.951626937495475e-05,True,0.0002399992645986895,0.0002399992645986895
4049,DARS2 (55157),6.951251121104682e-05,True,-0.0006151272342209664,0.0006151272342209664
4050,DBI (1622),6.950063696465055e-05,True,0.0010680024980253694,0.0010680024980253694
4051,ICMT (23463),6.945411998705109e-05,True,0.0007372415251019793,0.0007372415251019793
4052,JUNB (3726),6.94524652910346e-05,True,-0.00025489654246128824,0.00025489654246128824
4053,MEGF11 (84465),6.944613637482582e-05,True,0.0006334193645331529,0.0006334193645331529
4054,FDFT1 (2222),6.942032405618295e-05,True,-0.0009082486621504627,0.0009082486621504627
4055,ITPKA (3706),6.93961922891735e-05,True,-0.0005082726678272767,0.0005082726678272767
4056,WNT7B (7477),6.93813850962798e-05,True,0.0004317568946542211,0.0004317568946542211
4057,CNOT8 (9337),6.936552429465405e-05,True,-0.0009931738043898685,0.0009931738043898685
4058,LRRC75A (388341),6.935626024631298e-05,True,-0.0002099338297810256,0.0002099338297810256
4059,RSC1A1 (6248),6.935583035649755e-05,True,0.0008822345318271292,0.0008822345318271292
4060,EEF2K (29904),6.934906422156747e-05,True,0.00155976505725503,0.00155976505725503
4061,CERCAM (51148),6.934616450515053e-05,True,-0.0010634618971111843,0.0010634618971111843
4062,MAPK9 (5601),6.93121986510997e-05,True,0.0006015802291652778,0.0006015802291652778
4063,PHACTR2 (9749),6.929552412178211e-05,True,0.003666481254672461,0.003666481254672461
4064,DONSON (29980),6.929336836884391e-05,True,0.0005374165142233872,0.0005374165142233872
4065,C9orf57 (138240),6.927929570945632e-05,True,-0.0024347493458704204,0.0024347493458704204
4066,ZNF547 (284306),6.92613007611394e-05,True,-0.001607778380953344,0.001607778380953344
4067,DEXI (28955),6.925069517903522e-05,True,0.0018541911793496465,0.0018541911793496465
4068,PLEKHF2 (79666),6.921035568020704e-05,True,4.394034409374207e-05,4.394034409374207e-05
4069,PTPRE (5791),6.918957545804503e-05,True,0.001231653953066639,0.001231653953066639
4070,LUC7L3 (51747),6.917248385108471e-05,True,0.001346509655540115,0.001346509655540115
4071,DAZAP1 (26528),6.913881304031559e-05,True,0.0002925693338409561,0.0002925693338409561
4072,LRRC4 (64101),6.911322852796451e-05,True,-0.0005098012351516419,0.0005098012351516419
4073,VEPH1 (79674),6.910700254181881e-05,True,-0.00027546330054383146,0.00027546330054383146
4074,LGALS8 (3964),6.908351157188817e-05,True,-0.0030021258264563942,0.0030021258264563942
4075,AMTN (401138),6.905937020014016e-05,True,0.0008230270390090918,0.0008230270390090918
4076,CDK16 (5127),6.905526648938229e-05,True,0.0026537564209607287,0.0026537564209607287
4077,UBE2V2 (7336),6.904496135118412e-05,True,0.0007992677397775844,0.0007992677397775844
4078,FAM219B (57184),6.904322518004805e-05,True,-8.17823246830519e-05,8.17823246830519e-05
4079,ZNF561 (93134),6.903877533540577e-05,True,-0.0026670218174400613,0.0026670218174400613
4080,UBE2E1 (7324),6.90274614205189e-05,True,-0.0006267841073636006,0.0006267841073636006
4081,RPAP1 (26015),6.90216589768372e-05,True,0.0011842260151723192,0.0011842260151723192
4082,JMJD1C (221037),6.901237895768321e-05,True,-0.0011692329933504623,0.0011692329933504623
4083,FMN2 (56776),6.900228484170553e-05,True,-0.00010573875984545497,0.00010573875984545497
4084,NDUFA13 (51079),6.898976578200081e-05,True,-0.0001991521684535788,0.0001991521684535788
4085,STAT5A (6776),6.896278745550858e-05,True,0.0026019636352318173,0.0026019636352318173
4086,BNIP1 (662),6.895931010090761e-05,True,-0.0015102732343085564,0.0015102732343085564
4087,POMT1 (10585),6.895454421231946e-05,True,0.0008118177158001948,0.0008118177158001948
4088,GCAT (23464),6.890455098689954e-05,True,0.001924349066530102,0.001924349066530102
4089,NEDD4L (23327),6.89033568787443e-05,True,-0.0004237384693269624,0.0004237384693269624
4090,APLNR (187),6.888533130784271e-05,True,-0.0060837273997061125,0.0060837273997061125
4091,YBEY (54059),6.886651677157886e-05,True,-0.0034567316443495843,0.0034567316443495843
4092,RADX (55086),6.885936720843396e-05,True,-0.0007236712779315092,0.0007236712779315092
4093,ELP5 (23587),6.88588950844862e-05,True,0.0011360220968773499,0.0011360220968773499
4094,KCNQ4 (9132),6.885327660099126e-05,True,0.0007346502671029585,0.0007346502671029585
4095,KLHL35 (283212),6.885276568935217e-05,True,0.00046494431156226764,0.00046494431156226764
4096,SLC12A4 (6560),6.884241595349798e-05,True,-0.0017673990355065636,0.0017673990355065636
4097,CALML4 (91860),6.883557806325637e-05,True,-0.0005588086835505957,0.0005588086835505957
4098,ABRAXAS2 (23172),6.882458994023718e-05,True,-0.0005024996806168828,0.0005024996806168828
4099,CDC34 (997),6.881889437895365e-05,True,0.00045347066347696356,0.00045347066347696356
4100,VPS8 (23355),6.880726929783255e-05,True,0.0008434097128157151,0.0008434097128157151
4101,PGAP4 (84302),6.878329445608608e-05,True,-0.0022195759663766845,0.0022195759663766845
4102,RPS25 (6230),6.876220756611655e-05,True,0.002398608320301579,0.002398608320301579
4103,TST (7263),6.872899073438015e-05,True,-0.003106838067970489,0.003106838067970489
4104,ANGEL1 (23357),6.865775442528489e-05,True,0.0005776063423046604,0.0005776063423046604
4105,CELF6 (60677),6.865484139208477e-05,True,-0.0005598626707762388,0.0005598626707762388
4106,ST7 (7982),6.865452540224298e-05,True,0.0008973744874955639,0.0008973744874955639
4107,RIOK3 (8780),6.864538934117068e-05,True,-0.002924984172235976,0.002924984172235976
4108,ING5 (84289),6.860505220599636e-05,True,-7.196891130410157e-05,7.196891130410157e-05
4109,FBXW5 (54461),6.859691792743777e-05,True,-0.0004459539262459989,0.0004459539262459989
4110,PLEKHH1 (57475),6.859387531799482e-05,True,-0.0024050155907905995,0.0024050155907905995
4111,EXOSC8 (11340),6.85857488355337e-05,True,0.0007298865563576192,0.0007298865563576192
4112,FAM43A (131583),6.85842043354617e-05,True,0.00044471707675930016,0.00044471707675930016
4113,NCOA3 (8202),6.855335823354644e-05,True,0.0033860309811143867,0.0033860309811143867
4114,EPB41 (2035),6.854945686333362e-05,True,-0.0011686547597864066,0.0011686547597864066
4115,MYOF (26509),6.853546221734847e-05,True,-0.0005890345035796433,0.0005890345035796433
4116,SLC27A4 (10999),6.853367087720198e-05,True,-0.0014838524747836476,0.0014838524747836476
4117,CUTC (51076),6.852593786178029e-05,True,-0.00023638210791294685,0.00023638210791294685
4118,CALCB (797),6.845550328732961e-05,True,0.0016501874697786574,0.0016501874697786574
4119,ATF2 (1386),6.843004811012621e-05,True,-0.0007152074332791901,0.0007152074332791901
4120,OLFML3 (56944),6.842553133796475e-05,True,-0.001525539083127636,0.001525539083127636
4121,SLC25A29 (123096),6.841303852639491e-05,True,-0.0005730301989396149,0.0005730301989396149
4122,CRIPTO (6997),6.837868440991392e-05,True,-0.0013399672852574408,0.0013399672852574408
4123,TGFB1 (7040),6.837833283293522e-05,True,-0.0016822429381401507,0.0016822429381401507
4124,HIVEP2 (3097),6.837775921170747e-05,True,0.0011213031936347672,0.0011213031936347672
4125,PCGF2 (7703),6.837408238645252e-05,True,-7.617822351430417e-05,7.617822351430417e-05
4126,NDUFA6 (4700),6.832343986456566e-05,True,-2.2482028444853995e-06,2.2482028444853995e-06
4127,IKZF2 (22807),6.832005506688991e-05,True,0.0004092424511709205,0.0004092424511709205
4128,SPX (80763),6.83185057152796e-05,True,0.0010134798365721072,0.0010134798365721072
4129,RGS20 (8601),6.831515270745673e-05,True,-0.0008563649037887015,0.0008563649037887015
4130,PDIA3 (2923),6.824210502747263e-05,True,-0.0013149851048797133,0.0013149851048797133
4131,ADAMTS6 (11174),6.81593315467701e-05,True,0.0006652476550585867,0.0006652476550585867
4132,TNFSF10 (8743),6.81150763653696e-05,True,-0.0007246268888069837,0.0007246268888069837
4133,ZNF486 (90649),6.810966962640181e-05,True,0.000734629453952119,0.000734629453952119
4134,TMEM170A (124491),6.810435908333533e-05,True,-0.001211690175075697,0.001211690175075697
4135,UCHL5 (51377),6.806363777820132e-05,True,-0.0013423358550321016,0.0013423358550321016
4136,DERL2 (51009),6.803491119661478e-05,True,0.0012639427742266913,0.0012639427742266913
4137,MYBBP1A (10514),6.800846202495182e-05,True,-0.000578189720522529,0.000578189720522529
4138,BECN1 (8678),6.798533883585913e-05,True,-0.0016617201969613556,0.0016617201969613556
4139,GPR37 (2861),6.79481736115445e-05,True,-0.00011438146997084782,0.00011438146997084782
4140,MSANTD2 (79684),6.793420222846579e-05,True,-5.081676925754088e-05,5.081676925754088e-05
4141,PTPRD (5789),6.791582842864392e-05,True,0.004525539620251268,0.004525539620251268
4142,CPNE8 (144402),6.785632662912241e-05,True,-0.0010865683377795316,0.0010865683377795316
4143,LYPD1 (116372),6.78522201397452e-05,True,-0.0012776487812646876,0.0012776487812646876
4144,FOXA3 (3171),6.783490223907908e-05,True,-0.0031533346471044124,0.0031533346471044124
4145,SEPTIN5 (5413),6.781226318416873e-05,True,0.0009046430894996733,0.0009046430894996733
4146,AMY2B (280),6.777164290363485e-05,True,-0.0014129234919798834,0.0014129234919798834
4147,BICDL1 (92558),6.773991288031856e-05,True,-0.0027482338276221038,0.0027482338276221038
4148,MDH1 (4190),6.772352668861374e-05,True,-0.0005585031288080486,0.0005585031288080486
4149,PALD1 (27143),6.771611896228837e-05,True,-0.0009619103968444819,0.0009619103968444819
4150,SLC32A1 (140679),6.768113924454143e-05,True,0.001404198001444311,0.001404198001444311
4151,TBC1D17 (79735),6.767291682477422e-05,True,1.3749755023438484e-05,1.3749755023438484e-05
4152,ASMT (438),6.766716870469158e-05,True,0.0006558698631939077,0.0006558698631939077
4153,TBC1D3E (102723859),6.76618723062482e-05,True,-0.0020804502088895985,0.0020804502088895985
4154,HOXB9 (3219),6.766079291150184e-05,True,0.00048447832876079527,0.00048447832876079527
4155,ARID3A (1820),6.76465866080687e-05,True,0.00017015689646282485,0.00017015689646282485
4156,TTC8 (123016),6.760717599161774e-05,True,-0.001381710121188982,0.001381710121188982
4157,MOAP1 (64112),6.759903271205796e-05,True,-0.000615211142790259,0.000615211142790259
4158,MAGEB3 (4114),6.757864288662844e-05,True,0.0008966169879171485,0.0008966169879171485
4159,ALS2 (57679),6.757341313175444e-05,True,0.00019644800084688257,0.00019644800084688257
4160,FIP1L1 (81608),6.756438793212001e-05,True,-0.0007059191289935326,0.0007059191289935326
4161,DEFB103A (414325),6.754778844258048e-05,True,0.003011642717973564,0.003011642717973564
4162,SPRYD3 (84926),6.754519566921207e-05,True,0.0006366429319262572,0.0006366429319262572
4163,PHF23 (79142),6.750259584774521e-05,True,0.0012611070834151806,0.0012611070834151806
4164,GRINA (2907),6.75000527623318e-05,True,-0.002133990547575564,0.002133990547575564
4165,B4GALT7 (11285),6.749895525112904e-05,True,0.0019338831792858758,0.0019338831792858758
4166,OXGR1 (27199),6.74927065933479e-05,True,0.0044970491822233635,0.0044970491822233635
4167,KRTAP5-2 (440021),6.747977260806265e-05,True,0.0004932192084345503,0.0004932192084345503
4168,CIB2 (10518),6.740989627529421e-05,True,-0.0009566847022785452,0.0009566847022785452
4169,ST3GAL4 (6484),6.740781530524546e-05,True,0.002262296459919111,0.002262296459919111
4170,ISX (91464),6.739951502568946e-05,True,-0.0011531745337386428,0.0011531745337386428
4171,PIK3AP1 (118788),6.739358555840074e-05,True,-0.0005528640818022964,0.0005528640818022964
4172,RPL27 (6155),6.738890687228252e-05,True,-0.00025532417267149876,0.00025532417267149876
4173,LAMA2 (3908),6.738484661681424e-05,True,0.0014564414139960138,0.0014564414139960138
4174,CYP8B1 (1582),6.737232725368782e-05,True,0.0008277032015428822,0.0008277032015428822
4175,SCGN (10590),6.731272287445524e-05,True,-0.0010599467829390608,0.0010599467829390608
4176,PELI1 (57162),6.728787684409833e-05,True,-0.0004232748013898736,0.0004232748013898736
4177,ZNF624 (57547),6.726356937284661e-05,True,0.000668037776989752,0.000668037776989752
4178,NME5 (8382),6.724484097094216e-05,True,-0.0027669490451040354,0.0027669490451040354
4179,PTPMT1 (114971),6.724340618806247e-05,True,0.0019291744106338887,0.0019291744106338887
4180,ZNF628 (89887),6.721715815143213e-05,True,0.0007235432518754676,0.0007235432518754676
4181,CCDC184 (387856),6.720769242400937e-05,True,-0.0014590552370018226,0.0014590552370018226
4182,IRF6 (3664),6.718767282009736e-05,True,-0.001615478100412166,0.001615478100412166
4183,IL10RA (3587),6.710560397413946e-05,True,0.0005655211738638552,0.0005655211738638552
4184,INHBB (3625),6.709671039342499e-05,True,0.003672427174009283,0.003672427174009283
4185,TRUB2 (26995),6.705647762511414e-05,True,-0.003917234893146214,0.003917234893146214
4186,FRMD4A (55691),6.705050073377979e-05,True,-0.0006754577472990232,0.0006754577472990232
4187,CIP2A (57650),6.703333698462569e-05,True,-0.0005947932144293282,0.0005947932144293282
4188,LRRC47 (57470),6.701403749009225e-05,True,0.0006876771898280251,0.0006876771898280251
4189,EPB41L1 (2036),6.700089410948984e-05,True,-0.00015370586341956205,0.00015370586341956205
4190,TJAP1 (93643),6.698451492611732e-05,True,0.0014404154179983577,0.0014404154179983577
4191,KMT2E (55904),6.696413632511495e-05,True,4.360337504826558e-05,4.360337504826558e-05
4192,STK38 (11329),6.696073941732152e-05,True,0.0025399565511632716,0.0025399565511632716
4193,WIZ (58525),6.695372807024546e-05,True,0.000462380946995836,0.000462380946995836
4194,CAMK2G (818),6.694932101389664e-05,True,0.00026055236855913357,0.00026055236855913357
4195,FNDC5 (252995),6.694388436855884e-05,True,0.0015838896822876593,0.0015838896822876593
4196,ABRA (137735),6.691686185974498e-05,True,0.0004604348949256885,0.0004604348949256885
4197,CPZ (8532),6.689260019747569e-05,True,0.000465092866677558,0.000465092866677558
4198,A1BG (1),6.686382615513142e-05,True,-0.0020744456637848924,0.0020744456637848924
4199,ZNG1C (445571),6.685032202417599e-05,True,-0.0020996743785237698,0.0020996743785237698
4200,EEF1A1 (1915),6.684559308722855e-05,True,-0.0011325858063578162,0.0011325858063578162
4201,KCNE3 (10008),6.682828196030804e-05,True,0.001313882031954712,0.001313882031954712
4202,MED31 (51003),6.682263052731209e-05,True,0.0011602848341738655,0.0011602848341738655
4203,SVBP (374969),6.681481496364607e-05,True,0.00033900164647454926,0.00033900164647454926
4204,BBS2 (583),6.680294711455531e-05,True,-0.0002518679205440594,0.0002518679205440594
4205,MYO7B (4648),6.674790550963989e-05,True,-0.00045746893932617293,0.00045746893932617293
4206,POU5F2 (134187),6.674732477912402e-05,True,-0.00023082888737225319,0.00023082888737225319
4207,CEBPB (1051),6.672680737888303e-05,True,-0.0002548517066281471,0.0002548517066281471
4208,FGF7 (2252),6.67202981130558e-05,True,-0.0005246571776657796,0.0005246571776657796
4209,CCBE1 (147372),6.670612462533063e-05,True,0.002121422608120257,0.002121422608120257
4210,FGF3 (2248),6.664164231399556e-05,True,0.0007269774774439702,0.0007269774774439702
4211,RP9 (6100),6.658862841721131e-05,True,0.00041393574006589175,0.00041393574006589175
4212,CPTP (80772),6.65883669279524e-05,True,0.0026098268995323696,0.0026098268995323696
4213,NOC2L (26155),6.657204309969785e-05,True,0.0014976120203392422,0.0014976120203392422
4214,LTB (4050),6.6537934529769e-05,True,0.00047555023723211886,0.00047555023723211886
4215,EPB41L2 (2037),6.651621200261459e-05,True,-0.00025385125657988227,0.00025385125657988227
4216,TGFBR3L (100507588),6.649940958375633e-05,True,0.0008589731719309748,0.0008589731719309748
4217,ZNF484 (83744),6.648951945620164e-05,True,-0.00012807978362755924,0.00012807978362755924
4218,DRD2 (1813),6.646346610454833e-05,True,0.0017601893478641545,0.0017601893478641545
4219,SLC38A6 (145389),6.646306000982102e-05,True,-0.0016800835829262808,0.0016800835829262808
4220,PRKAG1 (5571),6.645134521003939e-05,True,0.0006087577569137309,0.0006087577569137309
4221,RANBP17 (64901),6.640894136280958e-05,True,-0.0009406202705164149,0.0009406202705164149
4222,CSMD2 (114784),6.640837701647038e-05,True,0.003782503546058232,0.003782503546058232
4223,HOXA5 (3202),6.640594942265472e-05,True,-0.0029922585766609822,0.0029922585766609822
4224,PAXIP1 (22976),6.640350882967053e-05,True,0.00046036330059755215,0.00046036330059755215
4225,NDUFAF7 (55471),6.63875984889643e-05,True,-0.0030259925832362023,0.0030259925832362023
4226,TREM2 (54209),6.637575280813658e-05,True,9.84954646438324e-05,9.84954646438324e-05
4227,ZNF214 (7761),6.630723614126862e-05,True,0.0017428340655828802,0.0017428340655828802
4228,CCN5 (8839),6.629504545062729e-05,True,8.915082964339952e-05,8.915082964339952e-05
4229,TMUB1 (83590),6.624590069030976e-05,True,-0.0016124045439945434,0.0016124045439945434
4230,RPF1 (80135),6.623578691651629e-05,True,0.00018017237405732432,0.00018017237405732432
4231,CLASRP (11129),6.622287831302564e-05,True,-0.0004852697496940917,0.0004852697496940917
4232,KLF8 (11279),6.621236910872897e-05,True,0.0014639795144182764,0.0014639795144182764
4233,KRTAP5-1 (387264),6.620305033161899e-05,True,0.0013104555388527516,0.0013104555388527516
4234,EIF3F (8665),6.61835597886548e-05,True,-0.0018829837730093973,0.0018829837730093973
4235,SLC26A3 (1811),6.618143568870168e-05,True,-0.00014753788939785213,0.00014753788939785213
4236,GRAMD1B (57476),6.616114119620412e-05,True,0.0006896197622642682,0.0006896197622642682
4237,TBC1D3K (101060351),6.615704796494985e-05,True,0.003346845683811134,0.003346845683811134
4238,ARF3 (377),6.612968785458272e-05,True,-0.002057737010777803,0.002057737010777803
4239,NRCAM (4897),6.612535780356005e-05,True,0.0013626452771598944,0.0013626452771598944
4240,ELOC (6921),6.603292720471974e-05,True,0.0020452237621589216,0.0020452237621589216
4241,MAB21L2 (10586),6.603208217450609e-05,True,0.000141747007721844,0.000141747007721844
4242,HAPLN3 (145864),6.602830222242425e-05,True,-0.0013511202198919748,0.0013511202198919748
4243,RPL39L (116832),6.602639686866286e-05,True,-0.0009307003025389926,0.0009307003025389926
4244,TM4SF5 (9032),6.600983601933722e-05,True,-0.0022878981745379917,0.0022878981745379917
4245,RPS13 (6207),6.600027474296248e-05,True,0.0004633015338888854,0.0004633015338888854
4246,ADGRE5 (976),6.599912163087725e-05,True,-0.00035730872550084275,0.00035730872550084275
4247,OMD (4958),6.599658281942446e-05,True,0.00016884569543726066,0.00016884569543726066
4248,BSX (390259),6.598525536409731e-05,True,0.00015837505254958555,0.00015837505254958555
4249,RCOR1 (23186),6.585604304275693e-05,True,4.2328407765754436e-05,4.2328407765754436e-05
4250,COMMD8 (54951),6.581908552673946e-05,True,0.0005447928865613602,0.0005447928865613602
4251,RNF20 (56254),6.581837539441054e-05,True,0.0013718867756009133,0.0013718867756009133
4252,ARMC7 (79637),6.580865756754516e-05,True,0.00043053858674524197,0.00043053858674524197
4253,CD86 (942),6.577189578652423e-05,True,0.004263654187657461,0.004263654187657461
4254,SPG7 (6687),6.575805613800965e-05,True,-0.0009886087291001294,0.0009886087291001294
4255,HLA-DQB1 (3119),6.575363171298405e-05,True,-0.0032512586444321126,0.0032512586444321126
4256,HNRNPR (10236),6.569631123447376e-05,True,0.00013546689335680638,0.00013546689335680638
4257,ADORA3 (140),6.568797386226214e-05,True,0.0009101674478823314,0.0009101674478823314
4258,PLOD3 (8985),6.567859538330036e-05,True,0.0006211819179422304,0.0006211819179422304
4259,CDC42BPG (55561),6.563936922042828e-05,True,-0.0007797338434979383,0.0007797338434979383
4260,TRAFD1 (10906),6.560198660102044e-05,True,-0.0007236894752513264,0.0007236894752513264
4261,GCNA (93953),6.5595991486792e-05,True,0.0011209605577691564,0.0011209605577691564
4262,SGTB (54557),6.55810871474612e-05,True,-0.0005418863375148443,0.0005418863375148443
4263,TXNDC2 (84203),6.555586303226599e-05,True,0.003653662965660934,0.003653662965660934
4264,SETD1B (23067),6.552982893106902e-05,True,0.0010323688058912813,0.0010323688058912813
4265,TRNAU1AP (54952),6.552135705246141e-05,True,-0.0017998637005993104,0.0017998637005993104
4266,SPPL2A (84888),6.551645728567488e-05,True,-0.002183026489799791,0.002183026489799791
4267,MED28 (80306),6.546878665095411e-05,True,0.001185676175323462,0.001185676175323462
4268,ECSCR (641700),6.54560259746338e-05,True,0.001676599816032711,0.001676599816032711
4269,ZNF17 (7565),6.544192393027086e-05,True,0.0002068648718782963,0.0002068648718782963
4270,KREMEN2 (79412),6.543611518577741e-05,True,0.0002892558940809563,0.0002892558940809563
4271,EOLA2 (541578),6.541756795281427e-05,True,0.0009034774161725925,0.0009034774161725925
4272,NAA11 (84779),6.540403233791967e-05,True,0.004153149620905123,0.004153149620905123
4273,METRN (79006),6.539252923885818e-05,True,0.0007003911718993884,0.0007003911718993884
4274,SCFD2 (152579),6.536742679296421e-05,True,0.0015243594506980473,0.0015243594506980473
4275,NLRC4 (58484),6.534188195132145e-05,True,-0.0029662097574950177,0.0029662097574950177
4276,TERB1 (283847),6.53382180018954e-05,True,0.0003504880326088102,0.0003504880326088102
4277,CCDC85A (114800),6.53353962834752e-05,True,-0.0032103807858942656,0.0032103807858942656
4278,ANKLE1 (126549),6.532310558552058e-05,True,-0.001773642827406845,0.001773642827406845
4279,CPT1B (1375),6.52475971447399e-05,True,0.0003692104481233644,0.0003692104481233644
4280,RAB15 (376267),6.523687081692936e-05,True,-0.001389506615548753,0.001389506615548753
4281,ZSCAN22 (342945),6.523113312726415e-05,True,-0.0014096815784846112,0.0014096815784846112
4282,OSMR (9180),6.519261070297e-05,True,-1.683364236942399e-05,1.683364236942399e-05
4283,IFT52 (51098),6.519116967110153e-05,True,0.0013287341611687713,0.0013287341611687713
4284,SLC35A3 (23443),6.518109765599016e-05,True,0.0012175711038941483,0.0012175711038941483
4285,KCTD14 (65987),6.518059793514909e-05,True,0.00047601298808003814,0.00047601298808003814
4286,ACSS3 (79611),6.516534293512805e-05,True,0.0010882660173296165,0.0010882660173296165
4287,HSPA4L (22824),6.516102851224485e-05,True,0.0031994929975900973,0.0031994929975900973
4288,PLAAT2 (54979),6.513374747846908e-05,True,-0.002242853323213559,0.002242853323213559
4289,PTK2B (2185),6.512563061821089e-05,True,-0.0007272944470651697,0.0007272944470651697
4290,PNP (4860),6.508113471450205e-05,True,-0.002192101701409879,0.002192101701409879
4291,EEF1AKMT2 (399818),6.502680019301493e-05,True,4.0344118914677684e-05,4.0344118914677684e-05
4292,GNRHR (2798),6.4994183878834e-05,True,0.001061722064084573,0.001061722064084573
4293,PLPBP (11212),6.498603760487149e-05,True,-0.00014431024551867346,0.00014431024551867346
4294,ZNF410 (57862),6.494924937949559e-05,True,-0.0021839261280078314,0.0021839261280078314
4295,EGLN3 (112399),6.494587434141884e-05,True,-0.001310514019449247,0.001310514019449247
4296,FGR (2268),6.492643074688083e-05,True,-0.003730911199497834,0.003730911199497834
4297,DEFB1 (1672),6.490033758008335e-05,True,-0.004390239184598778,0.004390239184598778
4298,CREBBP (1387),6.489441282687519e-05,True,0.002409258057844829,0.002409258057844829
4299,GPR27 (2850),6.485941159738164e-05,True,0.0022272087929255274,0.0022272087929255274
4300,POU3F2 (5454),6.485608382485913e-05,True,0.000245988089056346,0.000245988089056346
4301,SYNJ1 (8867),6.484076760976324e-05,True,0.0004798905239581353,0.0004798905239581353
4302,MOGAT1 (116255),6.478732752445926e-05,True,0.0023898975493354306,0.0023898975493354306
4303,ZNF607 (84775),6.478062760118218e-05,True,0.0025482132886516986,0.0025482132886516986
4304,HSPA6 (3310),6.477790273855269e-05,True,-0.0007471286094029729,0.0007471286094029729
4305,LIMD2 (80774),6.474468373226596e-05,True,-0.0004883139808464063,0.0004883139808464063
4306,WEE2 (494551),6.473941552121636e-05,True,-0.00398769829778399,0.00398769829778399
4307,SNRPA1 (6627),6.473500927903484e-05,True,-0.0013857543077065815,0.0013857543077065815
4308,ERCC1 (2067),6.471261821149889e-05,True,-0.002919333115750263,0.002919333115750263
4309,HSD17B10 (3028),6.469502135488488e-05,True,0.002916763519148467,0.002916763519148467
4310,CYP7B1 (9420),6.467946694721842e-05,True,-0.0011466585241464698,0.0011466585241464698
4311,UGT2B11 (10720),6.464686352059667e-05,True,-0.0013730021953176036,0.0013730021953176036
4312,BNIPL (149428),6.463579737791456e-05,True,0.001370792528023109,0.001370792528023109
4313,RIMS2 (9699),6.460662874431606e-05,True,-0.0005698680190146937,0.0005698680190146937
4314,PPP1R36 (145376),6.45994575267409e-05,True,0.001387143913637587,0.001387143913637587
4315,ACER3 (55331),6.459920567818409e-05,True,0.0016918404374594443,0.0016918404374594443
4316,L2HGDH (79944),6.459710400496927e-05,True,0.00012917082400605876,0.00012917082400605876
4317,DNAJC17 (55192),6.456706695010065e-05,True,0.0004324342938636114,0.0004324342938636114
4318,PPIC (5480),6.456285461441382e-05,True,0.0010257845511112247,0.0010257845511112247
4319,EPHX1 (2052),6.456122144400999e-05,True,0.000986043285795715,0.000986043285795715
4320,BTBD7 (55727),6.455143047910526e-05,True,0.0007112723546467217,0.0007112723546467217
4321,KCTD18 (130535),6.454656884065285e-05,True,-0.0004911130304060918,0.0004911130304060918
4322,NAT1 (9),6.452881224983232e-05,True,-7.127972860407393e-05,7.127972860407393e-05
4323,FAAP100 (80233),6.452080743255129e-05,True,-0.00014019848194103506,0.00014019848194103506
4324,POLR2K (5440),6.44975200735538e-05,True,0.001043798732054696,0.001043798732054696
4325,ZNF704 (619279),6.448008053728231e-05,True,-0.0015680552695025456,0.0015680552695025456
4326,POLR2J3 (548644),6.446885168193153e-05,True,0.0008928124225885386,0.0008928124225885386
4327,POLR2B (5431),6.446148402783277e-05,True,-0.0014168393340663228,0.0014168393340663228
4328,OR8G3 (387815),6.444141569830891e-05,True,0.0032252969789533705,0.0032252969789533705
4329,PPP2R2B (5521),6.443375979665788e-05,True,-0.00392353205092775,0.00392353205092775
4330,MEIS3 (56917),6.44227600496831e-05,True,-0.0005959892543233454,0.0005959892543233454
4331,OGFOD3 (79701),6.436967840979315e-05,True,-0.001504244221818185,0.001504244221818185
4332,ANAPC10 (10393),6.435127316931603e-05,True,0.0011981492778214797,0.0011981492778214797
4333,POLDIP2 (26073),6.434604491192885e-05,True,0.0010841442077740978,0.0010841442077740978
4334,ZNF697 (90874),6.425980411545748e-05,True,0.00010769528571004557,0.00010769528571004557
4335,HLA-B (3106),6.424814876408235e-05,True,-0.0018340898892616328,0.0018340898892616328
4336,MCOLN2 (255231),6.424523355361959e-05,True,-0.0027564256173339768,0.0027564256173339768
4337,DCAF4L2 (138009),6.424454595629973e-05,True,0.004494865863243303,0.004494865863243303
4338,AMD1 (262),6.421805104660858e-05,True,3.172838169959984e-05,3.172838169959984e-05
4339,LDLRAP1 (26119),6.415104955878033e-05,True,-0.0014394668812095868,0.0014394668812095868
4340,TMEM265 (100862671),6.413223364780388e-05,True,0.0017646718831409644,0.0017646718831409644
4341,MPZL1 (9019),6.41304873467574e-05,True,-0.0012300883063292138,0.0012300883063292138
4342,AR (367),6.412524054859218e-05,True,0.0016130533821760698,0.0016130533821760698
4343,DECR1 (1666),6.411484731764044e-05,True,-0.0002678309283093452,0.0002678309283093452
4344,CKB (1152),6.408274433705301e-05,True,0.0014294290674905406,0.0014294290674905406
4345,GRPR (2925),6.407809566376373e-05,True,0.0013674001796698415,0.0013674001796698415
4346,GLS (2744),6.407656351448003e-05,True,-0.0002426590929984736,0.0002426590929984736
4347,SMCO4 (56935),6.406498477541108e-05,True,-0.0019882016749039506,0.0019882016749039506
4348,CFAP36 (112942),6.404385245907545e-05,True,-0.00215072665497688,0.00215072665497688
4349,MRPL9 (65005),6.402977594147163e-05,True,-4.739484355868002e-05,4.739484355868002e-05
4350,POMT2 (29954),6.394997613247526e-05,True,-0.00047134800390162437,0.00047134800390162437
4351,EPN3 (55040),6.394891949147148e-05,True,0.0020516109428083437,0.0020516109428083437
4352,OTOP3 (347741),6.393551087686185e-05,True,0.0019991879228901657,0.0019991879228901657
4353,BLTP2 (9703),6.39289263100797e-05,True,0.0024593637874288404,0.0024593637874288404
4354,TRIL (9865),6.391756840762158e-05,True,-0.001180274193660947,0.001180274193660947
4355,OR13H1 (347468),6.390012097087746e-05,True,0.0018850366525387128,0.0018850366525387128
4356,NLRP14 (338323),6.387708911258473e-05,True,-0.0008890303261008807,0.0008890303261008807
4357,ERGIC2 (51290),6.386801918367732e-05,True,0.003227017385658288,0.003227017385658288
4358,ACOT13 (55856),6.384188162507294e-05,True,-0.000706288629034167,0.000706288629034167
4359,MAGI2 (9863),6.381780820460018e-05,True,0.0010970188848960084,0.0010970188848960084
4360,C6orf132 (647024),6.38070820419291e-05,True,0.001668424886836598,0.001668424886836598
4361,ZCCHC2 (54877),6.379691888579831e-05,True,0.0007811725486773761,0.0007811725486773761
4362,UBTD2 (92181),6.376728792845415e-05,True,-0.00101342791477292,0.00101342791477292
4363,RASGRP2 (10235),6.375309315638878e-05,True,-0.003116159695512791,0.003116159695512791
4364,ZNF785 (146540),6.374695443885279e-05,True,-0.00194937917546628,0.00194937917546628
4365,REPS2 (9185),6.372932376819837e-05,True,0.0006403291991449856,0.0006403291991449856
4366,FAM193A (8603),6.372534482941283e-05,True,-0.0009327712355415327,0.0009327712355415327
4367,TRIM37 (4591),6.372025634380624e-05,True,0.0004089781713381475,0.0004089781713381475
4368,TIPIN (54962),6.369903858360422e-05,True,-0.001939062174136398,0.001939062174136398
4369,RRS1 (23212),6.368570605231214e-05,True,0.0011715869481445317,0.0011715869481445317
4370,BMF (90427),6.366598724525872e-05,True,0.00016870235569730414,0.00016870235569730414
4371,WDR70 (55100),6.366052040559454e-05,True,0.0007082626200103186,0.0007082626200103186
4372,GFM1 (85476),6.365888868206352e-05,True,-0.0026972282286180723,0.0026972282286180723
4373,PTP4A1 (7803),6.364584225588035e-05,True,-0.0007434291554238859,0.0007434291554238859
4374,GNAQ (2776),6.363967672546059e-05,True,0.0027944109694841082,0.0027944109694841082
4375,MTCL3 (387104),6.363115243853745e-05,True,-0.0005033583223247852,0.0005033583223247852
4376,TXN2 (25828),6.362462867731416e-05,True,-0.001798348191584523,0.001798348191584523
4377,TXNRD2 (10587),6.356657899065403e-05,True,-8.189517460846008e-05,8.189517460846008e-05
4378,CT45A8 (102723737),6.355729804068595e-05,True,0.0023490149460424605,0.0023490149460424605
4379,SRSF3 (6428),6.353611914364834e-05,True,-0.000606035653266583,0.000606035653266583
4380,PIK3IP1 (113791),6.353147379835878e-05,True,-0.0035305037712614917,0.0035305037712614917
4381,PDE4D (5144),6.35262951534256e-05,True,0.0017467184623266773,0.0017467184623266773
4382,IPP (3652),6.352045714176636e-05,True,0.0021582567635780856,0.0021582567635780856
4383,ACTR10 (55860),6.351987747154551e-05,True,-0.0010832054104699365,0.0010832054104699365
4384,FBXO46 (23403),6.351905177785608e-05,True,-0.00090948567537602,0.00090948567537602
4385,CA13 (377677),6.350820499110244e-05,True,-0.002244684083239308,0.002244684083239308
4386,HNRNPH2 (3188),6.348076289300171e-05,True,-0.00018676427478839849,0.00018676427478839849
4387,LYL1 (4066),6.347724950688893e-05,True,-0.005037488721180539,0.005037488721180539
4388,PNPLA4 (8228),6.346051479185258e-05,True,0.0003123413367794338,0.0003123413367794338
4389,FYTTD1 (84248),6.342658154666565e-05,True,-0.0011259246998055724,0.0011259246998055724
4390,CTDSPL (10217),6.33986449784026e-05,True,-0.0005986444012609365,0.0005986444012609365
4391,ABHD14B (84836),6.33590370987328e-05,True,-0.0018247904966356896,0.0018247904966356896
4392,MID1 (4281),6.332494225361889e-05,True,0.00040158567191154613,0.00040158567191154613
4393,WWC3 (55841),6.33208957198494e-05,True,-0.0008905519232048925,0.0008905519232048925
4394,FAM43B (163933),6.330481952398249e-05,True,-6.857383673915187e-05,6.857383673915187e-05
4395,TBC1D7 (51256),6.329642412301203e-05,True,0.00025638347421667483,0.00025638347421667483
4396,CYFIP2 (26999),6.32928967236415e-05,True,-0.0022003846679337193,0.0022003846679337193
4397,LRRC2 (79442),6.329020767554638e-05,True,0.0018151772669661105,0.0018151772669661105
4398,HRH2 (3274),6.327182160550562e-05,True,-0.0034825822538053336,0.0034825822538053336
4399,RTL9 (57529),6.324133223156901e-05,True,-0.0003895835594214833,0.0003895835594214833
4400,JCHAIN (3512),6.323067148716057e-05,True,0.002007076828886168,0.002007076828886168
4401,AGAP3 (116988),6.319364189491881e-05,True,0.0017651010045450577,0.0017651010045450577
4402,SYCE1L (100130958),6.31608523222872e-05,True,0.00028565878164716425,0.00028565878164716425
4403,LDOC1 (23641),6.314331367758159e-05,True,0.003917723851538451,0.003917723851538451
4404,CAMK1D (57118),6.310849623688822e-05,True,0.0015607551977129073,0.0015607551977129073
4405,PYCARD (29108),6.308710406315494e-05,True,-0.00114308957954976,0.00114308957954976
4406,MCTP2 (55784),6.30870413308414e-05,True,0.000254726724829812,0.000254726724829812
4407,CCDC65 (85478),6.307895530484176e-05,True,-0.001528337968530837,0.001528337968530837
4408,LRBA (987),6.304710209533077e-05,True,-0.0018784418444462874,0.0018784418444462874
4409,AANAT (15),6.302179273544816e-05,True,0.0017814099152032225,0.0017814099152032225
4410,SMCR8 (140775),6.299835561063683e-05,True,0.0006853889122483635,0.0006853889122483635
4411,GALR3 (8484),6.299253343882844e-05,True,0.001281174874853557,0.001281174874853557
4412,EHD2 (30846),6.299168684130691e-05,True,-0.0027954216403742282,0.0027954216403742282
4413,VCAM1 (7412),6.298143881741634e-05,True,0.0009407859598928581,0.0009407859598928581
4414,BCAS4 (55653),6.295020670866498e-05,True,-0.00011391506898781375,0.00011391506898781375
4415,RAB35 (11021),6.293940496955549e-05,True,-0.001364752420403007,0.001364752420403007
4416,DPYSL4 (10570),6.292899944452571e-05,True,0.0015861681254129277,0.0015861681254129277
4417,CCNB2 (9133),6.291021138904339e-05,True,9.892983210399876e-05,9.892983210399876e-05
4418,ASTE1 (28990),6.288251666744305e-05,True,0.0015760294554151893,0.0015760294554151893
4419,RPL18 (6141),6.287758140322129e-05,True,0.0001037247574755748,0.0001037247574755748
4420,TRADD (8717),6.28230711449824e-05,True,-0.0033912762559731736,0.0033912762559731736
4421,FMR1NB (158521),6.281690477892798e-05,True,0.0016386104100845917,0.0016386104100845917
4422,GPC6 (10082),6.281025190882571e-05,True,-0.0022355845711804494,0.0022355845711804494
4423,TBC1D1 (23216),6.279331509735011e-05,True,-0.0012736092092385748,0.0012736092092385748
4424,FREM2 (341640),6.27330313308322e-05,True,0.0034402583855065883,0.0034402583855065883
4425,PLXNC1 (10154),6.271990583492563e-05,True,0.0016738112504350177,0.0016738112504350177
4426,LANCL1 (10314),6.271394089945243e-05,True,-0.0009336676732435282,0.0009336676732435282
4427,SKP2 (6502),6.26500457264858e-05,True,0.0013118132629423452,0.0013118132629423452
4428,CSNK1A1L (122011),6.262815685847834e-05,True,0.001288880800696098,0.001288880800696098
4429,TXNRD3 (114112),6.259142943564584e-05,True,0.002152303198682546,0.002152303198682546
4430,FGF20 (26281),6.255461220113957e-05,True,-0.0006623137187920225,0.0006623137187920225
4431,PCBD1 (5092),6.25419760605195e-05,True,-0.0005313259799254097,0.0005313259799254097
4432,PSMD13 (5719),6.253658323637667e-05,True,0.0004214538967597482,0.0004214538967597482
4433,RNF44 (22838),6.249843190074897e-05,True,0.0014706902732585308,0.0014706902732585308
4434,DNAJA4 (55466),6.24978508660731e-05,True,0.00015139180563988837,0.00015139180563988837
4435,FSIP1 (161835),6.249495567485945e-05,True,-0.0014444264746195186,0.0014444264746195186
4436,RNASEH2A (10535),6.248632152080293e-05,True,0.0001594226889400632,0.0001594226889400632
4437,SRGAP2 (23380),6.246035565355205e-05,True,4.8891704565806e-05,4.8891704565806e-05
4438,HELZ2 (85441),6.242723307403567e-05,True,0.0023661307263345755,0.0023661307263345755
4439,CDIN1 (84529),6.241681009240012e-05,True,-0.003841960191708387,0.003841960191708387
4440,PTPRH (5794),6.24101460754733e-05,True,-0.0022331613167905252,0.0022331613167905252
4441,MYBPC2 (4606),6.239417989396493e-05,True,0.0007643220373817047,0.0007643220373817047
4442,SEPTIN8 (23176),6.236536973588282e-05,True,-0.00115559976509538,0.00115559976509538
4443,KIF9 (64147),6.23544272829071e-05,True,-0.0011919566619441205,0.0011919566619441205
4444,SNAP47 (116841),6.233668645186954e-05,True,-0.0008855120152862928,0.0008855120152862928
4445,SLC6A4 (6532),6.232492558221452e-05,True,0.003181288985443183,0.003181288985443183
4446,RHBDD2 (57414),6.231203325831403e-05,True,-0.0001394455164050899,0.0001394455164050899
4447,CEACAM7 (1087),6.228099241511464e-05,True,-0.00032499220727859974,0.00032499220727859974
4448,CLCN1 (1180),6.225357017428211e-05,True,-0.00019214310997037415,0.00019214310997037415
4449,JAM2 (58494),6.223309337482225e-05,True,-0.0008434218642889776,0.0008434218642889776
4450,PHB2 (11331),6.223177108598614e-05,True,0.0009209797220986007,0.0009209797220986007
4451,CCDC12 (151903),6.222720644315941e-05,True,-0.0018725746805440156,0.0018725746805440156
4452,E2F7 (144455),6.220416562867399e-05,True,0.00043584099293779346,0.00043584099293779346
4453,AP4M1 (9179),6.219596192569942e-05,True,-2.993703238262594e-05,2.993703238262594e-05
4454,GRB14 (2888),6.218928872172353e-05,True,-0.0017258457184152224,0.0017258457184152224
4455,SH3KBP1 (30011),6.218379838244563e-05,True,-0.0012447784656381758,0.0012447784656381758
4456,CEL (1056),6.218015685820767e-05,True,0.0011646363835103662,0.0011646363835103662
4457,NACAD (23148),6.217916986911048e-05,True,0.0020506584915165223,0.0020506584915165223
4458,ZFYVE1 (53349),6.217469323260373e-05,True,-0.001571737371426957,0.001571737371426957
4459,MYL11 (29895),6.21516218560608e-05,True,-0.001073046217776599,0.001073046217776599
4460,UBN1 (29855),6.210373889233898e-05,True,0.0018099040697114525,0.0018099040697114525
4461,TRIAP1 (51499),6.210031924036698e-05,True,-0.0012070153386773573,0.0012070153386773573
4462,DEFB126 (81623),6.207124206388206e-05,True,0.0025088647742746765,0.0025088647742746765
4463,EIF4A3 (9775),6.205845682265159e-05,True,-0.0022356649188281746,0.0022356649188281746
4464,MAP4K5 (11183),6.202948552092563e-05,True,0.0002653923808216748,0.0002653923808216748
4465,SLC25A16 (8034),6.202562825524444e-05,True,-0.00046918611098201754,0.00046918611098201754
4466,RPA2 (6118),6.19987596647955e-05,True,-0.0010514093017549423,0.0010514093017549423
4467,SYS1 (90196),6.197087423145816e-05,True,0.0021550621276234085,0.0021550621276234085
4468,FKBP14 (55033),6.195048856358945e-05,True,0.0014209532507618813,0.0014209532507618813
4469,SUOX (6821),6.1946630437022e-05,True,0.0021755833823132106,0.0021755833823132106
4470,SVEP1 (79987),6.19458987498352e-05,True,0.004744188620094866,0.004744188620094866
4471,SPDYE2B (100310812),6.192627131445071e-05,True,-0.0029028029315817053,0.0029028029315817053
4472,SPATC1 (375686),6.192401135036863e-05,True,0.0026473660129476026,0.0026473660129476026
4473,ARHGAP18 (93663),6.190471745658205e-05,True,-0.002248142358946946,0.002248142358946946
4474,TMEM255A (55026),6.187418774739067e-05,True,-0.0017813814486747775,0.0017813814486747775
4475,ALG9 (79796),6.18701688201941e-05,True,0.0003987445141116345,0.0003987445141116345
4476,TEC (7006),6.185215346949672e-05,True,0.002217479688050382,0.002217479688050382
4477,ARGLU1 (55082),6.185183540214299e-05,True,-0.002563629680012256,0.002563629680012256
4478,LGALS9C (654346),6.184294471473951e-05,True,-0.0006107259362884039,0.0006107259362884039
4479,PLA2G15 (23659),6.182456057194541e-05,True,-0.00032662069543768705,0.00032662069543768705
4480,GPR89A (653519),6.178961801792754e-05,True,0.0005012739485816355,0.0005012739485816355
4481,ZNF350 (59348),6.178523642497368e-05,True,0.00017001972557638412,0.00017001972557638412
4482,TACC1 (6867),6.17829653042162e-05,True,-0.0009441463720097402,0.0009441463720097402
4483,NUDT10 (170685),6.177111550381127e-05,True,0.0007349624622981742,0.0007349624622981742
4484,SLC6A20 (54716),6.17530041094378e-05,True,-0.000568412880458424,0.000568412880458424
4485,LAMTOR1 (55004),6.171624242237553e-05,True,1.9472711490483262e-05,1.9472711490483262e-05
4486,PNMA5 (114824),6.168390089397285e-05,True,-0.0005090978888202928,0.0005090978888202928
4487,C11orf71 (54494),6.168022892398584e-05,True,0.0008604880880181095,0.0008604880880181095
4488,EARS2 (124454),6.161589205518638e-05,True,-0.000631327427756696,0.000631327427756696
4489,GFER (2671),6.160546887936351e-05,True,0.0009673824536468299,0.0009673824536468299
4490,GMNN (51053),6.159577306363563e-05,True,0.00038009620079924086,0.00038009620079924086
4491,MYO1G (64005),6.153792228287399e-05,True,-0.0034952923752995927,0.0034952923752995927
4492,COMMD6 (170622),6.151971028497114e-05,True,-0.0018015083548936221,0.0018015083548936221
4493,NR2E3 (10002),6.15040117598821e-05,True,0.0040151364012051246,0.0040151364012051246
4494,UCHL3 (7347),6.148979361559901e-05,True,-0.001336772822211102,0.001336772822211102
4495,EMILIN2 (84034),6.146048936012855e-05,True,-0.0027049849934231824,0.0027049849934231824
4496,NAPA (8775),6.145597955523363e-05,True,-0.00044325150193244133,0.00044325150193244133
4497,CASS4 (57091),6.145317446926657e-05,True,-4.9772308529566706e-05,4.9772308529566706e-05
4498,CCDC71L (168455),6.143553469642212e-05,True,-0.0010341423153844165,0.0010341423153844165
4499,MRC2 (9902),6.142973283190658e-05,True,0.0017085326631473133,0.0017085326631473133
4500,SMOX (54498),6.141054337338844e-05,True,-0.0007435138786795032,0.0007435138786795032
4501,IMPG1 (3617),6.140565541643357e-05,True,0.00025047352343335284,0.00025047352343335284
4502,SFT2D1 (113402),6.139550511772975e-05,True,-0.0016261240184880584,0.0016261240184880584
4503,HGH1 (51236),6.137389588032351e-05,True,-0.0010164737096778043,0.0010164737096778043
4504,H3C12 (8356),6.137385072377106e-05,True,-0.0005585687978868869,0.0005585687978868869
4505,AP1G2 (8906),6.136576169919411e-05,True,-0.001027350472739903,0.001027350472739903
4506,TMEM140 (55281),6.136375400449246e-05,True,0.0002097508716426544,0.0002097508716426544
4507,TMCC2 (9911),6.135452433092607e-05,True,-0.00042363382342698206,0.00042363382342698206
4508,RBM33 (155435),6.134469778069934e-05,True,0.0012147241095344327,0.0012147241095344327
4509,POU2AF3 (120376),6.132480928894133e-05,True,3.8694036711221444e-05,3.8694036711221444e-05
4510,AAMDC (28971),6.131056418679356e-05,True,0.0013959295212974923,0.0013959295212974923
4511,SLCO1A2 (6579),6.129749814489913e-05,True,0.0011888949937363248,0.0011888949937363248
4512,MYO1H (283446),6.128418280882894e-05,True,-0.001135205029655538,0.001135205029655538
4513,DUS1L (64118),6.123614829891597e-05,True,0.0005029234315052367,0.0005029234315052367
4514,THSD7B (80731),6.120769138624762e-05,True,0.0022235790065817424,0.0022235790065817424
4515,ABHD3 (171586),6.119959856379606e-05,True,0.0004373337524436776,0.0004373337524436776
4516,ZNF576 (79177),6.116112228105925e-05,True,-0.00043753719649370845,0.00043753719649370845
4517,SH2D5 (400745),6.114312771193781e-05,True,0.0018459812743909973,0.0018459812743909973
4518,PM20D1 (148811),6.111847182893293e-05,True,-0.00537794768763352,0.00537794768763352
4519,PON1 (5444),6.110313380245876e-05,True,-0.0013562771568135191,0.0013562771568135191
4520,MYO16 (23026),6.109735425913134e-05,True,0.00036589505111921106,0.00036589505111921106
4521,SOD1 (6647),6.105487105598699e-05,True,0.0011123494770496508,0.0011123494770496508
4522,FAM209B (388799),6.105229651364199e-05,True,0.004921752439314558,0.004921752439314558
4523,MAN1B1 (11253),6.101993865046137e-05,True,-0.00011104157268114492,0.00011104157268114492
4524,NIPAL3 (57185),6.0994222340165396e-05,True,0.0011921701361798775,0.0011921701361798775
4525,UBOX5 (22888),6.097470988722052e-05,True,-0.001356557502446228,0.001356557502446228
4526,SLC25A19 (60386),6.094563102435936e-05,True,0.002082159553196589,0.002082159553196589
4527,WNT11 (7481),6.093726701301302e-05,True,0.0007294322042615054,0.0007294322042615054
4528,NCR3LG1 (374383),6.088844651423081e-05,True,-0.0002714685494266673,0.0002714685494266673
4529,PTPN23 (25930),6.086475782274869e-05,True,0.0011211318909160467,0.0011211318909160467
4530,KLHL24 (54800),6.0855575838112354e-05,True,-0.0002730539407022518,0.0002730539407022518
4531,RHOU (58480),6.08358329349806e-05,True,-0.000513806945332531,0.000513806945332531
4532,C17orf78 (284099),6.077643567904451e-05,True,0.0037816955965818875,0.0037816955965818875
4533,HSPB6 (126393),6.076097798959802e-05,True,7.04583382893396e-05,7.04583382893396e-05
4534,RBP1 (5947),6.075969040027322e-05,True,0.0015256174880190461,0.0015256174880190461
4535,NCALD (83988),6.0759164942329894e-05,True,0.0010773962161033947,0.0010773962161033947
4536,RHOBTB3 (22836),6.07395011999163e-05,True,-0.0015805219887548734,0.0015805219887548734
4537,ZNF646 (9726),6.072082911279303e-05,True,0.000845017004328332,0.000845017004328332
4538,ESPL1 (9700),6.071772527996093e-05,True,0.0005890889921794434,0.0005890889921794434
4539,LY6G5C (80741),6.071539273196107e-05,True,-0.0029511119078521673,0.0029511119078521673
4540,ADAMTS1 (9510),6.0704293386419705e-05,True,0.0025490796425792356,0.0025490796425792356
4541,RAB17 (64284),6.069705369886266e-05,True,-0.0014387365458325392,0.0014387365458325392
4542,AGR2 (10551),6.066631263214078e-05,True,-0.0014294626783466402,0.0014294626783466402
4543,MLF2 (8079),6.0653090439015763e-05,True,0.0004468861393425313,0.0004468861393425313
4544,SEMA6A (57556),6.06508013539999e-05,True,0.00100180184972364,0.00100180184972364
4545,MAFG (4097),6.064407241736479e-05,True,0.0017038449237075175,0.0017038449237075175
4546,RHOC (389),6.063880191674386e-05,True,-0.0020648730414965467,0.0020648730414965467
4547,UMAD1 (729852),6.063732978958949e-05,True,-0.0006136542939724529,0.0006136542939724529
4548,EXOSC6 (118460),6.0630542415588506e-05,True,-0.0005531145642764007,0.0005531145642764007
4549,MYG1 (60314),6.0600458670466865e-05,True,-0.0008699492944317609,0.0008699492944317609
4550,TMEM165 (55858),6.059647702217697e-05,True,-0.00042355590586113496,0.00042355590586113496
4551,FAM167A (83648),6.053483960217541e-05,True,-0.002071309874154772,0.002071309874154772
4552,FOXH1 (8928),6.0533261546945354e-05,True,0.003100249382816783,0.003100249382816783
4553,SPATA6L (55064),6.052622953982508e-05,True,-0.002133390189619693,0.002133390189619693
4554,WDR24 (84219),6.0491334021243845e-05,True,0.002550501409182899,0.002550501409182899
4555,CD33 (945),6.045979345493436e-05,True,0.003377941829928423,0.003377941829928423
4556,LRRCC1 (85444),6.0451147457888484e-05,True,0.0008744072382587748,0.0008744072382587748
4557,MAOA (4128),6.044907660624819e-05,True,-0.0034677356930065614,0.0034677356930065614
4558,UBAP1 (51271),6.044317568619196e-05,True,-0.0025250688762901118,0.0025250688762901118
4559,NRXN2 (9379),6.0438902920932574e-05,True,-0.0006229873697199686,0.0006229873697199686
4560,LCP1 (3936),6.043880406715925e-05,True,0.00324034758616911,0.00324034758616911
4561,ESCO2 (157570),6.042281166590856e-05,True,-0.0008167494805806455,0.0008167494805806455
4562,OLFML2B (25903),6.042213536437726e-05,True,0.0012775617725050204,0.0012775617725050204
4563,POLE2 (5427),6.0413541772323624e-05,True,-0.00045910521213498104,0.00045910521213498104
4564,ZNF541 (84215),6.039431437811709e-05,True,-0.00015202290406926284,0.00015202290406926284
4565,INO80B (83444),6.032578595845463e-05,True,0.0014650692903864294,0.0014650692903864294
4566,MEOX1 (4222),6.030368364865776e-05,True,0.0023683936052795646,0.0023683936052795646
4567,PSMB6 (5694),6.028784307389537e-05,True,-0.0006393135573122325,0.0006393135573122325
4568,PLAC9 (219348),6.027940068965354e-05,True,0.002932261099425263,0.002932261099425263
4569,COG1 (9382),6.025642597602451e-05,True,-0.00017267997797163685,0.00017267997797163685
4570,ZFYVE27 (118813),6.0252797248769455e-05,True,0.00012583858900402152,0.00012583858900402152
4571,VAMP8 (8673),6.024214028673343e-05,True,-0.00010261083440537503,0.00010261083440537503
4572,SLC38A1 (81539),6.022888231838139e-05,True,-0.0009716503739980661,0.0009716503739980661
4573,CLEC4A (50856),6.01938592154083e-05,True,0.0010204092227152795,0.0010204092227152795
4574,DIO1 (1733),6.0182512238307625e-05,True,-0.0002813547398965691,0.0002813547398965691
4575,NBPF11 (200030),6.015120799184792e-05,True,-0.0006148347268953906,0.0006148347268953906
4576,PAQR6 (79957),6.0137501416372815e-05,True,0.0030150270320335355,0.0030150270320335355
4577,SP140L (93349),6.012286961061712e-05,True,0.0003602847699117626,0.0003602847699117626
4578,FITM1 (161247),6.010360131672157e-05,True,-0.0013746749837322393,0.0013746749837322393
4579,FGA (2243),6.010175528879142e-05,True,-0.0014492637539499243,0.0014492637539499243
4580,NMT1 (4836),6.006790458450387e-05,True,0.0005832582482694882,0.0005832582482694882
4581,CIMIP2B (730112),6.0036261337157256e-05,True,0.0030769776651208723,0.0030769776651208723
4582,LAMB1 (3912),6.0025852807193064e-05,True,-0.00030556294230564606,0.00030556294230564606
4583,BBS4 (585),5.9957133157210114e-05,True,-0.0004492709714943677,0.0004492709714943677
4584,ABCD4 (5826),5.9939120628594194e-05,True,-0.001903659066336522,0.001903659066336522
4585,BLACAT1 (101669762),5.991830484112271e-05,True,-0.0013136957702527619,0.0013136957702527619
4586,ARHGEF25 (115557),5.990589135438027e-05,True,-0.0011251873444337668,0.0011251873444337668
4587,NEU1 (4758),5.988923474077666e-05,True,-0.0010671174264657815,0.0010671174264657815
4588,CTSS (1520),5.988665516954521e-05,True,-0.00023305855601675994,0.00023305855601675994
4589,BBOX1 (8424),5.988580030483642e-05,True,0.0002645646416985225,0.0002645646416985225
4590,CERK (64781),5.985721794178393e-05,True,-0.00036955514617247184,0.00036955514617247184
4591,PPIAL4F (728945),5.981056263826423e-05,True,-0.0007316102259992072,0.0007316102259992072
4592,ARHGAP11B (89839),5.975132374282776e-05,True,0.001676396307160116,0.001676396307160116
4593,DSG2 (1829),5.974960668157091e-05,True,7.439272893624855e-05,7.439272893624855e-05
4594,SLC25A28 (81894),5.974131559603031e-05,True,6.54437674811935e-05,6.54437674811935e-05
4595,ADPRM (56985),5.973651790840977e-05,True,-0.0023173829984511314,0.0023173829984511314
4596,DENND11 (57189),5.9731746330578116e-05,True,0.00033279645903483434,0.00033279645903483434
4597,ATP6V1A (523),5.9723555592352694e-05,True,-0.0010420551143390327,0.0010420551143390327
4598,MAP2K4 (6416),5.966544806966715e-05,True,-0.002740914038137761,0.002740914038137761
4599,PSMD3 (5709),5.9663652785375506e-05,True,-0.00010556427112125343,0.00010556427112125343
4600,TRIO (7204),5.9660801637024165e-05,True,0.0007566421079536912,0.0007566421079536912
4601,THOC3 (84321),5.964975441362331e-05,True,-0.0015719483795540075,0.0015719483795540075
4602,GPANK1 (7918),5.961935839366927e-05,True,0.0008954849212782787,0.0008954849212782787
4603,LY6G6D (58530),5.959916755877651e-05,True,0.0013137344690827878,0.0013137344690827878
4604,MTHFD2L (441024),5.955897946444939e-05,True,0.002751901315631246,0.002751901315631246
4605,QSOX1 (5768),5.955132975618904e-05,True,-0.0004887747938875343,0.0004887747938875343
4606,LRRK1 (79705),5.954868441348206e-05,True,-0.002189500019242001,0.002189500019242001
4607,ZSCAN29 (146050),5.951947993443634e-05,True,-0.001753637720785455,0.001753637720785455
4608,SENP5 (205564),5.9511991186470025e-05,True,-0.0013133627728428108,0.0013133627728428108
4609,CDYL2 (124359),5.9500661457981835e-05,True,0.0007775678835147759,0.0007775678835147759
4610,H3-4 (8290),5.9496288885377575e-05,True,0.0008294050891831047,0.0008294050891831047
4611,HACL1 (26061),5.947669890136958e-05,True,-0.0009157442820304262,0.0009157442820304262
4612,TAS2R14 (50840),5.9473716485860555e-05,True,0.0013608426543623947,0.0013608426543623947
4613,PHF20L1 (51105),5.9464917974858066e-05,True,-0.003744255516931234,0.003744255516931234
4614,OPN1SW (611),5.9456569814382305e-05,True,0.0001117296283216509,0.0001117296283216509
4615,ODR4 (54953),5.9448599485206563e-05,True,-0.0031797949518426677,0.0031797949518426677
4616,USP21 (27005),5.943663903950453e-05,True,-0.0004977998517809246,0.0004977998517809246
4617,JAKMIP2 (9832),5.940419445142319e-05,True,-0.0006118727810834675,0.0006118727810834675
4618,FAM161B (145483),5.940315961328702e-05,True,0.0026021760966392334,0.0026021760966392334
4619,MYDGF (56005),5.938879804802052e-05,True,0.0005780687200235661,0.0005780687200235661
4620,BLTP1 (84162),5.935966559814124e-05,True,0.0002954846077526642,0.0002954846077526642
4621,PFDN2 (5202),5.932141818197641e-05,True,-0.0010794536506922039,0.0010794536506922039
4622,PTPN2 (5771),5.9302220299314987e-05,True,-0.0009357354171168732,0.0009357354171168732
4623,HS6ST3 (266722),5.929782657124048e-05,True,-0.0006338930113072656,0.0006338930113072656
4624,SOX10 (6663),5.927593702666231e-05,True,-0.0005756590219384815,0.0005756590219384815
4625,PTPN1 (5770),5.9268175931878694e-05,True,0.00176678667554145,0.00176678667554145
4626,GPIHBP1 (338328),5.924380392939228e-05,True,0.0032546867315187697,0.0032546867315187697
4627,MAPK7 (5598),5.9222690386727865e-05,True,0.0021448346548501905,0.0021448346548501905
4628,RBM19 (9904),5.921519059673643e-05,True,-0.0009140347705471304,0.0009140347705471304
4629,ALDH2 (217),5.921515625756496e-05,True,0.0013983840069203696,0.0013983840069203696
4630,LNPK (80856),5.918145259352924e-05,True,0.00207585629930797,0.00207585629930797
4631,CRLS1 (54675),5.916160810140315e-05,True,-0.0027901010230008856,0.0027901010230008856
4632,MUC3A (4584),5.9149139945763554e-05,True,-0.0032757855795233774,0.0032757855795233774
4633,CCZ1B (221960),5.9140888177577674e-05,True,-0.0021884588911810663,0.0021884588911810663
4634,PAX9 (5083),5.9126032685545625e-05,True,0.0028040545650459756,0.0028040545650459756
4635,S100A6 (6277),5.912482485373601e-05,True,-0.0031667375647463076,0.0031667375647463076
4636,ACLY (47),5.9100745670117395e-05,True,-0.000608580984623803,0.000608580984623803
4637,SLC38A11 (151258),5.909997854281851e-05,True,-0.0019435765563975043,0.0019435765563975043
4638,ZNF423 (23090),5.908631255802496e-05,True,0.0014598101914984779,0.0014598101914984779
4639,DOCK6 (57572),5.907617240316451e-05,True,-0.00266009223480185,0.00266009223480185
4640,ZNF124 (7678),5.9070727162000856e-05,True,0.0005146854281904178,0.0005146854281904178
4641,DLD (1738),5.905309388094826e-05,True,-7.23303157143698e-05,7.23303157143698e-05
4642,ZBTB37 (84614),5.900228320437948e-05,True,0.0007170874471528546,0.0007170874471528546
4643,RASSF8 (11228),5.8956608726318554e-05,True,0.0007100255233101088,0.0007100255233101088
4644,DPYSL2 (1808),5.892489221370799e-05,True,-0.0019145808832648906,0.0019145808832648906
4645,IQCF1 (132141),5.8910010914849337e-05,True,-0.0012299392923899918,0.0012299392923899918
4646,NPC2 (10577),5.88361118333849e-05,True,-0.002540692091778896,0.002540692091778896
4647,UGDH (7358),5.881830243640977e-05,True,0.0012956158906253718,0.0012956158906253718
4648,KCNN3 (3782),5.881638708635671e-05,True,0.0019235963478246123,0.0019235963478246123
4649,DNAJB7 (150353),5.8801731021955644e-05,True,0.003512425534430878,0.003512425534430878
4650,TIMM17A (10440),5.880075010009553e-05,True,0.0009803283253741663,0.0009803283253741663
4651,PROM1 (8842),5.880008669912286e-05,True,-0.0009798554282947763,0.0009798554282947763
4652,DCDC2C (728597),5.8794170022092345e-05,True,0.003917961545411217,0.003917961545411217
4653,SPINK8 (646424),5.87912166815896e-05,True,0.0016608857581479164,0.0016608857581479164
4654,CASP2 (835),5.879002679014872e-05,True,-0.0020040723174602577,0.0020040723174602577
4655,PSMB2 (5690),5.878021723709108e-05,True,-0.0011588489813985539,0.0011588489813985539
4656,GPX2 (2877),5.875126117884392e-05,True,-0.0014031477665710466,0.0014031477665710466
4657,HEG1 (57493),5.875068396125257e-05,True,0.00013056718055811604,0.00013056718055811604
4658,SPDYE10 (643862),5.874661645116079e-05,True,0.001125036984815351,0.001125036984815351
4659,AGAP9 (642517),5.870456078725037e-05,True,-0.002366377352812642,0.002366377352812642
4660,TBC1D10C (374403),5.8695343618311295e-05,True,0.0006533807452788255,0.0006533807452788255
4661,SPATA2L (124044),5.8636303259109094e-05,True,0.0003043133858613401,0.0003043133858613401
4662,RNF130 (55819),5.863341104603043e-05,True,0.0008387082083492589,0.0008387082083492589
4663,ITGAL (3683),5.86103383062281e-05,True,0.0017605374540350968,0.0017605374540350968
4664,SERPING1 (710),5.8602107735880105e-05,True,0.001837454893378296,0.001837454893378296
4665,SSBP1 (6742),5.85994546778524e-05,True,-0.00013660297065146913,0.00013660297065146913
4666,VN1R5 (317705),5.858530791759984e-05,True,-0.0021844493478229577,0.0021844493478229577
4667,DDI2 (84301),5.857447700557087e-05,True,0.0008210544196052541,0.0008210544196052541
4668,SPATA6 (54558),5.856256789576792e-05,True,0.0003837705743199118,0.0003837705743199118
4669,AKT1S1 (84335),5.8562044585375735e-05,True,0.001301588581188793,0.001301588581188793
4670,SOS2 (6655),5.852685812897212e-05,True,-0.0011110291049336624,0.0011110291049336624
4671,PNPLA6 (10908),5.850795336824694e-05,True,0.0006042229595813143,0.0006042229595813143
4672,NLK (51701),5.8506879286402754e-05,True,0.002283344302763489,0.002283344302763489
4673,NPY5R (4889),5.850309109186693e-05,True,0.0002401637677870232,0.0002401637677870232
4674,PTGDR2 (11251),5.850219364392103e-05,True,0.0010813598294283759,0.0010813598294283759
4675,NT5DC3 (51559),5.850063320043827e-05,True,-0.0029618396441748155,0.0029618396441748155
4676,HENMT1 (113802),5.848725496201942e-05,True,0.0024532440602317448,0.0024532440602317448
4677,SMAD9 (4093),5.846404711251773e-05,True,0.0027076489148261454,0.0027076489148261454
4678,TFPT (29844),5.845927586725926e-05,True,-0.0008551844270156524,0.0008551844270156524
4679,ASPHD2 (57168),5.8432767224258793e-05,True,0.0011594876077499192,0.0011594876077499192
4680,MFSD4B (91749),5.8410618804688403e-05,True,0.00012396757633637403,0.00012396757633637403
4681,NDUFB3 (4709),5.836239039124897e-05,True,0.0015189553517920697,0.0015189553517920697
4682,DRC1 (92749),5.833556649284176e-05,True,0.0032944759576632814,0.0032944759576632814
4683,FAM135A (57579),5.833478626309226e-05,True,-0.002271062748111166,0.002271062748111166
4684,TPD52 (7163),5.832884635213598e-05,True,0.003336236143559517,0.003336236143559517
4685,PIWIL3 (440822),5.827412062931711e-05,True,0.0011992331559876569,0.0011992331559876569
4686,RAB6A (5870),5.826523959231213e-05,True,-0.0002001332835722047,0.0002001332835722047
4687,PPIL6 (285755),5.8261397502833224e-05,True,0.0006226651803108532,0.0006226651803108532
4688,MRPL54 (116541),5.82194090041177e-05,True,-0.0003908166440467506,0.0003908166440467506
4689,GLYAT (10249),5.819481007650528e-05,True,0.00086385888654473,0.00086385888654473
4690,INSRR (3645),5.819304806292827e-05,True,-0.0011633550258616269,0.0011633550258616269
4691,USP9X (8239),5.816954254168982e-05,True,0.0026215728315616875,0.0026215728315616875
4692,CAPN7 (23473),5.8168269202860845e-05,True,0.0020168921972407864,0.0020168921972407864
4693,AZU1 (566),5.8139761436940694e-05,True,0.0008781291094922317,0.0008781291094922317
4694,PIGY (84992),5.813669419226011e-05,True,0.0005996273425973001,0.0005996273425973001
4695,BCCIP (56647),5.81247671639347e-05,True,0.0006060477478445564,0.0006060477478445564
4696,DISP3 (57540),5.811722633898606e-05,True,0.0013672932926106674,0.0013672932926106674
4697,ASIC4 (55515),5.8092266497216295e-05,True,-0.004713735393623025,0.004713735393623025
4698,TAB1 (10454),5.804354073484233e-05,True,0.0005862699384202659,0.0005862699384202659
4699,RFK (55312),5.8041461144917346e-05,True,0.0003121657983090304,0.0003121657983090304
4700,UBE2S (27338),5.801137351813136e-05,True,-0.0030463818537069484,0.0030463818537069484
4701,ZNF197 (10168),5.8010747256371745e-05,True,0.0003149174902505802,0.0003149174902505802
4702,C4orf54 (285556),5.799030047947451e-05,True,-0.0016160221949047685,0.0016160221949047685
4703,FBXO15 (201456),5.7972810747594555e-05,True,-0.0020909920129951708,0.0020909920129951708
4704,MOSPD1 (56180),5.7972388522678155e-05,True,0.001511743921047865,0.001511743921047865
4705,NXF3 (56000),5.795782746299098e-05,True,0.0030253905751700646,0.0030253905751700646
4706,NTRK2 (4915),5.79518218078601e-05,True,0.002190601570893552,0.002190601570893552
4707,MITD1 (129531),5.794331667887425e-05,True,0.0014364360440985398,0.0014364360440985398
4708,SLC30A6 (55676),5.791514529289362e-05,True,-0.0017968518862536294,0.0017968518862536294
4709,COL9A1 (1297),5.788592785257052e-05,True,-0.00018185945270217212,0.00018185945270217212
4710,KIF13A (63971),5.787350203160535e-05,True,0.0008146985650758921,0.0008146985650758921
4711,PAOX (196743),5.786659879093856e-05,True,-0.0020265585349209447,0.0020265585349209447
4712,PHKB (5257),5.7850086559259614e-05,True,-0.0010949551467601885,0.0010949551467601885
4713,KEAP1 (9817),5.7849931570371774e-05,True,-0.0010288494764150063,0.0010288494764150063
4714,U2AF1L4 (199746),5.7848780997601815e-05,True,0.0014284594528165056,0.0014284594528165056
4715,ALG14 (199857),5.784668911709639e-05,True,0.0010727916335935219,0.0010727916335935219
4716,EBLN1 (340900),5.777669119356974e-05,True,0.0013752714786331736,0.0013752714786331736
4717,ADA2 (51816),5.775933645285197e-05,True,0.0021672504027177913,0.0021672504027177913
4718,MGST1 (4257),5.771820751562624e-05,True,0.0022836159655962645,0.0022836159655962645
4719,GJA3 (2700),5.770730836381775e-05,True,0.0003998329938622884,0.0003998329938622884
4720,FIGNL1 (63979),5.767495565312037e-05,True,0.0014115202104939177,0.0014115202104939177
4721,NAGA (4668),5.767386251996208e-05,True,-0.00039355354956102206,0.00039355354956102206
4722,LMAN2L (81562),5.7620087793665886e-05,True,0.0015204142090521056,0.0015204142090521056
4723,ATRIP (84126),5.7618223053945726e-05,True,0.0008295019023748305,0.0008295019023748305
4724,OSBPL10 (114884),5.7599950900014994e-05,True,0.00042176026791995475,0.00042176026791995475
4725,ATP6AP1 (537),5.759550600073998e-05,True,0.0002202512882767255,0.0002202512882767255
4726,GNA15 (2769),5.758505239737091e-05,True,-0.0009902371412388682,0.0009902371412388682
4727,OMP (4975),5.7585050933646656e-05,True,-0.0006515488296737315,0.0006515488296737315
4728,MYOM1 (8736),5.7546909430376764e-05,True,-9.634446052063492e-05,9.634446052063492e-05
4729,COX11 (1353),5.7524901425049784e-05,True,0.0010986081064339546,0.0010986081064339546
4730,DEGS2 (123099),5.7507125296273624e-05,True,0.0006334789856934417,0.0006334789856934417
4731,PLEKHG5 (57449),5.748695195314121e-05,True,0.0037157803969578565,0.0037157803969578565
4732,BEND5 (79656),5.7480754968611795e-05,True,-0.0010770848260342092,0.0010770848260342092
4733,TTC19 (54902),5.747425716713863e-05,True,-0.002546830817458447,0.002546830817458447
4734,KIAA0232 (9778),5.745862110795793e-05,True,-0.001940653496111151,0.001940653496111151
4735,APOBR (55911),5.745504505238895e-05,True,0.0019433261562070575,0.0019433261562070575
4736,ZC3H8 (84524),5.7439775323071665e-05,True,-0.00022922054016658836,0.00022922054016658836
4737,ALDH1A1 (216),5.7422744752090124e-05,True,0.001127838101789877,0.001127838101789877
4738,ANKRD53 (79998),5.7416947578031734e-05,True,0.0019060688247611692,0.0019060688247611692
4739,ATP13A5 (344905),5.739844782472108e-05,True,3.0375692026349006e-05,3.0375692026349006e-05
4740,HOXA2 (3199),5.736533477188419e-05,True,-0.0011950693360892122,0.0011950693360892122
4741,H1-1 (3024),5.736163025022376e-05,True,-0.00405720052954095,0.00405720052954095
4742,LTBP4 (8425),5.734729673919564e-05,True,-0.0009866222762710576,0.0009866222762710576
4743,SMTN (6525),5.732934363007857e-05,True,2.279658464931925e-05,2.279658464931925e-05
4744,B3GNT8 (374907),5.731926613440097e-05,True,-0.0011263733165568462,0.0011263733165568462
4745,ARAF (369),5.7319105979301044e-05,True,0.001182703576896543,0.001182703576896543
4746,TMEM150C (441027),5.730042190778455e-05,True,0.002480029800963739,0.002480029800963739
4747,CA14 (23632),5.729856004203749e-05,True,0.0004766094261531037,0.0004766094261531037
4748,MCMDC2 (157777),5.727250783838202e-05,True,-0.0005169500426184636,0.0005169500426184636
4749,CD5L (922),5.7243322018329015e-05,True,0.0006019465181100509,0.0006019465181100509
4750,AFG1L (246269),5.7236615350604583e-05,True,0.00030006160028209195,0.00030006160028209195
4751,DCAF5 (8816),5.715949079530036e-05,True,0.00014123414032581343,0.00014123414032581343
4752,ST3GAL1 (6482),5.7148793734233914e-05,True,0.0012850001748575266,0.0012850001748575266
4753,RMP64 (25871),5.712873548302727e-05,True,-0.0017026698822439781,0.0017026698822439781
4754,GDAP2 (54834),5.711786837872062e-05,True,0.000548438172994033,0.000548438172994033
4755,SQLE (6713),5.7103706310644193e-05,True,-0.0034551313722932754,0.0034551313722932754
4756,RBBP8 (5932),5.70991336772098e-05,True,-0.001864380543895816,0.001864380543895816
4757,ZNF26 (7574),5.702221603438517e-05,True,0.00013248626068844416,0.00013248626068844416
4758,NHS (4810),5.702162761901422e-05,True,0.00046070714582018533,0.00046070714582018533
4759,LRRTM1 (347730),5.7020147523640276e-05,True,0.0015903284844940165,0.0015903284844940165
4760,KLHL1 (57626),5.6995528348522416e-05,True,0.0008778523693431358,0.0008778523693431358
4761,TPMT (7172),5.698408641528649e-05,True,7.412754712504384e-05,7.412754712504384e-05
4762,FAM234B (57613),5.697142864746287e-05,True,0.0006338438632447772,0.0006338438632447772
4763,PA2G4 (5036),5.6955309783494896e-05,True,0.0009510135622686007,0.0009510135622686007
4764,CYP2D7 (1564),5.694133663936054e-05,True,0.00017568024999860222,0.00017568024999860222
4765,GSX1 (219409),5.6940421526053293e-05,True,0.0008242211732289561,0.0008242211732289561
4766,ATP1A3 (478),5.6934625587759405e-05,True,-0.002145416690330679,0.002145416690330679
4767,NANP (140838),5.6926882426928054e-05,True,-0.000678537417067534,0.000678537417067534
4768,BBS5 (129880),5.689122150453145e-05,True,0.0009912807534872624,0.0009912807534872624
4769,SRRM5 (100170229),5.687273560404796e-05,True,-0.0026696184208765267,0.0026696184208765267
4770,PCBP2 (5094),5.6867649176074926e-05,True,9.380157898400036e-05,9.380157898400036e-05
4771,E2F3 (1871),5.686684339036509e-05,True,-0.0017652976747110855,0.0017652976747110855
4772,AKAP6 (9472),5.684564848372194e-05,True,0.001449535447802591,0.001449535447802591
4773,RYBP (23429),5.683064783250821e-05,True,0.00016493480165265164,0.00016493480165265164
4774,CLCN6 (1185),5.682622228522012e-05,True,1.715064935750533e-05,1.715064935750533e-05
4775,SF3B1 (23451),5.682287738776814e-05,True,-0.0028478716625743926,0.0028478716625743926
4776,MUC17 (140453),5.682268609094702e-05,True,0.0014333814662848491,0.0014333814662848491
4777,CDADC1 (81602),5.681987272180312e-05,True,0.003505215270516269,0.003505215270516269
4778,MRPL33 (9553),5.681884181417514e-05,True,0.004212369778069981,0.004212369778069981
4779,MLC1 (23209),5.6802932768639186e-05,True,-0.00031994194476912764,0.00031994194476912764
4780,GPI (2821),5.67999043926557e-05,True,-0.0017460928998441112,0.0017460928998441112
4781,CDH5 (1003),5.679405294896268e-05,True,0.0008881931836373963,0.0008881931836373963
4782,PTH2R (5746),5.674136965689257e-05,True,0.0009674115788558677,0.0009674115788558677
4783,CFHR1 (3078),5.671333203520733e-05,True,-0.0007924912880174448,0.0007924912880174448
4784,ZNF675 (171392),5.6694486706986416e-05,True,0.0014321962731655687,0.0014321962731655687
4785,THAP4 (51078),5.668850896343278e-05,True,-0.00013481483161898507,0.00013481483161898507
4786,NANOGP8 (388112),5.6680959134001435e-05,True,-0.0018681567916439905,0.0018681567916439905
4787,RORB (6096),5.667000373438795e-05,True,0.00014794038650478255,0.00014794038650478255
4788,ARHGEF40 (55701),5.666284994712984e-05,True,-0.0024738299098423736,0.0024738299098423736
4789,ZNF311 (282890),5.665310833744626e-05,True,-0.00018894218101470875,0.00018894218101470875
4790,EPGN (255324),5.662433625449871e-05,True,0.003167943411448702,0.003167943411448702
4791,KDM3A (55818),5.661663232107985e-05,True,-0.001350630345248603,0.001350630345248603
4792,PDE6A (5145),5.658697644076409e-05,True,0.0030701977616796523,0.0030701977616796523
4793,CARD16 (114769),5.658018010192946e-05,True,0.0005443245752104527,0.0005443245752104527
4794,SLC5A9 (200010),5.65448019924931e-05,True,-0.002157381098135244,0.002157381098135244
4795,RNF214 (257160),5.647898603987465e-05,True,0.00022903530741674228,0.00022903530741674228
4796,KDM1B (221656),5.645662042692109e-05,True,0.000423150389005489,0.000423150389005489
4797,DBR1 (51163),5.645586628132063e-05,True,0.001959715314255958,0.001959715314255958
4798,SERTAD3 (29946),5.6454811410511886e-05,True,0.0019547029724542074,0.0019547029724542074
4799,NRN1L (123904),5.6450953236949305e-05,True,0.00053474751453903,0.00053474751453903
4800,KANSL1 (284058),5.644071056650543e-05,True,-0.0012485121854711677,0.0012485121854711677
4801,GABPB2 (126626),5.6439413712227805e-05,True,0.0006417425285306353,0.0006417425285306353
4802,LRRC69 (100130742),5.640945199602982e-05,True,0.0013006567705628896,0.0013006567705628896
4803,HR (55806),5.640174200185332e-05,True,-0.0011349721298315337,0.0011349721298315337
4804,CCDC175 (729665),5.639889391306128e-05,True,-0.0028881884987462837,0.0028881884987462837
4805,TTC7B (145567),5.6367446161796884e-05,True,-0.002359515567679266,0.002359515567679266
4806,SIRT1 (23411),5.63480864112335e-05,True,-0.000338145762566671,0.000338145762566671
4807,KCTD8 (386617),5.634341011911599e-05,True,-0.0008112266525776551,0.0008112266525776551
4808,DNHD1 (144132),5.6308225027185555e-05,True,-0.001203274595174627,0.001203274595174627
4809,CDT1 (81620),5.6307109141935684e-05,True,-0.0005408931516373335,0.0005408931516373335
4810,PITPNM1 (9600),5.6297081979081516e-05,True,0.002175053121507076,0.002175053121507076
4811,LRIT3 (345193),5.626642087006537e-05,True,-0.001682353548573298,0.001682353548573298
4812,ATP4A (495),5.626563642461285e-05,True,0.0031965663711007847,0.0031965663711007847
4813,HGSNAT (138050),5.621408504777606e-05,True,0.0003616756322145547,0.0003616756322145547
4814,SLC9B1 (150159),5.620812027596013e-05,True,-0.0011419002979815998,0.0011419002979815998
4815,ZBTB47 (92999),5.62024679824693e-05,True,-0.0006410518187981217,0.0006410518187981217
4816,CTNND2 (1501),5.618166058543018e-05,True,-0.0002802998811424987,0.0002802998811424987
4817,RUBCN (9711),5.615097003306315e-05,True,-0.0009311392181577749,0.0009311392181577749
4818,DNAI3 (126820),5.613762304884446e-05,True,0.00040302099350518895,0.00040302099350518895
4819,NUDT11 (55190),5.610193291857751e-05,True,-7.778205161143407e-05,7.778205161143407e-05
4820,F2 (2147),5.609337053719385e-05,True,-0.0029280768388932556,0.0029280768388932556
4821,FOXJ3 (22887),5.609111172808017e-05,True,-0.0008243089663810812,0.0008243089663810812
4822,SPATA31E1 (286234),5.609096981397133e-05,True,-0.0002760404559558994,0.0002760404559558994
4823,SLC4A1AP (22950),5.608955585245081e-05,True,0.00129990556247152,0.00129990556247152
4824,MRPL50 (54534),5.606976165218309e-05,True,0.0012145628852605218,0.0012145628852605218
4825,RHBDL2 (54933),5.606687062101812e-05,True,0.0005891148057625918,0.0005891148057625918
4826,PPP1R13L (10848),5.606202786366582e-05,True,0.0018906305769195682,0.0018906305769195682
4827,ACCS (84680),5.605334727690936e-05,True,0.0023887403495339255,0.0023887403495339255
4828,SIPA1L1 (26037),5.6049797976121444e-05,True,0.0022472766411674077,0.0022472766411674077
4829,UBN2 (254048),5.60386839743553e-05,True,0.0006347645042051589,0.0006347645042051589
4830,FOXD4L1 (200350),5.602401872729243e-05,True,0.0005695904797619994,0.0005695904797619994
4831,BRWD3 (254065),5.6009041669274576e-05,True,0.0006977742894124497,0.0006977742894124497
4832,EBP (10682),5.600536004021298e-05,True,3.9170725551408605e-06,3.9170725551408605e-06
4833,OPN3 (23596),5.5979089340904616e-05,True,9.911004315320705e-06,9.911004315320705e-06
4834,NDUFV3 (4731),5.5969084230126555e-05,True,0.003229983553287171,0.003229983553287171
4835,CELSR3 (1951),5.596065146280592e-05,True,-0.00311203627227824,0.00311203627227824
4836,FBLN5 (10516),5.594160520975389e-05,True,0.0022734181319061207,0.0022734181319061207
4837,CARD9 (64170),5.593487250588059e-05,True,8.070960450981763e-05,8.070960450981763e-05
4838,MEPCE (56257),5.592023321680415e-05,True,0.0002747268959524215,0.0002747268959524215
4839,MBOAT7 (79143),5.590245419864408e-05,True,-0.0004019679119881471,0.0004019679119881471
4840,SUMO3 (6612),5.58866614754426e-05,True,0.0014641470147586269,0.0014641470147586269
4841,ADH6 (130),5.5886393246194e-05,True,-0.002374939183562641,0.002374939183562641
4842,FZD6 (8323),5.587931975829265e-05,True,0.00029160761301481777,0.00029160761301481777
4843,SYNM (23336),5.5860040428030326e-05,True,-0.0012456202425730578,0.0012456202425730578
4844,ZNF766 (90321),5.585683359148288e-05,True,0.003042798755649843,0.003042798755649843
4845,RABL2A (11159),5.5844519429142645e-05,True,2.9829810783450078e-05,2.9829810783450078e-05
4846,NMRK1 (54981),5.584153125811424e-05,True,0.0015711310559834856,0.0015711310559834856
4847,TIAM1 (7074),5.583024005449041e-05,True,0.0014413552523715838,0.0014413552523715838
4848,CCND2 (894),5.581488578967667e-05,True,-0.0024773444858323434,0.0024773444858323434
4849,CFAP126 (257177),5.580665089058313e-05,True,0.0013777711356841363,0.0013777711356841363
4850,RABGGTB (5876),5.578760756416202e-05,True,-0.0012122099348467078,0.0012122099348467078
4851,KIAA0930 (23313),5.5762812514455734e-05,True,-0.0016420235299777805,0.0016420235299777805
4852,TRIM6 (117854),5.57618551179519e-05,True,0.000831775451961115,0.000831775451961115
4853,THBD (7056),5.573998317947936e-05,True,-0.0025630964099584144,0.0025630964099584144
4854,EMILIN3 (90187),5.5729557781573514e-05,True,0.002186533214400347,0.002186533214400347
4855,ATOSB (80256),5.5716541905983574e-05,True,-0.0026656159564930754,0.0026656159564930754
4856,ACRBP (84519),5.569564209132949e-05,True,0.0002199959069800289,0.0002199959069800289
4857,GTF2IRD2B (389524),5.565958660100053e-05,True,0.00034519655804886567,0.00034519655804886567
4858,SYT15 (83849),5.5641364651377986e-05,True,0.0007853641020686764,0.0007853641020686764
4859,DGKH (160851),5.563950124148026e-05,True,0.0009147259163779116,0.0009147259163779116
4860,PGGT1B (5229),5.563907099034353e-05,True,-0.0034151120514946546,0.0034151120514946546
4861,NFKB1 (4790),5.563777155133778e-05,True,0.0006478300612435365,0.0006478300612435365
4862,RAB10 (10890),5.563398394267343e-05,True,0.00048293549068042314,0.00048293549068042314
4863,RGS2 (5997),5.561657511026328e-05,True,-0.0015003878601431622,0.0015003878601431622
4864,NRDE2 (55051),5.5606786520055535e-05,True,-0.003181887044786406,0.003181887044786406
4865,TMPRSS7 (344805),5.56058450606333e-05,True,-0.00152223693721372,0.00152223693721372
4866,ZNF467 (168544),5.560033624467315e-05,True,0.00014221265033465794,0.00014221265033465794
4867,LRFN3 (79414),5.55975555612037e-05,True,-0.001407167747525126,0.001407167747525126
4868,GATD1 (347862),5.55552984312555e-05,True,0.0013223374184641095,0.0013223374184641095
4869,BBOF1 (80127),5.5550658418488935e-05,True,5.399817834373971e-05,5.399817834373971e-05
4870,DNA2 (1763),5.554660889835835e-05,True,-0.0023972538767487433,0.0023972538767487433
4871,RCN1 (5954),5.553071957685377e-05,True,-0.0004186983670841299,0.0004186983670841299
4872,F8A3 (474384),5.5527927347213816e-05,True,0.0016792101686726713,0.0016792101686726713
4873,NPNT (255743),5.552455231843604e-05,True,0.0032654837537056257,0.0032654837537056257
4874,METTL4 (64863),5.552306584837184e-05,True,-0.0012421844938613784,0.0012421844938613784
4875,SKIC8 (80349),5.548955186645074e-05,True,-0.003448812469237516,0.003448812469237516
4876,TOX (9760),5.543704324698023e-05,True,-0.00023319111654711072,0.00023319111654711072
4877,RTRAF (51637),5.5382248348409335e-05,True,-0.0005068797648061644,0.0005068797648061644
4878,NFATC1 (4772),5.5371416706758654e-05,True,-0.001004185180941641,0.001004185180941641
4879,MSMO1 (6307),5.5322341383471625e-05,True,-6.75123277565871e-06,6.75123277565871e-06
4880,POU5F1B (5462),5.5309975573104595e-05,True,0.0010528705105556089,0.0010528705105556089
4881,FBXW11 (23291),5.5305650241626365e-05,True,-0.00041755205544564814,0.00041755205544564814
4882,ITGB7 (3695),5.530371079678469e-05,True,0.0020095302731780547,0.0020095302731780547
4883,RGS10 (6001),5.527584268408851e-05,True,0.002223348134524604,0.002223348134524604
4884,TNIP2 (79155),5.525366383717766e-05,True,-0.0034357039991555175,0.0034357039991555175
4885,GALNT15 (117248),5.5233313823655354e-05,True,-0.0014809198010982596,0.0014809198010982596
4886,ANKRD40CL (55018),5.5197577922919156e-05,True,-0.0004157701800875064,0.0004157701800875064
4887,ADH7 (131),5.5161556226150265e-05,True,0.006190961548208122,0.006190961548208122
4888,ZNF304 (57343),5.515663610042305e-05,True,-0.0003520570918712652,0.0003520570918712652
4889,SNAPC4 (6621),5.514582464991192e-05,True,-0.00017766206525604762,0.00017766206525604762
4890,TXNDC9 (10190),5.5128966411932214e-05,True,4.460257392024762e-06,4.460257392024762e-06
4891,VRK3 (51231),5.512574051074139e-05,True,-0.0019021555971203313,0.0019021555971203313
4892,ATP6V0A1 (535),5.511316343924309e-05,True,-0.0007432324728161545,0.0007432324728161545
4893,HNRNPDL (9987),5.5109596304809245e-05,True,-0.0016007515216536418,0.0016007515216536418
4894,GRXCR2 (643226),5.507678645055623e-05,True,1.1283141152696255e-05,1.1283141152696255e-05
4895,PWP2 (5822),5.507604979612754e-05,True,-0.0016989806425532243,0.0016989806425532243
4896,ESS2 (8220),5.5074049178642646e-05,True,-0.001138399231676458,0.001138399231676458
4897,RASSF4 (83937),5.505068282999111e-05,True,-0.0027480525146730966,0.0027480525146730966
4898,CAMLG (819),5.504992161826784e-05,True,-0.0015700840360332801,0.0015700840360332801
4899,GBP3 (2635),5.503223357949881e-05,True,9.694880587153782e-05,9.694880587153782e-05
4900,IFI35 (3430),5.5026172552758186e-05,True,-0.00012341559372112542,0.00012341559372112542
4901,ECE1 (1889),5.499627641186598e-05,True,0.0011132076126714684,0.0011132076126714684
4902,ZNF425 (155054),5.4980173249602455e-05,True,0.00023314923222509483,0.00023314923222509483
4903,GPR107 (57720),5.497327753221473e-05,True,0.002028260915104113,0.002028260915104113
4904,WFDC11 (259239),5.497148016015918e-05,True,0.0013713081721701428,0.0013713081721701428
4905,RFX8 (731220),5.495977929576173e-05,True,-0.0014621368791356507,0.0014621368791356507
4906,FAM114A2 (10827),5.495528479941479e-05,True,-0.001195711721921428,0.001195711721921428
4907,FIBCD1 (84929),5.4953604345761295e-05,True,0.0018814636877407375,0.0018814636877407375
4908,FOXG1 (2290),5.493941371350333e-05,True,0.002072676868974695,0.002072676868974695
4909,FITM2 (128486),5.491759270627485e-05,True,0.00147885800907696,0.00147885800907696
4910,PGPEP1 (54858),5.490027692122882e-05,True,-0.001340593548562989,0.001340593548562989
4911,MATCAP1 (653319),5.4894408737809156e-05,True,-0.0013777514653523144,0.0013777514653523144
4912,SIPA1 (6494),5.4885104278974704e-05,True,-0.0005767225731155142,0.0005767225731155142
4913,PROCA1 (147011),5.488053893237753e-05,True,0.0003990697470592217,0.0003990697470592217
4914,ABHD13 (84945),5.487671140467331e-05,True,-0.0014268629902008697,0.0014268629902008697
4915,CDCA2 (157313),5.486621309820865e-05,True,-0.0010215093881169976,0.0010215093881169976
4916,GPAT3 (84803),5.484421181633669e-05,True,-9.042493682715055e-05,9.042493682715055e-05
4917,YIPF7 (285525),5.481202266239701e-05,True,-0.0017436427702261675,0.0017436427702261675
4918,SCGB2A1 (4246),5.478955197771627e-05,True,0.0018800768583691887,0.0018800768583691887
4919,NIT2 (56954),5.4740927059013216e-05,True,0.0011460489845983388,0.0011460489845983388
4920,NUDT6 (11162),5.4737314300235036e-05,True,-0.0002953551007925307,0.0002953551007925307
4921,MT-ND6 (4541),5.4665159761907634e-05,True,-0.000565665311069897,0.000565665311069897
4922,CD27 (939),5.463822974299974e-05,True,-0.0020030708880940306,0.0020030708880940306
4923,FAM72A (729533),5.462401510469118e-05,True,-0.0004183067288042806,0.0004183067288042806
4924,PGAP1 (80055),5.455883777155355e-05,True,-0.002486351566177498,0.002486351566177498
4925,MAGT1 (84061),5.45257958950242e-05,True,0.0011539421249620414,0.0011539421249620414
4926,DCK (1633),5.447988038021328e-05,True,0.0012169576153637281,0.0012169576153637281
4927,PHC3 (80012),5.4456840025545836e-05,True,0.0034621476094086273,0.0034621476094086273
4928,PTPRN (5798),5.445528339676647e-05,True,0.0004120734292606366,0.0004120734292606366
4929,CD4 (920),5.4438326030642116e-05,True,0.0022574120665989107,0.0022574120665989107
4930,RBPJL (11317),5.443161389857702e-05,True,0.0009511443899992817,0.0009511443899992817
4931,HIPK1 (204851),5.439209342256975e-05,True,0.0002469208706536142,0.0002469208706536142
4932,KLHL28 (54813),5.4390079073998644e-05,True,-0.0003266417038060598,0.0003266417038060598
4933,NEIL2 (252969),5.435153985708175e-05,True,-0.0010196333786240165,0.0010196333786240165
4934,LYRM2 (57226),5.429587652450765e-05,True,-0.0004243900871324295,0.0004243900871324295
4935,GFI1 (2672),5.42872143787467e-05,True,-0.0008223217368709871,0.0008223217368709871
4936,NOXO1 (124056),5.42846955189619e-05,True,-0.0007161005242206701,0.0007161005242206701
4937,MAEL (84944),5.426917029850159e-05,True,-0.002350937525394179,0.002350937525394179
4938,WDR74 (54663),5.4260825917876475e-05,True,-0.0004888351988836001,0.0004888351988836001
4939,TOP6BL (79703),5.425292963765255e-05,True,5.405771134839722e-05,5.405771134839722e-05
4940,TRIM28 (10155),5.4246509193919575e-05,True,-0.000649394686203222,0.000649394686203222
4941,NAB2 (4665),5.422519518551274e-05,True,0.0012524321184885555,0.0012524321184885555
4942,MYL4 (4635),5.421026276913828e-05,True,-0.0003379235152814357,0.0003379235152814357
4943,CDCA7 (83879),5.419205858291947e-05,True,-9.136122681416541e-05,9.136122681416541e-05
4944,TLR9 (54106),5.41851952709581e-05,True,0.0016202678077626605,0.0016202678077626605
4945,SAMD11 (148398),5.415162878436226e-05,True,-0.000572920335819237,0.000572920335819237
4946,CCNYL1 (151195),5.412971246361416e-05,True,0.00018436932753904687,0.00018436932753904687
4947,ADCK1 (57143),5.4125001293503486e-05,True,-0.001617711566404753,0.001617711566404753
4948,METRNL (284207),5.411902302544897e-05,True,-0.00010712721624611438,0.00010712721624611438
4949,RFXAP (5994),5.4096537441172564e-05,True,-0.0008581392649494386,0.0008581392649494386
4950,DYM (54808),5.409522352579171e-05,True,0.0017317824151437283,0.0017317824151437283
4951,FOXB1 (27023),5.4093843204789945e-05,True,0.002653622797011393,0.002653622797011393
4952,COL21A1 (81578),5.4084233245179965e-05,True,0.0005618844672172482,0.0005618844672172482
4953,DYNLT2 (6991),5.405769126445897e-05,True,0.0005030453322167856,0.0005030453322167856
4954,UBL7 (84993),5.404370066217571e-05,True,-0.0006872920282398167,0.0006872920282398167
4955,PRKAR1A (5573),5.4040859608985634e-05,True,-0.003030578800400878,0.003030578800400878
4956,FBXW12 (285231),5.404069654712825e-05,True,0.00010110107887677055,0.00010110107887677055
4957,ATXN3L (92552),5.3972270298968515e-05,True,0.00129936852936752,0.00129936852936752
4958,TMX3 (54495),5.3969396187993285e-05,True,0.0014079840079893522,0.0014079840079893522
4959,TCP11L2 (255394),5.396487390935384e-05,True,-0.0017966706336982555,0.0017966706336982555
4960,C11orf68 (83638),5.3959122390768984e-05,True,-0.0004672818506755487,0.0004672818506755487
4961,GNPTG (84572),5.3954350156543265e-05,True,0.000774944803726159,0.000774944803726159
4962,VPS13D (55187),5.394105184283874e-05,True,0.0006626013828639713,0.0006626013828639713
4963,ENTPD6 (955),5.391502152695567e-05,True,-0.002698356473633174,0.002698356473633174
4964,KCNIP3 (30818),5.39026663906232e-05,True,0.0010683452290005627,0.0010683452290005627
4965,HLA-DQA1 (3117),5.388805789453293e-05,True,-0.0005973242600333028,0.0005973242600333028
4966,SLC5A7 (60482),5.385283717116087e-05,True,-0.0008996736533129651,0.0008996736533129651
4967,PLSCR3 (57048),5.384474723336477e-05,True,0.0004606981984065731,0.0004606981984065731
4968,GALNT8 (26290),5.381155658038431e-05,True,-0.00040680775220170313,0.00040680775220170313
4969,RIMOC1 (285636),5.381046834043302e-05,True,7.790439409674152e-08,7.790439409674152e-08
4970,TUBB1 (81027),5.380483970641616e-05,True,-0.0017804665135402271,0.0017804665135402271
4971,SUMF2 (25870),5.378917428625288e-05,True,-0.00019570603591424242,0.00019570603591424242
4972,RNPC3 (55599),5.3787122042921415e-05,True,-0.002770874049339676,0.002770874049339676
4973,ACOT8 (10005),5.3758428624133564e-05,True,0.002274132684766513,0.002274132684766513
4974,HS2ST1 (9653),5.37536940860148e-05,True,-0.00045362927511083525,0.00045362927511083525
4975,TBX1 (6899),5.3748253909549156e-05,True,-0.0004107102516066566,0.0004107102516066566
4976,PAQR7 (164091),5.368791185527537e-05,True,-0.002065323806882683,0.002065323806882683
4977,GCH1 (2643),5.36498424115431e-05,True,0.00019184760404150213,0.00019184760404150213
4978,CD70 (970),5.364657636556337e-05,True,0.00046876232236349534,0.00046876232236349534
4979,NGDN (25983),5.363767863514804e-05,True,0.0005390731683327034,0.0005390731683327034
4980,COMT (1312),5.363696162012408e-05,True,0.00037460791878706694,0.00037460791878706694
4981,TARBP2 (6895),5.362917035776083e-05,True,0.00016318173241152323,0.00016318173241152323
4982,OSCAR (126014),5.3623804854507414e-05,True,0.0002729078675952196,0.0002729078675952196
4983,VXN (254778),5.3611738516251935e-05,True,0.0010986743727246905,0.0010986743727246905
4984,NBPF14 (25832),5.35933601543754e-05,True,0.0028183259398767415,0.0028183259398767415
4985,TMEM242 (729515),5.3581839456054664e-05,True,0.0006563653466707992,0.0006563653466707992
4986,ASCL5 (647219),5.3547300881747286e-05,True,0.0008703900388640437,0.0008703900388640437
4987,SLC38A2 (54407),5.353255833152151e-05,True,-0.0004464080286118497,0.0004464080286118497
4988,OBI1 (79596),5.3513366033869055e-05,True,-0.0018585756480499504,0.0018585756480499504
4989,BST1 (683),5.3510104084486365e-05,True,-0.0011198025351782316,0.0011198025351782316
4990,GRIN2C (2905),5.3500394928418255e-05,True,-0.0009557373866157119,0.0009557373866157119
4991,NAT8L (339983),5.3478119913523364e-05,True,-0.0018477646628892017,0.0018477646628892017
4992,SLC22A11 (55867),5.345568087443805e-05,True,0.0009678891860888983,0.0009678891860888983
4993,CD9 (928),5.3450236788106156e-05,True,0.001171980652469247,0.001171980652469247
4994,TOLLIP (54472),5.344600877349733e-05,True,0.0007569296411867556,0.0007569296411867556
4995,LRP6 (4040),5.3443556999147865e-05,True,0.0014986413252785276,0.0014986413252785276
4996,SELENOH (280636),5.3368357844557434e-05,True,0.00020849887065581648,0.00020849887065581648
4997,CSNK2A3 (283106),5.3356614237739504e-05,True,-0.0006666036389295067,0.0006666036389295067
4998,CMIP (80790),5.335063355475326e-05,True,-0.0002912629370251034,0.0002912629370251034
4999,COLGALT2 (23127),5.334491216993036e-05,True,-0.0009288445391388909,0.0009288445391388909
5000,SMG6 (23293),5.3320238763123616e-05,True,0.0017969903123348865,0.0017969903123348865
5001,PTGIS (5740),5.325735013470398e-05,True,-0.0005825194231745949,0.0005825194231745949
5002,CEBPG (1054),5.323358043881468e-05,True,-0.0027050796129258273,0.0027050796129258273
5003,RNF181 (51255),5.321160507837752e-05,True,-7.202508642020842e-05,7.202508642020842e-05
5004,RNF34 (80196),5.32017992280202e-05,True,-0.0010603796026767047,0.0010603796026767047
5005,ADAM12 (8038),5.318896982210477e-05,True,0.001659059266512589,0.001659059266512589
5006,ITGB4 (3691),5.317576825227513e-05,True,-0.002271880462659933,0.002271880462659933
5007,TCERG1L (256536),5.3170652208699985e-05,True,-0.0003207307496519453,0.0003207307496519453
5008,MIPEP (4285),5.316811717522815e-05,True,-0.0018334350958623435,0.0018334350958623435
5009,PER2 (8864),5.3141821524562514e-05,True,-0.0009891227419667704,0.0009891227419667704
5010,MPHOSPH9 (10198),5.309520854128675e-05,True,-0.0010399508925593728,0.0010399508925593728
5011,ABHD15 (116236),5.306632778563209e-05,True,0.002258891124784991,0.002258891124784991
5012,AKAP11 (11215),5.3064952110552514e-05,True,0.00020844332335455667,0.00020844332335455667
5013,SYCE1 (93426),5.3060543407871906e-05,True,0.001275826570824049,0.001275826570824049
5014,TLR2 (7097),5.3054754714412694e-05,True,-0.00047261055964317386,0.00047261055964317386
5015,TFAM (7019),5.302513887135824e-05,True,-0.0009543885037900899,0.0009543885037900899
5016,SCUBE3 (222663),5.3017447801659513e-05,True,-0.0009353480423729239,0.0009353480423729239
5017,PERM1 (84808),5.2996703915386624e-05,True,0.004193623943877427,0.004193623943877427
5018,RNASEH1 (246243),5.2987804413333205e-05,True,-0.00018856930051432607,0.00018856930051432607
5019,PDIA4 (9601),5.297525273418469e-05,True,-9.84433803987952e-05,9.84433803987952e-05
5020,CMTM4 (146223),5.2975001450811144e-05,True,-0.0001567255807633902,0.0001567255807633902
5021,MED1 (5469),5.295361777530027e-05,True,-0.00018355796785808138,0.00018355796785808138
5022,ELOVL7 (79993),5.2943643364502025e-05,True,-0.0007768432017232953,0.0007768432017232953
5023,KBTBD13 (390594),5.292920595314241e-05,True,-0.0016361489688610554,0.0016361489688610554
5024,CBX6 (23466),5.292369236150207e-05,True,-0.001584374674767749,0.001584374674767749
5025,NFS1 (9054),5.290530171191302e-05,True,0.0005579761013044665,0.0005579761013044665
5026,SMIM7 (79086),5.2899271624910664e-05,True,0.0018471857241534732,0.0018471857241534732
5027,TMEM186 (25880),5.289740178404545e-05,True,0.0011877604760223309,0.0011877604760223309
5028,HIGD2B (123346),5.28856374808652e-05,True,-0.0019814952623233217,0.0019814952623233217
5029,DOP1A (23033),5.287912390398305e-05,True,0.001488341633704073,0.001488341633704073
5030,ZNF516 (9658),5.287016900830156e-05,True,0.0009674043372325449,0.0009674043372325449
5031,SIRT2 (22933),5.2864385853506157e-05,True,-0.0007640204695654382,0.0007640204695654382
5032,OR6J1 (79549),5.285367763194805e-05,True,0.00031268835080658364,0.00031268835080658364
5033,RREB1 (6239),5.2820667374583574e-05,True,0.002249944550634091,0.002249944550634091
5034,FBXW2 (26190),5.280775371526968e-05,True,-0.0005413899827777483,0.0005413899827777483
5035,RNF32 (140545),5.280726416110721e-05,True,-0.003496110412102318,0.003496110412102318
5036,FBXO8 (26269),5.280720433615714e-05,True,0.00030723734406379105,0.00030723734406379105
5037,GIGYF2 (26058),5.277863244361981e-05,True,0.002222662907120929,0.002222662907120929
5038,ZNF34 (80778),5.272649013461149e-05,True,-0.0002690712662556968,0.0002690712662556968
5039,IFIT1 (3434),5.270544212350333e-05,True,0.0007078490638119057,0.0007078490638119057
5040,PTMS (5763),5.270401600576363e-05,True,-0.0006982675538381418,0.0006982675538381418
5041,EXOC4 (60412),5.267568120408996e-05,True,0.00013643733353041465,0.00013643733353041465
5042,CTNNBIP1 (56998),5.267356613196253e-05,True,-0.0007851756298457818,0.0007851756298457818
5043,PGM3 (5238),5.2646600281848646e-05,True,0.0028401224705735164,0.0028401224705735164
5044,POU3F1 (5453),5.263855663487527e-05,True,-0.00021808434590116482,0.00021808434590116482
5045,RFX7 (64864),5.2623118508609875e-05,True,-0.0002056083157897697,0.0002056083157897697
5046,NLGN3 (54413),5.261571494675383e-05,True,-0.0005483392090963148,0.0005483392090963148
5047,BAZ1B (9031),5.2609209170895256e-05,True,0.00011554820562806496,0.00011554820562806496
5048,P3H1 (64175),5.2591885105800655e-05,True,-0.000270257468922146,0.000270257468922146
5049,FDPS (2224),5.259072769099767e-05,True,-0.00012513465312602792,0.00012513465312602792
5050,GOLGA1 (2800),5.2491024418695726e-05,True,-0.0006706176779022082,0.0006706176779022082
5051,PRICKLE2 (166336),5.248876209204234e-05,True,0.002121453240542988,0.002121453240542988
5052,HBP1 (26959),5.245679881731037e-05,True,-0.00015295803928648349,0.00015295803928648349
5053,IRF9 (10379),5.2446680467863486e-05,True,-0.0006132479768747351,0.0006132479768747351
5054,SERPINE1 (5054),5.243815294708702e-05,True,-0.0024796358913432457,0.0024796358913432457
5055,PIEZO2 (63895),5.2435198275425757e-05,True,0.00022785753168599117,0.00022785753168599117
5056,DNAH10 (196385),5.2433343194460756e-05,True,0.0014502143262424116,0.0014502143262424116
5057,CHMP4A (29082),5.240164018891951e-05,True,-0.0018053190030066775,0.0018053190030066775
5058,ME1 (4199),5.23984993181229e-05,True,0.0031804398012071867,0.0031804398012071867
5059,MICAL3 (57553),5.238909499691869e-05,True,-0.0005925394617227308,0.0005925394617227308
5060,LPCAT4 (254531),5.238826880591836e-05,True,0.0002903458412223776,0.0002903458412223776
5061,AP2S1 (1175),5.238732121862836e-05,True,-0.0009790840690884592,0.0009790840690884592
5062,SLC25A15 (10166),5.238331463733773e-05,True,0.0012131076011688909,0.0012131076011688909
5063,IKBIP (121457),5.238242545324169e-05,True,-0.00041838813336456115,0.00041838813336456115
5064,FXYD5 (53827),5.238205347721117e-05,True,-0.001269403565763953,0.001269403565763953
5065,NCCRP1 (342897),5.2324242538282666e-05,True,-0.004956109743583921,0.004956109743583921
5066,LIPT2 (387787),5.230490369731304e-05,True,0.00011453704139841665,0.00011453704139841665
5067,ZNG1F (644019),5.228515776480349e-05,True,0.0027671232380310977,0.0027671232380310977
5068,PTPRG (5793),5.227792400972968e-05,True,0.004091438493820079,0.004091438493820079
5069,KALRN (8997),5.224109923547801e-05,True,0.0005093036607054099,0.0005093036607054099
5070,MAP9 (79884),5.220702639056769e-05,True,0.0026730626955019012,0.0026730626955019012
5071,KCTD9 (54793),5.21670859985203e-05,True,-0.0009338084406881453,0.0009338084406881453
5072,SEC14L1 (6397),5.216280189318844e-05,True,5.204085737725106e-06,5.204085737725106e-06
5073,GBP2 (2634),5.213153388984862e-05,True,-0.0023443769011598304,0.0023443769011598304
5074,RPS6 (6194),5.2126450545464755e-05,True,0.0006801376685760792,0.0006801376685760792
5075,SEPTIN10 (151011),5.212370672094821e-05,True,0.001285073263314284,0.001285073263314284
5076,AHCTF1 (25909),5.211494620127845e-05,True,-0.00011564740442193884,0.00011564740442193884
5077,BTNL3 (10917),5.211352224683206e-05,True,-0.0009221363718680712,0.0009221363718680712
5078,SLC16A11 (162515),5.208808342442393e-05,True,0.0006476250687832016,0.0006476250687832016
5079,TRA2B (6434),5.207170327579633e-05,True,-0.0015515826127347715,0.0015515826127347715
5080,LRRC28 (123355),5.2044811504289986e-05,True,-7.447188160804481e-06,7.447188160804481e-06
5081,PAQR5 (54852),5.203683581522582e-05,True,-0.001025425959973745,0.001025425959973745
5082,GABRP (2568),5.2031273728161276e-05,True,-0.0011239418367100314,0.0011239418367100314
5083,CD58 (965),5.198608296838476e-05,True,-0.001287269998738286,0.001287269998738286
5084,TRHR (7201),5.19770517055529e-05,True,-6.1108734289382e-05,6.1108734289382e-05
5085,HMGB1 (3146),5.194837437586901e-05,True,0.000116951504923368,0.000116951504923368
5086,CBX7 (23492),5.191204142346556e-05,True,-0.0009947426932156581,0.0009947426932156581
5087,ERAP2 (64167),5.1910864069409274e-05,True,-0.0030888667823740566,0.0030888667823740566
5088,TSPY2 (64591),5.1892512701596615e-05,True,0.004586539571406621,0.004586539571406621
5089,NMNAT2 (23057),5.1873951556534654e-05,True,-0.0020249586783832743,0.0020249586783832743
5090,C1orf226 (400793),5.186449443100286e-05,True,-0.0033541441319298875,0.0033541441319298875
5091,GPATCH8 (23131),5.1857835250764374e-05,True,-0.00038915871163404045,0.00038915871163404045
5092,ROPN1B (152015),5.1854363846461215e-05,True,-0.00038939845859009125,0.00038939845859009125
5093,C9orf43 (257169),5.183110267262337e-05,True,0.00029731327196935947,0.00029731327196935947
5094,CEP76 (79959),5.18307872618249e-05,True,-0.0011171735459792464,0.0011171735459792464
5095,TUBA1B (10376),5.1820436043216896e-05,True,0.001387837801800205,0.001387837801800205
5096,CPO (130749),5.181749589150605e-05,True,0.00033686404912002985,0.00033686404912002985
5097,TCEAL3 (85012),5.1808987732021054e-05,True,0.000576380789381764,0.000576380789381764
5098,WDR75 (84128),5.176658803032806e-05,True,-0.0006919932822562255,0.0006919932822562255
5099,KLHDC7B (113730),5.1747775254202114e-05,True,-0.00014970107526803824,0.00014970107526803824
5100,ZNF587B (100293516),5.171164865112937e-05,True,-0.002903441983066928,0.002903441983066928
5101,FBXL8 (55336),5.170819630883592e-05,True,-0.0010165281382411564,0.0010165281382411564
5102,PEAK3 (374872),5.1677995515889796e-05,True,0.0026112000069762374,0.0026112000069762374
5103,ETS1 (2113),5.167146160580346e-05,True,-0.00015268101263225657,0.00015268101263225657
5104,CHRNB2 (1141),5.167046705292304e-05,True,0.0003163163049259229,0.0003163163049259229
5105,CDK2AP1 (8099),5.165471717036233e-05,True,-0.0007460546156526483,0.0007460546156526483
5106,NCS1 (23413),5.165137984440628e-05,True,0.0002847445059797637,0.0002847445059797637
5107,FBXO36 (130888),5.16306212728585e-05,True,0.0025340179228165354,0.0025340179228165354
5108,NTRK3 (4916),5.1623997515231295e-05,True,0.00032017275959505946,0.00032017275959505946
5109,FDXACB1 (91893),5.159437049399836e-05,True,0.001864952003892274,0.001864952003892274
5110,ARHGAP4 (393),5.157518012963157e-05,True,-0.004313115490028913,0.004313115490028913
5111,ARG1 (383),5.155962731379547e-05,True,-0.0002957683406978138,0.0002957683406978138
5112,VPS72 (6944),5.153661380034319e-05,True,0.0001867321476772565,0.0001867321476772565
5113,AGPAT5 (55326),5.153499464978603e-05,True,7.401374667705574e-05,7.401374667705574e-05
5114,SLC12A6 (9990),5.1523062160357734e-05,True,-0.000524895715957949,0.000524895715957949
5115,MORF4L1 (10933),5.1520364329907316e-05,True,-0.00047754346248827855,0.00047754346248827855
5116,TEDC1 (283643),5.1502060927948534e-05,True,-0.00042999397321074066,0.00042999397321074066
5117,SLC25A41 (284427),5.1491644995691865e-05,True,-0.0029953670183336203,0.0029953670183336203
5118,GOLGA8M (653720),5.145325680170736e-05,True,0.0021413244525774924,0.0021413244525774924
5119,ZDHHC22 (283576),5.1452506029797974e-05,True,1.4049466272930775e-05,1.4049466272930775e-05
5120,NOB1 (28987),5.1443538288167304e-05,True,-0.0014980451456627249,0.0014980451456627249
5121,ZNF276 (92822),5.143255105904319e-05,True,0.0002454577186576095,0.0002454577186576095
5122,RASA1 (5921),5.1403720659764654e-05,True,-0.0023775398332522924,0.0023775398332522924
5123,KLHL38 (340359),5.139875732501701e-05,True,0.000632174934941129,0.000632174934941129
5124,FBXO47 (494188),5.137494330885814e-05,True,2.3589225657616745e-05,2.3589225657616745e-05
5125,KRR1 (11103),5.1373321335645996e-05,True,0.0006264647544365918,0.0006264647544365918
5126,PWWP2A (114825),5.134330334158063e-05,True,-0.0008666542465353079,0.0008666542465353079
5127,SUZ12 (23512),5.1312491930041636e-05,True,-0.0010135296776663475,0.0010135296776663475
5128,DPT (1805),5.130417961382401e-05,True,0.002840917481940901,0.002840917481940901
5129,AGA (175),5.1285410730893654e-05,True,-0.002879081524174737,0.002879081524174737
5130,SUGP1 (57794),5.120766880697804e-05,True,-0.0005742880998962419,0.0005742880998962419
5131,CRTAP (10491),5.119897247663302e-05,True,0.00041634907410936556,0.00041634907410936556
5132,KRT222 (125113),5.1191776104853085e-05,True,-0.003072322418650333,0.003072322418650333
5133,ANO5 (203859),5.117524789830558e-05,True,0.001149650256509612,0.001149650256509612
5134,CAPN9 (10753),5.117215029875951e-05,True,0.0009908813477552338,0.0009908813477552338
5135,TANGO6 (79613),5.11696142676548e-05,True,-0.0019967694325894797,0.0019967694325894797
5136,CYC1 (1537),5.116320754860198e-05,True,-0.00164125176971911,0.00164125176971911
5137,HDAC9 (9734),5.115229506260074e-05,True,-0.0021036339010527655,0.0021036339010527655
5138,BAG2 (9532),5.11516510131043e-05,True,0.0020801962072396515,0.0020801962072396515
5139,GAS8 (2622),5.114850385159135e-05,True,0.0014657368592601696,0.0014657368592601696
5140,FUT9 (10690),5.1115071611741217e-05,True,0.0019670529489950236,0.0019670529489950236
5141,SOWAHA (134548),5.1090220428878906e-05,True,-0.00011165958906776078,0.00011165958906776078
5142,RCBTB1 (55213),5.10780604961045e-05,True,-0.001310744203606848,0.001310744203606848
5143,SNF8 (11267),5.1073627807921295e-05,True,0.0006341926176748011,0.0006341926176748011
5144,IDH2 (3418),5.107135110365148e-05,True,0.0002242578263600885,0.0002242578263600885
5145,TMEM182 (130827),5.102732245985271e-05,True,-0.00040185355263720344,0.00040185355263720344
5146,NOG (9241),5.102542948481214e-05,True,0.00046328317138677336,0.00046328317138677336
5147,MAP2K1 (5604),5.09504890306435e-05,True,-0.0007913602877475865,0.0007913602877475865
5148,OR1L8 (138881),5.093414864679444e-05,True,0.0014696189199796083,0.0014696189199796083
5149,CFHR3 (10878),5.09270726256315e-05,True,5.669471467964547e-05,5.669471467964547e-05
5150,IMMP1L (196294),5.089742267699993e-05,True,0.00023306657777111912,0.00023306657777111912
5151,HBA1 (3039),5.088993191531056e-05,True,0.0010643066533986788,0.0010643066533986788
5152,S100G (795),5.0869291985650824e-05,True,0.0011856438822266608,0.0011856438822266608
5153,SIAH1 (6477),5.0864863934363196e-05,True,-0.0006530168568655435,0.0006530168568655435
5154,NOTCH1 (4851),5.085643676766693e-05,True,-0.0004470481938338558,0.0004470481938338558
5155,PSENEN (55851),5.083505868086867e-05,True,-0.0010759541416545662,0.0010759541416545662
5156,EPDR1 (54749),5.081653800665607e-05,True,-1.3966716305333863e-07,1.3966716305333863e-07
5157,FAM149A (25854),5.080915283387858e-05,True,0.0018547397102120517,0.0018547397102120517
5158,ACTRT1 (139741),5.080179821110307e-05,True,0.00018764332615630355,0.00018764332615630355
5159,H2AJ (55766),5.077950343082182e-05,True,-1.662471361128662e-05,1.662471361128662e-05
5160,POLR2H (5437),5.077411225940677e-05,True,-0.0001299558885969784,0.0001299558885969784
5161,TDRD1 (56165),5.076291666441186e-05,True,-0.00016221215080668643,0.00016221215080668643
5162,PRAM1 (84106),5.076110850183115e-05,True,0.0021722500158321886,0.0021722500158321886
5163,ZFP14 (57677),5.073980000943152e-05,True,-0.001394711925365275,0.001394711925365275
5164,KCNN2 (3781),5.0731556892298564e-05,True,-0.0025063774356075446,0.0025063774356075446
5165,ERBIN (55914),5.071954659287582e-05,True,-0.0016939760400669843,0.0016939760400669843
5166,NDNF (79625),5.0715151611585175e-05,True,0.000259791037558466,0.000259791037558466
5167,SERAC1 (84947),5.069821437463079e-05,True,5.795817980759708e-05,5.795817980759708e-05
5168,FAM228A (653140),5.067878824338242e-05,True,0.0006689799980871275,0.0006689799980871275
5169,NLRP6 (171389),5.067705089677775e-05,True,0.002305735185636113,0.002305735185636113
5170,KCNQ1 (3784),5.065462403756553e-05,True,0.0005352852980317056,0.0005352852980317056
5171,WDCP (80304),5.064697002107595e-05,True,-0.0014322694720693744,0.0014322694720693744
5172,ATG16L1 (55054),5.0642610472117573e-05,True,-0.00040888842509360717,0.00040888842509360717
5173,FAM50B (26240),5.063452534601378e-05,True,0.0028824835462764233,0.0028824835462764233
5174,UTP3 (57050),5.059551798798915e-05,True,0.0011337862106665312,0.0011337862106665312
5175,APOM (55937),5.057522496978139e-05,True,-0.0007926806333353472,0.0007926806333353472
5176,INF2 (64423),5.055588909258676e-05,True,1.5509650486644343e-05,1.5509650486644343e-05
5177,CTDSP1 (58190),5.052711495653612e-05,True,-0.00035212056074697125,0.00035212056074697125
5178,NTRK1 (4914),5.051948685089256e-05,True,-0.0016779889448229899,0.0016779889448229899
5179,CCDC107 (203260),5.051304660285538e-05,True,-2.236653062902337e-05,2.236653062902337e-05
5180,PODNL1 (79883),5.050591170564474e-05,True,-0.0003655396106043852,0.0003655396106043852
5181,LMO4 (8543),5.049817953361894e-05,True,-0.0009614214023415378,0.0009614214023415378
5182,HNF4G (3174),5.0476831992478326e-05,True,-6.758536940382513e-05,6.758536940382513e-05
5183,FBN2 (2201),5.0467695561785364e-05,True,-0.0020009444092880468,0.0020009444092880468
5184,HGFAC (3083),5.04433321974194e-05,True,0.0027571549122179613,0.0027571549122179613
5185,ZNF174 (7727),5.0423158923536835e-05,True,0.0008350038077667298,0.0008350038077667298
5186,TRPS1 (7227),5.038609726307249e-05,True,0.001436517940788297,0.001436517940788297
5187,RAB36 (9609),5.037008355012729e-05,True,-0.0007799729570681452,0.0007799729570681452
5188,SLC36A1 (206358),5.0366058560997575e-05,True,-0.0006238827945291708,0.0006238827945291708
5189,FAM133A (286499),5.0351899306460436e-05,True,-0.002051030184756871,0.002051030184756871
5190,MAPK6 (5597),5.0313657024324755e-05,True,-0.0009505372151316204,0.0009505372151316204
5191,TM4SF4 (7104),5.030517246369093e-05,True,-0.0019716081931095116,0.0019716081931095116
5192,TMEM260 (54916),5.0303063395779026e-05,True,-0.0009588108885189492,0.0009588108885189492
5193,DENND3 (22898),5.028584797159127e-05,True,0.002632156231024806,0.002632156231024806
5194,GPR20 (2843),5.0273714690316684e-05,True,0.0009562597558428663,0.0009562597558428663
5195,LINGO1 (84894),5.0251876241941416e-05,True,0.0015527943739198158,0.0015527943739198158
5196,MRPS10 (55173),5.0244407183570155e-05,True,0.0018130121069971394,0.0018130121069971394
5197,ALDH1B1 (219),5.0241992497878854e-05,True,-0.00042916590900225434,0.00042916590900225434
5198,CERS1 (10715),5.021801212482807e-05,True,-0.0025538670925883368,0.0025538670925883368
5199,SYT5 (6861),5.020879688275601e-05,True,0.0006453054186156611,0.0006453054186156611
5200,DELE1 (9812),5.0200253422445566e-05,True,-0.0015041704525673807,0.0015041704525673807
5201,LMNB1 (4001),5.020020071041083e-05,True,-0.003321359908671809,0.003321359908671809
5202,EFHC2 (80258),5.0196381020073035e-05,True,0.0007479218493496323,0.0007479218493496323
5203,IL18BP (10068),5.019444084462493e-05,True,-0.0015057386058130546,0.0015057386058130546
5204,H4C3 (8364),5.017719445573812e-05,True,0.000839164262743278,0.000839164262743278
5205,APOLD1 (81575),5.015285031952497e-05,True,0.002229715811032682,0.002229715811032682
5206,SPEF2 (79925),5.0053294218278386e-05,True,0.0003555042228761047,0.0003555042228761047
5207,EGLN2 (112398),4.9987542655572924e-05,True,-0.0001698980523869454,0.0001698980523869454
5208,PIGT (51604),4.9982179761938133e-05,True,3.6382217761909584e-05,3.6382217761909584e-05
5209,IGFBP2 (3485),4.997090724085643e-05,True,0.0034903365975556574,0.0034903365975556574
5210,CCDC187 (399693),4.9949751345133285e-05,True,-0.002181464845434817,0.002181464845434817
5211,RNASE8 (122665),4.993934845849369e-05,True,2.444601056456302e-05,2.444601056456302e-05
5212,TMEM71 (137835),4.993741557428026e-05,True,-0.0006534896893307041,0.0006534896893307041
5213,SPSB1 (80176),4.993458765935548e-05,True,-0.0007439199904740043,0.0007439199904740043
5214,CKS2 (1164),4.9932179138462055e-05,True,0.0011635872585277862,0.0011635872585277862
5215,LIPT1 (51601),4.9931496200933295e-05,True,0.0013028713539276525,0.0013028713539276525
5216,POLR3E (55718),4.989897989089989e-05,True,-0.0008409268801273804,0.0008409268801273804
5217,MADCAM1 (8174),4.988933561231606e-05,True,-0.0009325460447527201,0.0009325460447527201
5218,USP27X (389856),4.9888719104981786e-05,True,-0.0003275903247961698,0.0003275903247961698
5219,ARHGAP23 (57636),4.9878084211205845e-05,True,-0.001370653404530836,0.001370653404530836
5220,TRAF3IP1 (26146),4.987625302672601e-05,True,0.0002274448043359887,0.0002274448043359887
5221,EMP1 (2012),4.986822926742571e-05,True,-0.0027143047146702113,0.0027143047146702113
5222,BCL2L10 (10017),4.986232390536862e-05,True,-0.003049795715435686,0.003049795715435686
5223,MYD88 (4615),4.98267534884126e-05,True,0.001704626716085838,0.001704626716085838
5224,SNAP23 (8773),4.9817300663940563e-05,True,-0.0005175383995793428,0.0005175383995793428
5225,CHTF18 (63922),4.977070299012932e-05,True,0.003266572229213147,0.003266572229213147
5226,CCDC62 (84660),4.970934728280707e-05,True,-0.0009149213745397382,0.0009149213745397382
5227,DPH6 (89978),4.970591383124566e-05,True,0.0028801650342295997,0.0028801650342295997
5228,MRPS30 (10884),4.9689201808461555e-05,True,0.0006633750412920196,0.0006633750412920196
5229,URB1 (9875),4.967884561394209e-05,True,-0.0008761166130982895,0.0008761166130982895
5230,RPL36A (6173),4.967023237908843e-05,True,-0.0004340028962013028,0.0004340028962013028
5231,SNRNP25 (79622),4.9657680072682124e-05,True,0.0015682122364666516,0.0015682122364666516
5232,CCDC181 (57821),4.965500772156056e-05,True,0.0010953439699827711,0.0010953439699827711
5233,ZAN (7455),4.959966030080444e-05,True,0.002072412543989909,0.002072412543989909
5234,NR3C2 (4306),4.958310456394605e-05,True,-0.002468275518536395,0.002468275518536395
5235,AIMP1 (9255),4.958096231186597e-05,True,0.002761676241630323,0.002761676241630323
5236,ASCC1 (51008),4.956362493622096e-05,True,-0.002927337263722633,0.002927337263722633
5237,RARS1 (5917),4.9553826732927795e-05,True,0.0009958688543950337,0.0009958688543950337
5238,KRTAP4-1 (85285),4.9553235723277735e-05,True,-0.0005368618738266426,0.0005368618738266426
5239,SENP3 (26168),4.9540776067360084e-05,True,0.0018526409866317225,0.0018526409866317225
5240,RBM42 (79171),4.9523177164559736e-05,True,-0.0006050835617438636,0.0006050835617438636
5241,TMEM14A (28978),4.9513993205860836e-05,True,0.0006957646305973853,0.0006957646305973853
5242,PPP1R42 (286187),4.9507953258909924e-05,True,0.004338204495031999,0.004338204495031999
5243,AMPD1 (270),4.949121480960122e-05,True,-0.0014944822347078748,0.0014944822347078748
5244,EIF3I (8668),4.948952114832091e-05,True,-0.0016137059372813836,0.0016137059372813836
5245,TRUB1 (142940),4.948683571682837e-05,True,-9.209152335547916e-05,9.209152335547916e-05
5246,ANKLE2 (23141),4.9474022902245734e-05,True,-0.0006069249150461799,0.0006069249150461799
5247,CENPO (79172),4.947103363623727e-05,True,-0.0009046139385949573,0.0009046139385949573
5248,RSAD2 (91543),4.946773980524683e-05,True,-9.198711046185063e-05,9.198711046185063e-05
5249,HPCAL1 (3241),4.946249255470326e-05,True,-0.0014916225337159902,0.0014916225337159902
5250,EEA1 (8411),4.943067782140052e-05,True,0.0022058969778542617,0.0022058969778542617
5251,UNC50 (25972),4.93773874342546e-05,True,-0.0018774985073534132,0.0018774985073534132
5252,CRYZ (1429),4.9358594925267095e-05,True,-0.00029160234256715115,0.00029160234256715115
5253,PIBF1 (10464),4.935211801607926e-05,True,-0.001190682390305379,0.001190682390305379
5254,PAXBP1 (94104),4.928796485710224e-05,True,0.0010559789312757006,0.0010559789312757006
5255,CD5 (921),4.928667359148427e-05,True,0.0017925194424148092,0.0017925194424148092
5256,CAPS2 (84698),4.925610421766707e-05,True,-0.00027316317425849466,0.00027316317425849466
5257,AAGAB (79719),4.9211236799530925e-05,True,-0.0035034569195094246,0.0035034569195094246
5258,CCNA2 (890),4.920226184255078e-05,True,0.00028151464870798584,0.00028151464870798584
5259,NUDT14 (256281),4.91844024850839e-05,True,0.0002873402276555748,0.0002873402276555748
5260,NEK3 (4752),4.917890966466441e-05,True,-0.002933778621322896,0.002933778621322896
5261,RGL1 (23179),4.917509675891581e-05,True,0.00012299627213073006,0.00012299627213073006
5262,DBNDD2 (55861),4.9173603898373486e-05,True,-0.0008329458044208,0.0008329458044208
5263,PI15 (51050),4.917017574710413e-05,True,0.0013607848696994228,0.0013607848696994228
5264,SPCS3 (60559),4.9147020859574514e-05,True,0.0003302692853183278,0.0003302692853183278
5265,C2 (717),4.914357650079543e-05,True,-0.00013588773647591314,0.00013588773647591314
5266,TNFRSF8 (943),4.914318596939862e-05,True,0.0011673608603110998,0.0011673608603110998
5267,NLRC5 (84166),4.914086153970321e-05,True,0.0006616120551062521,0.0006616120551062521
5268,SEC31A (22872),4.9133992527116856e-05,True,0.0010938386399942843,0.0010938386399942843
5269,SLC15A1 (6564),4.912095659028621e-05,True,-0.0008963572940546446,0.0008963572940546446
5270,MET (4233),4.908955004773254e-05,True,-0.0005628069920537435,0.0005628069920537435
5271,SKP1 (6500),4.903492117323526e-05,True,-0.000518811856069695,0.000518811856069695
5272,KIAA2013 (90231),4.903276296971822e-05,True,0.001051058417554005,0.001051058417554005
5273,ALDH9A1 (223),4.9001725010263326e-05,True,-0.0021206707153735927,0.0021206707153735927
5274,MCRIP1 (348262),4.898405460326033e-05,True,-0.002706237276663259,0.002706237276663259
5275,PRR18 (285800),4.895813577468491e-05,True,-0.0021154822124050117,0.0021154822124050117
5276,RSF1 (51773),4.89499307149768e-05,True,0.0014813740158640548,0.0014813740158640548
5277,TRAPPC12 (51112),4.892455255692242e-05,True,-0.0006090677109502922,0.0006090677109502922
5278,GK3 (2713),4.892324182836811e-05,True,-0.0006960019640692068,0.0006960019640692068
5279,THSD1 (55901),4.890831521901789e-05,True,-0.0037964819662557586,0.0037964819662557586
5280,CD7 (924),4.8879768106590834e-05,True,0.0022238391565440746,0.0022238391565440746
5281,BMS1 (9790),4.887632073015087e-05,True,-0.001471871547592026,0.001471871547592026
5282,VWA3B (200403),4.8874644148895424e-05,True,0.0019505697194509767,0.0019505697194509767
5283,CFAP45 (25790),4.883461692146037e-05,True,0.001982823761585034,0.001982823761585034
5284,GMPS (8833),4.8830325042038334e-05,True,-0.0015024076463965245,0.0015024076463965245
5285,CASKIN2 (57513),4.8821110403549176e-05,True,0.0015028940423320075,0.0015028940423320075
5286,WDFY2 (115825),4.880466203105208e-05,True,-0.0004372908780764088,0.0004372908780764088
5287,CCDC163 (126661),4.8801691937520094e-05,True,0.001220603622603989,0.001220603622603989
5288,EID3 (493861),4.878968437681667e-05,True,0.002268148017449809,0.002268148017449809
5289,PDCD6 (10016),4.8767868786835356e-05,True,0.0015356550710579164,0.0015356550710579164
5290,RPL30 (6156),4.8755004845397646e-05,True,-0.0008927374364740403,0.0008927374364740403
5291,TRMT1L (81627),4.8735186111203875e-05,True,-0.0017825808066454728,0.0017825808066454728
5292,OR2A14 (135941),4.872786885560155e-05,True,-0.0023832469482465914,0.0023832469482465914
5293,DECR2 (26063),4.872551162798729e-05,True,0.0019514725843681744,0.0019514725843681744
5294,KBTBD2 (25948),4.871604417098681e-05,True,-0.002351156858837201,0.002351156858837201
5295,CAMK1 (8536),4.8702853398726796e-05,True,0.00029894743410110785,0.00029894743410110785
5296,PLEKHM2 (23207),4.870269197396425e-05,True,0.0011818597497617392,0.0011818597497617392
5297,SNAP29 (9342),4.8692072064406235e-05,True,5.58166167466984e-05,5.58166167466984e-05
5298,RASSF5 (83593),4.86919736946092e-05,True,-0.0011497852213174806,0.0011497852213174806
5299,UPF3A (65110),4.868942327648194e-05,True,-0.0027925544920546688,0.0027925544920546688
5300,WDHD1 (11169),4.86888873816848e-05,True,-6.715986669642623e-05,6.715986669642623e-05
5301,RAD50 (10111),4.865080264394754e-05,True,-0.0016567896125738745,0.0016567896125738745
5302,VIPR1 (7433),4.8634487222013727e-05,True,-0.0006649710926047934,0.0006649710926047934
5303,FPGS (2356),4.86241474064533e-05,True,-0.00019909890720712017,0.00019909890720712017
5304,MYBPH (4608),4.860387553832032e-05,True,-0.0009586439763544176,0.0009586439763544176
5305,COPG1 (22820),4.8588757895259765e-05,True,0.0005300773485554753,0.0005300773485554753
5306,FBXO30 (84085),4.858820017456329e-05,True,-0.00025280660325021503,0.00025280660325021503
5307,MDK (4192),4.857820245503098e-05,True,-0.0012445987376194063,0.0012445987376194063
5308,ERLN (100130933),4.856174250768913e-05,True,-0.0015717589377852196,0.0015717589377852196
5309,KIAA1671 (85379),4.8560746097598636e-05,True,-0.0013497762384985985,0.0013497762384985985
5310,GRIA4 (2893),4.855304475776375e-05,True,-0.0026853565626546237,0.0026853565626546237
5311,SLC2A5 (6518),4.854688135953757e-05,True,-0.00041874266192843995,0.00041874266192843995
5312,CREB3 (10488),4.849873307868324e-05,True,-0.00020985610065809342,0.00020985610065809342
5313,LYNX1 (66004),4.84889426181134e-05,True,0.0008599794566530222,0.0008599794566530222
5314,FAM174B (400451),4.846376392312338e-05,True,-0.0021091614277085023,0.0021091614277085023
5315,DNAH5 (1767),4.8453101148592864e-05,True,0.0009153635623408946,0.0009153635623408946
5316,OSGIN1 (29948),4.840461895085871e-05,True,0.0005678001615966896,0.0005678001615966896
5317,HLTF (6596),4.840061133174841e-05,True,0.0009627704413129407,0.0009627704413129407
5318,SERPINA1 (5265),4.8391882399924394e-05,True,-0.0005362810911620269,0.0005362810911620269
5319,MRPL13 (28998),4.835673846755374e-05,True,0.0014778094253178142,0.0014778094253178142
5320,FMC1 (154791),4.83352861617794e-05,True,0.0006340539942248237,0.0006340539942248237
5321,CARM1 (10498),4.8305361549963897e-05,True,-0.0007269851986417652,0.0007269851986417652
5322,TXNDC12 (51060),4.827148799707261e-05,True,0.0019012291551633478,0.0019012291551633478
5323,PDE4B (5142),4.824962668715486e-05,True,-0.0003032190133597122,0.0003032190133597122
5324,MNAT1 (4331),4.824488625561467e-05,True,-0.001977409218296173,0.001977409218296173
5325,SPATA24 (202051),4.8223789963652634e-05,True,-0.0015230918311411917,0.0015230918311411917
5326,RHOG (391),4.822281328515334e-05,True,2.7973749624965818e-05,2.7973749624965818e-05
5327,TPH2 (121278),4.822154734005782e-05,True,0.0009152057953043151,0.0009152057953043151
5328,FAM168B (130074),4.821958716180521e-05,True,-0.0008244649896701293,0.0008244649896701293
5329,C1GALT1C1L (728819),4.821834218229161e-05,True,-0.0004527352441166607,0.0004527352441166607
5330,RPS29 (6235),4.812533382703668e-05,True,0.0005191982823489711,0.0005191982823489711
5331,SNRNP40 (9410),4.812528227716451e-05,True,0.0012832493380189871,0.0012832493380189871
5332,ECHDC2 (55268),4.812319549667745e-05,True,0.003532780558029534,0.003532780558029534
5333,AEBP2 (121536),4.810062602833366e-05,True,-0.000634057661042269,0.000634057661042269
5334,ZNF827 (152485),4.809573779753137e-05,True,0.0023207929417223116,0.0023207929417223116
5335,KRT83 (3889),4.808925859605479e-05,True,-0.0023126273205589976,0.0023126273205589976
5336,MORF4L2 (9643),4.808228041413287e-05,True,0.0019500873181703378,0.0019500873181703378
5337,MTRF1 (9617),4.8069855251287864e-05,True,-0.0009648518869244576,0.0009648518869244576
5338,GIMAP4 (55303),4.80641793595372e-05,True,4.55736148933992e-05,4.55736148933992e-05
5339,PRH2 (5555),4.804674385343816e-05,True,-0.00044020173875391946,0.00044020173875391946
5340,ZMYND10 (51364),4.797989025903264e-05,True,0.0006921319002761639,0.0006921319002761639
5341,TSG101 (7251),4.7979643272645155e-05,True,-0.0006961025371947062,0.0006961025371947062
5342,TRMT13 (54482),4.79770236007871e-05,True,-0.00028401638837548845,0.00028401638837548845
5343,WDR91 (29062),4.797523422646989e-05,True,-0.0001407540915460666,0.0001407540915460666
5344,SCN4A (6329),4.7970853239392805e-05,True,-0.0005446832137666403,0.0005446832137666403
5345,CDC42SE1 (56882),4.7967591675564476e-05,True,0.0004187251919875656,0.0004187251919875656
5346,MFAP1 (4236),4.796548742136266e-05,True,0.0013654305773207619,0.0013654305773207619
5347,MAGEB18 (286514),4.795863361694872e-05,True,0.0009639661929127797,0.0009639661929127797
5348,SPMIP9 (200523),4.7953583995148464e-05,True,-0.0009071392356208495,0.0009071392356208495
5349,STK4 (6789),4.793929997000678e-05,True,0.0008692540109169053,0.0008692540109169053
5350,ARRDC4 (91947),4.7929939225219145e-05,True,0.00046080366853316803,0.00046080366853316803
5351,ZNF583 (147949),4.789586693581126e-05,True,-0.0008937982640852638,0.0008937982640852638
5352,MARCOL (105378220),4.788400993842519e-05,True,-0.0030060962701512354,0.0030060962701512354
5353,C3orf20 (84077),4.783496975295316e-05,True,0.00038113788197606914,0.00038113788197606914
5354,PGBD5 (79605),4.7832818114322075e-05,True,0.001604697220652703,0.001604697220652703
5355,TNFSF11 (8600),4.783063735773461e-05,True,0.0020155490247164656,0.0020155490247164656
5356,STEAP2 (261729),4.782687660492604e-05,True,-0.0010454248805307489,0.0010454248805307489
5357,ATXN1L (342371),4.782075479279625e-05,True,-0.001029025179543949,0.001029025179543949
5358,MEIOB (254528),4.7803117856751244e-05,True,0.0013730707511961319,0.0013730707511961319
5359,CEP128 (145508),4.7799076347004417e-05,True,-0.0027042902386900302,0.0027042902386900302
5360,LANCL2 (55915),4.777371604691943e-05,True,2.7874344823273773e-05,2.7874344823273773e-05
5361,IL18 (3606),4.777365156678591e-05,True,0.0003632396974694845,0.0003632396974694845
5362,ARL8A (127829),4.775835179759224e-05,True,-0.0010786148688597713,0.0010786148688597713
5363,FAM110D (79927),4.774333649346947e-05,True,-0.0037483882039361476,0.0037483882039361476
5364,NEFM (4741),4.772666846265227e-05,True,-0.003019717351652867,0.003019717351652867
5365,NAXD (55739),4.7714573307227664e-05,True,-0.0004497887029118716,0.0004497887029118716
5366,SPARCL1 (8404),4.769065477850204e-05,True,0.001372526964243344,0.001372526964243344
5367,RSL24D1 (51187),4.7667696541207934e-05,True,0.00019374052131059113,0.00019374052131059113
5368,TLL1 (7092),4.766378421017656e-05,True,0.0012479608286291282,0.0012479608286291282
5369,ISL1 (3670),4.766349484935891e-05,True,-0.002761724184602614,0.002761724184602614
5370,BORCS5 (118426),4.7662979858266146e-05,True,-0.0008377326082508458,0.0008377326082508458
5371,CIMIP2C (339778),4.765625305396444e-05,True,-0.003984349994615221,0.003984349994615221
5372,SMIM3 (85027),4.763754368857304e-05,True,-0.0001421622549405044,0.0001421622549405044
5373,TRAK2 (66008),4.7635863099847215e-05,True,0.0012259593015392597,0.0012259593015392597
5374,ZNHIT2 (741),4.76253220039562e-05,True,0.00213480006219527,0.00213480006219527
5375,ZMYM5 (9205),4.7609822925124736e-05,True,-0.0008832178261362275,0.0008832178261362275
5376,CXCL14 (9547),4.7598107104010774e-05,True,-0.00039037030548672643,0.00039037030548672643
5377,FAM219A (203259),4.7576993170527834e-05,True,-0.0006960122062570188,0.0006960122062570188
5378,LITAF (9516),4.757229462524048e-05,True,-0.0008487984583381983,0.0008487984583381983
5379,MBLAC1 (255374),4.7563606365428665e-05,True,-0.000662695867127831,0.000662695867127831
5380,ICA1 (3382),4.752258630673479e-05,True,-0.000307200405368663,0.000307200405368663
5381,DDX19B (11269),4.75205498043252e-05,True,-0.005735462917118575,0.005735462917118575
5382,NEK1 (4750),4.751667012305013e-05,True,-0.00037470084846197554,0.00037470084846197554
5383,RIMS3 (9783),4.750265141354878e-05,True,0.0001965229656918562,0.0001965229656918562
5384,NDUFB8 (4714),4.749524874940251e-05,True,-0.0008376757570305559,0.0008376757570305559
5385,EIF2AK2 (5610),4.7474776445422686e-05,True,-1.3821793510840601e-05,1.3821793510840601e-05
5386,C9orf85 (138241),4.742526754487225e-05,True,0.0015153471599955175,0.0015153471599955175
5387,GTF2I (2969),4.741108759539602e-05,True,-0.0005480882561919691,0.0005480882561919691
5388,ABCC6 (368),4.7402588312540575e-05,True,0.0002459128198032426,0.0002459128198032426
5389,C1QTNF4 (114900),4.7398511644114374e-05,True,-0.00068356457960555,0.00068356457960555
5390,NR1D1 (9572),4.737981664063792e-05,True,-0.001328891636397101,0.001328891636397101
5391,VENTX (27287),4.737326495478411e-05,True,0.0012315125019148586,0.0012315125019148586
5392,RNF187 (149603),4.735977895438766e-05,True,0.0012313919997434932,0.0012313919997434932
5393,TUT1 (64852),4.7336726407141404e-05,True,0.002634664891018862,0.002634664891018862
5394,UQCR10 (29796),4.7326405359415e-05,True,0.0010620180896289571,0.0010620180896289571
5395,COQ4 (51117),4.7304454188512876e-05,True,-0.0013850859485263932,0.0013850859485263932
5396,SEPTIN12 (124404),4.730376388504967e-05,True,-0.00045182615321185424,0.00045182615321185424
5397,SF3A1 (10291),4.7296740212724715e-05,True,7.987247801405405e-05,7.987247801405405e-05
5398,MT-ND2 (4536),4.7294112017159645e-05,True,-0.0013453939169010879,0.0013453939169010879
5399,PIGC (5279),4.728123874962587e-05,True,-0.0011348899005742367,0.0011348899005742367
5400,ATP13A2 (23400),4.726984779098765e-05,True,-0.0016077526249476063,0.0016077526249476063
5401,BLTP3B (23074),4.726520813888872e-05,True,0.00019739124218529167,0.00019739124218529167
5402,PTBP1 (5725),4.724354333021688e-05,True,0.00018932919217155104,0.00018932919217155104
5403,MYO5A (4644),4.7241225322944504e-05,True,0.000761704344585112,0.000761704344585112
5404,TTBK2 (146057),4.718584760499531e-05,True,0.0012743891328859808,0.0012743891328859808
5405,KCNJ15 (3772),4.715856118228712e-05,True,0.0005165868274024112,0.0005165868274024112
5406,PEX39 (441150),4.7157424113524034e-05,True,0.0011206347047970366,0.0011206347047970366
5407,ADCY5 (111),4.715490263142064e-05,True,0.0005553609973674952,0.0005553609973674952
5408,IL12A (3592),4.709859638646693e-05,True,0.0027207213777021354,0.0027207213777021354
5409,RIMBP3C (150221),4.709124925562581e-05,True,-0.00042181745698220696,0.00042181745698220696
5410,INSYN2A (642938),4.7084934596914906e-05,True,0.0006397436879818031,0.0006397436879818031
5411,CD68 (968),4.706062126072962e-05,True,-0.00122518012865726,0.00122518012865726
5412,SERF1A (8293),4.705352570960268e-05,True,0.0006729627134448115,0.0006729627134448115
5413,GPR161 (23432),4.705141552621117e-05,True,-0.0023002357170464655,0.0023002357170464655
5414,RPS16 (6217),4.7028840669111104e-05,True,0.0007838364087097711,0.0007838364087097711
5415,ESF1 (51575),4.700824018145745e-05,True,0.0005816269847912158,0.0005816269847912158
5416,RERE (473),4.699891374001233e-05,True,0.00028959204182550614,0.00028959204182550614
5417,REEP5 (7905),4.6991332484518525e-05,True,-0.0018703021108936865,0.0018703021108936865
5418,CYS1 (192668),4.69893114339404e-05,True,0.000359446699343451,0.000359446699343451
5419,MAGI1 (9223),4.6985286160277574e-05,True,-0.00033327849322430504,0.00033327849322430504
5420,GATA3 (2625),4.6972535964411345e-05,True,-0.00033572405762394514,0.00033572405762394514
5421,KHDC4 (22889),4.693478692624609e-05,True,-2.71673325112048e-05,2.71673325112048e-05
5422,NUMBL (9253),4.6926454865690406e-05,True,0.0005609080377188944,0.0005609080377188944
5423,NUDT16L1 (84309),4.6916653751546336e-05,True,0.003003980315248317,0.003003980315248317
5424,SPEF1 (25876),4.689253102958882e-05,True,0.0013383845314261977,0.0013383845314261977
5425,B4GALT6 (9331),4.688710156985827e-05,True,-0.000815516436200341,0.000815516436200341
5426,C1orf167 (284498),4.6873673749748256e-05,True,0.0010290226420033078,0.0010290226420033078
5427,CYP20A1 (57404),4.6865875199270084e-05,True,-7.791335210200747e-05,7.791335210200747e-05
5428,ZCCHC17 (51538),4.686061279172315e-05,True,0.0007394008529129979,0.0007394008529129979
5429,TTLL6 (284076),4.68323571024125e-05,True,-0.000989106186895017,0.000989106186895017
5430,CUZD1 (50624),4.682667490364431e-05,True,8.521120901254107e-05,8.521120901254107e-05
5431,RPL9 (6133),4.679652613375345e-05,True,0.000713890282479399,0.000713890282479399
5432,TCAF2 (285966),4.677391136914752e-05,True,-0.00013804773947260736,0.00013804773947260736
5433,TAPBPL (55080),4.676720651016726e-05,True,-0.00147680722737349,0.00147680722737349
5434,RGS9 (8787),4.673870500025077e-05,True,0.0016635427570953854,0.0016635427570953854
5435,ILKAP (80895),4.671870453090671e-05,True,0.0013985315071984381,0.0013985315071984381
5436,LENG9 (94059),4.668228313758984e-05,True,0.0005085045701542747,0.0005085045701542747
5437,CFAP47 (286464),4.664608943453799e-05,True,0.0034688875925251734,0.0034688875925251734
5438,ZSCAN32 (54925),4.664527765112446e-05,True,0.0023683795867934475,0.0023683795867934475
5439,HNRNPC (3183),4.664340477807776e-05,True,-0.0008820102589758906,0.0008820102589758906
5440,VPS54 (51542),4.6639198199568355e-05,True,-3.7896127751636246e-05,3.7896127751636246e-05
5441,CDH15 (1013),4.66294184073817e-05,True,0.001386597034937771,0.001386597034937771
5442,PYGB (5834),4.662619881731067e-05,True,-0.0030362807901617426,0.0030362807901617426
5443,SHQ1 (55164),4.660085407303452e-05,True,-0.0010421624248746907,0.0010421624248746907
5444,FAM184B (27146),4.6582285137669114e-05,True,-0.0013644454234810186,0.0013644454234810186
5445,SLC35E4 (339665),4.6578690504991476e-05,True,-0.0003906250952754215,0.0003906250952754215
5446,MYOM3 (127294),4.657205233068161e-05,True,-0.0020663117453664295,0.0020663117453664295
5447,HAUS5 (23354),4.65710677372094e-05,True,0.0004420989163451657,0.0004420989163451657
5448,SLC25A22 (79751),4.655902298195388e-05,True,0.000836334574699857,0.000836334574699857
5449,TDG (6996),4.6542269254207935e-05,True,-5.737141542458315e-05,5.737141542458315e-05
5450,GOLGA6L10 (647042),4.6536427986189975e-05,True,0.0021614737693282093,0.0021614737693282093
5451,CTSV (1515),4.651590814248797e-05,True,-0.00033305368081722013,0.00033305368081722013
5452,NRN1 (51299),4.649769673563931e-05,True,0.0013854659350828495,0.0013854659350828495
5453,IFT25 (51668),4.649604494679201e-05,True,0.0005931178555021971,0.0005931178555021971
5454,ESCO1 (114799),4.649374634791122e-05,True,-0.0009971735081250783,0.0009971735081250783
5455,CCDC39 (339829),4.6480839059263836e-05,True,-0.000418125380740253,0.000418125380740253
5456,IGFBP6 (3489),4.647814322871441e-05,True,-0.002952102659801685,0.002952102659801685
5457,ABHD8 (79575),4.6457537905314176e-05,True,-0.0010500847288910675,0.0010500847288910675
5458,SYNGR1 (9145),4.6427598250223816e-05,True,-0.00141542964399351,0.00141542964399351
5459,PKIA (5569),4.642505055010773e-05,True,-0.0014686963442715193,0.0014686963442715193
5460,CDRT15 (146822),4.6412919311311404e-05,True,0.0028639593517151094,0.0028639593517151094
5461,TENT5C (54855),4.641092880347083e-05,True,-0.002238328708351902,0.002238328708351902
5462,SNX16 (64089),4.6370017912139726e-05,True,0.0019944704694820443,0.0019944704694820443
5463,GPR50 (9248),4.636588071504914e-05,True,0.00022218774901356262,0.00022218774901356262
5464,LYZ (4069),4.63636180111348e-05,True,-0.0022049600477586162,0.0022049600477586162
5465,SLC4A10 (57282),4.6362135746090896e-05,True,0.0012715481798466106,0.0012715481798466106
5466,NR1I2 (8856),4.6360247845028975e-05,True,0.00256490515953281,0.00256490515953281
5467,RNF225 (646862),4.635132756613806e-05,True,0.0008976746829485699,0.0008976746829485699
5468,DPH5 (51611),4.635068213925596e-05,True,-0.0021656971565776895,0.0021656971565776895
5469,IKBKB (3551),4.63293853884212e-05,True,-0.0010753971765309533,0.0010753971765309533
5470,GUK1 (2987),4.62790178676349e-05,True,0.001934307539278083,0.001934307539278083
5471,MAP1LC3C (440738),4.626804791831379e-05,True,-0.0005181159774196138,0.0005181159774196138
5472,GTF2A2 (2958),4.6267573246200016e-05,True,0.001545955813717652,0.001545955813717652
5473,PRPF4 (9128),4.625382875358204e-05,True,0.0011092325354093197,0.0011092325354093197
5474,RAB13 (5872),4.622405686204717e-05,True,0.00026362231546039807,0.00026362231546039807
5475,MRPL14 (64928),4.619284600550115e-05,True,0.0014688179288267964,0.0014688179288267964
5476,PLAAT4 (5920),4.618431981717271e-05,True,-0.0032670856343974307,0.0032670856343974307
5477,INPP5K (51763),4.6180169936097375e-05,True,-0.0009115380585129305,0.0009115380585129305
5478,RFPL1 (5988),4.616664972250284e-05,True,-0.0025238350181415836,0.0025238350181415836
5479,NECTIN2 (5819),4.614413137859722e-05,True,-0.0016233611509494394,0.0016233611509494394
5480,PLPPR3 (79948),4.614019821516317e-05,True,-0.0011119515024352728,0.0011119515024352728
5481,CTSO (1519),4.613156843391425e-05,True,0.0002050940552138958,0.0002050940552138958
5482,POU2F2 (5452),4.6103680555841034e-05,True,-0.0009516318539054384,0.0009516318539054384
5483,FAH (2184),4.607316647613471e-05,True,-0.0010694903084360384,0.0010694903084360384
5484,ZNF772 (400720),4.6067751343173954e-05,True,0.0007092939896398086,0.0007092939896398086
5485,ARK2N (147339),4.6044415284257905e-05,True,0.002505297017848644,0.002505297017848644
5486,UGCG (7357),4.601820020423043e-05,True,0.0029720858024106954,0.0029720858024106954
5487,ZNF674 (641339),4.600055909866398e-05,True,0.002488544386905778,0.002488544386905778
5488,HMX2 (3167),4.599677572299846e-05,True,-0.0013299644568111773,0.0013299644568111773
5489,TNFRSF1A (7132),4.5985677842802234e-05,True,-0.0011791713354435045,0.0011791713354435045
5490,GRPEL2 (134266),4.596523334783923e-05,True,-0.001450676294108348,0.001450676294108348
5491,ATP6V1E1 (529),4.5963472956507746e-05,True,-0.0006551660434626426,0.0006551660434626426
5492,EML3 (256364),4.595217899274159e-05,True,0.00023870014599228434,0.00023870014599228434
5493,CDK3 (1018),4.594176353611968e-05,True,-0.0001610524537826374,0.0001610524537826374
5494,KLHL5 (51088),4.594070899780384e-05,True,-0.0003123341816700003,0.0003123341816700003
5495,NUB1 (51667),4.592925654027575e-05,True,0.0012800432094055743,0.0012800432094055743
5496,CCNP (79935),4.592912622883262e-05,True,0.0031234491847571795,0.0031234491847571795
5497,OXER1 (165140),4.592271944815498e-05,True,-9.794447300728794e-05,9.794447300728794e-05
5498,ZC3H11C (441155),4.5920051695607824e-05,True,-0.0025570873238821737,0.0025570873238821737
5499,GPATCH4 (54865),4.5912041326854946e-05,True,-0.0005424702374559045,0.0005424702374559045
5500,ZNF282 (8427),4.589845157471416e-05,True,-0.00016136838453555949,0.00016136838453555949
5501,ADGRB2 (576),4.587256128067497e-05,True,-0.0013842394145321213,0.0013842394145321213
5502,C6orf136 (221545),4.586503148829136e-05,True,-0.0025799707162757917,0.0025799707162757917
5503,CFAP96 (441054),4.586459570094063e-05,True,0.0022742362445744907,0.0022742362445744907
5504,CYSTM1 (84418),4.582109350706372e-05,True,-0.003027199235438068,0.003027199235438068
5505,ARL4A (10124),4.581197754105337e-05,True,-0.001296565691924938,0.001296565691924938
5506,YDJC (150223),4.579571026118335e-05,True,0.0006979329390160875,0.0006979329390160875
5507,HOXD10 (3236),4.579138612948852e-05,True,-0.0018915242058720606,0.0018915242058720606
5508,TARDBP (23435),4.5770442085611185e-05,True,0.000882381864077705,0.000882381864077705
5509,HSPA1A (3303),4.568383593461809e-05,True,-0.000814800557736316,0.000814800557736316
5510,CD72 (971),4.567216396762367e-05,True,0.0014867780541324537,0.0014867780541324537
5511,LATS2 (26524),4.565440168530926e-05,True,-0.0005967263053899133,0.0005967263053899133
5512,MYL5 (4636),4.565186416988199e-05,True,0.0010035302563833324,0.0010035302563833324
5513,CGREF1 (10669),4.564211407679702e-05,True,-0.001022424152529832,0.001022424152529832
5514,TMEM45B (120224),4.564177170164854e-05,True,0.0019050962806647848,0.0019050962806647848
5515,RUNDC1 (146923),4.563357747676845e-05,True,0.0003788585230805865,0.0003788585230805865
5516,MPC2 (25874),4.563210718718839e-05,True,0.00017458606508481423,0.00017458606508481423
5517,AMZ2 (51321),4.5610834126492146e-05,True,-0.004331205622128658,0.004331205622128658
5518,TMEM119 (338773),4.5604348243611586e-05,True,0.0015463584380941487,0.0015463584380941487
5519,CEP44 (80817),4.5603781773416596e-05,True,0.0006598632737079141,0.0006598632737079141
5520,PPM1E (22843),4.559607626497418e-05,True,-0.00011366596762114162,0.00011366596762114162
5521,STRBP (55342),4.556196852583885e-05,True,0.000500524990821292,0.000500524990821292
5522,ANGPTL7 (10218),4.556156071176645e-05,True,-0.0035485856525322994,0.0035485856525322994
5523,AFG2B (79029),4.5526680105936274e-05,True,-0.0009188512267475717,0.0009188512267475717
5524,ERCC6L2 (375748),4.5519558349103344e-05,True,0.0005261555546204246,0.0005261555546204246
5525,ANKRD63 (100131244),4.551381285276333e-05,True,0.0014736290636199216,0.0014736290636199216
5526,ZMAT3 (64393),4.5513064365094034e-05,True,-0.0018256381030928442,0.0018256381030928442
5527,CCAR1 (55749),4.550807286703417e-05,True,6.99993980157561e-06,6.99993980157561e-06
5528,DUS4L (11062),4.54836422356671e-05,True,-0.00030094990936519947,0.00030094990936519947
5529,TLN2 (83660),4.546762986216716e-05,True,0.00113543363622091,0.00113543363622091
5530,HVCN1 (84329),4.545978874472819e-05,True,0.004337233602907295,0.004337233602907295
5531,THAP10 (56906),4.543892062547612e-05,True,-0.0021692487940049568,0.0021692487940049568
5532,NPB (256933),4.543548064549763e-05,True,0.0013841668328578843,0.0013841668328578843
5533,PPM1F (9647),4.54160255901278e-05,True,-0.00014196685196833712,0.00014196685196833712
5534,SPON1 (10418),4.541134116168249e-05,True,0.0002123171101761441,0.0002123171101761441
5535,SPACA6 (147650),4.5404400004184175e-05,True,-0.0009570663043367633,0.0009570663043367633
5536,NCAPD2 (9918),4.5401564614832936e-05,True,0.0016555320626863157,0.0016555320626863157
5537,FAM91A1 (157769),4.5375355104746116e-05,True,6.706310222310803e-05,6.706310222310803e-05
5538,LGALS3BP (3959),4.537430554952368e-05,True,-0.00035400097684803035,0.00035400097684803035
5539,TNC (3371),4.536904900677604e-05,True,-0.0031873231052748415,0.0031873231052748415
5540,C2CD5 (9847),4.536633517558826e-05,True,0.0006216431372561434,0.0006216431372561434
5541,DCP1A (55802),4.5348541597382786e-05,True,-0.0029407212845286197,0.0029407212845286197
5542,PTGES3L (100885848),4.5303800052808484e-05,True,0.0029181923744841013,0.0029181923744841013
5543,CACNA1H (8912),4.5271584555782096e-05,True,-0.00016157724479564858,0.00016157724479564858
5544,CDCA5 (113130),4.526789755802129e-05,True,0.0009728764196293089,0.0009728764196293089
5545,NSD2 (7468),4.525690631907899e-05,True,-0.0012118210598057043,0.0012118210598057043
5546,PXK (54899),4.525603720259536e-05,True,0.0029792538254070507,0.0029792538254070507
5547,FBLN7 (129804),4.5248510431146085e-05,True,0.001006455262365666,0.001006455262365666
5548,PLCE1 (51196),4.5234302652934e-05,True,-0.0007879700180289736,0.0007879700180289736
5549,WDR64 (128025),4.5219558161148176e-05,True,-0.0010604781855062303,0.0010604781855062303
5550,PP2D1 (151649),4.521690101644164e-05,True,-0.001852042723924947,0.001852042723924947
5551,ART4 (420),4.520692060829152e-05,True,-0.006149339629215504,0.006149339629215504
5552,CFAP58 (159686),4.519982936489153e-05,True,0.0011108002277291286,0.0011108002277291286
5553,NDUFAF2 (91942),4.51737128734192e-05,True,-0.0010508564166903064,0.0010508564166903064
5554,CYB561 (1534),4.517120208516406e-05,True,0.003253896855854718,0.003253896855854718
5555,NPIPB8 (728734),4.514994578691939e-05,True,-0.0018429581254584344,0.0018429581254584344
5556,LIMS1 (3987),4.513330642740296e-05,True,0.00015616631789065104,0.00015616631789065104
5557,RLBP1 (6017),4.512479625695541e-05,True,-0.003844655180066146,0.003844655180066146
5558,KLHDC1 (122773),4.5124017180663376e-05,True,0.00021364676090221272,0.00021364676090221272
5559,FKBP3 (2287),4.5102953784894254e-05,True,-0.001818137092784829,0.001818137092784829
5560,NRL (4901),4.504230457018384e-05,True,-0.004421567492555704,0.004421567492555704
5561,ECE2 (9718),4.501165288782422e-05,True,0.000691030321101439,0.000691030321101439
5562,HOXA6 (3203),4.500533544381798e-05,True,-0.0005310435637882875,0.0005310435637882875
5563,DCUN1D5 (84259),4.500372991861841e-05,True,0.002111901654204881,0.002111901654204881
5564,TMEM116 (89894),4.5000399346456155e-05,True,0.0007806898463190476,0.0007806898463190476
5565,IVD (3712),4.4986257825583785e-05,True,0.003330481166863423,0.003330481166863423
5566,INTS14 (81556),4.498226498878559e-05,True,-0.0023444150851079496,0.0023444150851079496
5567,SDK1 (221935),4.49243639823059e-05,True,0.0010807870964518105,0.0010807870964518105
5568,SPINK13 (153218),4.488726508701348e-05,True,-0.0011780870248194316,0.0011780870248194316
5569,BUD13 (84811),4.4855275421375495e-05,True,0.00031748052127835704,0.00031748052127835704
5570,SLC6A17 (388662),4.4830446806673944e-05,True,-0.0020382148543677363,0.0020382148543677363
5571,ISM2 (145501),4.482444105578145e-05,True,0.0015102224414917488,0.0015102224414917488
5572,TMEM109 (79073),4.482064535184216e-05,True,0.0013950250984234606,0.0013950250984234606
5573,ALDH8A1 (64577),4.479598299099743e-05,True,0.0013341415316940799,0.0013341415316940799
5574,EFCAB6 (64800),4.4775902171474995e-05,True,-0.0006195209342343556,0.0006195209342343556
5575,GPM6B (2824),4.4764308834921355e-05,True,-0.0010033867760027978,0.0010033867760027978
5576,EPB41L5 (57669),4.476286889956458e-05,True,0.0020332346662602025,0.0020332346662602025
5577,MAF1 (84232),4.4757610165418285e-05,True,-0.0012862475678469428,0.0012862475678469428
5578,SELENON (57190),4.4745504804791446e-05,True,-0.0009600678550865345,0.0009600678550865345
5579,TEX46 (729059),4.474501193988952e-05,True,0.0029872248055373644,0.0029872248055373644
5580,GGT5 (2687),4.4744064317975524e-05,True,-0.000809301360072171,0.000809301360072171
5581,KCTD19 (146212),4.473410920460416e-05,True,-0.0010215810281077784,0.0010215810281077784
5582,APPL2 (55198),4.471182177531458e-05,True,0.0009314376979346008,0.0009314376979346008
5583,BPIFB1 (92747),4.470281315793633e-05,True,0.003706697608255916,0.003706697608255916
5584,AMZ1 (155185),4.4685866908974846e-05,True,0.0010855231759702335,0.0010855231759702335
5585,APOBEC3F (200316),4.468074843292822e-05,True,-0.001849871573484469,0.001849871573484469
5586,CD83 (9308),4.4677702696265555e-05,True,-0.0007299436553190969,0.0007299436553190969
5587,MMS19 (64210),4.467588949033713e-05,True,0.0011585609592264085,0.0011585609592264085
5588,HSPB1 (3315),4.467504124016205e-05,True,0.00010813750036459211,0.00010813750036459211
5589,CALR3 (125972),4.464969886646242e-05,True,-3.7407381432715643e-06,3.7407381432715643e-06
5590,SLC2A2 (6514),4.464236039915657e-05,True,-0.0009447902318079649,0.0009447902318079649
5591,GIPC2 (54810),4.4631107518572665e-05,True,-0.0009635507478153193,0.0009635507478153193
5592,CIAPIN1 (57019),4.4625964648604005e-05,True,-0.0019411457357831517,0.0019411457357831517
5593,ZNF286A (57335),4.462061474048053e-05,True,-0.0005581630519686902,0.0005581630519686902
5594,DIS3L2 (129563),4.461324298129023e-05,True,-0.000834366081450915,0.000834366081450915
5595,ZNF549 (256051),4.4607981692689834e-05,True,-0.0001581541127552476,0.0001581541127552476
5596,PRPF6 (24148),4.455314567323517e-05,True,0.0014638271107990561,0.0014638271107990561
5597,CMC4 (100272147),4.454761505523547e-05,True,0.0021218115258781617,0.0021218115258781617
5598,FBRSL1 (57666),4.453995038381941e-05,True,1.4403406712084547e-05,1.4403406712084547e-05
5599,CCDC57 (284001),4.451920480383534e-05,True,-0.0013744693275257627,0.0013744693275257627
5600,CPVL (54504),4.451916432365036e-05,True,0.00244577929400513,0.00244577929400513
5601,JKAMP (51528),4.451856647548908e-05,True,-0.0023866624244995318,0.0023866624244995318
5602,B3GNT7 (93010),4.450525021001261e-05,True,-0.0011488169525234702,0.0011488169525234702
5603,FGFRL1 (53834),4.450179302643193e-05,True,0.002698946602436121,0.002698946602436121
5604,GNG5 (2787),4.448960102566026e-05,True,0.00036506217716569724,0.00036506217716569724
5605,VIM (7431),4.4486888628766776e-05,True,-0.00027123152923540055,0.00027123152923540055
5606,GANAB (23193),4.447189524728814e-05,True,0.00025170984096755224,0.00025170984096755224
5607,KCNE5 (23630),4.446938299747109e-05,True,-0.0009970168887490872,0.0009970168887490872
5608,TTLL2 (83887),4.446339672871373e-05,True,-0.0020799389292020516,0.0020799389292020516
5609,BICDL2 (146439),4.444186415657683e-05,True,0.0013527806485857555,0.0013527806485857555
5610,STRADB (55437),4.4427471619252874e-05,True,-0.0004468972398700337,0.0004468972398700337
5611,CBY3 (646019),4.440828243798473e-05,True,-0.001968348770943206,0.001968348770943206
5612,TRIR (79002),4.4404295008412146e-05,True,0.0008548621334765012,0.0008548621334765012
5613,FAAP24 (91442),4.436494953539211e-05,True,0.001867360274293232,0.001867360274293232
5614,SLC35B1 (10237),4.436287238586154e-05,True,-0.0004942724351582478,0.0004942724351582478
5615,ZNF334 (55713),4.435530631834369e-05,True,-0.0023401450483758676,0.0023401450483758676
5616,PIGZ (80235),4.4351968078729345e-05,True,-0.002309509186963398,0.002309509186963398
5617,DNAJC15 (29103),4.434783774612656e-05,True,0.0015837878079691045,0.0015837878079691045
5618,SENP6 (26054),4.434027392901272e-05,True,-0.00012862050093335672,0.00012862050093335672
5619,FAM24B (196792),4.4324028989542826e-05,True,0.00303162529188362,0.00303162529188362
5620,SPACA4 (171169),4.42768926717264e-05,True,0.002190717153714507,0.002190717153714507
5621,MOGAT3 (346606),4.421065817069986e-05,True,-0.0016911729990458832,0.0016911729990458832
5622,BACH2 (60468),4.420834944062267e-05,True,0.0025170409706368065,0.0025170409706368065
5623,C21orf58 (54058),4.418555178334729e-05,True,-5.7060413116618875e-05,5.7060413116618875e-05
5624,SLC35C1 (55343),4.416173764204145e-05,True,-0.0008030035691434646,0.0008030035691434646
5625,FCER1A (2205),4.413899717867087e-05,True,-0.0013027983441165532,0.0013027983441165532
5626,SRD5A2 (6716),4.411409261944039e-05,True,0.00109535313965284,0.00109535313965284
5627,YJU2 (55702),4.4104037456085254e-05,True,-0.0010735236691767646,0.0010735236691767646
5628,TGM5 (9333),4.408343474963713e-05,True,-0.0014483186874252637,0.0014483186874252637
5629,MT-CYB (4519),4.406308721738985e-05,True,0.00014655126619415025,0.00014655126619415025
5630,IGSF3 (3321),4.4060407487412534e-05,True,-0.0018690427163306103,0.0018690427163306103
5631,YTHDF2 (51441),4.4042661005263074e-05,True,-0.0024388774453237725,0.0024388774453237725
5632,STXBP6 (29091),4.4020915429097714e-05,True,0.0013709046772244096,0.0013709046772244096
5633,ATP5MC1 (516),4.4012133235845884e-05,True,0.004233463591745479,0.004233463591745479
5634,DCAF4L1 (285429),4.400524455576666e-05,True,-9.237537153432025e-06,9.237537153432025e-06
5635,ZSCAN20 (7579),4.397791486182701e-05,True,0.0004028965376004158,0.0004028965376004158
5636,PDCD5 (9141),4.397199616500688e-05,True,0.0005882111538388014,0.0005882111538388014
5637,IGHMBP2 (3508),4.3952378925625674e-05,True,0.0016219050077667008,0.0016219050077667008
5638,TMEM26 (219623),4.391150347459371e-05,True,-0.0003723703687934409,0.0003723703687934409
5639,RAB26 (25837),4.386851114612136e-05,True,-0.0009157672543359372,0.0009157672543359372
5640,H2BC10 (8346),4.382580861018536e-05,True,0.0006888756399644899,0.0006888756399644899
5641,CYP27C1 (339761),4.3792275979266455e-05,True,-0.0028193326147904645,0.0028193326147904645
5642,FA2H (79152),4.377571214711582e-05,True,0.0008512830911536103,0.0008512830911536103
5643,MAPK1 (5594),4.377495473243296e-05,True,-0.0005402228483546094,0.0005402228483546094
5644,MRPL38 (64978),4.3761864064902016e-05,True,-0.0004888431404543336,0.0004888431404543336
5645,C16orf89 (146556),4.3761121560239315e-05,True,-0.00035702856760231856,0.00035702856760231856
5646,LAG3 (3902),4.3755838038280064e-05,True,0.0006699461423447927,0.0006699461423447927
5647,MTIF3 (219402),4.374613078345907e-05,True,-0.0010934979817432784,0.0010934979817432784
5648,NKAIN1 (79570),4.372373978746626e-05,True,0.0015724646382966722,0.0015724646382966722
5649,CCDC89 (220388),4.3722221099121385e-05,True,-0.000528449853319022,0.000528449853319022
5650,TMEM67 (91147),4.370433966887101e-05,True,-0.0031763945427999386,0.0031763945427999386
5651,ABHD4 (63874),4.370068514304776e-05,True,0.002606054330457083,0.002606054330457083
5652,CDC42EP1 (11135),4.369126418649243e-05,True,-0.0018633895404721657,0.0018633895404721657
5653,RPS19 (6223),4.368394401569799e-05,True,-0.0004935821799284036,0.0004935821799284036
5654,FAM153B (202134),4.367583770400145e-05,True,-0.0008119044914123789,0.0008119044914123789
5655,DAXX (1616),4.3667583597634256e-05,True,0.0003897143637262108,0.0003897143637262108
5656,ZNF701 (55762),4.3649544247647094e-05,True,0.0023526143946469126,0.0023526143946469126
5657,DLST (1743),4.3638103572581675e-05,True,-0.003998503076779984,0.003998503076779984
5658,OSGIN2 (734),4.3637024709896593e-05,True,0.0006043939940656058,0.0006043939940656058
5659,TRIM41 (90933),4.360444680464686e-05,True,0.0006004977990407775,0.0006004977990407775
5660,TTI2 (80185),4.3591411928338116e-05,True,0.0009938362365667387,0.0009938362365667387
5661,HNRNPK (3190),4.3578306726552396e-05,True,0.00012421270820691483,0.00012421270820691483
5662,DAGLB (221955),4.357399436778025e-05,True,0.002468483006383124,0.002468483006383124
5663,ISLR (3671),4.3571143964404485e-05,True,-0.0006686652873878638,0.0006686652873878638
5664,GTF3C5 (9328),4.3558891614161685e-05,True,-0.0004236613512105414,0.0004236613512105414
5665,MAPK1IP1L (93487),4.3543960180551665e-05,True,0.0007513961034642247,0.0007513961034642247
5666,ZNF397 (84307),4.352831241607676e-05,True,-0.0012647567917548237,0.0012647567917548237
5667,SLITRK1 (114798),4.350302181506149e-05,True,-0.0016417562726796383,0.0016417562726796383
5668,C1QTNF6 (114904),4.350027798530123e-05,True,-0.002137163564321614,0.002137163564321614
5669,CES4A (283848),4.349524368876575e-05,True,0.0014226654473069482,0.0014226654473069482
5670,RAB7A (7879),4.348734532269107e-05,True,0.00036951202993049104,0.00036951202993049104
5671,KCNC4 (3749),4.348658100414012e-05,True,-0.0004331611162797619,0.0004331611162797619
5672,PCBP4 (57060),4.347268324256477e-05,True,-0.002255480822228859,0.002255480822228859
5673,GCSAML (148823),4.34352917539874e-05,True,-0.0011455390062934335,0.0011455390062934335
5674,DDX53 (168400),4.343361369368254e-05,True,0.002421169412323922,0.002421169412323922
5675,TBCA (6902),4.342584059686888e-05,True,-0.0025282704619321193,0.0025282704619321193
5676,CNOT9 (9125),4.3424198424621206e-05,True,-7.694852938064508e-05,7.694852938064508e-05
5677,GOLPH3 (64083),4.341195751384482e-05,True,0.001184646344498073,0.001184646344498073
5678,ZPR1 (8882),4.340588641005668e-05,True,0.0019763847230346685,0.0019763847230346685
5679,KNSTRN (90417),4.3404091894426726e-05,True,-0.00025367992613811036,0.00025367992613811036
5680,TCEAL2 (140597),4.338913881014059e-05,True,0.0011282654980498867,0.0011282654980498867
5681,FAAP20 (199990),4.3372757997392654e-05,True,-0.00015825689267311236,0.00015825689267311236
5682,SYP (6855),4.337084290104324e-05,True,0.00027621340907092685,0.00027621340907092685
5683,RGCC (28984),4.335915431886998e-05,True,0.0011452474003772542,0.0011452474003772542
5684,CNFN (84518),4.3343573242880656e-05,True,0.0003060801182012331,0.0003060801182012331
5685,NAIF1 (203245),4.333464232287119e-05,True,0.00037066974787166576,0.00037066974787166576
5686,FBXL15 (79176),4.332271442068633e-05,True,-0.0008472653795378756,0.0008472653795378756
5687,ITPRID1 (223075),4.332135318957358e-05,True,-0.001451129185457927,0.001451129185457927
5688,PALLD (23022),4.330565424602135e-05,True,0.001977934584960134,0.001977934584960134
5689,ZNG1E (220869),4.3299292327659414e-05,True,-0.0016066772244531001,0.0016066772244531001
5690,TMEM98 (26022),4.329609292605005e-05,True,-0.0009485191115950569,0.0009485191115950569
5691,RPUSD3 (285367),4.328593682386402e-05,True,7.657425192131827e-06,7.657425192131827e-06
5692,GPATCH2L (55668),4.327155026665364e-05,True,-0.0015495511478326993,0.0015495511478326993
5693,SNAPC5 (10302),4.323052852120469e-05,True,-0.002601345527886817,0.002601345527886817
5694,SLC12A9 (56996),4.321338584366849e-05,True,-0.0007060955512128125,0.0007060955512128125
5695,DDX46 (9879),4.3193791755226355e-05,True,-0.0016241771614329843,0.0016241771614329843
5696,MTNAP1 (55028),4.3192570570912385e-05,True,-0.0008789248963461576,0.0008789248963461576
5697,IQSEC3 (440073),4.318440421237048e-05,True,-4.2414649484285476e-05,4.2414649484285476e-05
5698,RNF126 (55658),4.317519411371994e-05,True,-0.0007933737200410949,0.0007933737200410949
5699,TOB1 (10140),4.316845168604189e-05,True,-6.175989009532675e-05,6.175989009532675e-05
5700,SLC10A3 (8273),4.316029126614317e-05,True,0.0008409022735349147,0.0008409022735349147
5701,POPDC1 (11149),4.315555055701672e-05,True,-0.0011239105493855886,0.0011239105493855886
5702,SLC35A5 (55032),4.315258513640804e-05,True,0.0012073576469767257,0.0012073576469767257
5703,CARNMT1 (138199),4.3136714407641045e-05,True,0.0017033402953909186,0.0017033402953909186
5704,PLOD1 (5351),4.311983925571023e-05,True,0.001931985627956706,0.001931985627956706
5705,USP47 (55031),4.3113042084274784e-05,True,-0.0010529329180985246,0.0010529329180985246
5706,CLSPN (63967),4.3103969595580024e-05,True,0.0001475061518064714,0.0001475061518064714
5707,GTDC1 (79712),4.305920223197232e-05,True,0.002364145577665237,0.002364145577665237
5708,DLGAP2 (9228),4.304003907181957e-05,True,8.723899839170048e-05,8.723899839170048e-05
5709,ZNF721 (170960),4.302812218960882e-05,True,-0.0014992644323795577,0.0014992644323795577
5710,LCN15 (389812),4.300246788525434e-05,True,0.0005638427603667919,0.0005638427603667919
5711,H2AC20 (8338),4.3000802887307625e-05,True,-0.0026148864515899628,0.0026148864515899628
5712,PTGFRN (5738),4.2998865725562124e-05,True,0.00017196360358520658,0.00017196360358520658
5713,FBXL18 (80028),4.299783267212426e-05,True,-0.000621810711814141,0.000621810711814141
5714,AAMP (14),4.2988156043375394e-05,True,-0.0015656995905775105,0.0015656995905775105
5715,ZNF496 (84838),4.298201275667343e-05,True,-0.00011961958541110724,0.00011961958541110724
5716,IGSF11 (152404),4.298077285483706e-05,True,0.00044329844845609383,0.00044329844845609383
5717,AKT3 (10000),4.2968066823224626e-05,True,-0.0004758260964525731,0.0004758260964525731
5718,SNED1 (25992),4.29527522808049e-05,True,0.000594233373681493,0.000594233373681493
5719,PHTF1 (10745),4.294463734930185e-05,True,1.0216708438001796e-05,1.0216708438001796e-05
5720,CHMP5 (51510),4.2930738689978784e-05,True,7.79781202948633e-06,7.79781202948633e-06
5721,TAF1D (79101),4.2929791760004634e-05,True,0.002159976626858996,0.002159976626858996
5722,C1S (716),4.2920324546599145e-05,True,0.0007996981957667143,0.0007996981957667143
5723,PTPRQ (374462),4.2888442580336556e-05,True,-0.0009312690833570907,0.0009312690833570907
5724,RPL7A (6130),4.2860306947538594e-05,True,-0.0004946854379313093,0.0004946854379313093
5725,MFAP2 (4237),4.285540489211045e-05,True,-0.001111389036334973,0.001111389036334973
5726,SLC28A2 (9153),4.284348393241625e-05,True,0.004815684455820556,0.004815684455820556
5727,TCTN3 (26123),4.283665319568096e-05,True,0.0008015115911573833,0.0008015115911573833
5728,H3Y1 (391769),4.282778778666907e-05,True,-0.0010672344687809997,0.0010672344687809997
5729,ZNF431 (170959),4.2826658459791825e-05,True,-1.782065213491702e-06,1.782065213491702e-06
5730,CDH9 (1007),4.2812894953466664e-05,True,-0.001001480159501507,0.001001480159501507
5731,TBC1D30 (23329),4.2801564219902034e-05,True,0.0010621449465864324,0.0010621449465864324
5732,RPL10L (140801),4.2795822999460776e-05,True,-0.002726787031673276,0.002726787031673276
5733,XRCC2 (7516),4.275809660977409e-05,True,0.00010654551638179278,0.00010654551638179278
5734,JPH3 (57338),4.275280291152635e-05,True,-0.00197783525175389,0.00197783525175389
5735,TMBIM4 (51643),4.274547053291434e-05,True,0.0015242490485789606,0.0015242490485789606
5736,MEST (4232),4.2733363493417067e-05,True,-0.0032226576521591404,0.0032226576521591404
5737,SPATA13 (221178),4.2708138630882515e-05,True,-0.002079724010641967,0.002079724010641967
5738,SRI (6717),4.270681867342815e-05,True,0.00042527032298516596,0.00042527032298516596
5739,ACD (65057),4.269666978222236e-05,True,-0.0025407712209749274,0.0025407712209749274
5740,THEMIS2 (9473),4.268517636229492e-05,True,0.0015971979672133297,0.0015971979672133297
5741,ARFGEF3 (57221),4.2678562090336434e-05,True,-0.0021323523673777286,0.0021323523673777286
5742,OGFR (11054),4.264348567904392e-05,True,-0.0007496038472229142,0.0007496038472229142
5743,PFDN4 (5203),4.263758283910863e-05,True,0.0005939297478224231,0.0005939297478224231
5744,RMP24 (83608),4.2629937075711035e-05,True,-0.0010252273407982007,0.0010252273407982007
5745,BAIAP2 (10458),4.262196330250721e-05,True,0.0008572461813594951,0.0008572461813594951
5746,TMC2 (117532),4.2616123132155974e-05,True,0.0010660336570020405,0.0010660336570020405
5747,SNX25 (83891),4.257948191208695e-05,True,0.0017870681195383386,0.0017870681195383386
5748,NOS2 (4843),4.257484442131902e-05,True,-0.0025985812362845978,0.0025985812362845978
5749,USB1 (79650),4.2574061765269266e-05,True,-0.0009913437090955312,0.0009913437090955312
5750,ADGRD2 (347088),4.2551510981132874e-05,True,-0.00013046665531883965,0.00013046665531883965
5751,PRR14 (78994),4.255129367108358e-05,True,-0.0014197918011414987,0.0014197918011414987
5752,BFSP1 (631),4.254912998277574e-05,True,-0.0028065273128911896,0.0028065273128911896
5753,ZNF142 (7701),4.254429912902902e-05,True,0.00015916626128582596,0.00015916626128582596
5754,C11orf58 (10944),4.2544000644272285e-05,True,0.00022202758240591003,0.00022202758240591003
5755,PHIP (55023),4.2543789523779304e-05,True,0.0006553204937983549,0.0006553204937983549
5756,MFSD3 (113655),4.252753100966129e-05,True,0.0013721633411430938,0.0013721633411430938
5757,EIF4E (1977),4.252197666996314e-05,True,-0.00026878546804860693,0.00026878546804860693
5758,HADHB (3032),4.251039740792417e-05,True,-0.0027029023999871407,0.0027029023999871407
5759,IRS4 (8471),4.2504474561799584e-05,True,-0.000659452309758461,0.000659452309758461
5760,CD99 (4267),4.246608922306855e-05,True,-0.000871731233825578,0.000871731233825578
5761,PEX12 (5193),4.245645430437179e-05,True,0.0009644150384978649,0.0009644150384978649
5762,ENOX1 (55068),4.244751503937421e-05,True,0.00034350062415025866,0.00034350062415025866
5763,IL5RA (3568),4.2436419461792576e-05,True,-0.0039913267226955405,0.0039913267226955405
5764,SRRM4 (84530),4.2436298678898717e-05,True,0.0009540926608317931,0.0009540926608317931
5765,TNFRSF4 (7293),4.239739917597222e-05,True,-0.0016176546646674919,0.0016176546646674919
5766,NETO1 (81832),4.2395941433887305e-05,True,0.0010798729441942872,0.0010798729441942872
5767,NR1H2 (7376),4.238811283102267e-05,True,0.0010564864241334989,0.0010564864241334989
5768,TIMP1 (7076),4.238478202582881e-05,True,-0.001191977489785628,0.001191977489785628
5769,H3C4 (8351),4.235708211196029e-05,True,-0.0031725480655363496,0.0031725480655363496
5770,PSMG3 (84262),4.23266458286718e-05,True,-0.002611423225059759,0.002611423225059759
5771,KHK (3795),4.231197141387546e-05,True,-0.003114439698088418,0.003114439698088418
5772,CD38 (952),4.2311051540681643e-05,True,-0.000747671137449792,0.000747671137449792
5773,ENPP3 (5169),4.230369512744887e-05,True,0.0010160437005007647,0.0010160437005007647
5774,KCNA2 (3737),4.2300547182501144e-05,True,0.002244832454788439,0.002244832454788439
5775,ZCCHC14 (23174),4.229538008212418e-05,True,0.0008575452416369252,0.0008575452416369252
5776,WARS1 (7453),4.229495224129307e-05,True,-0.0023663415178127463,0.0023663415178127463
5777,KIF26B (55083),4.2282292085483146e-05,True,-0.0003449670656473261,0.0003449670656473261
5778,MRPL49 (740),4.2272291412788944e-05,True,0.0016518511839261447,0.0016518511839261447
5779,TMEM9B (56674),4.226475467600548e-05,True,-0.00021333607112509036,0.00021333607112509036
5780,BRSK1 (84446),4.224380964056435e-05,True,-0.004036012240311368,0.004036012240311368
5781,ZNF385D (79750),4.224356632995716e-05,True,0.0019482803810590395,0.0019482803810590395
5782,TYK2 (7297),4.223247645754027e-05,True,0.00042228236680539677,0.00042228236680539677
5783,URB2 (9816),4.223214783375628e-05,True,-0.00020616364056474847,0.00020616364056474847
5784,ZNF319 (57567),4.222310631333281e-05,True,-0.000943083976588045,0.000943083976588045
5785,ADAMTSL4 (54507),4.2202575889613707e-05,True,-0.002278623661782601,0.002278623661782601
5786,LRRC46 (90506),4.220205332560293e-05,True,-0.0030977287803362627,0.0030977287803362627
5787,MYO9A (4649),4.220078480199036e-05,True,0.0012871993788475,0.0012871993788475
5788,OMG (4974),4.217188877096332e-05,True,0.0016815585835894525,0.0016815585835894525
5789,PPP2R2D (55844),4.2169060453561105e-05,True,0.000393588715266287,0.000393588715266287
5790,PCYOX1 (51449),4.21491005656038e-05,True,0.0006053676542430138,0.0006053676542430138
5791,CLDN12 (9069),4.213353246910749e-05,True,-0.0015535505677279043,0.0015535505677279043
5792,TKFC (26007),4.2070524493552236e-05,True,0.00013226067966429743,0.00013226067966429743
5793,TANC1 (85461),4.205952388681365e-05,True,0.000887801045068322,0.000887801045068322
5794,MDGA1 (266727),4.201787698852258e-05,True,-0.0019183412548055404,0.0019183412548055404
5795,PIM2 (11040),4.1988759082526266e-05,True,0.0014226772502974564,0.0014226772502974564
5796,SLC30A7 (148867),4.1988153566052444e-05,True,-0.0019352478743127639,0.0019352478743127639
5797,GRP (2922),4.1973399328274345e-05,True,0.00039626917953592246,0.00039626917953592246
5798,LDHA (3939),4.1966408433163915e-05,True,-0.0002573749132955941,0.0002573749132955941
5799,SLC7A8 (23428),4.1964153270144596e-05,True,0.001487689753017489,0.001487689753017489
5800,PARP15 (165631),4.196081277256718e-05,True,-0.0003400875316696585,0.0003400875316696585
5801,CEP83 (51134),4.195979904165996e-05,True,0.0017208967418327467,0.0017208967418327467
5802,ARMC5 (79798),4.1916934006600906e-05,True,0.001809967060944321,0.001809967060944321
5803,GRID2 (2895),4.191207317122369e-05,True,-0.003329387773929033,0.003329387773929033
5804,LPL (4023),4.18931296011005e-05,True,0.0023959456140579087,0.0023959456140579087
5805,COL20A1 (57642),4.18549549900087e-05,True,0.0025898226808010434,0.0025898226808010434
5806,RECQL5 (9400),4.184599158426634e-05,True,0.0013116045731089024,0.0013116045731089024
5807,TMEM203 (94107),4.184016319058504e-05,True,-0.0004180518888792315,0.0004180518888792315
5808,MPL (4352),4.1820601534362194e-05,True,0.0027241990195364762,0.0027241990195364762
5809,UQCRB (7381),4.181787432054133e-05,True,0.000518049091901834,0.000518049091901834
5810,ANKZF1 (55139),4.181417249085297e-05,True,0.0017586253044176944,0.0017586253044176944
5811,CAPN13 (92291),4.179271221067801e-05,True,-0.00031298932630345556,0.00031298932630345556
5812,BCKDK (10295),4.1770791545092514e-05,True,0.0006341221551312451,0.0006341221551312451
5813,KISS1R (84634),4.176286632062322e-05,True,0.0006907711341982043,0.0006907711341982043
5814,DHCR24 (1718),4.173586522889275e-05,True,0.0011041449424377117,0.0011041449424377117
5815,TCL1A (8115),4.1734948556661065e-05,True,0.0023961319463073833,0.0023961319463073833
5816,RAB5B (5869),4.172229833342894e-05,True,0.0020079117935211323,0.0020079117935211323
5817,ZBTB21 (49854),4.171460101148418e-05,True,-0.0006990903182764104,0.0006990903182764104
5818,SLC35F2 (54733),4.170952506487324e-05,True,0.00017951108561266337,0.00017951108561266337
5819,TMEM278 (643965),4.169593299274896e-05,True,-0.0015414214748388898,0.0015414214748388898
5820,TYW1B (441250),4.168560944684677e-05,True,0.004853441169305938,0.004853441169305938
5821,TBC1D16 (125058),4.166600232167449e-05,True,-0.0005956335330580846,0.0005956335330580846
5822,SDHC (6391),4.166454902039476e-05,True,-0.0011985212316342642,0.0011985212316342642
5823,SDF4 (51150),4.165165467006962e-05,True,0.0008258703116254242,0.0008258703116254242
5824,CYREN (78996),4.164326013746573e-05,True,0.00047901656797054546,0.00047901656797054546
5825,PLA2G12A (81579),4.1631830763393653e-05,True,0.00046069044355312666,0.00046069044355312666
5826,KCNA10 (3744),4.161936574827814e-05,True,-0.0035330753891057633,0.0035330753891057633
5827,DGCR2 (9993),4.158834536500081e-05,True,-0.0009427372661608582,0.0009427372661608582
5828,DNTTIP1 (116092),4.157622314282445e-05,True,0.0015953178214297126,0.0015953178214297126
5829,TRPM6 (140803),4.156841452234418e-05,True,-0.0018656549549437827,0.0018656549549437827
5830,LRRC51 (120356739),4.155781695571265e-05,True,-0.0023812883494107873,0.0023812883494107873
5831,GAD1 (2571),4.154552639291423e-05,True,-0.003980778391866299,0.003980778391866299
5832,ARSF (416),4.154073472746375e-05,True,-0.0028111776576426268,0.0028111776576426268
5833,DNMT3B (1789),4.1537829386265394e-05,True,0.0023433097531078187,0.0023433097531078187
5834,CSTB (1476),4.153755941735076e-05,True,0.0007881631377617689,0.0007881631377617689
5835,SPATA1 (100505741),4.1526216874450014e-05,True,0.001738823984709466,0.001738823984709466
5836,MALT1 (10892),4.152302942648686e-05,True,-0.00040719437922187,0.00040719437922187
5837,HHLA2 (11148),4.150731609632641e-05,True,0.0009153205011375347,0.0009153205011375347
5838,NAPG (8774),4.148895978277508e-05,True,-0.0026928916036212994,0.0026928916036212994
5839,PIP4K2B (8396),4.148094037682411e-05,True,0.0002779891604425584,0.0002779891604425584
5840,AKT2 (208),4.1480482290009324e-05,True,0.0017436805672504754,0.0017436805672504754
5841,KLHL15 (80311),4.147958992046648e-05,True,-0.00023287768573370055,0.00023287768573370055
5842,PAPPA2 (60676),4.14793948446864e-05,True,0.001729503938057088,0.001729503938057088
5843,GINS4 (84296),4.147223698912483e-05,True,0.00029889564496584915,0.00029889564496584915
5844,CBR1 (873),4.1431351719993716e-05,True,0.0019752145474272054,0.0019752145474272054
5845,FAM86B2 (653333),4.141695069250841e-05,True,-0.0009943533814117341,0.0009943533814117341
5846,ZNF462 (58499),4.141627283744605e-05,True,-0.0003259219873850737,0.0003259219873850737
5847,KLHL22 (84861),4.1400402369985993e-05,True,-0.0008714806543136358,0.0008714806543136358
5848,FAM217A (222826),4.1395005211656254e-05,True,-8.427145440513149e-05,8.427145440513149e-05
5849,FBXW8 (26259),4.1375807504276386e-05,True,0.0005258518019941801,0.0005258518019941801
5850,MYLK3 (91807),4.1356935160040234e-05,True,0.0019404011118909423,0.0019404011118909423
5851,DLG3 (1741),4.1339846373480475e-05,True,-0.0030831798232237306,0.0030831798232237306
5852,MATN1 (4146),4.13321283041444e-05,True,-0.0014676417127079426,0.0014676417127079426
5853,MED14 (9282),4.133172833322218e-05,True,0.0014187983913561005,0.0014187983913561005
5854,OSTM1 (28962),4.132916052579209e-05,True,-0.00018614042835088428,0.00018614042835088428
5855,ELOVL4 (6785),4.1321843044222735e-05,True,-0.0006753792409705923,0.0006753792409705923
5856,PURG (29942),4.1316954175232196e-05,True,-0.0007662412761545092,0.0007662412761545092
5857,PRSS21 (10942),4.1307784248235915e-05,True,0.004530864684251836,0.004530864684251836
5858,TAS2R43 (259289),4.130544662638235e-05,True,-0.001554389437216669,0.001554389437216669
5859,GIT2 (9815),4.128095439691631e-05,True,-0.0005074418192750588,0.0005074418192750588
5860,ASPH (444),4.12751041527169e-05,True,0.0024101070273075563,0.0024101070273075563
5861,JOSD1 (9929),4.1271759408977175e-05,True,-0.00026008197782903715,0.00026008197782903715
5862,SLC26A2 (1836),4.126490778511271e-05,True,0.0004375713909852731,0.0004375713909852731
5863,HOXA3 (3200),4.126407563520507e-05,True,-0.0008265344011949601,0.0008265344011949601
5864,GAB2 (9846),4.1263870927689194e-05,True,0.0014273927155804404,0.0014273927155804404
5865,EMID1 (129080),4.1258902100702884e-05,True,0.0033630819518618046,0.0033630819518618046
5866,DBF4 (10926),4.1222188543662555e-05,True,-0.0009516941294314802,0.0009516941294314802
5867,CDK13 (8621),4.122041896443462e-05,True,0.0006954052724095154,0.0006954052724095154
5868,SPATA18 (132671),4.121901744638775e-05,True,0.0003270012638944017,0.0003270012638944017
5869,PMEPA1 (56937),4.12156544086044e-05,True,-0.0015254813688862878,0.0015254813688862878
5870,JAKMIP1 (152789),4.1193170867758266e-05,True,0.00032585304270655127,0.00032585304270655127
5871,ANXA5 (308),4.118516212440663e-05,True,0.0025279150053991745,0.0025279150053991745
5872,EIF4EBP3 (8637),4.117861132332305e-05,True,-0.0026895813418492086,0.0026895813418492086
5873,LDB2 (9079),4.117270747912105e-05,True,0.0017069326923161911,0.0017069326923161911
5874,DDX47 (51202),4.11711873228773e-05,True,0.0016061951039904776,0.0016061951039904776
5875,INSM1 (3642),4.1163799810728395e-05,True,0.002461038569711157,0.002461038569711157
5876,IFT20 (90410),4.1157666645730385e-05,True,0.0016067300760293517,0.0016067300760293517
5877,MPST (4357),4.115143965466665e-05,True,-0.003756968313791659,0.003756968313791659
5878,JPH4 (84502),4.113916463812898e-05,True,-0.0018209299881029924,0.0018209299881029924
5879,BPIFA2 (140683),4.112211955337081e-05,True,0.0001355070357354853,0.0001355070357354853
5880,ECHDC1 (55862),4.111486903989664e-05,True,0.000489595479267331,0.000489595479267331
5881,ZCCHC10 (54819),4.107027142503921e-05,True,-0.00159077527355013,0.00159077527355013
5882,BAG3 (9531),4.106898882614697e-05,True,-0.00019765659601743998,0.00019765659601743998
5883,AGO3 (192669),4.1064392764215274e-05,True,0.001759424398665531,0.001759424398665531
5884,COX4I1 (1327),4.1061054994198084e-05,True,-0.0010438438722497867,0.0010438438722497867
5885,ZNF429 (353088),4.105264674533971e-05,True,-0.0014320660401921977,0.0014320660401921977
5886,BNIP3L (665),4.1046519065503815e-05,True,-0.0008280906576862805,0.0008280906576862805
5887,UBA6 (55236),4.1042949784578654e-05,True,0.0014659964943691717,0.0014659964943691717
5888,LONRF1 (91694),4.1035121565523614e-05,True,-0.0007396744700597507,0.0007396744700597507
5889,GPA33 (10223),4.100554404315065e-05,True,0.0006053968266802271,0.0006053968266802271
5890,MAB21L4 (79919),4.0993258793698214e-05,True,0.0018885048059199174,0.0018885048059199174
5891,HNMT (3176),4.0976362405774656e-05,True,0.0002294115421120715,0.0002294115421120715
5892,MALL (7851),4.095265546560151e-05,True,-0.0019260073099402653,0.0019260073099402653
5893,RWDD3 (25950),4.0922054720213894e-05,True,-0.0004798430715062859,0.0004798430715062859
5894,PEX7 (5191),4.091883563320578e-05,True,0.0015865589005224139,0.0015865589005224139
5895,PRSS36 (146547),4.0917396250999e-05,True,0.0007475989147396433,0.0007475989147396433
5896,ADAMTSL1 (92949),4.090776859509757e-05,True,0.0020815672166164855,0.0020815672166164855
5897,NDUFA1 (4694),4.090664593122703e-05,True,0.0011320186280495126,0.0011320186280495126
5898,EPO (2056),4.0883474145057914e-05,True,0.003922669954550055,0.003922669954550055
5899,GP6 (51206),4.0882341767088906e-05,True,-0.001418933700338605,0.001418933700338605
5900,VPS33A (65082),4.0869840778660985e-05,True,-0.0010164362128874725,0.0010164362128874725
5901,CTDNEP1 (23399),4.083992691734299e-05,True,0.0004789705527986929,0.0004789705527986929
5902,TLR5 (7100),4.083212582095627e-05,True,0.0005741232875196693,0.0005741232875196693
5903,CYP4F2 (8529),4.083003295140577e-05,True,0.0005864965008077038,0.0005864965008077038
5904,TNNT2 (7139),4.079606039012452e-05,True,-0.0002077938852964836,0.0002077938852964836
5905,BUB1 (699),4.07683938541375e-05,True,-0.00023424379944383044,0.00023424379944383044
5906,CSRP1 (1465),4.076510650277635e-05,True,-0.0024282573644282372,0.0024282573644282372
5907,LIPJ (142910),4.074519600406828e-05,True,-0.0018809089972238048,0.0018809089972238048
5908,NTMT1 (28989),4.072660966849597e-05,True,-0.0006710204655621384,0.0006710204655621384
5909,POLD3 (10714),4.072476955491468e-05,True,0.0009360175007229483,0.0009360175007229483
5910,GPS2 (2874),4.072268286021148e-05,True,-0.0009771298796834448,0.0009771298796834448
5911,IL2RB (3560),4.070574362310606e-05,True,-0.001189841160380423,0.001189841160380423
5912,AP1AR (55435),4.068414450601979e-05,True,0.00045114953802385233,0.00045114953802385233
5913,RITA1 (84934),4.064414797877441e-05,True,0.0020302394891485043,0.0020302394891485043
5914,TTBK1 (84630),4.0641474187952636e-05,True,8.63326065010041e-05,8.63326065010041e-05
5915,ABCE1 (6059),4.063071692278088e-05,True,0.0014016785252822764,0.0014016785252822764
5916,CYP1A1 (1543),4.062542503477906e-05,True,-8.529140185644648e-05,8.529140185644648e-05
5917,SKA2 (348235),4.062269227146946e-05,True,-0.0008895743487516918,0.0008895743487516918
5918,UNC5B (219699),4.0611289455515886e-05,True,-0.0007894536056384071,0.0007894536056384071
5919,GMPPA (29926),4.060512931239732e-05,True,0.0006307312594764929,0.0006307312594764929
5920,MAPK3 (5595),4.0597473150651984e-05,True,0.0002192162022332409,0.0002192162022332409
5921,WDR19 (57728),4.059273068447708e-05,True,-0.0014852458143926744,0.0014852458143926744
5922,TEAD2 (8463),4.0570920255391035e-05,True,3.578138114177529e-05,3.578138114177529e-05
5923,SEC16A (9919),4.0569904081082836e-05,True,0.0011301533000638582,0.0011301533000638582
5924,CARMIL2 (146206),4.056162804475654e-05,True,-0.0004542009619484279,0.0004542009619484279
5925,PAPOLA (10914),4.054354566042494e-05,True,-2.822919355534065e-05,2.822919355534065e-05
5926,BAK1 (578),4.045947618645967e-05,True,-0.00023094755626441605,0.00023094755626441605
5927,ISCA1 (81689),4.0456436196874024e-05,True,0.0030355923353757802,0.0030355923353757802
5928,RBM28 (55131),4.043843061842126e-05,True,0.0011298648320710743,0.0011298648320710743
5929,ZNF565 (147929),4.041247904050219e-05,True,-0.0004054419427539397,0.0004054419427539397
5930,SELENOK (58515),4.041062433789343e-05,True,0.0022639217098084146,0.0022639217098084146
5931,TRPM7 (54822),4.0405936391883985e-05,True,-0.0016158227241958205,0.0016158227241958205
5932,STYK1 (55359),4.035423915056148e-05,True,0.003591257536062027,0.003591257536062027
5933,CCZ1 (51622),4.0345698399092885e-05,True,-0.00034212409090303127,0.00034212409090303127
5934,TP53I3 (9540),4.034461308110684e-05,True,-0.0031865612088978483,0.0031865612088978483
5935,LIPN (643418),4.032919930847131e-05,True,0.00031775090744737354,0.00031775090744737354
5936,WDR27 (253769),4.030359660571945e-05,True,0.0005096359291096419,0.0005096359291096419
5937,NUDT3 (11165),4.029985831372159e-05,True,0.0004350418986714109,0.0004350418986714109
5938,KLHL36 (79786),4.028393382052479e-05,True,-0.00015390497610724327,0.00015390497610724327
5939,RNPS1 (10921),4.02759342250088e-05,True,0.000891279588818445,0.000891279588818445
5940,TXN (7295),4.0275599323562955e-05,True,-8.313942327805462e-05,8.313942327805462e-05
5941,TEF (7008),4.026124306989393e-05,True,-0.0029721486123624637,0.0029721486123624637
5942,INTS1 (26173),4.025698486226101e-05,True,-0.0018393400140987845,0.0018393400140987845
5943,SPEM3 (107983988),4.025287547407581e-05,True,-0.0012323262086081212,0.0012323262086081212
5944,AURKAIP1 (54998),4.02440873310007e-05,True,0.0009540093609539928,0.0009540093609539928
5945,SGSH (6448),4.024078647515087e-05,True,0.00224747130461738,0.00224747130461738
5946,DCAF15 (90379),4.023410327644823e-05,True,-0.0016448572256514856,0.0016448572256514856
5947,ZNF155 (7711),4.0233922277600515e-05,True,-0.002789768280187746,0.002789768280187746
5948,TUSC3 (7991),4.0232459486050625e-05,True,-0.0006944463118503915,0.0006944463118503915
5949,CDH7 (1005),4.0231807468879576e-05,True,0.0029513978871448733,0.0029513978871448733
5950,RNF170 (81790),4.021961242366051e-05,True,0.0006412474840587243,0.0006412474840587243
5951,FAR2 (55711),4.0218072844637115e-05,True,0.0038594758530847463,0.0038594758530847463
5952,TNFAIP1 (7126),4.0210613440425785e-05,True,0.002404017878249034,0.002404017878249034
5953,CCDC32 (90416),4.017857311332952e-05,True,0.0013196149721852977,0.0013196149721852977
5954,PLEKHB2 (55041),4.014758628133527e-05,True,-0.0005143342914749431,0.0005143342914749431
5955,FAM178B (51252),4.013961147189916e-05,True,0.0021740842352171077,0.0021740842352171077
5956,B3GALT4 (8705),4.011255678247916e-05,True,0.00041306297569625237,0.00041306297569625237
5957,COPZ2 (51226),4.0111548694708934e-05,True,0.0011699085537302256,0.0011699085537302256
5958,RAB22A (57403),4.007924159714117e-05,True,0.00020730830313491952,0.00020730830313491952
5959,PGM5 (5239),4.005309337901471e-05,True,0.004383642345658838,0.004383642345658838
5960,TUBE1 (51175),4.0052898620875935e-05,True,0.00030897102775561097,0.00030897102775561097
5961,A4GNT (51146),4.004857036790995e-05,True,0.0012919652796180847,0.0012919652796180847
5962,HUS1B (135458),4.003993326144111e-05,True,-0.000927167068692549,0.000927167068692549
5963,CCDC77 (84318),4.0038935130471246e-05,True,0.0021500109077952044,0.0021500109077952044
5964,CERS6 (253782),4.003761044976137e-05,True,-0.0006076538762360195,0.0006076538762360195
5965,TLX1 (3195),4.003278235744351e-05,True,0.0018298578324940427,0.0018298578324940427
5966,SAT1 (6303),4.002737174407565e-05,True,-0.0006040196898449283,0.0006040196898449283
5967,MPO (4353),4.0010568106768874e-05,True,0.0018254267279533788,0.0018254267279533788
5968,ZBTB48 (3104),4.000884932415009e-05,True,0.0015045697940259666,0.0015045697940259666
5969,RIDA (10247),4.000868236109772e-05,True,-0.0008063328606862737,0.0008063328606862737
5970,SCAF8 (22828),3.995982512821124e-05,True,0.0007630506609719067,0.0007630506609719067
5971,EGFR (1956),3.9952081875334664e-05,True,-0.00023965342191050462,0.00023965342191050462
5972,IKZF3 (22806),3.995179480646872e-05,True,-0.00046700215249462446,0.00046700215249462446
5973,TM2D1 (83941),3.992145737031169e-05,True,0.0012658859831662338,0.0012658859831662338
5974,CSH2 (1443),3.991693522193822e-05,True,0.0008671012792345723,0.0008671012792345723
5975,C20orf96 (140680),3.990226766470461e-05,True,-0.00132767332135566,0.00132767332135566
5976,SUCLA2 (8803),3.9872941225349905e-05,True,-0.00014138971395113043,0.00014138971395113043
5977,PITPNA (5306),3.987033917180478e-05,True,-0.0010685931501997255,0.0010685931501997255
5978,AKAP9 (10142),3.9860636709191435e-05,True,0.002059830569979956,0.002059830569979956
5979,RPGR (6103),3.984220732006546e-05,True,0.000557659758422215,0.000557659758422215
5980,CCDC102A (92922),3.982304213676742e-05,True,-0.0021312544912369365,0.0021312544912369365
5981,FOXO4 (4303),3.981393502634776e-05,True,0.0006278524453867566,0.0006278524453867566
5982,TNFSF4 (7292),3.981236950980822e-05,True,-0.0021594684752427908,0.0021594684752427908
5983,SLC67A1 (5002),3.976377679653512e-05,True,2.3862764790444336e-05,2.3862764790444336e-05
5984,MSH6 (2956),3.975478826597134e-05,True,-8.978987148855781e-05,8.978987148855781e-05
5985,CYB561D2 (11068),3.9725734189997755e-05,True,0.0005393544326039739,0.0005393544326039739
5986,ZNF416 (55659),3.970977767079407e-05,True,0.00019759950435280184,0.00019759950435280184
5987,COX5B (1329),3.9700487920425596e-05,True,-0.0003422776379950188,0.0003422776379950188
5988,SIPA1L2 (57568),3.969674582684141e-05,True,0.0023726803127394726,0.0023726803127394726
5989,MAN1A1 (4121),3.9682833660953e-05,True,-0.0021207797678873238,0.0021207797678873238
5990,MGAT4B (11282),3.9651886195474036e-05,True,-0.0021599238168946975,0.0021599238168946975
5991,PREB (10113),3.9650742982281406e-05,True,-0.00038660149883427844,0.00038660149883427844
5992,PLEKHF1 (79156),3.9648302603050247e-05,True,0.00023671818783511044,0.00023671818783511044
5993,MS4A6A (64231),3.964266153210659e-05,True,0.0005911471516818548,0.0005911471516818548
5994,IMPG2 (50939),3.962691515489291e-05,True,0.0013057695954463155,0.0013057695954463155
5995,APOD (347),3.9626326418469473e-05,True,0.0013196525673533437,0.0013196525673533437
5996,RTN4 (57142),3.961725345813097e-05,True,-0.0006041390026197756,0.0006041390026197756
5997,SBNO1 (55206),3.957563414989549e-05,True,-0.001279020697699732,0.001279020697699732
5998,ATRN (8455),3.9571684109502063e-05,True,-0.0024128541961037386,0.0024128541961037386
5999,SULF2 (55959),3.956761556687631e-05,True,0.00046717433327737694,0.00046717433327737694
6000,OLFM1 (10439),3.954181129542277e-05,True,0.000730535634238829,0.000730535634238829
6001,NDUFS6 (4726),3.9515158550325724e-05,True,-0.0006123284318963165,0.0006123284318963165
6002,KCNH2 (3757),3.9511929364977935e-05,True,-0.000254783018835247,0.000254783018835247
6003,C11orf98 (102288414),3.948879565952742e-05,True,0.00016233962066457665,0.00016233962066457665
6004,GATA4 (2626),3.947509964302641e-05,True,-0.00017462949784187757,0.00017462949784187757
6005,CRLF1 (9244),3.945246480924722e-05,True,-0.001330063919888442,0.001330063919888442
6006,NALF1 (728215),3.9447774007156596e-05,True,0.002092951221915305,0.002092951221915305
6007,HELT (391723),3.939662963789246e-05,True,-0.0018824777837797993,0.0018824777837797993
6008,MYT1 (4661),3.9396277129390766e-05,True,-0.0002156380074968601,0.0002156380074968601
6009,TRAPPC13 (80006),3.9394434228027676e-05,True,-0.004051073137189547,0.004051073137189547
6010,PLS1 (5357),3.9359278773379774e-05,True,4.096327309223674e-05,4.096327309223674e-05
6011,GRIN2B (2904),3.9357561308563156e-05,True,0.00011933772691645982,0.00011933772691645982
6012,RGPD6 (729540),3.9351688505809965e-05,True,0.001882294750103103,0.001882294750103103
6013,EZH2 (2146),3.934568703441732e-05,True,-0.00039385797179040884,0.00039385797179040884
6014,CNGA4 (1262),3.9319558398335106e-05,True,0.0007287953654047715,0.0007287953654047715
6015,QRICH1 (54870),3.9317795766862754e-05,True,-0.001906637986754934,0.001906637986754934
6016,ZNF385A (25946),3.931277780592944e-05,True,-0.003776201564286037,0.003776201564286037
6017,APOBEC3H (164668),3.928712837348696e-05,True,-0.002987691607054016,0.002987691607054016
6018,SCN2B (6327),3.924890858571105e-05,True,-0.0006932786950457784,0.0006932786950457784
6019,CATSPERB (79820),3.9242444200326405e-05,True,-0.00020631222667357493,0.00020631222667357493
6020,ERLIN1 (10613),3.921343153996026e-05,True,0.0005415589314031337,0.0005415589314031337
6021,ACTN4 (81),3.919440608341234e-05,True,0.0002177997879037496,0.0002177997879037496
6022,TBKBP1 (9755),3.9193093235576725e-05,True,0.0008837587703036117,0.0008837587703036117
6023,ZKSCAN3 (80317),3.9167940686849934e-05,True,-0.0016619157840997653,0.0016619157840997653
6024,CDC20 (991),3.915549405148662e-05,True,-0.001263366026576439,0.001263366026576439
6025,ZSWIM9 (374920),3.914367205532525e-05,True,0.0008956447087707442,0.0008956447087707442
6026,VPS25 (84313),3.91360434125913e-05,True,2.2113019844628365e-06,2.2113019844628365e-06
6027,CNBP (7555),3.9080523653687e-05,True,-0.0006059271355692525,0.0006059271355692525
6028,ANKHD1 (54882),3.907711750198707e-05,True,0.0009585945220574772,0.0009585945220574772
6029,DTNB (1838),3.903957556840185e-05,True,-0.002524283368156861,0.002524283368156861
6030,TCAIM (285343),3.902221132957019e-05,True,-0.0010447516097287237,0.0010447516097287237
6031,RBSN (64145),3.901904531880985e-05,True,0.002125165872924887,0.002125165872924887
6032,DIPK2B (79742),3.9010748276708405e-05,True,-0.003892313172032469,0.003892313172032469
6033,BLOC1S2 (282991),3.9009052636367635e-05,True,-0.0029297845987712404,0.0029297845987712404
6034,MTRR (4552),3.899574607151301e-05,True,-0.0013081346928415824,0.0013081346928415824
6035,TOMM22 (56993),3.89754699050359e-05,True,-0.0011851477645488501,0.0011851477645488501
6036,ITGB5 (3693),3.8965968841284235e-05,True,-0.0009468755134564878,0.0009468755134564878
6037,KTI12 (112970),3.896328463516735e-05,True,0.0015100253142578896,0.0015100253142578896
6038,MOXD1 (26002),3.894533841542533e-05,True,-0.00011983767941241557,0.00011983767941241557
6039,ZSCAN25 (221785),3.8943069308488e-05,True,-0.001001579888146312,0.001001579888146312
6040,STK24 (8428),3.891070234823231e-05,True,-0.0031920502130800073,0.0031920502130800073
6041,KCTD12 (115207),3.890679551900149e-05,True,-0.00018720799355192563,0.00018720799355192563
6042,NOS1 (4842),3.890013555382286e-05,True,0.00013174773767521473,0.00013174773767521473
6043,SPEM2 (201243),3.8881824004863836e-05,True,-0.0025281730793205986,0.0025281730793205986
6044,TEAD3 (7005),3.887958006608199e-05,True,0.0009480442249159563,0.0009480442249159563
6045,BMP10 (27302),3.88539094185595e-05,True,-0.00649668909314662,0.00649668909314662
6046,DNAAF9 (25943),3.88514435505433e-05,True,-0.0009835104734043914,0.0009835104734043914
6047,CAPN12 (147968),3.884977408661169e-05,True,-0.0026172001278325276,0.0026172001278325276
6048,GATD3 (8209),3.884842150385539e-05,True,-0.0033363226946922305,0.0033363226946922305
6049,DHX34 (9704),3.883381220106942e-05,True,-0.0017312734980765763,0.0017312734980765763
6050,SCAND3 (114821),3.883015539812942e-05,True,-0.0023504541770806354,0.0023504541770806354
6051,CUL3 (8452),3.88227594302701e-05,True,-0.001060332099150763,0.001060332099150763
6052,HLCS (3141),3.880754978486956e-05,True,0.0018976455594361598,0.0018976455594361598
6053,RNF228 (122319436),3.880372833326014e-05,True,0.0017143794189118516,0.0017143794189118516
6054,RASL11B (65997),3.879386871467296e-05,True,0.0005852274304271151,0.0005852274304271151
6055,NR2F1 (7025),3.8791073316595716e-05,True,0.0007864331598086306,0.0007864331598086306
6056,TRNT1 (51095),3.8781909749357174e-05,True,0.0013932211420322133,0.0013932211420322133
6057,POTEM (641455),3.877064010894766e-05,True,0.0009479016031365924,0.0009479016031365924
6058,MED24 (9862),3.875263266956423e-05,True,-0.000705119196026115,0.000705119196026115
6059,TSR1 (55720),3.87395276292742e-05,True,0.0012901434534636326,0.0012901434534636326
6060,CD52 (1043),3.8731622998063943e-05,True,0.0012585059592186121,0.0012585059592186121
6061,COG2 (22796),3.872359473366827e-05,True,-0.0010576763197971573,0.0010576763197971573
6062,PGLS (25796),3.8714530193861304e-05,True,0.0019691508576771093,0.0019691508576771093
6063,ASIP (434),3.8711744596840276e-05,True,0.00016193527719234307,0.00016193527719234307
6064,SBK1 (388228),3.870252185523014e-05,True,0.00016108213235789222,0.00016108213235789222
6065,NOVA1 (4857),3.86884225418052e-05,True,-0.0019836054093650716,0.0019836054093650716
6066,KRTCAP2 (200185),3.8673005201219386e-05,True,-3.575365150942488e-05,3.575365150942488e-05
6067,KLB (152831),3.8662333566804796e-05,True,0.0011355886124873279,0.0011355886124873279
6068,LRRC71 (149499),3.864002235200713e-05,True,-0.0005217233534324297,0.0005217233534324297
6069,CDH10 (1008),3.8636465622525434e-05,True,-0.0022122936333069075,0.0022122936333069075
6070,SPON2 (10417),3.8633829862586236e-05,True,-0.0006363883069805845,0.0006363883069805845
6071,CSF2RA (1438),3.86065755862178e-05,True,0.0001918390676062616,0.0001918390676062616
6072,CPA5 (93979),3.859903881409901e-05,True,-0.0013136567508220747,0.0013136567508220747
6073,LHX9 (56956),3.8589308121774534e-05,True,-0.0004164622151814007,0.0004164622151814007
6074,GABRR2 (2570),3.85879738285059e-05,True,0.003198886635303163,0.003198886635303163
6075,POLA2 (23649),3.858661911630246e-05,True,-0.0008770383418401761,0.0008770383418401761
6076,PPIA (5478),3.858377803143052e-05,True,-0.0007280042904474749,0.0007280042904474749
6077,ZNF770 (54989),3.857920075686948e-05,True,0.0011199213434091172,0.0011199213434091172
6078,PTN (5764),3.857397634358499e-05,True,-0.0011229031255444045,0.0011229031255444045
6079,HECTD3 (79654),3.85314632059264e-05,True,-0.00022236752122256316,0.00022236752122256316
6080,ENPP1 (5167),3.8529468760910313e-05,True,0.0008825166341837327,0.0008825166341837327
6081,NOL9 (79707),3.852893512573992e-05,True,-0.0005286377247092642,0.0005286377247092642
6082,NCOR2 (9612),3.852074069927974e-05,True,-0.0015324795031507474,0.0015324795031507474
6083,PRICKLE4 (29964),3.8492325614316885e-05,True,0.0016573795161410126,0.0016573795161410126
6084,BRSK2 (9024),3.847846940503808e-05,True,-0.0013558543044242515,0.0013558543044242515
6085,MRPL23 (6150),3.8477948500956655e-05,True,0.0008601425118477926,0.0008601425118477926
6086,SOAT2 (8435),3.84674991166216e-05,True,-0.0010216686773009387,0.0010216686773009387
6087,ZNF226 (7769),3.8460418583095154e-05,True,-0.0019979158420525738,0.0019979158420525738
6088,CHDH (55349),3.845586923920335e-05,True,-0.002026584112428298,0.002026584112428298
6089,CELF4 (56853),3.845386557372432e-05,True,-0.0008709057391202855,0.0008709057391202855
6090,KCNG3 (170850),3.8447284216253756e-05,True,0.002949005028247741,0.002949005028247741
6091,ARMH1 (339541),3.8430843083574677e-05,True,0.0019948459173489085,0.0019948459173489085
6092,ESAM (90952),3.842325944430619e-05,True,-0.0020756712358689514,0.0020756712358689514
6093,LGALS7 (3963),3.842199379933845e-05,True,0.0007224312972919332,0.0007224312972919332
6094,UCN (7349),3.840736974325759e-05,True,-0.0002527997287648828,0.0002527997287648828
6095,ABCC12 (94160),3.840292171289603e-05,True,-0.001711987606191089,0.001711987606191089
6096,PARK7 (11315),3.838681701521302e-05,True,0.0033237629543766307,0.0033237629543766307
6097,ATPAF2 (91647),3.838571316428708e-05,True,0.0011578693426745295,0.0011578693426745295
6098,VPS45 (11311),3.837303356812895e-05,True,0.001586187782694546,0.001586187782694546
6099,RASA4B (100271927),3.836875837966536e-05,True,-0.0023678815237335085,0.0023678815237335085
6100,KLHL42 (57542),3.835909194038061e-05,True,0.0025035262306679347,0.0025035262306679347
6101,OXTR (5021),3.835724013568824e-05,True,0.0018310368192890666,0.0018310368192890666
6102,HEPHL1 (341208),3.8349127828654855e-05,True,-0.0018261895887699744,0.0018261895887699744
6103,ADGRG5 (221188),3.834133086878385e-05,True,0.0019721527621006352,0.0019721527621006352
6104,PSAT1 (29968),3.833013618138817e-05,True,-0.00019587061459982037,0.00019587061459982037
6105,ADTRP (84830),3.832411767844117e-05,True,0.0005649066571890963,0.0005649066571890963
6106,HLA-DRA (3122),3.83209054985381e-05,True,-0.0006616955716480172,0.0006616955716480172
6107,KLHL31 (401265),3.8319860778735586e-05,True,0.0014431364427571714,0.0014431364427571714
6108,BCL2L11 (10018),3.8312784204082214e-05,True,-0.0009943012574692408,0.0009943012574692408
6109,CTNNA3 (29119),3.830972905353479e-05,True,0.004772767000637378,0.004772767000637378
6110,H1-10 (8971),3.830096733373556e-05,True,-0.0024055428889378457,0.0024055428889378457
6111,TMEM9 (252839),3.829261000502344e-05,True,0.0011476220745243071,0.0011476220745243071
6112,PEX16 (9409),3.826801888442009e-05,True,0.0003015669729589045,0.0003015669729589045
6113,KIZ (55857),3.826201238534508e-05,True,0.00018515238250672948,0.00018515238250672948
6114,SRM (6723),3.825822806234994e-05,True,0.0023149441453657296,0.0023149441453657296
6115,FAM200B (285550),3.825731586832804e-05,True,0.0019617346128884216,0.0019617346128884216
6116,BPNT1 (10380),3.8233052989922825e-05,True,0.0014146119169973128,0.0014146119169973128
6117,GAGE12J (729396),3.823009615375123e-05,True,-0.00025715519705105485,0.00025715519705105485
6118,NUTM2G (441457),3.8226146083025054e-05,True,-0.0016560622597261846,0.0016560622597261846
6119,SELENOI (85465),3.822525248864911e-05,True,-6.196372317413337e-05,6.196372317413337e-05
6120,KANSL3 (55683),3.821664012133091e-05,True,0.002435165645662697,0.002435165645662697
6121,AVPR1B (553),3.819568676749512e-05,True,0.002884896107120033,0.002884896107120033
6122,HYKK (123688),3.8188683511820617e-05,True,0.0005414006964567764,0.0005414006964567764
6123,GFM2 (84340),3.81862643861835e-05,True,-0.002969024621769522,0.002969024621769522
6124,ATXN7L2 (127002),3.8180473132406894e-05,True,-0.0006038428215622798,0.0006038428215622798
6125,GIPC3 (126326),3.817623221358197e-05,True,0.002823393903777889,0.002823393903777889
6126,YY1 (7528),3.817582335787937e-05,True,-0.0004969986848075139,0.0004969986848075139
6127,GTSE1 (51512),3.816949368375021e-05,True,-0.0008183851855764479,0.0008183851855764479
6128,TMEM183A (92703),3.816202778792211e-05,True,-0.00030058749472713095,0.00030058749472713095
6129,RFPL4AL1 (729974),3.815012334683686e-05,True,0.0011040788069881452,0.0011040788069881452
6130,HDGFL3 (50810),3.814521989081105e-05,True,-0.0014710682820576722,0.0014710682820576722
6131,HPN (3249),3.813147162909886e-05,True,-0.0016089289196488125,0.0016089289196488125
6132,PTBP2 (58155),3.812125994449527e-05,True,-0.0009325653528033322,0.0009325653528033322
6133,LETM2 (137994),3.8121082117137434e-05,True,0.0018605150536712962,0.0018605150536712962
6134,UBAP2L (9898),3.8120240687645406e-05,True,0.00039348271926961014,0.00039348271926961014
6135,CASP4 (837),3.811796588669384e-05,True,-0.0007430639150847631,0.0007430639150847631
6136,TNFRSF10D (8793),3.809190047421374e-05,True,-0.00039605023980026797,0.00039605023980026797
6137,SEMA3A (10371),3.8090944227760585e-05,True,-0.001695323835922317,0.001695323835922317
6138,ST6GAL1 (6480),3.808570654739782e-05,True,-0.004921323862631189,0.004921323862631189
6139,ME3 (10873),3.808371726082859e-05,True,0.0022161511266717447,0.0022161511266717447
6140,PIEZO1 (9780),3.807565492107495e-05,True,0.00029351335588819936,0.00029351335588819936
6141,CABIN1 (23523),3.807489189597648e-05,True,0.0005535737452574082,0.0005535737452574082
6142,ZNF789 (285989),3.807004617724907e-05,True,-0.0003010351239271722,0.0003010351239271722
6143,TP53BP2 (7159),3.8069626927139276e-05,True,-0.001881518246145352,0.001881518246145352
6144,GOLGA6L6 (727832),3.802495527217728e-05,True,0.000451387564617092,0.000451387564617092
6145,CRACR2A (84766),3.800068074563228e-05,True,-0.002651897047926853,0.002651897047926853
6146,NR2F2 (7026),3.798037819499339e-05,True,-0.0008176145626523025,0.0008176145626523025
6147,C5orf15 (56951),3.797700660362328e-05,True,-0.000722886527813661,0.000722886527813661
6148,RBBP5 (5929),3.7962670872766824e-05,True,-0.0007925323490698766,0.0007925323490698766
6149,BSCL2 (26580),3.795911305726749e-05,True,-0.0008220437371146128,0.0008220437371146128
6150,EGFL8 (80864),3.7951397889013854e-05,True,-0.00044786393009346205,0.00044786393009346205
6151,FRMD1 (79981),3.7949423522290174e-05,True,-6.82200840908094e-05,6.82200840908094e-05
6152,EPHX3 (79852),3.793331492331679e-05,True,-0.0005287431675509702,0.0005287431675509702
6153,HAL (3034),3.792712129140539e-05,True,-0.0016261178407961856,0.0016261178407961856
6154,SLC22A14 (9389),3.7921297210152246e-05,True,0.0029006899411861136,0.0029006899411861136
6155,CCDC40 (55036),3.790958316136381e-05,True,-0.000703636074972569,0.000703636074972569
6156,SECISBP2 (79048),3.790609029242914e-05,True,0.0003438881319165407,0.0003438881319165407
6157,RBP7 (116362),3.7896391766465e-05,True,0.0023661825095441947,0.0023661825095441947
6158,ALPP (250),3.788443074593759e-05,True,-0.00017720764571201356,0.00017720764571201356
6159,LYVE1 (10894),3.787281110156365e-05,True,0.00204223945456309,0.00204223945456309
6160,CLDN18 (51208),3.786319215938314e-05,True,0.0002968899075771199,0.0002968899075771199
6161,AHSA1 (10598),3.785981646339844e-05,True,-0.0006155728152192094,0.0006155728152192094
6162,TNFSF13B (10673),3.785932386506198e-05,True,-0.0011601555936527291,0.0011601555936527291
6163,POLR3B (55703),3.783319860104774e-05,True,0.00030226047557770433,0.00030226047557770433
6164,UBR3 (130507),3.781082872296467e-05,True,6.05594668777582e-05,6.05594668777582e-05
6165,TSTD1 (100131187),3.7809980338044504e-05,True,0.0011912219771562512,0.0011912219771562512
6166,VCX3B (425054),3.778923516353109e-05,True,0.0022951392803286725,0.0022951392803286725
6167,RNF144A (9781),3.7782326397663134e-05,True,-0.0003501905606769916,0.0003501905606769916
6168,SEC11C (90701),3.776646136567077e-05,True,0.00011439166671719874,0.00011439166671719874
6169,HEXD (284004),3.776349737097725e-05,True,-0.0009648337892529989,0.0009648337892529989
6170,KLK5 (25818),3.775254868873451e-05,True,-0.0012047335406032637,0.0012047335406032637
6171,SRP72 (6731),3.7752527885653e-05,True,-0.0005139806691191645,0.0005139806691191645
6172,SLC25A13 (10165),3.7713638894444066e-05,True,0.0011540403174348738,0.0011540403174348738
6173,TYR (7299),3.770394713320915e-05,True,-0.0009859327919866916,0.0009859327919866916
6174,TMED5 (50999),3.7691956828326825e-05,True,0.00024453364444584056,0.00024453364444584056
6175,PABPC1 (26986),3.768806997775581e-05,True,-0.00041629842734443746,0.00041629842734443746
6176,ADGRE1 (2015),3.7674784380220205e-05,True,-0.0008144506204572821,0.0008144506204572821
6177,KRTAP20-4 (100151643),3.767220424536879e-05,True,0.0007235162377172667,0.0007235162377172667
6178,PTPN18 (26469),3.76153830262272e-05,True,0.0008401318748514207,0.0008401318748514207
6179,PJA1 (64219),3.7611319134874956e-05,True,-0.0008647155969360394,0.0008647155969360394
6180,CTAG2 (30848),3.759721930490576e-05,True,0.0023881111446312784,0.0023881111446312784
6181,MANEA (79694),3.759656047690606e-05,True,0.0013372207513675496,0.0013372207513675496
6182,UBL5 (59286),3.757606685692389e-05,True,0.0016211903628361199,0.0016211903628361199
6183,DEK (7913),3.7551989692245176e-05,True,-0.0009524517305359165,0.0009524517305359165
6184,APLF (200558),3.753773341240254e-05,True,-0.0007098916865102868,0.0007098916865102868
6185,APTX (54840),3.7519475496499635e-05,True,-0.0017454024147774065,0.0017454024147774065
6186,SIRPB2 (284759),3.749365356044738e-05,True,-0.002351248647979278,0.002351248647979278
6187,HOMER1 (9456),3.7488989615039266e-05,True,-0.0008009741892944913,0.0008009741892944913
6188,SUSD2 (56241),3.7480490520660244e-05,True,0.0020213522048842785,0.0020213522048842785
6189,OLAH (55301),3.74681468962287e-05,True,0.0019526882306426256,0.0019526882306426256
6190,SGPP1 (81537),3.745915423568246e-05,True,0.0007787144603398435,0.0007787144603398435
6191,CAP2 (10486),3.745750319845293e-05,True,-0.001150005800645078,0.001150005800645078
6192,PAPOLG (64895),3.7427925814993184e-05,True,0.00022756222361206392,0.00022756222361206392
6193,TMEM154 (201799),3.741489136127571e-05,True,-2.7846905660403433e-05,2.7846905660403433e-05
6194,PNMA3 (29944),3.7403747001576306e-05,True,0.002459694696456269,0.002459694696456269
6195,TACR3 (6870),3.739529080154544e-05,True,-0.003169589117320646,0.003169589117320646
6196,NATD1 (256302),3.737523719309344e-05,True,0.0010693338366936924,0.0010693338366936924
6197,FAM20A (54757),3.7365777850633614e-05,True,-0.0008537074909399547,0.0008537074909399547
6198,PCNX2 (80003),3.736289436317335e-05,True,0.00014935107425424906,0.00014935107425424906
6199,MRPL27 (51264),3.735068671140645e-05,True,0.0004991386841699966,0.0004991386841699966
6200,PARD6B (84612),3.7347485961294765e-05,True,0.0018407163652621613,0.0018407163652621613
6201,TLR1 (7096),3.734697500995643e-05,True,-0.0002809294824572405,0.0002809294824572405
6202,CACNA1A (773),3.734418609503132e-05,True,-0.0005997869084947203,0.0005997869084947203
6203,RPE (6120),3.7343465067349396e-05,True,-0.0006126589587025092,0.0006126589587025092
6204,RPS24 (6229),3.732833901665275e-05,True,0.0013130032729085498,0.0013130032729085498
6205,FAM86B1 (85002),3.73206670308886e-05,True,0.0008228916864914847,0.0008228916864914847
6206,EXOSC9 (5393),3.731188434729084e-05,True,0.0004307694541904241,0.0004307694541904241
6207,ZNF691 (51058),3.73058356843195e-05,True,-0.0008471393380868354,0.0008471393380868354
6208,SMUG1 (23583),3.730358010095297e-05,True,-0.0003284151781057064,0.0003284151781057064
6209,CYBB (1536),3.729756618521723e-05,True,0.0009261112534478498,0.0009261112534478498
6210,HOXA7 (3204),3.729685338261073e-05,True,-9.319499934003477e-05,9.319499934003477e-05
6211,OSBPL2 (9885),3.7291769363540133e-05,True,0.00032390232283985884,0.00032390232283985884
6212,SKAP2 (8935),3.729006428198978e-05,True,-0.0005715025913610406,0.0005715025913610406
6213,MYLK2 (85366),3.726959832805835e-05,True,0.0001236678084333271,0.0001236678084333271
6214,ETV2 (2116),3.725168349518221e-05,True,0.0011739917156747914,0.0011739917156747914
6215,CBR4 (84869),3.7236475286473075e-05,True,-0.0002225788118952281,0.0002225788118952281
6216,DEGS1 (8560),3.722611444862719e-05,True,-0.0007063452153273225,0.0007063452153273225
6217,CPED1 (79974),3.722578615687946e-05,True,0.0004540904289708367,0.0004540904289708367
6218,DBNL (28988),3.7216032720929025e-05,True,-0.0006668351046608383,0.0006668351046608383
6219,POU6F2 (11281),3.7207187922609336e-05,True,0.0021159966884172873,0.0021159966884172873
6220,ELK3 (2004),3.7204743451680554e-05,True,-0.0014495164395146672,0.0014495164395146672
6221,FABP7 (2173),3.720356696772144e-05,True,0.00039322143896192065,0.00039322143896192065
6222,NUP88 (4927),3.719799887439368e-05,True,-0.000505578372695228,0.000505578372695228
6223,BOLA1 (51027),3.7183422165357325e-05,True,0.0018899505675598316,0.0018899505675598316
6224,CPNE6 (9362),3.718176034754025e-05,True,0.0014298747873501614,0.0014298747873501614
6225,ZIK1 (284307),3.7178927845766434e-05,True,-0.001008317628485367,0.001008317628485367
6226,BNIP3 (664),3.717653576345382e-05,True,0.0014379170119929543,0.0014379170119929543
6227,DNAJC14 (85406),3.7152517318814636e-05,True,0.0017677511120180712,0.0017677511120180712
6228,YWHAG (7532),3.713476146898051e-05,True,-0.0006141936290525846,0.0006141936290525846
6229,TRIM50 (135892),3.71275507891601e-05,True,-0.0015260806347198348,0.0015260806347198348
6230,RAB9A (9367),3.711320922545698e-05,True,-0.0004790707804043933,0.0004790707804043933
6231,BMP2 (650),3.710754036757052e-05,True,-0.004127928250746374,0.004127928250746374
6232,CD22 (933),3.706381539952357e-05,True,-0.0004014849837449436,0.0004014849837449436
6233,LRRN4CL (221091),3.7059031685569396e-05,True,0.00019582441997665706,0.00019582441997665706
6234,CKAP2L (150468),3.7045091387205124e-05,True,0.0008874414519624793,0.0008874414519624793
6235,TMEM158 (25907),3.7031065188761566e-05,True,0.0008631289392215744,0.0008631289392215744
6236,ANGPTL3 (27329),3.7012730618000545e-05,True,0.0007332665134199049,0.0007332665134199049
6237,S100B (6285),3.700864510402297e-05,True,-0.0011765174807700487,0.0011765174807700487
6238,IFT43 (112752),3.699490842434848e-05,True,-0.0035637117654061627,0.0035637117654061627
6239,NBN (4683),3.697283837855019e-05,True,0.0002295726296031103,0.0002295726296031103
6240,ODF2L (57489),3.69673297132398e-05,True,-0.001410960112232003,0.001410960112232003
6241,EIF3K (27335),3.696548054053765e-05,True,-0.00017666631817352227,0.00017666631817352227
6242,CCDC74A (90557),3.695185384447337e-05,True,-1.653910402906421e-05,1.653910402906421e-05
6243,ARHGAP31 (57514),3.6943098260473775e-05,True,0.002152838310198432,0.002152838310198432
6244,SDHB (6390),3.6939294635396396e-05,True,0.0006840511734325151,0.0006840511734325151
6245,SHLD1 (149840),3.693063988968192e-05,True,0.0005693053609823304,0.0005693053609823304
6246,DDTL (100037417),3.692416344828039e-05,True,0.003601426252254092,0.003601426252254092
6247,HRAS (3265),3.69116287949127e-05,True,0.000848099524798059,0.000848099524798059
6248,MYMX (101929726),3.68966456402553e-05,True,-0.0008235328833942742,0.0008235328833942742
6249,CDHR2 (54825),3.688455524387962e-05,True,-0.0019468963246370183,0.0019468963246370183
6250,LRRC27 (80313),3.687510751457087e-05,True,-0.0015623403044885572,0.0015623403044885572
6251,APBB2 (323),3.687387921870811e-05,True,-0.0012832489489665202,0.0012832489489665202
6252,PSMC5 (5705),3.687362069694283e-05,True,-0.0008523667042042795,0.0008523667042042795
6253,TLE1 (7088),3.685696892989209e-05,True,0.0001486823289781118,0.0001486823289781118
6254,AXL (558),3.6853012721283304e-05,True,-0.0009633986920781262,0.0009633986920781262
6255,CIMAP2 (163747),3.684689709065663e-05,True,0.00036257936981944273,0.00036257936981944273
6256,DEFB109D (503838),3.684407095097669e-05,True,-0.001797399915040845,0.001797399915040845
6257,MT3 (4504),3.6843324831839716e-05,True,-0.00014853140132926174,0.00014853140132926174
6258,GCLC (2729),3.6836978149114505e-05,True,0.0020937560962398607,0.0020937560962398607
6259,FAM120AOS (158293),3.683273922614852e-05,True,7.354138864372906e-06,7.354138864372906e-06
6260,ANKUB1 (389161),3.6827017667228884e-05,True,-9.294557362237517e-05,9.294557362237517e-05
6261,NOL3 (8996),3.680666236474658e-05,True,0.0002600532610208819,0.0002600532610208819
6262,ERGIC1 (57222),3.679775023135938e-05,True,-0.0019724877604800593,0.0019724877604800593
6263,TASOR2 (54906),3.678934555706026e-05,True,-0.0001927764668465436,0.0001927764668465436
6264,ZIC2 (7546),3.676083495675171e-05,True,0.0013806645985662033,0.0013806645985662033
6265,COPA (1314),3.675797119016766e-05,True,-0.0005816521959970556,0.0005816521959970556
6266,ARHGAP8 (23779),3.674708448327404e-05,True,-7.347669682840861e-05,7.347669682840861e-05
6267,BCL6B (255877),3.674510242733298e-05,True,-6.129158828727652e-05,6.129158828727652e-05
6268,SPP2 (6694),3.6740966465608915e-05,True,0.0016390081779081246,0.0016390081779081246
6269,MFN1 (55669),3.6739725059643966e-05,True,-0.00010581409379474809,0.00010581409379474809
6270,UBE2A (7319),3.671913212079487e-05,True,0.0006505721054292747,0.0006505721054292747
6271,KCNJ4 (3761),3.671453915921768e-05,True,-0.0003447879985141944,0.0003447879985141944
6272,OR2D2 (120776),3.6691989083080946e-05,True,0.002315710274889539,0.002315710274889539
6273,DLL3 (10683),3.668243328000471e-05,True,0.0013963103002076686,0.0013963103002076686
6274,MLLT6 (4302),3.667661705258462e-05,True,0.0008770306077966161,0.0008770306077966161
6275,KRT80 (144501),3.666386696702518e-05,True,-9.671423474025623e-05,9.671423474025623e-05
6276,SEC14L5 (9717),3.66520092090032e-05,True,-0.0008277528439985032,0.0008277528439985032
6277,VIPAS39 (63894),3.6622996443785166e-05,True,-2.4019070824423273e-05,2.4019070824423273e-05
6278,ADGRB1 (575),3.6614985335848516e-05,True,-0.002380778583920433,0.002380778583920433
6279,POLR1C (9533),3.660264409150991e-05,True,0.002740978480844747,0.002740978480844747
6280,DDX59 (83479),3.658660069302028e-05,True,-0.0010354014104137267,0.0010354014104137267
6281,PAPOLB (56903),3.658406847447358e-05,True,-0.0009934794220966114,0.0009934794220966114
6282,SMTNL1 (219537),3.6568551584827874e-05,True,0.0023903899885886217,0.0023903899885886217
6283,CCDC170 (80129),3.6550247462492576e-05,True,0.00042508654321343265,0.00042508654321343265
6284,MCTS2 (100101490),3.6544432885495395e-05,True,0.0010613183124116889,0.0010613183124116889
6285,EHMT1 (79813),3.65439839176316e-05,True,-0.00041427846708637947,0.00041427846708637947
6286,LDHAL6B (92483),3.654103073547786e-05,True,0.002105834952102449,0.002105834952102449
6287,CDC26 (246184),3.6535030155881076e-05,True,0.0002017779302129397,0.0002017779302129397
6288,FYB2 (199920),3.651023823001144e-05,True,0.0007869508837657375,0.0007869508837657375
6289,PGBD1 (84547),3.650415069328049e-05,True,-0.0017588203951515373,0.0017588203951515373
6290,OR4X2 (119764),3.6484031379809184e-05,True,-0.0008928128110978499,0.0008928128110978499
6291,ZNF7 (7553),3.647169661508092e-05,True,-0.002045986786359175,0.002045986786359175
6292,ZNF774 (342132),3.646758657878882e-05,True,0.003258182730214999,0.003258182730214999
6293,LYPD6B (130576),3.6466334082318626e-05,True,-0.0035944288901199354,0.0035944288901199354
6294,CALCA (796),3.644214663949128e-05,True,0.00027840431564186854,0.00027840431564186854
6295,VCX3A (51481),3.6429756229698084e-05,True,0.0027713945313639875,0.0027713945313639875
6296,RNF223 (401934),3.641832318828685e-05,True,-0.0004833384791827814,0.0004833384791827814
6297,MINK1 (50488),3.6380496817989906e-05,True,0.0017938198591620023,0.0017938198591620023
6298,THOP1 (7064),3.6378184245668896e-05,True,0.00011785145830906256,0.00011785145830906256
6299,NKX6-2 (84504),3.637735353778603e-05,True,0.0013089099075777044,0.0013089099075777044
6300,CBY2 (220082),3.6376643659760445e-05,True,0.0004006213197250539,0.0004006213197250539
6301,MEP1B (4225),3.636340750767324e-05,True,0.0035002395926282477,0.0035002395926282477
6302,XPO7 (23039),3.635217973209541e-05,True,0.0014130424755974182,0.0014130424755974182
6303,ATP6V1G1 (9550),3.634036827679395e-05,True,0.0017106398256802027,0.0017106398256802027
6304,GAREM2 (150946),3.6323076104871534e-05,True,-0.0008757378322995285,0.0008757378322995285
6305,AXIN2 (8313),3.63117566626875e-05,True,0.0010948634432283808,0.0010948634432283808
6306,SLFN14 (342618),3.629103361390499e-05,True,0.0008136464858391032,0.0008136464858391032
6307,NUFIP2 (57532),3.625816600643687e-05,True,0.002456396514657423,0.002456396514657423
6308,CSRNP1 (64651),3.624965782617282e-05,True,-0.0008377627780593157,0.0008377627780593157
6309,TMC1 (117531),3.6248402699115505e-05,True,0.00039137784719149517,0.00039137784719149517
6310,CRYBB3 (1417),3.6242900090062436e-05,True,-0.0011761933657274087,0.0011761933657274087
6311,NTN4 (59277),3.621915201462413e-05,True,0.00025143154914101856,0.00025143154914101856
6312,PIK3C2A (5286),3.620317184445623e-05,True,0.00028887104213459833,0.00028887104213459833
6313,VWA5B1 (127731),3.619265755538484e-05,True,0.0008118920080243534,0.0008118920080243534
6314,ACKR1 (2532),3.617897158817491e-05,True,-0.0007162765465798641,0.0007162765465798641
6315,GLRX5 (51218),3.6134554784704874e-05,True,-0.0010711202784345444,0.0010711202784345444
6316,GARIN5A (112703),3.612385837865606e-05,True,0.0019584327657264367,0.0019584327657264367
6317,MGAT1 (4245),3.611526421944564e-05,True,0.0006671094182510457,0.0006671094182510457
6318,IGSF21 (84966),3.6106828728411236e-05,True,0.0013017964168335204,0.0013017964168335204
6319,PCDH11X (27328),3.60918333365113e-05,True,0.00020684434985412953,0.00020684434985412953
6320,DPH3 (285381),3.608548928508385e-05,True,-0.0018924950169364057,0.0018924950169364057
6321,ALS2CL (259173),3.6061163069751305e-05,True,0.0014940555103968882,0.0014940555103968882
6322,AKAP7 (9465),3.6059031910302554e-05,True,-0.0008269781371055337,0.0008269781371055337
6323,EHD4 (30844),3.604756836437213e-05,True,0.0016874208702855993,0.0016874208702855993
6324,HIP1R (9026),3.604087596862589e-05,True,-0.0007873289378363896,0.0007873289378363896
6325,XIAP (331),3.603804619513428e-05,True,0.0009708746158579399,0.0009708746158579399
6326,UQCRH (7388),3.603080739055729e-05,True,0.0010662689014695054,0.0010662689014695054
6327,INHBA (3624),3.602412218008532e-05,True,-0.000264206060670849,0.000264206060670849
6328,ZBED2 (79413),3.601456807899591e-05,True,-0.0008728219485820117,0.0008728219485820117
6329,SYT8 (90019),3.6003626379041436e-05,True,-0.002633732906709058,0.002633732906709058
6330,PTPRA (5786),3.598015922843759e-05,True,-0.0019373022278516838,0.0019373022278516838
6331,CTBP2 (1488),3.5951811976367784e-05,True,-0.00012429182928952172,0.00012429182928952172
6332,DDX56 (54606),3.5948175080336515e-05,True,1.370067261375783e-05,1.370067261375783e-05
6333,STAB2 (55576),3.59467906490788e-05,True,-0.0036520625130667026,0.0036520625130667026
6334,ZXDC (79364),3.5946617462934404e-05,True,-0.0009876504320312002,0.0009876504320312002
6335,HERPUD2 (64224),3.592587512592679e-05,True,0.00044183883847367846,0.00044183883847367846
6336,AKAP3 (10566),3.591638187473864e-05,True,-0.0008589719733628471,0.0008589719733628471
6337,LOX (4015),3.5915747757997575e-05,True,0.00027625867810990605,0.00027625867810990605
6338,SLC5A6 (8884),3.590275403795266e-05,True,-0.0010589711728680971,0.0010589711728680971
6339,NMNAT3 (349565),3.589561816693335e-05,True,0.0037695579580228366,0.0037695579580228366
6340,NUCB1 (4924),3.5892109280185644e-05,True,0.001797088268839185,0.001797088268839185
6341,NAA30 (122830),3.585967701362714e-05,True,0.00159264768532083,0.00159264768532083
6342,B4GALT1 (2683),3.5851638455005545e-05,True,-0.0002640949222894127,0.0002640949222894127
6343,SLC9A6 (10479),3.581836241751104e-05,True,0.0018652148757806839,0.0018652148757806839
6344,FAM229B (619208),3.5802889090679484e-05,True,0.00026651076616956016,0.00026651076616956016
6345,ANKRA2 (57763),3.5802605133251105e-05,True,-0.0020485960372495986,0.0020485960372495986
6346,ING4 (51147),3.579903609919346e-05,True,0.001632122116107821,0.001632122116107821
6347,SRP54 (6729),3.576891310085825e-05,True,0.0007040882440297235,0.0007040882440297235
6348,ERLEC1 (27248),3.5749302969583604e-05,True,0.0013655664222725925,0.0013655664222725925
6349,TLR10 (81793),3.5748760844181214e-05,True,0.002786223802524814,0.002786223802524814
6350,PPP1R16A (84988),3.572385019252382e-05,True,-0.0016912393577919879,0.0016912393577919879
6351,UBR2 (23304),3.57113181412057e-05,True,0.002163527252378934,0.002163527252378934
6352,HSD17B13 (345275),3.57068428629914e-05,True,7.483438794389621e-05,7.483438794389621e-05
6353,ATAD3A (55210),3.57067244241845e-05,True,-0.00037389153139257307,0.00037389153139257307
6354,FGFBP3 (143282),3.569959468919674e-05,True,-0.004528366521302415,0.004528366521302415
6355,TOMM20L (387990),3.566430422473108e-05,True,-0.0007348686300188208,0.0007348686300188208
6356,PDE1B (5153),3.566332221889401e-05,True,-6.800635214017099e-05,6.800635214017099e-05
6357,SPR (6697),3.56362731829796e-05,True,-0.0022559796639276906,0.0022559796639276906
6358,CMC2 (56942),3.5635327577549125e-05,True,-0.0006616045717060999,0.0006616045717060999
6359,SLC25A45 (283130),3.562616517190315e-05,True,-0.0006036976819222186,0.0006036976819222186
6360,PARG (8505),3.560925259299517e-05,True,-0.0008454650643015025,0.0008454650643015025
6361,TRAPPC11 (60684),3.5591836217625484e-05,True,0.00046594810474974294,0.00046594810474974294
6362,PHETA1 (144717),3.558993494893181e-05,True,-0.0020436443646524582,0.0020436443646524582
6363,TUBB4B (10383),3.5570184894903234e-05,True,0.0007039498695703126,0.0007039498695703126
6364,TMA7 (51372),3.5562063236604364e-05,True,0.0008032567480893344,0.0008032567480893344
6365,NKX2-1 (7080),3.556086927806868e-05,True,0.003357123575789014,0.003357123575789014
6366,GMNC (647309),3.556075772329515e-05,True,-0.001040590521137467,0.001040590521137467
6367,CASZ1 (54897),3.554359308057659e-05,True,0.0012168002485844376,0.0012168002485844376
6368,PGC (5225),3.553512231016038e-05,True,-0.00014515427680173104,0.00014515427680173104
6369,CCDC8 (83987),3.553048672702853e-05,True,-0.0036745784529310307,0.0036745784529310307
6370,LYSET (26175),3.550367535591948e-05,True,-0.0006437202320645104,0.0006437202320645104
6371,TRIM49D2 (729384),3.548327140906386e-05,True,-0.0012927156837190428,0.0012927156837190428
6372,MAGEH1 (28986),3.5481170895532725e-05,True,0.0023411492589420946,0.0023411492589420946
6373,CAMKK2 (10645),3.545273966188207e-05,True,0.0007513136868917646,0.0007513136868917646
6374,ID3 (3399),3.544538439876599e-05,True,-0.00016073786209714225,0.00016073786209714225
6375,ZNF133 (7692),3.544309932694414e-05,True,-0.0010057218522025791,0.0010057218522025791
6376,ASAH2 (56624),3.543740843117048e-05,True,-0.0008819948403774226,0.0008819948403774226
6377,GSG1 (83445),3.5437130759618444e-05,True,-0.0005257481781045237,0.0005257481781045237
6378,DGKK (139189),3.54187023836525e-05,True,0.0013098070944021654,0.0013098070944021654
6379,PROX1 (5629),3.541823339964996e-05,True,-0.00030229498782403637,0.00030229498782403637
6380,HYAL2 (8692),3.5407835252031854e-05,True,-0.0001431445459609622,0.0001431445459609622
6381,STARD6 (147323),3.540720638470168e-05,True,0.0007591696216260906,0.0007591696216260906
6382,VAMP5 (10791),3.540108981034228e-05,True,0.0004633858666866608,0.0004633858666866608
6383,IFTAP (119710),3.53917018149065e-05,True,-0.0014533896089007872,0.0014533896089007872
6384,LENG8 (114823),3.5378509048512767e-05,True,0.00048472675205005113,0.00048472675205005113
6385,SEMA5A (9037),3.5367516240147813e-05,True,-0.00010829500928901921,0.00010829500928901921
6386,FUNDC2 (65991),3.536281107661374e-05,True,0.0003675251060553065,0.0003675251060553065
6387,H3C1 (8350),3.536044253374912e-05,True,0.00024729818282825597,0.00024729818282825597
6388,HOXD13 (3239),3.535930366637198e-05,True,-0.0004944510182420536,0.0004944510182420536
6389,DDN (23109),3.53581620934265e-05,True,-0.002490998030084601,0.002490998030084601
6390,ELFN1 (392617),3.534775455558511e-05,True,-0.00223418307137263,0.00223418307137263
6391,LSM1 (27257),3.533591353706003e-05,True,0.0012265253410871323,0.0012265253410871323
6392,UTP23 (84294),3.533000438494722e-05,True,0.0020994028623451608,0.0020994028623451608
6393,ASB14 (142686),3.5303606552667356e-05,True,-0.0006278744367466097,0.0006278744367466097
6394,JTB (10899),3.5279574101829504e-05,True,0.00034043757589570555,0.00034043757589570555
6395,OPLAH (26873),3.52778784984867e-05,True,-0.0010192912464482718,0.0010192912464482718
6396,ATP2B2 (491),3.5262033101440916e-05,True,0.0006464080168041249,0.0006464080168041249
6397,RGMB (285704),3.525968843344744e-05,True,0.0015394033775179901,0.0015394033775179901
6398,TM2D3 (80213),3.524922765785668e-05,True,0.00011788294943964857,0.00011788294943964857
6399,TOP3A (7156),3.5245532016837694e-05,True,-0.0009460297882306059,0.0009460297882306059
6400,FLYWCH1 (84256),3.52346521923699e-05,True,0.0007789506716128433,0.0007789506716128433
6401,PIN1 (5300),3.520757698457937e-05,True,-0.0004071913684411503,0.0004071913684411503
6402,RPL34 (6164),3.519746327592715e-05,True,0.0015090022146525103,0.0015090022146525103
6403,MAGEA6 (4105),3.518568261097483e-05,True,-0.0004035153062079515,0.0004035153062079515
6404,RDH12 (145226),3.518047382164846e-05,True,0.0003524939627404661,0.0003524939627404661
6405,TCF3 (6929),3.517171097955373e-05,True,2.7973635183264206e-05,2.7973635183264206e-05
6406,BCO2 (83875),3.516867147755016e-05,True,0.0011178162174606747,0.0011178162174606747
6407,MICALL1 (85377),3.5166158708942366e-05,True,-0.0009263926653121483,0.0009263926653121483
6408,FCSK (197258),3.51423662223618e-05,True,-0.00015421267253214709,0.00015421267253214709
6409,GORASP2 (26003),3.512909461998183e-05,True,-0.0005632964178059596,0.0005632964178059596
6410,ZNF596 (169270),3.512513372254484e-05,True,-0.0012331830779704401,0.0012331830779704401
6411,SERP1 (27230),3.5116997840064964e-05,True,0.0003514836002148643,0.0003514836002148643
6412,IRX2 (153572),3.511412270433196e-05,True,0.00047647542091542347,0.00047647542091542347
6413,PHLDB2 (90102),3.510189975153425e-05,True,-0.0012700455271076416,0.0012700455271076416
6414,CKMT2 (1160),3.50719314080973e-05,True,0.0022491104054306755,0.0022491104054306755
6415,CCSER1 (401145),3.505297881935628e-05,True,0.0005235346329399968,0.0005235346329399968
6416,GSE1 (23199),3.5046136184782767e-05,True,0.0015515903990947343,0.0015515903990947343
6417,UBE2QL1 (134111),3.5021655331812615e-05,True,-0.0008381957194072056,0.0008381957194072056
6418,LRRC8D (55144),3.499221921201771e-05,True,-0.0017956455551964264,0.0017956455551964264
6419,SULT1B1 (27284),3.49879154831103e-05,True,0.002913194602032665,0.002913194602032665
6420,C17orf107 (100130311),3.4976887444524746e-05,True,-0.0003853119081736033,0.0003853119081736033
6421,PUS10 (150962),3.497629302790837e-05,True,0.0005887207449791496,0.0005887207449791496
6422,TESC (54997),3.4972599662256533e-05,True,-0.00300621190499262,0.00300621190499262
6423,RHOB (388),3.4969141104864857e-05,True,9.926073289489483e-05,9.926073289489483e-05
6424,SRRM2 (23524),3.496765363305257e-05,True,0.0022046908719912037,0.0022046908719912037
6425,USP17L2 (377630),3.496038587063266e-05,True,-0.0015213447282307513,0.0015213447282307513
6426,PSMD5 (5711),3.49594028949706e-05,True,0.0013015106105421217,0.0013015106105421217
6427,SHC3 (53358),3.4954968238196635e-05,True,-0.0036305988422485895,0.0036305988422485895
6428,PPP1R1A (5502),3.4941465038144375e-05,True,-9.221188241073576e-05,9.221188241073576e-05
6429,GTF2A1L (11036),3.493236780267233e-05,True,-0.00026079310312615415,0.00026079310312615415
6430,VWA5B2 (90113),3.491902912109962e-05,True,-0.000729238086297183,0.000729238086297183
6431,EIF5AL1 (143244),3.49183642687647e-05,True,0.0006297614064037131,0.0006297614064037131
6432,PEX5L (51555),3.491494350486338e-05,True,0.002479845287716997,0.002479845287716997
6433,DHX8 (1659),3.49127734486264e-05,True,-0.0007390204819258562,0.0007390204819258562
6434,NRF1 (4899),3.490377220571487e-05,True,-0.0013433832865353357,0.0013433832865353357
6435,ZSCAN5A (79149),3.49034600347678e-05,True,-0.0003565759512749347,0.0003565759512749347
6436,ICAM2 (3384),3.489418394927883e-05,True,-0.0025323343946458718,0.0025323343946458718
6437,H3C8 (8355),3.489364965562001e-05,True,0.0020321626553823652,0.0020321626553823652
6438,H4C15 (554313),3.48897784438053e-05,True,0.0017578041722646652,0.0017578041722646652
6439,ADARB2 (105),3.487138116808269e-05,True,-0.001955612785915715,0.001955612785915715
6440,SFRP5 (6425),3.4860973438155016e-05,True,-0.00023851143164549252,0.00023851143164549252
6441,ZNF763 (284390),3.48545607971096e-05,True,-0.0014276331360685733,0.0014276331360685733
6442,LGMN (5641),3.4841376233397505e-05,True,-0.000781080263483679,0.000781080263483679
6443,SERHL2 (253190),3.483152581435935e-05,True,-0.00014509555973354275,0.00014509555973354275
6444,ZNF362 (149076),3.482326002555468e-05,True,-0.0010205829403072994,0.0010205829403072994
6445,RAB21 (23011),3.4816863860622894e-05,True,0.0014416386359958919,0.0014416386359958919
6446,ITM2A (9452),3.4813349377074126e-05,True,0.0008744042461089059,0.0008744042461089059
6447,CXorf49 (100130361),3.4810673000068076e-05,True,0.00045828002337343224,0.00045828002337343224
6448,ELN (2006),3.480976419914519e-05,True,-0.00036340416758937056,0.00036340416758937056
6449,ADH1A (124),3.48088844223314e-05,True,-0.0016921398301489574,0.0016921398301489574
6450,PCDH12 (51294),3.473241209855218e-05,True,0.002740701463285108,0.002740701463285108
6451,GTF2IRD1 (9569),3.472745271258581e-05,True,-0.0017129927512827023,0.0017129927512827023
6452,COL5A3 (50509),3.472742733823611e-05,True,0.0028180283879167974,0.0028180283879167974
6453,GRIPAP1 (56850),3.471990224045113e-05,True,0.0006950968082646954,0.0006950968082646954
6454,SMIM29 (221491),3.471518741698598e-05,True,-0.0013292394713335558,0.0013292394713335558
6455,TRIM62 (55223),3.471060887337211e-05,True,0.00018154330917072737,0.00018154330917072737
6456,OIT3 (170392),3.4665248316710524e-05,True,0.002298192081389882,0.002298192081389882
6457,TPO (7173),3.464916751138672e-05,True,0.0002836748284133628,0.0002836748284133628
6458,S100Z (170591),3.464723734280612e-05,True,0.0019423756336090932,0.0019423756336090932
6459,ABCA12 (26154),3.4635635072398007e-05,True,0.0014284336485449341,0.0014284336485449341
6460,KCNE1 (3753),3.461890886923625e-05,True,0.0006222158449891812,0.0006222158449891812
6461,ZNF432 (9668),3.460842222243247e-05,True,0.002540388391275518,0.002540388391275518
6462,TIMM10 (26519),3.4591555169652025e-05,True,0.001144518158438083,0.001144518158438083
6463,PLET1 (349633),3.457786313811474e-05,True,-0.004247968369392938,0.004247968369392938
6464,STAT5B (6777),3.4576322020395466e-05,True,0.001493511198253627,0.001493511198253627
6465,MMP25 (64386),3.4562608123714585e-05,True,0.0016432656137977775,0.0016432656137977775
6466,ACR (49),3.453968120726236e-05,True,0.0013920033089235807,0.0013920033089235807
6467,LTBP1 (4052),3.4534635669441304e-05,True,-0.0010979778398175712,0.0010979778398175712
6468,CBX4 (8535),3.452029830525131e-05,True,-0.0005320879369251088,0.0005320879369251088
6469,TEX101 (83639),3.4517195660118595e-05,True,0.001880223553872123,0.001880223553872123
6470,PLEKHH2 (130271),3.4510954265536985e-05,True,-0.0016664196588786029,0.0016664196588786029
6471,CYP3A7 (1551),3.450755775475779e-05,True,-0.002141624022729242,0.002141624022729242
6472,MACROD2 (140733),3.4503984104209715e-05,True,0.004575090068885207,0.004575090068885207
6473,ATOH8 (84913),3.450228744334717e-05,True,0.00016783629877419688,0.00016783629877419688
6474,PPA2 (27068),3.4490901367118074e-05,True,0.00047033938306194497,0.00047033938306194497
6475,RBBP9 (10741),3.448719772046218e-05,True,-0.0011027454904337347,0.0011027454904337347
6476,WWTR1 (25937),3.446953090953781e-05,True,-0.0003919987687584867,0.0003919987687584867
6477,CIZ1 (25792),3.4459999655497394e-05,True,-0.0007187903913244392,0.0007187903913244392
6478,MLIP (90523),3.445611565660514e-05,True,0.0009124242858766871,0.0009124242858766871
6479,TRPA1 (8989),3.445504582462931e-05,True,0.0012260972115441349,0.0012260972115441349
6480,ANKRD18B (441459),3.445278222707641e-05,True,-0.0008151373549153405,0.0008151373549153405
6481,GABRD (2563),3.443598949953276e-05,True,-0.0014036085261647955,0.0014036085261647955
6482,RIGI (23586),3.443461715731382e-05,True,-0.0006542515623326561,0.0006542515623326561
6483,HDHD2 (84064),3.442348930555795e-05,True,-0.001984699942639661,0.001984699942639661
6484,SLC16A13 (201232),3.4400864755312235e-05,True,-0.0003369793564389508,0.0003369793564389508
6485,C5 (727),3.439971354547953e-05,True,-0.002688560550111347,0.002688560550111347
6486,HDAC11 (79885),3.439603881133681e-05,True,0.0009384165531317656,0.0009384165531317656
6487,PDS5A (23244),3.439084236263937e-05,True,-0.0015354968950652855,0.0015354968950652855
6488,PKLR (5313),3.4363667135406376e-05,True,0.0013019419401187147,0.0013019419401187147
6489,TAS1R2 (80834),3.436224929523363e-05,True,0.0005650601578014444,0.0005650601578014444
6490,LMLN (89782),3.436124630722107e-05,True,-0.0018296195732054312,0.0018296195732054312
6491,PTDSS2 (81490),3.434913925294334e-05,True,0.0034289992046384566,0.0034289992046384566
6492,PKMYT1 (9088),3.434895250932379e-05,True,0.00042050742016190145,0.00042050742016190145
6493,AKR1C1 (1645),3.4330977845375105e-05,True,0.000304456180208574,0.000304456180208574
6494,PTPA (5524),3.4330087614428704e-05,True,-0.001224523289009688,0.001224523289009688
6495,H3C15 (333932),3.431938178191309e-05,True,0.0007219587979465651,0.0007219587979465651
6496,MRRF (92399),3.43151359279099e-05,True,-0.0018767009724777659,0.0018767009724777659
6497,WDR86 (349136),3.428994220750904e-05,True,-0.0019090010476834965,0.0019090010476834965
6498,C6orf15 (29113),3.42801210391477e-05,True,0.0017658775725965734,0.0017658775725965734
6499,SFXN3 (81855),3.426519894871812e-05,True,-0.0018547458419600708,0.0018547458419600708
6500,YBX3 (8531),3.426400268563724e-05,True,0.00022197030070088752,0.00022197030070088752
6501,DAB1 (1600),3.425918171454632e-05,True,0.0017599105294294382,0.0017599105294294382
6502,ADCK2 (90956),3.424930706618887e-05,True,0.0004866777034056573,0.0004866777034056573
6503,RMC1 (29919),3.4242317860047286e-05,True,-0.002142157888901024,0.002142157888901024
6504,KLC1 (3831),3.4225358042208164e-05,True,0.00031985323165230665,0.00031985323165230665
6505,EIF5 (1983),3.421637405256509e-05,True,-0.002015450122700391,0.002015450122700391
6506,GOLGA8R (101059918),3.421097163962807e-05,True,0.0008267699087155631,0.0008267699087155631
6507,PMF1 (11243),3.421024675451967e-05,True,-0.001655082173885206,0.001655082173885206
6508,RPL18A (6142),3.420848516376117e-05,True,0.0009352168065026294,0.0009352168065026294
6509,LTA4H (4048),3.4201234557927396e-05,True,-0.0010592641714546967,0.0010592641714546967
6510,CXCR5 (643),3.4196275479202596e-05,True,0.003038365094522724,0.003038365094522724
6511,CC2D2B (387707),3.419168908704576e-05,True,-0.0012810339211551877,0.0012810339211551877
6512,HRCT1 (646962),3.41916036639927e-05,True,0.0009429998048418761,0.0009429998048418761
6513,DNAJC21 (134218),3.416987956348394e-05,True,0.002609162828401127,0.002609162828401127
6514,AMPD2 (271),3.416222235990013e-05,True,0.002144166639680375,0.002144166639680375
6515,ZNF322 (79692),3.415105021026688e-05,True,-0.0008176605520875412,0.0008176605520875412
6516,BHMT (635),3.414384247504257e-05,True,0.00020883391579821505,0.00020883391579821505
6517,CDH18 (1016),3.413561476273357e-05,True,-0.00010130151047521769,0.00010130151047521769
6518,PSMD6 (9861),3.4135034191690885e-05,True,-0.0006380471063035529,0.0006380471063035529
6519,PIN4 (5303),3.411431249647539e-05,True,-0.0017794609318990042,0.0017794609318990042
6520,PITPNC1 (26207),3.4093342716163554e-05,True,-0.0018394756554943636,0.0018394756554943636
6521,PDCD10 (11235),3.407080949279747e-05,True,0.0003563638416536033,0.0003563638416536033
6522,ARPC1A (10552),3.406249845188881e-05,True,-0.0005924509905993983,0.0005924509905993983
6523,ABCB8 (11194),3.4054142363525566e-05,True,0.0009452230723813824,0.0009452230723813824
6524,SNX9 (51429),3.403776280582849e-05,True,0.004689923162877448,0.004689923162877448
6525,PRR15 (222171),3.4035972654304865e-05,True,-0.0006517510635737547,0.0006517510635737547
6526,KIRREL2 (84063),3.4029645406675256e-05,True,0.00043984904543069325,0.00043984904543069325
6527,SH3GLB1 (51100),3.401193126268086e-05,True,-0.000916534044315545,0.000916534044315545
6528,HGD (3081),3.399994732692609e-05,True,0.0007287504380904572,0.0007287504380904572
6529,KCNJ12 (3768),3.3997839528354475e-05,True,0.0006546186416062481,0.0006546186416062481
6530,PLEKHG1 (57480),3.399485622591667e-05,True,-0.00010145521624343041,0.00010145521624343041
6531,NHLRC3 (387921),3.399414322035372e-05,True,-0.00038363532941243527,0.00038363532941243527
6532,ATP11C (286410),3.399165932247932e-05,True,0.0026875284950981103,0.0026875284950981103
6533,ZNF593OS (118568799),3.395107775852099e-05,True,0.004658434267903798,0.004658434267903798
6534,RALBP1 (10928),3.3937572471210516e-05,True,0.0004035120831380489,0.0004035120831380489
6535,CAND2 (23066),3.3929158169950106e-05,True,0.0013952414196034798,0.0013952414196034798
6536,RNFT2 (84900),3.392394999263219e-05,True,0.0016236879915152867,0.0016236879915152867
6537,STT3A (3703),3.3922513281049985e-05,True,0.0015522138892736495,0.0015522138892736495
6538,LHFPL2 (10184),3.39161690491725e-05,True,-0.0015271001442835738,0.0015271001442835738
6539,EIF3CL (728689),3.390108958690847e-05,True,-0.000359163162831465,0.000359163162831465
6540,WDR83 (84292),3.389289579302595e-05,True,-0.0004218762689967669,0.0004218762689967669
6541,AKR7A3 (22977),3.387784600878811e-05,True,0.0004760268357055714,0.0004760268357055714
6542,YME1L1 (10730),3.385864998040796e-05,True,-0.00038035399284695455,0.00038035399284695455
6543,MAP3K19 (80122),3.3852094590946824e-05,True,0.003422681571247245,0.003422681571247245
6544,NR5A1 (2516),3.3851949979832244e-05,True,0.0005396721340750147,0.0005396721340750147
6545,HTR2C (3358),3.384550966232941e-05,True,0.0003080450492276451,0.0003080450492276451
6546,CSMD3 (114788),3.384358592911686e-05,True,0.001023317948633841,0.001023317948633841
6547,CHPT1 (56994),3.384169359342552e-05,True,0.0012953005683012577,0.0012953005683012577
6548,CPEB3 (22849),3.38375563709086e-05,True,0.0010745193466125138,0.0010745193466125138
6549,BTNL9 (153579),3.382841871979561e-05,True,-0.0003273034385928857,0.0003273034385928857
6550,BMAL1 (406),3.382188857237842e-05,True,-0.0023490644829900777,0.0023490644829900777
6551,APP (351),3.381470132866932e-05,True,-0.0022642259347207807,0.0022642259347207807
6552,GPC2 (221914),3.381193563695149e-05,True,-0.0009951355071313704,0.0009951355071313704
6553,IKZF4 (64375),3.380830136529749e-05,True,-0.00012283295288186046,0.00012283295288186046
6554,TUBGCP5 (114791),3.3803225367910736e-05,True,0.0006565804328801457,0.0006565804328801457
6555,CRYBA2 (1412),3.3796129586284736e-05,True,0.0005093506366638969,0.0005093506366638969
6556,CACNG7 (59284),3.37946108949361e-05,True,-0.0017823412559823425,0.0017823412559823425
6557,CLDN19 (149461),3.379384049404971e-05,True,0.002512195990699635,0.002512195990699635
6558,FMO4 (2329),3.3773272279530624e-05,True,-0.00034450526838188046,0.00034450526838188046
6559,GNGT1 (2792),3.376858258943635e-05,True,-8.435954226493553e-05,8.435954226493553e-05
6560,TMEM245 (23731),3.37671363305466e-05,True,0.0009934058061213074,0.0009934058061213074
6561,PALMD (54873),3.375641018346903e-05,True,-0.0034453408405836095,0.0034453408405836095
6562,SMPD3 (55512),3.374479280530963e-05,True,0.00029723347704620727,0.00029723347704620727
6563,MAP3K21 (84451),3.374379842994681e-05,True,0.0025527313896603586,0.0025527313896603586
6564,SPINK2 (6691),3.374135285239838e-05,True,-0.0003443330852114174,0.0003443330852114174
6565,SLC35G3 (146861),3.373365195562828e-05,True,0.0003966165069297996,0.0003966165069297996
6566,LIPG (9388),3.3714944050176794e-05,True,-0.0037477678304848583,0.0037477678304848583
6567,MS4A2 (2206),3.370595065082822e-05,True,-0.0020997119456654017,0.0020997119456654017
6568,PRR29 (92340),3.3701299544565945e-05,True,-0.0030640602708725175,0.0030640602708725175
6569,TBC1D3D (101060389),3.368689049753661e-05,True,0.0009924994580891894,0.0009924994580891894
6570,HSF5 (124535),3.368578360048096e-05,True,-0.003837782831478753,0.003837782831478753
6571,TSFM (10102),3.367387447455447e-05,True,-0.0011901136264330016,0.0011901136264330016
6572,PGA3 (643834),3.367359119104594e-05,True,-0.00025689801729580734,0.00025689801729580734
6573,MED7 (9443),3.367041172007263e-05,True,-0.0015480975198521687,0.0015480975198521687
6574,MGP (4256),3.3667304285997124e-05,True,-0.0023382841626315995,0.0023382841626315995
6575,C2orf72 (257407),3.36317880087245e-05,True,-0.0015851395450115703,0.0015851395450115703
6576,UBALD1 (124402),3.3629332050711884e-05,True,0.0005572574290867583,0.0005572574290867583
6577,ZNRD2 (10534),3.3623105856635245e-05,True,6.299268088713096e-06,6.299268088713096e-06
6578,USP19 (10869),3.361255561575353e-05,True,-0.002871995716772081,0.002871995716772081
6579,VGLL3 (389136),3.357787448990214e-05,True,0.0016592180546049298,0.0016592180546049298
6580,PGAM1 (5223),3.356979369533004e-05,True,-0.00022431448509385808,0.00022431448509385808
6581,ZNF185 (7739),3.3552599414650876e-05,True,0.0030209020453971862,0.0030209020453971862
6582,ARHGEF26 (26084),3.3547302763299196e-05,True,0.001344453851664127,0.001344453851664127
6583,FKBP5 (2289),3.354282519020172e-05,True,0.0027928996048012895,0.0027928996048012895
6584,EI24 (9538),3.3529937379777895e-05,True,0.00021920457036157294,0.00021920457036157294
6585,DMXL2 (23312),3.352793902965054e-05,True,-0.0022089769719592965,0.0022089769719592965
6586,SRGAP2C (653464),3.3522952256342046e-05,True,-3.894305493133167e-05,3.894305493133167e-05
6587,CENPP (401541),3.351349977520238e-05,True,0.0006627620923088957,0.0006627620923088957
6588,HNRNPA3 (220988),3.350728029304512e-05,True,-0.0006883196091045703,0.0006883196091045703
6589,PGA4 (643847),3.349423009088479e-05,True,0.0015321455881729751,0.0015321455881729751
6590,PRKAR1B (5575),3.349371868170786e-05,True,-0.0018511039858806748,0.0018511039858806748
6591,UBL4A (8266),3.349368827943531e-05,True,0.0004540134565840124,0.0004540134565840124
6592,C22orf23 (84645),3.348695142682929e-05,True,-0.0007367211325288647,0.0007367211325288647
6593,EVPLL (645027),3.3480671632093295e-05,True,-0.002796495100441924,0.002796495100441924
6594,GRK3 (157),3.3473579762834735e-05,True,-0.004066342779073946,0.004066342779073946
6595,TBC1D3L (101060376),3.34692349473261e-05,True,-0.0013105544832780014,0.0013105544832780014
6596,SERPINI1 (5274),3.3463714401748995e-05,True,0.0016009673152969533,0.0016009673152969533
6597,GRSF1 (2926),3.346084941892761e-05,True,0.0003341714889044272,0.0003341714889044272
6598,MCHR1 (2847),3.3448770924695476e-05,True,-0.0006076120104198154,0.0006076120104198154
6599,SLC24A5 (283652),3.339407148005977e-05,True,-0.0002869155728763041,0.0002869155728763041
6600,LRRC73 (221424),3.3387313226403464e-05,True,-0.0012486300370564184,0.0012486300370564184
6601,MYO10 (4651),3.338234055184229e-05,True,0.0020618067254681233,0.0020618067254681233
6602,PLD6 (201164),3.337881090197481e-05,True,0.0004309072771099109,0.0004309072771099109
6603,LPAR5 (57121),3.337387543491011e-05,True,0.0015778130478540666,0.0015778130478540666
6604,SFRP1 (6422),3.337311251539994e-05,True,-0.00010139436319281988,0.00010139436319281988
6605,BAP1 (8314),3.337062039059327e-05,True,0.00021294006011452187,0.00021294006011452187
6606,KRT82 (3888),3.336725189674265e-05,True,0.0006915332427108149,0.0006915332427108149
6607,AGO1 (26523),3.3353726944670296e-05,True,0.001276837212406767,0.001276837212406767
6608,H1-7 (341567),3.3330971597450174e-05,True,0.0018655211751026095,0.0018655211751026095
6609,WDR45 (11152),3.333027247870268e-05,True,-4.6498991271005236e-05,4.6498991271005236e-05
6610,NAA50 (80218),3.3324449195259e-05,True,-0.0010517814269159975,0.0010517814269159975
6611,ORC4 (5000),3.332285281295119e-05,True,-0.000843444010453222,0.000843444010453222
6612,OCIAD2 (132299),3.332282087995419e-05,True,-0.0010814042621098655,0.0010814042621098655
6613,TMEM25 (84866),3.3312765257859856e-05,True,0.0011625576161281412,0.0011625576161281412
6614,B3GNT6 (192134),3.330728503208122e-05,True,0.0008915136772495495,0.0008915136772495495
6615,CD8A (925),3.3299235191231285e-05,True,-0.0003927081714523203,0.0003927081714523203
6616,MZT1 (440145),3.3286406974026297e-05,True,-0.0013868798471408264,0.0013868798471408264
6617,PRPF3 (9129),3.325551603861477e-05,True,0.00031148886605391365,0.00031148886605391365
6618,HSPA5 (3309),3.324327261812129e-05,True,-0.0005851152509265035,0.0005851152509265035
6619,TMEM38B (55151),3.3242247764173806e-05,True,-0.0005027849735350217,0.0005027849735350217
6620,SRARP (149563),3.3241034910543534e-05,True,0.002023621866185288,0.002023621866185288
6621,DNM2 (1785),3.322460833603228e-05,True,0.0006337630137442644,0.0006337630137442644
6622,PGRMC2 (10424),3.3222742859384955e-05,True,0.0017469721041652394,0.0017469721041652394
6623,CCR3 (1232),3.322153593134951e-05,True,-0.0008246390453427509,0.0008246390453427509
6624,USP29 (57663),3.320576265597392e-05,True,-0.001777561041480665,0.001777561041480665
6625,SSNA1 (8636),3.320144138952944e-05,True,0.0005845401473834047,0.0005845401473834047
6626,BOK (666),3.319547649193907e-05,True,0.0033401941751020777,0.0033401941751020777
6627,VAPA (9218),3.3194044562443275e-05,True,-0.003662972552195629,0.003662972552195629
6628,BTBD8 (284697),3.319286323015358e-05,True,0.001394961959335933,0.001394961959335933
6629,MPDZ (8777),3.3181080954874395e-05,True,0.0012449195568795392,0.0012449195568795392
6630,PNPLA8 (50640),3.317526174794714e-05,True,-0.0001688535621590081,0.0001688535621590081
6631,FKBP1B (2281),3.3168892294467675e-05,True,0.000610502685574928,0.000610502685574928
6632,CPS1 (1373),3.3161522322015944e-05,True,-0.003102111323274477,0.003102111323274477
6633,CCR10 (2826),3.315920461212032e-05,True,-0.0013052642602009524,0.0013052642602009524
6634,LIN37 (55957),3.3155338100044696e-05,True,0.00032944839126547074,0.00032944839126547074
6635,NR2C2AP (126382),3.3149492190335604e-05,True,0.0015275017813854693,0.0015275017813854693
6636,CTF1 (1489),3.314527159072815e-05,True,-0.0032459431758953368,0.0032459431758953368
6637,TMEM132E (124842),3.313933164572244e-05,True,0.0008740994601806814,0.0008740994601806814
6638,TRIM69 (140691),3.3134034142557926e-05,True,0.00018944679836943611,0.00018944679836943611
6639,ACTBL2 (345651),3.3126405303102875e-05,True,0.0020952967590676767,0.0020952967590676767
6640,HSPB3 (8988),3.3106756822673804e-05,True,0.0011085711376070618,0.0011085711376070618
6641,RALY (22913),3.3082109852490974e-05,True,0.0015048095943072002,0.0015048095943072002
6642,ZNF394 (84124),3.3078766320771065e-05,True,-0.00016729983866083185,0.00016729983866083185
6643,GPM6A (2823),3.307165261424255e-05,True,-0.0036101654832289146,0.0036101654832289146
6644,RPRM (56475),3.3053506323788835e-05,True,-0.0014919697924123767,0.0014919697924123767
6645,NR2C2 (7182),3.305164989105903e-05,True,0.0009109297729162384,0.0009109297729162384
6646,ANKRD35 (148741),3.3040730673941784e-05,True,-0.0007746430954962639,0.0007746430954962639
6647,PDP2 (57546),3.303814762548069e-05,True,0.00024528117929733737,0.00024528117929733737
6648,DFFB (1677),3.303474403173548e-05,True,-0.0006353101589344663,0.0006353101589344663
6649,RBM12B (389677),3.3032278012298524e-05,True,0.00012190290479689421,0.00012190290479689421
6650,MAGED1 (9500),3.302179425759859e-05,True,-0.0010811988906200322,0.0010811988906200322
6651,GRAP2 (9402),3.302095631547407e-05,True,-0.0011452657122943389,0.0011452657122943389
6652,KAT2B (8850),3.2981458160229354e-05,True,-0.0009136792113329318,0.0009136792113329318
6653,IER5 (51278),3.2977356505399345e-05,True,-0.0013153180955497348,0.0013153180955497348
6654,JSRP1 (126306),3.297084579920653e-05,True,0.0030874564994381125,0.0030874564994381125
6655,GPR137 (56834),3.295204278277689e-05,True,-0.0003233702091126918,0.0003233702091126918
6656,RAB3IL1 (5866),3.2951611452421413e-05,True,0.001628657852001954,0.001628657852001954
6657,CNTFR (1271),3.295151794950113e-05,True,0.0005990111625386557,0.0005990111625386557
6658,FLI1 (2313),3.2905862926436e-05,True,0.005283568881186116,0.005283568881186116
6659,NPIPA6 (131675794),3.289613413596686e-05,True,0.0006512787163805217,0.0006512787163805217
6660,ACSBG2 (81616),3.288241610276916e-05,True,-0.00044832720592183426,0.00044832720592183426
6661,KMT5C (84787),3.288013252121235e-05,True,0.0015881857107509453,0.0015881857107509453
6662,PSMD4 (5710),3.285747051452307e-05,True,-0.00025924127668846197,0.00025924127668846197
6663,STS (412),3.285674798215313e-05,True,0.002047535913342502,0.002047535913342502
6664,TBCD (6904),3.283925160795613e-05,True,-0.0011627606711533704,0.0011627606711533704
6665,SORCS2 (57537),3.2837064110190915e-05,True,-0.0005085657234936733,0.0005085657234936733
6666,SBSN (374897),3.282531054779588e-05,True,0.0029128414904692657,0.0029128414904692657
6667,AKR1C2 (1646),3.282484991139535e-05,True,-0.0007231947616462434,0.0007231947616462434
6668,UGP2 (7360),3.2816786078091615e-05,True,-0.0017513975777274562,0.0017513975777274562
6669,TCHP (84260),3.2809885178798374e-05,True,-0.0023402997883743195,0.0023402997883743195
6670,CCDC27 (148870),3.280591475319585e-05,True,0.0020465757151712028,0.0020465757151712028
6671,TATDN3 (128387),3.2791451133770286e-05,True,0.00013968075132873002,0.00013968075132873002
6672,SMIM17 (147670),3.278318658271607e-05,True,0.001181173969745321,0.001181173969745321
6673,ZNF169 (169841),3.277440263272723e-05,True,0.0029466879803947566,0.0029466879803947566
6674,SASS6 (163786),3.277276208482939e-05,True,-0.0006163756324207106,0.0006163756324207106
6675,ENTPD3 (956),3.277248071905731e-05,True,0.00010950008622755678,0.00010950008622755678
6676,SLC15A3 (51296),3.2768211167627535e-05,True,-0.0014287808534672766,0.0014287808534672766
6677,EXOC6 (54536),3.276126912132077e-05,True,0.0005911157068646,0.0005911157068646
6678,TMEM160 (54958),3.2759551959096345e-05,True,-0.0013488413833408737,0.0013488413833408737
6679,ZFTRAF1 (50626),3.2722429949159476e-05,True,0.0005886667506835209,0.0005886667506835209
6680,MSANTD4 (84437),3.271690966582899e-05,True,0.001997377918855064,0.001997377918855064
6681,C19orf47 (126526),3.271282962543074e-05,True,0.00019415495528245794,0.00019415495528245794
6682,GOLGA8O (728047),3.268766182930517e-05,True,0.0007770903034233798,0.0007770903034233798
6683,LTB4R2 (56413),3.26844441861481e-05,True,0.001961315761237104,0.001961315761237104
6684,IGF1 (3479),3.268174027298028e-05,True,0.001913471461992963,0.001913471461992963
6685,PYGM (5837),3.2673598545046755e-05,True,-0.001120756981303667,0.001120756981303667
6686,CBLB (868),3.266575810157724e-05,True,0.00019016310031129587,0.00019016310031129587
6687,STMN3 (50861),3.266422518612006e-05,True,-0.0015446698218431788,0.0015446698218431788
6688,PFKFB4 (5210),3.2657854655314865e-05,True,-0.0017406760861339652,0.0017406760861339652
6689,S100A1 (6271),3.2655316495622236e-05,True,-0.0007576458299032683,0.0007576458299032683
6690,TWIST1 (7291),3.2650173807421866e-05,True,0.0004694578936219949,0.0004694578936219949
6691,CARNS1 (57571),3.264486869841428e-05,True,0.0005019567744614222,0.0005019567744614222
6692,NUP35 (129401),3.263936438572593e-05,True,-0.0003005812441644368,0.0003005812441644368
6693,ATP6V0D2 (245972),3.263194797236073e-05,True,-0.0004414802132230006,0.0004414802132230006
6694,GPR26 (2849),3.263153146570353e-05,True,0.0034780643504666964,0.0034780643504666964
6695,PSMD12 (5718),3.261924440167989e-05,True,-0.001636463380647546,0.001636463380647546
6696,TMEM236 (653567),3.260668736862799e-05,True,0.003567813383019698,0.003567813383019698
6697,PTPN4 (5775),3.256243903095653e-05,True,-0.002221787965442956,0.002221787965442956
6698,FAM180B (399888),3.254869878976685e-05,True,-0.002031018627570444,0.002031018627570444
6699,ABCC8 (6833),3.254765844989234e-05,True,-0.00029641335739534713,0.00029641335739534713
6700,SLC43A3 (29015),3.2545124274322435e-05,True,-0.0015937025991686398,0.0015937025991686398
6701,H2AC4 (8335),3.254263290506775e-05,True,-0.001209831225794627,0.001209831225794627
6702,HBG1 (3047),3.253513160766204e-05,True,0.000345144195189859,0.000345144195189859
6703,LSM6 (11157),3.253109602893374e-05,True,0.001698867197800096,0.001698867197800096
6704,EIF4ENIF1 (56478),3.252862548005755e-05,True,-0.0013588411208395193,0.0013588411208395193
6705,GABARAPL2 (11345),3.252434116551522e-05,True,0.0004133960755374068,0.0004133960755374068
6706,HSD17B14 (51171),3.2505943423531586e-05,True,-0.0014463604522598295,0.0014463604522598295
6707,CCDC81 (60494),3.247132599422247e-05,True,-9.614380354201253e-05,9.614380354201253e-05
6708,FOSL2 (2355),3.245962833873211e-05,True,0.0005635563244860413,0.0005635563244860413
6709,CYP2A6 (1548),3.2454425901721576e-05,True,0.0005658449294155207,0.0005658449294155207
6710,ARID2 (196528),3.2452774109548876e-05,True,0.0009656856812559933,0.0009656856812559933
6711,ZWINT (11130),3.244764098643142e-05,True,0.0012012402621485014,0.0012012402621485014
6712,CPSF3 (51692),3.244232248555371e-05,True,-0.0019115616315330273,0.0019115616315330273
6713,LRRC15 (131578),3.243961626706271e-05,True,-0.001528368000168836,0.001528368000168836
6714,NPRL3 (8131),3.243363890562394e-05,True,0.000768603366238524,0.000768603366238524
6715,ERFE (151176),3.2397705576261956e-05,True,-0.0009082361815144792,0.0009082361815144792
6716,RTCB (51493),3.236733842173457e-05,True,-0.0018927112498529682,0.0018927112498529682
6717,UPP1 (7378),3.236560576092898e-05,True,-0.0006558914017264443,0.0006558914017264443
6718,PMS1 (5378),3.23607839851135e-05,True,-0.0008627870554022486,0.0008627870554022486
6719,MED22 (6837),3.235844876844656e-05,True,0.0013336317282699696,0.0013336317282699696
6720,ZDHHC2 (51201),3.235151490413634e-05,True,-0.0008835987285719998,0.0008835987285719998
6721,MTRES1 (51250),3.234972305489575e-05,True,0.0012954188861227759,0.0012954188861227759
6722,VPS13C (54832),3.233621132068768e-05,True,0.00038092050961666254,0.00038092050961666254
6723,RANBP9 (10048),3.231695122294157e-05,True,-0.0005980044182993197,0.0005980044182993197
6724,SLC38A3 (10991),3.229651454486492e-05,True,0.0008698480929651105,0.0008698480929651105
6725,ACO1 (48),3.229471768438416e-05,True,0.0006958156131098,0.0006958156131098
6726,ACTB (60),3.2292941501818486e-05,True,-0.0017908147193567716,0.0017908147193567716
6727,GNAZ (2781),3.228919132061501e-05,True,0.0005167808571761288,0.0005167808571761288
6728,WDR5 (11091),3.22883764609604e-05,True,-0.001324265390996614,0.001324265390996614
6729,EAPP (55837),3.228791176212627e-05,True,0.0009004625337863906,0.0009004625337863906
6730,SHTN1 (57698),3.228182882389132e-05,True,0.0008209744499647594,0.0008209744499647594
6731,FUT8 (2530),3.227799722995015e-05,True,-0.0012923916460953018,0.0012923916460953018
6732,PLA2G3 (50487),3.2272963870561286e-05,True,0.0013359733937357192,0.0013359733937357192
6733,ADGRG4 (139378),3.226718539099053e-05,True,0.0017585554576734623,0.0017585554576734623
6734,POFUT2 (23275),3.226547680216907e-05,True,0.0013842073416255644,0.0013842073416255644
6735,PDE2A (5138),3.2251660303096204e-05,True,-0.0009969547694099452,0.0009969547694099452
6736,ARID4B (51742),3.222801958962237e-05,True,-0.0013254471976457368,0.0013254471976457368
6737,ORMDL3 (94103),3.2191522910947274e-05,True,0.0017594641449918927,0.0017594641449918927
6738,SSB (6741),3.21861514693144e-05,True,-0.0011446217413597008,0.0011446217413597008
6739,MMP11 (4320),3.217942344063177e-05,True,-0.0004306410553997058,0.0004306410553997058
6740,SIAH2 (6478),3.215834889595138e-05,True,0.0005750101580863998,0.0005750101580863998
6741,ITGA5 (3678),3.214175973739066e-05,True,0.0013307947608138036,0.0013307947608138036
6742,BACC1 (124944),3.2140284792295866e-05,True,0.0005550794370875678,0.0005550794370875678
6743,UNK (85451),3.212094399803404e-05,True,-1.3051629747835945e-05,1.3051629747835945e-05
6744,TRIB3 (57761),3.212031524979437e-05,True,-0.0010010256097077938,0.0010010256097077938
6745,BTK (695),3.212028167848081e-05,True,-0.003133137956890236,0.003133137956890236
6746,NR1D2 (9975),3.2119468079911625e-05,True,0.00018393240606425951,0.00018393240606425951
6747,CASTOR2 (729438),3.211170734799508e-05,True,-8.95255340740161e-05,8.95255340740161e-05
6748,EDC4 (23644),3.209521502965787e-05,True,-0.000993847555843186,0.000993847555843186
6749,STPG1 (90529),3.2083142371072604e-05,True,0.0007485139515661786,0.0007485139515661786
6750,PANK3 (79646),3.205214322951307e-05,True,-0.0018278421085688292,0.0018278421085688292
6751,MEDAG (84935),3.205127746945083e-05,True,0.002566865573395119,0.002566865573395119
6752,CTIF (9811),3.2047655080426346e-05,True,0.001612473704226317,0.001612473704226317
6753,VSX1 (30813),3.2044058478444296e-05,True,-0.0014753418778508175,0.0014753418778508175
6754,ARL9 (132946),3.204228410853874e-05,True,-0.0011115156873366813,0.0011115156873366813
6755,SPTA1 (6708),3.2037796651871016e-05,True,-0.0014274878605340373,0.0014274878605340373
6756,HIVEP3 (59269),3.202990865306369e-05,True,-0.00141652187830638,0.00141652187830638
6757,PCLO (27445),3.202270574979448e-05,True,-0.0024260926560650464,0.0024260926560650464
6758,CCPG1 (9236),3.2016055679921584e-05,True,-0.0009079536247150713,0.0009079536247150713
6759,AFDN (4301),3.1996969050670575e-05,True,0.0009302134944132139,0.0009302134944132139
6760,CCNI (10983),3.197408177535119e-05,True,-0.0008400544418455907,0.0008400544418455907
6761,RAD54B (25788),3.197290925462448e-05,True,0.0009021721752608951,0.0009021721752608951
6762,CEP250 (11190),3.196474368323971e-05,True,0.001537484926611317,0.001537484926611317
6763,RAE1 (8480),3.196234287961851e-05,True,0.00023486117796018592,0.00023486117796018592
6764,NCF4 (4689),3.19607660694716e-05,True,0.0006919874103512495,0.0006919874103512495
6765,INPP5A (3632),3.195016536353949e-05,True,0.0011815387911370552,0.0011815387911370552
6766,SEMA3C (10512),3.194005094153845e-05,True,0.0005180327570403673,0.0005180327570403673
6767,PLK3 (1263),3.193063417240856e-05,True,-0.0013803223627523176,0.0013803223627523176
6768,VTCN1 (79679),3.1919874322728655e-05,True,-0.0013822941813212686,0.0013822941813212686
6769,STX7 (8417),3.190278749243185e-05,True,0.0007311499724301268,0.0007311499724301268
6770,HAAO (23498),3.189038266362768e-05,True,-0.00020109597508034891,0.00020109597508034891
6771,ZNF205 (7755),3.1888155309031176e-05,True,-0.0009338714675394869,0.0009338714675394869
6772,KREMEN1 (83999),3.188422857219634e-05,True,-0.0003546150270029826,0.0003546150270029826
6773,SUPT20H (55578),3.186809870639687e-05,True,0.0012765595962823052,0.0012765595962823052
6774,KIF16B (55614),3.1857607310677317e-05,True,-0.00011196744754969623,0.00011196744754969623
6775,LCAT (3931),3.185442513551212e-05,True,-0.002324397985686959,0.002324397985686959
6776,C11orf91 (100131378),3.184975337988662e-05,True,0.0003856572177624015,0.0003856572177624015
6777,BUB3 (9184),3.184501171030658e-05,True,-0.0007182866532580087,0.0007182866532580087
6778,UMODL1 (89766),3.1842410881097054e-05,True,0.0004803790014336214,0.0004803790014336214
6779,BEND6 (221336),3.1838869148320246e-05,True,0.0032750448117707166,0.0032750448117707166
6780,ENPEP (2028),3.181396211561662e-05,True,0.000813655802606397,0.000813655802606397
6781,ARFGAP1 (55738),3.1813705747034186e-05,True,0.0015992803481506674,0.0015992803481506674
6782,TNFRSF12A (51330),3.17989222256874e-05,True,0.0006412135360083396,0.0006412135360083396
6783,CAV1 (857),3.179546841454709e-05,True,0.0007589602296559067,0.0007589602296559067
6784,ZBTB1 (22890),3.179460150310279e-05,True,-0.0012880606370682184,0.0012880606370682184
6785,H2BC13 (8340),3.179218389068085e-05,True,-0.0031762513666337205,0.0031762513666337205
6786,KATNIP (23247),3.179001651378374e-05,True,-0.00010255786085653539,0.00010255786085653539
6787,TAX1BP3 (30851),3.178916796997175e-05,True,0.0007019563071891861,0.0007019563071891861
6788,B3GNT2 (10678),3.1762711963798137e-05,True,-0.0003107479937899399,0.0003107479937899399
6789,HNRNPM (4670),3.173413148903438e-05,True,-0.0005310388326547973,0.0005310388326547973
6790,SDC4 (6385),3.171764492436365e-05,True,0.00013946724425036635,0.00013946724425036635
6791,UTP14A (10813),3.171748258074303e-05,True,-0.00108027913033866,0.00108027913033866
6792,NMBR (4829),3.1704833901812464e-05,True,0.0012267002398930488,0.0012267002398930488
6793,CYTIP (9595),3.169198785498336e-05,True,0.0012952490269680596,0.0012952490269680596
6794,KIF5C (3800),3.168411977429927e-05,True,0.0025154406435702005,0.0025154406435702005
6795,AK9 (221264),3.16804472128123e-05,True,0.0034840032804935596,0.0034840032804935596
6796,ELMOD2 (255520),3.165352393792732e-05,True,-0.0013437892913659,0.0013437892913659
6797,ZBTB42 (100128927),3.165273375880893e-05,True,-1.3496271362531452e-05,1.3496271362531452e-05
6798,KRTDAP (388533),3.162744050693574e-05,True,0.00016007322356196424,0.00016007322356196424
6799,KLHL9 (55958),3.1614514270211694e-05,True,0.0017023022965569905,0.0017023022965569905
6800,GAST (2520),3.159310522355167e-05,True,0.0015798308671728751,0.0015798308671728751
6801,DSN1 (79980),3.1591305213200216e-05,True,0.001748615302647906,0.001748615302647906
6802,NFYC (4802),3.157259921358242e-05,True,-0.00010770654882844965,0.00010770654882844965
6803,TRIP4 (9325),3.155008160453138e-05,True,-0.0005444598718148945,0.0005444598718148945
6804,REDIC1 (283461),3.154363858278672e-05,True,0.0045648973026800625,0.0045648973026800625
6805,RPP14 (11102),3.1519167460264474e-05,True,-0.0007070542114674633,0.0007070542114674633
6806,MKRN2OS (100129480),3.148800207486964e-05,True,0.0021464505738203656,0.0021464505738203656
6807,PSMD7 (5713),3.148589390876961e-05,True,0.00038929333316214525,0.00038929333316214525
6808,NHLH1 (4807),3.1473570867735945e-05,True,-0.001067759657912743,0.001067759657912743
6809,GIT1 (28964),3.1457131498298606e-05,True,0.00010668282499367418,0.00010668282499367418
6810,AP3D1 (8943),3.1447539744579325e-05,True,-0.0001776241115814055,0.0001776241115814055
6811,MRPS22 (56945),3.143964872916164e-05,True,0.001464879699928548,0.001464879699928548
6812,PAXX (286257),3.143846064285553e-05,True,-0.001275696602823966,0.001275696602823966
6813,PSEN1 (5663),3.14218246975446e-05,True,-0.0017889640656106101,0.0017889640656106101
6814,BCLAF3 (256643),3.1411068809320215e-05,True,-0.0005473594949321333,0.0005473594949321333
6815,ZNF821 (55565),3.135684949145496e-05,True,-0.0022564288740815333,0.0022564288740815333
6816,CROT (54677),3.13417575537321e-05,True,-0.0015819996659929831,0.0015819996659929831
6817,ATF7 (11016),3.1335672604899074e-05,True,0.00023567829552021183,0.00023567829552021183
6818,ZC2HC1C (79696),3.1328810325712396e-05,True,-0.0007762735169573676,0.0007762735169573676
6819,CLEC12A (160364),3.1322279117323204e-05,True,0.0017793042259479303,0.0017793042259479303
6820,TEX35 (84066),3.131843793868531e-05,True,-0.0033618493248077836,0.0033618493248077836
6821,NINJ1 (4814),3.131759209341203e-05,True,0.001893939220354079,0.001893939220354079
6822,YBX1 (4904),3.130534823219056e-05,True,-0.0009131929542248204,0.0009131929542248204
6823,CSDE1 (7812),3.1288230922469714e-05,True,0.0014853281826799525,0.0014853281826799525
6824,KAT8 (84148),3.1283995268306285e-05,True,0.0009242337005962525,0.0009242337005962525
6825,IRX6 (79190),3.128210436971159e-05,True,-0.001160653272283426,0.001160653272283426
6826,MATK (4145),3.1272772953527045e-05,True,0.0048526981404285125,0.0048526981404285125
6827,SNCA (6622),3.127221887675963e-05,True,0.0005498471618047337,0.0005498471618047337
6828,IFT27 (11020),3.126282493369558e-05,True,0.00033638263441742883,0.00033638263441742883
6829,EDNRB (1910),3.124979064366179e-05,True,-0.0017428310148447286,0.0017428310148447286
6830,UNC93A (54346),3.124804094780465e-05,True,-0.0013734557124015704,0.0013734557124015704
6831,NPIPB5 (100132247),3.1228288038912735e-05,True,0.0010910616328251872,0.0010910616328251872
6832,NME9 (347736),3.122664511144922e-05,True,0.0028385794881406793,0.0028385794881406793
6833,FRMD5 (84978),3.1218542934568206e-05,True,-0.0005098860547829211,0.0005098860547829211
6834,YTHDF3 (253943),3.1213060858286707e-05,True,0.002009043977228652,0.002009043977228652
6835,DDX43 (55510),3.119297308448148e-05,True,0.00016829412498232607,0.00016829412498232607
6836,MAP3K7 (6885),3.119056086655816e-05,True,-0.000696935442234052,0.000696935442234052
6837,TIGD5 (84948),3.11692778121504e-05,True,-0.00038266496393182066,0.00038266496393182066
6838,BSDC1 (55108),3.116907598666304e-05,True,0.0010427693052437524,0.0010427693052437524
6839,PBDC1 (51260),3.1160633938163275e-05,True,-0.0016056652176518447,0.0016056652176518447
6840,SAMHD1 (25939),3.115053045050854e-05,True,0.001781580429284054,0.001781580429284054
6841,CDNF (441549),3.113739436989339e-05,True,-0.0011904068384613615,0.0011904068384613615
6842,CCND3 (896),3.113254646244832e-05,True,0.0009072064231073856,0.0009072064231073856
6843,ZNFX1 (57169),3.112600919098686e-05,True,0.00033441936071186627,0.00033441936071186627
6844,USP25 (29761),3.112509510682834e-05,True,0.0003746595356854765,0.0003746595356854765
6845,HRK (8739),3.1124318604982365e-05,True,-0.001358281421582324,0.001358281421582324
6846,KYAT3 (56267),3.1103650962591336e-05,True,-0.002214577405318393,0.002214577405318393
6847,TNR (7143),3.110107249781842e-05,True,-0.0015907754945672927,0.0015907754945672927
6848,SMARCD1 (6602),3.109563936498839e-05,True,-0.0005113136190934195,0.0005113136190934195
6849,FAT2 (2196),3.109282824319635e-05,True,-0.0014705009619814357,0.0014705009619814357
6850,NSRP1 (84081),3.109255425201923e-05,True,0.00033408202941063645,0.00033408202941063645
6851,ATE1 (11101),3.10848235223394e-05,True,-0.0013656506407111254,0.0013656506407111254
6852,ITGA3 (3675),3.1082638963250947e-05,True,-0.0007685757026147655,0.0007685757026147655
6853,FIZ1 (84922),3.1060505331166076e-05,True,-0.0010632544618263443,0.0010632544618263443
6854,INKA1 (389119),3.105225876642204e-05,True,-0.002636599714219488,0.002636599714219488
6855,FAM156B (727866),3.10332125500877e-05,True,0.002580071148739025,0.002580071148739025
6856,SELENOP (6414),3.102484059169328e-05,True,0.001994513168555422,0.001994513168555422
6857,MRPS18C (51023),3.102176014589318e-05,True,0.001225403963850453,0.001225403963850453
6858,SHF (90525),3.0996873094331526e-05,True,-0.0006352759618247436,0.0006352759618247436
6859,PLXNB1 (5364),3.099613818179782e-05,True,-0.00016242904118009662,0.00016242904118009662
6860,IPPK (64768),3.0986081840999456e-05,True,-0.0004325326808920129,0.0004325326808920129
6861,OGA (10724),3.0973689157280535e-05,True,0.0009578877120363536,0.0009578877120363536
6862,DUSP16 (80824),3.096576474646148e-05,True,0.00010176428673464065,0.00010176428673464065
6863,YBX2 (51087),3.095843165832697e-05,True,0.0006294429688559946,0.0006294429688559946
6864,CILP (8483),3.0958393053439965e-05,True,0.002620428304902326,0.002620428304902326
6865,OCA2 (4948),3.0927278983032684e-05,True,-0.0020159913579309106,0.0020159913579309106
6866,FAM186B (84070),3.0916043743170226e-05,True,-0.0014974436352102856,0.0014974436352102856
6867,GPC1 (2817),3.091143813576607e-05,True,-0.00178034157526939,0.00178034157526939
6868,DPM1 (8813),3.091022329982807e-05,True,0.0023249961164123,0.0023249961164123
6869,ARID5A (10865),3.0905761385140255e-05,True,5.883076660736933e-05,5.883076660736933e-05
6870,LRCH4 (4034),3.088329077060074e-05,True,0.0016047052152752797,0.0016047052152752797
6871,ZCCHC4 (29063),3.087631244646731e-05,True,0.0017083014680926698,0.0017083014680926698
6872,LYPD5 (284348),3.0873672515630445e-05,True,-0.002116679228738579,0.002116679228738579
6873,INSYN2B (100131897),3.086940956332885e-05,True,-0.0015213764140411014,0.0015213764140411014
6874,UBE2E3 (10477),3.086706504448295e-05,True,-0.0018993753241755653,0.0018993753241755653
6875,SORL1 (6653),3.083489844499964e-05,True,0.0001672781439327625,0.0001672781439327625
6876,SAR1A (56681),3.083043414468461e-05,True,0.0004259366118703038,0.0004259366118703038
6877,HAGHL (84264),3.0813347893689535e-05,True,0.0001288701667472846,0.0001288701667472846
6878,DMRT3 (58524),3.0809156659469566e-05,True,0.0014485475630962171,0.0014485475630962171
6879,TAF9B (51616),3.0807731980145426e-05,True,0.001726613870283487,0.001726613870283487
6880,SLC10A7 (84068),3.0803816412307885e-05,True,0.0014569486384016267,0.0014569486384016267
6881,EPHB4 (2050),3.079735433944728e-05,True,-0.00039679027975529505,0.00039679027975529505
6882,ATG3 (64422),3.0794831727022545e-05,True,-0.0024957003653115722,0.0024957003653115722
6883,H2BC21 (8349),3.078640161461175e-05,True,0.001644314682538154,0.001644314682538154
6884,FGFR1OP2 (26127),3.078538512139919e-05,True,0.0022627210498563284,0.0022627210498563284
6885,PIR (8544),3.0781847374301324e-05,True,-0.0001257466934876765,0.0001257466934876765
6886,MAP3K9 (4293),3.077215339503031e-05,True,-0.003120579907460239,0.003120579907460239
6887,CISH (1154),3.07657091122378e-05,True,0.00025912062676789924,0.00025912062676789924
6888,NRTN (4902),3.0761256670942935e-05,True,-0.0005949101880791199,0.0005949101880791199
6889,IGFBP3 (3486),3.07545932935801e-05,True,-0.0007599302132180173,0.0007599302132180173
6890,SLC16A4 (9122),3.074477570622879e-05,True,0.0002639401095246892,0.0002639401095246892
6891,CHIC1 (53344),3.074327288415635e-05,True,-0.0013331280467443463,0.0013331280467443463
6892,NLRX1 (79671),3.073183738391735e-05,True,0.0018355067765050352,0.0018355067765050352
6893,PRELID3B (51012),3.071221293009701e-05,True,0.0008071506565158269,0.0008071506565158269
6894,EFS (10278),3.071094793007013e-05,True,0.0009553411690509152,0.0009553411690509152
6895,HP (3240),3.0709463650377274e-05,True,0.0016030612027241025,0.0016030612027241025
6896,KRBA2 (124751),3.070789899051256e-05,True,0.0008038366579392606,0.0008038366579392606
6897,CASP3 (836),3.070244338730353e-05,True,0.001580630965296355,0.001580630965296355
6898,TM6SF2 (53345),3.070168623148117e-05,True,-0.0018414611283702035,0.0018414611283702035
6899,MOG (4340),3.0679469491112276e-05,True,-0.0005603302197214842,0.0005603302197214842
6900,ETFB (2109),3.066396352605892e-05,True,-0.0014264790084665717,0.0014264790084665717
6901,CHUK (1147),3.065444131269147e-05,True,-0.0012748632411164512,0.0012748632411164512
6902,FXYD1 (5348),3.065270002524839e-05,True,-0.000987932801834914,0.000987932801834914
6903,CHMP1A (5119),3.064747727656057e-05,True,-0.0008454001951970064,0.0008454001951970064
6904,FOXK2 (3607),3.064104733946272e-05,True,-0.0008955436490240124,0.0008955436490240124
6905,C3orf80 (401097),3.063642826660994e-05,True,8.240665215047017e-05,8.240665215047017e-05
6906,MBD3L2B (729458),3.062471453137334e-05,True,-0.0015111135583837677,0.0015111135583837677
6907,KLHL40 (131377),3.0595113713234623e-05,True,-0.002052482994689339,0.002052482994689339
6908,MT-CO2 (4513),3.059159781214426e-05,True,-0.00043864980434815855,0.00043864980434815855
6909,FADS1 (3992),3.058941138140161e-05,True,-0.001722232334621768,0.001722232334621768
6910,MC4R (4160),3.0563722684825555e-05,True,0.000268047929329731,0.000268047929329731
6911,TBC1D3F (84218),3.0559353439022044e-05,True,-0.005299684926024148,0.005299684926024148
6912,IL17REL (400935),3.055773704776693e-05,True,0.0020323837313210164,0.0020323837313210164
6913,HELLS (3070),3.055642205727756e-05,True,0.0009625623562637511,0.0009625623562637511
6914,TEKT3 (64518),3.051408591474746e-05,True,0.000650031257148039,0.000650031257148039
6915,VPREB3 (29802),3.0507818273069282e-05,True,0.0008113208500143004,0.0008113208500143004
6916,POU2AF1 (5450),3.0505900192832474e-05,True,-0.0010175888345460558,0.0010175888345460558
6917,ERVMER34-1 (100288413),3.050366925587937e-05,True,-0.0004813962346872071,0.0004813962346872071
6918,PET117 (100303755),3.0492038165361437e-05,True,-0.0011347543284372387,0.0011347543284372387
6919,ZNF251 (90987),3.048244120564055e-05,True,-0.00175658928548822,0.00175658928548822
6920,THUMPD3 (25917),3.0478759296929603e-05,True,0.0020913548584940286,0.0020913548584940286
6921,FGL2 (10875),3.047280493115075e-05,True,0.002989865905413987,0.002989865905413987
6922,MLPH (79083),3.0471753143249128e-05,True,-0.0015989759685205744,0.0015989759685205744
6923,RABL6 (55684),3.046851967502816e-05,True,0.00024083219845746472,0.00024083219845746472
6924,ENO2 (2026),3.0457828173382787e-05,True,0.0006828603928454285,0.0006828603928454285
6925,CYP4F12 (66002),3.0456831310373923e-05,True,0.0008616533893201794,0.0008616533893201794
6926,KLF5 (688),3.045505178843822e-05,True,0.0026414228774112236,0.0026414228774112236
6927,OLFM4 (10562),3.04546529701338e-05,True,-0.002487194258532146,0.002487194258532146
6928,ANKRD40 (91369),3.045366455109373e-05,True,0.002154033268212149,0.002154033268212149
6929,TUBG2 (27175),3.0439265979046826e-05,True,-0.0019153814567118537,0.0019153814567118537
6930,MAN2A1 (4124),3.0435155959533698e-05,True,0.001494072360645441,0.001494072360645441
6931,ERG28 (11161),3.0434688740505546e-05,True,-0.0011168054588318432,0.0011168054588318432
6932,DCTPP1 (79077),3.0412754410476664e-05,True,-0.0010175696948029136,0.0010175696948029136
6933,FAN1 (22909),3.0403399672294724e-05,True,0.0004888125331885085,0.0004888125331885085
6934,IFFO1 (25900),3.0402459541580866e-05,True,0.0003245473506065092,0.0003245473506065092
6935,TMEM187 (8269),3.0400434300553288e-05,True,-0.0005579640221133142,0.0005579640221133142
6936,METTL22 (79091),3.0396966367992533e-05,True,0.0017140690151745133,0.0017140690151745133
6937,UNC93B1 (81622),3.0386698430392317e-05,True,0.001859508173003571,0.001859508173003571
6938,DMTN (2039),3.0382173367521732e-05,True,0.0006628142839339663,0.0006628142839339663
6939,EPHA6 (285220),3.0381175956410967e-05,True,0.0015329247990930476,0.0015329247990930476
6940,ERMN (57471),3.036405812664117e-05,True,0.0004733839895348234,0.0004733839895348234
6941,HAO1 (54363),3.0350482433398493e-05,True,-0.0013191219299853972,0.0013191219299853972
6942,GRB2 (2885),3.0334278227447667e-05,True,0.001010108805889176,0.001010108805889176
6943,HOPX (84525),3.0327463418154222e-05,True,0.00014548171641962256,0.00014548171641962256
6944,CCDC71 (64925),3.032583347555947e-05,True,-0.0015439551535554896,0.0015439551535554896
6945,FBXO33 (254170),3.0323198239460926e-05,True,-0.0018549268493078717,0.0018549268493078717
6946,DIP2B (57609),3.032306325299676e-05,True,5.08796699512171e-05,5.08796699512171e-05
6947,STIMATE (375346),3.0321494667288945e-05,True,-0.000875237063897099,0.000875237063897099
6948,S100A10 (6281),3.0321307680334864e-05,True,0.00018396403918970194,0.00018396403918970194
6949,APOL1 (8542),3.031652814568753e-05,True,-0.0013838426058991819,0.0013838426058991819
6950,MACO1 (55219),3.0309879239420834e-05,True,-0.002878492247967642,0.002878492247967642
6951,TNNI3K (51086),3.029891163502839e-05,True,-0.0007928752004338802,0.0007928752004338802
6952,OLA1 (29789),3.0291096789153608e-05,True,-0.0020285577510430215,0.0020285577510430215
6953,ADGRG2 (10149),3.0285995174245178e-05,True,-0.0008520329157601515,0.0008520329157601515
6954,TLR7 (51284),3.0242883011429207e-05,True,-0.0017660962155367364,0.0017660962155367364
6955,PTP4A2 (8073),3.021288896256181e-05,True,-0.002111105332806295,0.002111105332806295
6956,RILPL2 (196383),3.020303289706595e-05,True,-0.0029089424502998593,0.0029089424502998593
6957,MAP3K15 (389840),3.0199622839658765e-05,True,-0.002608385664060097,0.002608385664060097
6958,HMBOX1 (79618),3.018642301024651e-05,True,-0.001561030581695469,0.001561030581695469
6959,TMEM272 (283521),3.017889208324237e-05,True,-0.0020652930566608003,0.0020652930566608003
6960,SCP2 (6342),3.0176323375593983e-05,True,0.0005844186306057889,0.0005844186306057889
6961,PPA1 (5464),3.0154370731367798e-05,True,-0.0009739775717678761,0.0009739775717678761
6962,PKNOX1 (5316),3.0138624067305277e-05,True,-0.0006191788576102553,0.0006191788576102553
6963,CRTC1 (23373),3.0130528023368506e-05,True,-0.0022046859959681015,0.0022046859959681015
6964,GID4 (79018),3.009170736496501e-05,True,0.0010923467144434936,0.0010923467144434936
6965,CTBS (1486),3.008983699897822e-05,True,-0.0003819191968076431,0.0003819191968076431
6966,DENND4C (55667),3.0084040571344812e-05,True,-0.00015936393631419267,0.00015936393631419267
6967,PANK2 (80025),3.0059895661772686e-05,True,-0.0033361130705518638,0.0033361130705518638
6968,LRRC25 (126364),3.0053302041614537e-05,True,0.0048282344434080835,0.0048282344434080835
6969,TAF1B (9014),3.003226503358002e-05,True,-0.0019034459222404122,0.0019034459222404122
6970,PLSCR1 (5359),3.002691135666764e-05,True,0.002321920211027429,0.002321920211027429
6971,ZNF577 (84765),3.0023533427580506e-05,True,0.003691635712767872,0.003691635712767872
6972,MYO7A (4647),3.0019028494350354e-05,True,-0.0008490274028113555,0.0008490274028113555
6973,EOMES (8320),2.9992921128158815e-05,True,0.0005624178915110652,0.0005624178915110652
6974,KCNC3 (3748),2.9992000668257865e-05,True,0.0007989280093372414,0.0007989280093372414
6975,TBC1D14 (57533),2.9982995186317016e-05,True,-0.0020864204866848975,0.0020864204866848975
6976,BEND3 (57673),2.995665343377193e-05,True,0.0009509607866244247,0.0009509607866244247
6977,SEPTIN2 (4735),2.9955988671219953e-05,True,0.0005651934895747567,0.0005651934895747567
6978,DCN (1634),2.9955752012287613e-05,True,-0.0016439692484209734,0.0016439692484209734
6979,ACKR3 (57007),2.994561127833844e-05,True,-0.002839056358034226,0.002839056358034226
6980,WDR13 (64743),2.992646587101964e-05,True,-0.00022735717854084663,0.00022735717854084663
6981,SPMIP1 (100130705),2.9908728007068182e-05,True,-0.0010564500123065568,0.0010564500123065568
6982,SPEN (23013),2.9908550970009873e-05,True,0.0007928026840787541,0.0007928026840787541
6983,LAMTOR3 (8649),2.988794427896058e-05,True,-0.00022681282433906907,0.00022681282433906907
6984,HSPA12B (116835),2.9884730202779553e-05,True,-0.0015695931606041845,0.0015695931606041845
6985,STRN (6801),2.9880527038555635e-05,True,-0.0008732991010905662,0.0008732991010905662
6986,ERICH5 (203111),2.987552779322564e-05,True,-0.0015024052510605956,0.0015024052510605956
6987,PIWIL1 (9271),2.9873054513021098e-05,True,-0.00206432706308387,0.00206432706308387
6988,GMPR2 (51292),2.9846917800810424e-05,True,-0.0021397170122509877,0.0021397170122509877
6989,CSN3 (1448),2.98434048455709e-05,True,0.0005622320773454088,0.0005622320773454088
6990,ZSCAN5B (342933),2.9830943429895367e-05,True,-0.001083267998473072,0.001083267998473072
6991,TMEM243 (79161),2.982740207113761e-05,True,-9.866409053448262e-05,9.866409053448262e-05
6992,OR51E2 (81285),2.9818971961029875e-05,True,0.0018285522305921383,0.0018285522305921383
6993,IGFL4 (444882),2.9816685704496297e-05,True,-0.00103159811934653,0.00103159811934653
6994,RAB42 (115273),2.9815590061776416e-05,True,0.0008538931336898555,0.0008538931336898555
6995,DNAJC1 (64215),2.9812135118928997e-05,True,-0.001110785075932338,0.001110785075932338
6996,SPAG5 (10615),2.97967700305891e-05,True,0.00040051097539903604,0.00040051097539903604
6997,TEX36 (387718),2.9789822387545198e-05,True,0.0012374240607583385,0.0012374240607583385
6998,CFAP298 (56683),2.9779945071001533e-05,True,-0.0022652149736447913,0.0022652149736447913
6999,HAVCR2 (84868),2.9761118865655673e-05,True,-7.439508146274258e-05,7.439508146274258e-05
7000,ARHGAP26 (23092),2.975910404949885e-05,True,-0.00011308280968162559,0.00011308280968162559
7001,IL1RL1 (9173),2.9740719650916194e-05,True,0.0016365633197915428,0.0016365633197915428
7002,SLC9A7 (84679),2.9727788263223465e-05,True,-0.003043498658333338,0.003043498658333338
7003,LRRC75B (388886),2.972035287795228e-05,True,-0.0006268285298441352,0.0006268285298441352
7004,CYB5R4 (51167),2.9716403522580084e-05,True,-0.0018738805372138575,0.0018738805372138575
7005,APOO (79135),2.97128282671244e-05,True,0.0022900700274620287,0.0022900700274620287
7006,B3GAT1 (27087),2.970829581114743e-05,True,-0.00045693170848841967,0.00045693170848841967
7007,NFATC2IP (84901),2.9705296375553037e-05,True,0.0004914500628301873,0.0004914500628301873
7008,TFDP1 (7027),2.9704741151319738e-05,True,-0.002065750671976144,0.002065750671976144
7009,DGKA (1606),2.9696303945669094e-05,True,-0.0001981408682480406,0.0001981408682480406
7010,C12orf56 (115749),2.9694913225016466e-05,True,0.0017478764456260415,0.0017478764456260415
7011,LRRC3 (81543),2.9693033044473318e-05,True,-0.00029405763942483905,0.00029405763942483905
7012,UTP4 (84916),2.968548926600469e-05,True,-0.002126505720506958,0.002126505720506958
7013,GLRX2 (51022),2.967592033387884e-05,True,0.000190627771888085,0.000190627771888085
7014,WASF2 (10163),2.9668022043734616e-05,True,0.0004396584834639996,0.0004396584834639996
7015,H4C8 (8365),2.966711579524583e-05,True,0.0007300101219329164,0.0007300101219329164
7016,ZC3H7B (23264),2.9664825324129266e-05,True,0.00046945324596038324,0.00046945324596038324
7017,GARIN5B (284418),2.9662013641320368e-05,True,0.0011013469352728449,0.0011013469352728449
7018,HECW1 (23072),2.9643934982642975e-05,True,0.0016815314151385962,0.0016815314151385962
7019,LMOD3 (56203),2.9634800625628845e-05,True,0.0009413081597691698,0.0009413081597691698
7020,ATP8B2 (57198),2.9630015623111104e-05,True,0.00010819107923648336,0.00010819107923648336
7021,ANO9 (338440),2.961706113523776e-05,True,-0.0023677849306829404,0.0023677849306829404
7022,LHB (3972),2.9611221488992035e-05,True,-0.0017343761400117623,0.0017343761400117623
7023,HHIP (64399),2.960889916115697e-05,True,-0.000306586370240102,0.000306586370240102
7024,OR6A2 (8590),2.9580113998001476e-05,True,0.0006433086802609594,0.0006433086802609594
7025,FAM161A (84140),2.9527241150633385e-05,True,0.0012831656340381976,0.0012831656340381976
7026,OR2F1 (26211),2.9527016950011216e-05,True,8.784394215354853e-05,8.784394215354853e-05
7027,CACNA1E (777),2.9516439360462874e-05,True,0.00407789231489061,0.00407789231489061
7028,C5orf46 (389336),2.9503601823746506e-05,True,-0.0006669242214572214,0.0006669242214572214
7029,THEM6 (51337),2.948090231980601e-05,True,-0.0018439924304417986,0.0018439924304417986
7030,TUBA4B (80086),2.9471081875202378e-05,True,0.0015215725804052544,0.0015215725804052544
7031,AUNIP (79000),2.9468284715067352e-05,True,0.001330800105859154,0.001330800105859154
7032,GOSR1 (9527),2.9459000731679908e-05,True,0.0014523676216498924,0.0014523676216498924
7033,KRT72 (140807),2.9417754836298698e-05,True,-0.00062077387188844,0.00062077387188844
7034,ZNF287 (57336),2.9416537047776002e-05,True,0.0027525467343962984,0.0027525467343962984
7035,TBX21 (30009),2.9415977631241673e-05,True,0.0004805211358712842,0.0004805211358712842
7036,MATN3 (4148),2.9406446902270255e-05,True,0.000294674216395585,0.000294674216395585
7037,HRNR (388697),2.9395378515216823e-05,True,0.00024158053655692446,0.00024158053655692446
7038,DMP1 (1758),2.9392830532680036e-05,True,0.001346011054928524,0.001346011054928524
7039,PPT2 (9374),2.936110858701895e-05,True,0.000992001493164747,0.000992001493164747
7040,CSNK2B (1460),2.935903877031347e-05,True,-0.0008623146564557565,0.0008623146564557565
7041,DYNLT3 (6990),2.9348954073605165e-05,True,0.0015826638954941365,0.0015826638954941365
7042,ACBD4 (79777),2.9348233386300087e-05,True,-0.0005863716824305999,0.0005863716824305999
7043,PWWP2B (170394),2.934581873793501e-05,True,0.0011032285364586756,0.0011032285364586756
7044,VPS41 (27072),2.9338107253831917e-05,True,0.00025004536739740184,0.00025004536739740184
7045,MARCHF6 (10299),2.9316900922927086e-05,True,-0.0006387735702560424,0.0006387735702560424
7046,PEX13 (5194),2.9311263849539647e-05,True,0.002239155033354287,0.002239155033354287
7047,PDZRN3 (23024),2.9300130976649845e-05,True,0.0005763507578288294,0.0005763507578288294
7048,ZNF793 (390927),2.9294651947082617e-05,True,-0.0006888782392964092,0.0006888782392964092
7049,TMT1B (196410),2.9292474954979497e-05,True,0.00037348439111751293,0.00037348439111751293
7050,SAMD15 (161394),2.928230779844541e-05,True,-0.0005222468006966684,0.0005222468006966684
7051,CHD4 (1108),2.927956050865354e-05,True,0.0003853494173742412,0.0003853494173742412
7052,MAP3K13 (9175),2.9274901161394592e-05,True,0.0032812478789535308,0.0032812478789535308
7053,GYPC (2995),2.927123681809565e-05,True,0.0008111892782024714,0.0008111892782024714
7054,MRLN (100507027),2.9265911175354086e-05,True,0.0005600635488840109,0.0005600635488840109
7055,UXT (8409),2.9265153345967575e-05,True,0.003057294811589825,0.003057294811589825
7056,APLP2 (334),2.9230325926225864e-05,True,2.0892116106628437e-05,2.0892116106628437e-05
7057,DTX3L (151636),2.9218022018857583e-05,True,0.001161320729544009,0.001161320729544009
7058,IRF2BP1 (26145),2.9217737688525928e-05,True,-0.0004913093871699021,0.0004913093871699021
7059,ZNF76 (7629),2.9216655406171873e-05,True,0.0008580333255146588,0.0008580333255146588
7060,ALG11 (440138),2.9205717743357646e-05,True,0.0005536587070309085,0.0005536587070309085
7061,FDXR (2232),2.918664583515672e-05,True,-0.0030816708446735723,0.0030816708446735723
7062,PTGER4 (5734),2.918381041065061e-05,True,0.0004364647323239768,0.0004364647323239768
7063,GPHA2 (170589),2.9170873585643074e-05,True,-0.0020545777500362203,0.0020545777500362203
7064,IFT56 (79989),2.9163809403507182e-05,True,0.00017816875734820545,0.00017816875734820545
7065,TCTA (6988),2.9163005982256396e-05,True,0.0010477833497560404,0.0010477833497560404
7066,ASRGL1 (80150),2.916178532900628e-05,True,0.002155695816763405,0.002155695816763405
7067,MTHFS (10588),2.9113467502000163e-05,True,0.0004468285753489237,0.0004468285753489237
7068,MRPS17 (51373),2.9111785829012505e-05,True,0.0006855593292461877,0.0006855593292461877
7069,CHD1 (1105),2.9090950812298372e-05,True,-0.0007352777055744733,0.0007352777055744733
7070,TRIM2 (23321),2.9089287628682867e-05,True,2.210000352128108e-05,2.210000352128108e-05
7071,AHCYL1 (10768),2.9083195385789775e-05,True,4.5450020563922574e-05,4.5450020563922574e-05
7072,TREM1 (54210),2.9078197814423325e-05,True,-0.0007714966471931899,0.0007714966471931899
7073,NUDT22 (84304),2.907819374525989e-05,True,-0.0017023706492417779,0.0017023706492417779
7074,ARB2A (83989),2.9076730928963437e-05,True,0.0003553466682079615,0.0003553466682079615
7075,NBPF3 (84224),2.906927297887454e-05,True,-0.0012043783843931229,0.0012043783843931229
7076,SLC39A14 (23516),2.9038788711313496e-05,True,0.00016799968228230265,0.00016799968228230265
7077,NYAP1 (222950),2.9035416463843848e-05,True,-0.0005465809624006788,0.0005465809624006788
7078,ZBTB25 (7597),2.903439044508424e-05,True,-0.0029495175057814293,0.0029495175057814293
7079,GRAMD4 (23151),2.902640806444673e-05,True,-0.0010346327950843178,0.0010346327950843178
7080,CFAP99 (402160),2.902275417450029e-05,True,0.0009562784939230105,0.0009562784939230105
7081,YAE1 (57002),2.9021252887422153e-05,True,-0.0010985772222113716,0.0010985772222113716
7082,SLC35F3 (148641),2.9009487279268445e-05,True,0.0027264574535013587,0.0027264574535013587
7083,KCNE2 (9992),2.899600228700504e-05,True,0.0012620904315130796,0.0012620904315130796
7084,ZC3H12D (340152),2.898298570972375e-05,True,-0.00033977679551786726,0.00033977679551786726
7085,DCST1 (149095),2.897869015787161e-05,True,-0.002509402540668959,0.002509402540668959
7086,GYPA (2993),2.8971803745542755e-05,True,0.00036069576688954906,0.00036069576688954906
7087,NARF (26502),2.8948460625470876e-05,True,-0.001370398399985184,0.001370398399985184
7088,TYW1 (55253),2.8930739649841733e-05,True,0.0014990932972557222,0.0014990932972557222
7089,DYNC1LI2 (1783),2.8930238023766566e-05,True,0.0005792576502719206,0.0005792576502719206
7090,ZBED5 (58486),2.892687481005227e-05,True,-0.0015430859113782984,0.0015430859113782984
7091,UBA1 (7317),2.892623553077372e-05,True,0.00182082479859144,0.00182082479859144
7092,CDK10 (8558),2.8921622935603596e-05,True,0.0008933935134393808,0.0008933935134393808
7093,DTX1 (1840),2.8921315464112247e-05,True,-0.0003790139426969358,0.0003790139426969358
7094,TNFRSF10A (8797),2.8903727637158406e-05,True,0.00040897810129870765,0.00040897810129870765
7095,ACVR1C (130399),2.89006260671394e-05,True,0.0022603586334664894,0.0022603586334664894
7096,VGLL4 (9686),2.889797988125912e-05,True,-0.0003491153408305673,0.0003491153408305673
7097,NAALAD2 (10003),2.8889683662371785e-05,True,-0.0002242845649650094,0.0002242845649650094
7098,MPV17L2 (84769),2.8876812903456167e-05,True,0.0013165910023090442,0.0013165910023090442
7099,CBFA2T2 (9139),2.886917894201315e-05,True,0.003844573655560516,0.003844573655560516
7100,PGBD4 (161779),2.886798727184382e-05,True,0.0009075395341599242,0.0009075395341599242
7101,P2RY12 (64805),2.8838460049836616e-05,True,-0.0011873280577636134,0.0011873280577636134
7102,MID1IP1 (58526),2.8834334641862325e-05,True,0.0010228832964906758,0.0010228832964906758
7103,UFL1 (23376),2.883201080302382e-05,True,0.00023899711011790353,0.00023899711011790353
7104,GLUL (2752),2.8820894802811448e-05,True,-0.0003138091939885717,0.0003138091939885717
7105,FAM81B (153643),2.8815761868135427e-05,True,0.0035872599991760104,0.0035872599991760104
7106,PON2 (5445),2.8799209968655337e-05,True,0.0005821984248796614,0.0005821984248796614
7107,CD36 (948),2.8797106439047902e-05,True,-0.001999275057481672,0.001999275057481672
7108,DENND10 (404636),2.879170591071579e-05,True,-0.0012385752706775385,0.0012385752706775385
7109,KRTAP9-1 (728318),2.8783241106637133e-05,True,0.00011765035284948559,0.00011765035284948559
7110,OXSM (54995),2.876118245836915e-05,True,-0.003333560200791833,0.003333560200791833
7111,DEF6 (50619),2.8758114807651458e-05,True,-0.0013944824060176835,0.0013944824060176835
7112,SLC23A1 (9963),2.8751172172917358e-05,True,-0.002247415088407265,0.002247415088407265
7113,CYB5D2 (124936),2.874941015558426e-05,True,0.000979316055724798,0.000979316055724798
7114,LOXHD1 (125336),2.8741257668640684e-05,True,0.000857060741947755,0.000857060741947755
7115,CRTC3 (64784),2.8713401204148064e-05,True,-0.00012288665123526494,0.00012288665123526494
7116,LTK (4058),2.871289263450498e-05,True,0.0008863603261991236,0.0008863603261991236
7117,MAD1L1 (8379),2.8708982700815064e-05,True,-0.002062007716743012,0.002062007716743012
7118,CRTC2 (200186),2.8697557445635116e-05,True,-0.0011987242571627715,0.0011987242571627715
7119,C17orf113 (110806298),2.868567690269791e-05,True,-0.001399760581283914,0.001399760581283914
7120,ZNF474 (133923),2.8680485395833834e-05,True,0.0009655162032622105,0.0009655162032622105
7121,NEURL2 (140825),2.8677228562491172e-05,True,-0.001958837076678328,0.001958837076678328
7122,POU4F3 (5459),2.8675219624179597e-05,True,-0.001426763163774633,0.001426763163774633
7123,ACP6 (51205),2.8674167527839762e-05,True,-0.002115377428676068,0.002115377428676068
7124,SOST (50964),2.866552564869047e-05,True,0.002180810901170906,0.002180810901170906
7125,FOXS1 (2307),2.8661130519703137e-05,True,-0.0014340236346835503,0.0014340236346835503
7126,ZNF77 (58492),2.8647250099743333e-05,True,0.00027881590870120626,0.00027881590870120626
7127,TTC38 (55020),2.8632348832221158e-05,True,-0.0013229181042071756,0.0013229181042071756
7128,ATP8A2 (51761),2.8614967298417364e-05,True,0.0006469976460339151,0.0006469976460339151
7129,THOC2 (57187),2.8610027900905374e-05,True,0.0011905756953301866,0.0011905756953301866
7130,ANKRD50 (57182),2.8607927653448976e-05,True,-0.0006130743367271994,0.0006130743367271994
7131,TMEM43 (79188),2.859386255136652e-05,True,-0.0010227585761094895,0.0010227585761094895
7132,DNAJB6 (10049),2.857746807905026e-05,True,0.001574344509496524,0.001574344509496524
7133,TC2N (123036),2.856916265997865e-05,True,-0.0011730218957686097,0.0011730218957686097
7134,DHX40 (79665),2.8559665247015185e-05,True,-0.0018317759880462628,0.0018317759880462628
7135,HOXB8 (3218),2.855724862820579e-05,True,-0.00041549168702904307,0.00041549168702904307
7136,EIF3G (8666),2.8553902936650724e-05,True,0.0012479096834002387,0.0012479096834002387
7137,POM121L2 (94026),2.854586404946357e-05,True,-6.845190135141752e-05,6.845190135141752e-05
7138,LARP1 (23367),2.852782079337546e-05,True,0.00026623117179664724,0.00026623117179664724
7139,IFNGR2 (3460),2.8526338104907747e-05,True,-0.003019317868977563,0.003019317868977563
7140,MIB1 (57534),2.8521937464079235e-05,True,-0.0006121060222326571,0.0006121060222326571
7141,RDH10 (157506),2.8516868380112005e-05,True,-0.0014345065627458355,0.0014345065627458355
7142,RAB6B (51560),2.851212476806724e-05,True,0.0013759690317299317,0.0013759690317299317
7143,PIAS2 (9063),2.8493285518758833e-05,True,0.0014446834576129493,0.0014446834576129493
7144,PNCK (139728),2.848904055770595e-05,True,0.0003877085598618905,0.0003877085598618905
7145,DMWD (1762),2.8485901523556232e-05,True,0.0008746927855498266,0.0008746927855498266
7146,WDR77 (79084),2.848156990525427e-05,True,-0.0010967103738947401,0.0010967103738947401
7147,CSPG4 (1464),2.8458433449394125e-05,True,-0.002181182049823806,0.002181182049823806
7148,CHCHD5 (84269),2.8445754325498328e-05,True,-0.0007013575580285124,0.0007013575580285124
7149,CCDC92 (80212),2.8444604559367314e-05,True,-0.0006630550077255807,0.0006630550077255807
7150,PSMB1 (5689),2.8441906074026193e-05,True,8.80359204428814e-05,8.80359204428814e-05
7151,ZNF221 (7638),2.8440711722307265e-05,True,-0.0028598509511769043,0.0028598509511769043
7152,TRIM17 (51127),2.843332402938224e-05,True,0.0004997347143070435,0.0004997347143070435
7153,AK3 (50808),2.842997672614065e-05,True,-0.0018354746457238682,0.0018354746457238682
7154,LUM (4060),2.842378946359189e-05,True,-0.0021425211760088946,0.0021425211760088946
7155,AQP6 (363),2.839972500666726e-05,True,0.0014313051176629067,0.0014313051176629067
7156,C6orf120 (387263),2.8399436640682484e-05,True,-0.0009299896344040033,0.0009299896344040033
7157,UPK3BL1 (100134938),2.83955449206899e-05,True,0.0003898540470810344,0.0003898540470810344
7158,CAV3 (859),2.8391959247418717e-05,True,-0.001884380701505119,0.001884380701505119
7159,ADPGK (83440),2.8377429042504574e-05,True,-0.003838708474707117,0.003838708474707117
7160,S1PR4 (8698),2.8373056515564914e-05,True,0.0010327395748969787,0.0010327395748969787
7161,CDH13 (1012),2.8364336296010203e-05,True,0.00018060240474823447,0.00018060240474823447
7162,LKAAEAR1 (198437),2.835443157223575e-05,True,-0.0005737508043626255,0.0005737508043626255
7163,CD274 (29126),2.831017739821629e-05,True,-0.0006699348173231745,0.0006699348173231745
7164,G0S2 (50486),2.8284375067882045e-05,True,0.001190851730497238,0.001190851730497238
7165,MUSK (4593),2.8283978561132472e-05,True,0.0009793722958952582,0.0009793722958952582
7166,SOX21 (11166),2.828334264608026e-05,True,0.0017575051473170205,0.0017575051473170205
7167,GLRA2 (2742),2.8281715314115526e-05,True,0.001602208669968006,0.001602208669968006
7168,CALB2 (794),2.8270502259021745e-05,True,-0.0028704592318763928,0.0028704592318763928
7169,ZNF696 (79943),2.8264761312917055e-05,True,-0.0008599274715693839,0.0008599274715693839
7170,SHC2 (25759),2.8264115894283864e-05,True,-0.00047124831820410766,0.00047124831820410766
7171,MAGEF1 (64110),2.8262610335757924e-05,True,-0.0003133875605296785,0.0003133875605296785
7172,PDXDC1 (23042),2.8250816916745e-05,True,0.003166735181255281,0.003166735181255281
7173,ACTL7A (10881),2.8245325443981217e-05,True,-0.001484304726296366,0.001484304726296366
7174,GPBAR1 (151306),2.8242610114694946e-05,True,-0.00020390778066634138,0.00020390778066634138
7175,SLC25A2 (83884),2.8239378873292462e-05,True,-0.0014267580277141354,0.0014267580277141354
7176,NEK5 (341676),2.821483914877717e-05,True,0.001011878529201927,0.001011878529201927
7177,PNKD (25953),2.819777408946616e-05,True,0.0004337190322597235,0.0004337190322597235
7178,SYT11 (23208),2.819560933972875e-05,True,-0.0016882849600246266,0.0016882849600246266
7179,GXYLT2 (727936),2.815676752165504e-05,True,0.0016630191771663948,0.0016630191771663948
7180,COBL (23242),2.8154942813258263e-05,True,-0.00010631059031916538,0.00010631059031916538
7181,XRCC6 (2547),2.8151318255210734e-05,True,-0.0019174383143592865,0.0019174383143592865
7182,MCM8 (84515),2.8136220359047605e-05,True,-0.0009626551591595295,0.0009626551591595295
7183,TRIM23 (373),2.8134518328859263e-05,True,-0.003640512576719357,0.003640512576719357
7184,MPIG6B (80739),2.8106918108881944e-05,True,0.0011848360683454154,0.0011848360683454154
7185,NLRP4 (147945),2.8097398651252863e-05,True,0.001680107135511024,0.001680107135511024
7186,CFAP91 (89876),2.8097101452789294e-05,True,0.0014278298417872552,0.0014278298417872552
7187,OR2I1 (442197),2.8074836619277907e-05,True,0.0013802556329279253,0.0013802556329279253
7188,MAMSTR (284358),2.805895120556773e-05,True,-0.0005625990726168891,0.0005625990726168891
7189,SLBP (7884),2.805527391765607e-05,True,0.000720976487437224,0.000720976487437224
7190,MYOT (9499),2.804997775724987e-05,True,0.0003497215380274173,0.0003497215380274173
7191,RNF180 (285671),2.8046886490886773e-05,True,0.003227406841394728,0.003227406841394728
7192,DPF2 (5977),2.8031669452582348e-05,True,-0.0018885796906559756,0.0018885796906559756
7193,PPIP5K1 (9677),2.8030912464830674e-05,True,-0.002544268339395709,0.002544268339395709
7194,CDH20 (28316),2.8028637999040436e-05,True,0.003898818009324396,0.003898818009324396
7195,CHRM1 (1128),2.8019258423320416e-05,True,0.0039051508327225403,0.0039051508327225403
7196,GTF3C2 (2976),2.7986147891089402e-05,True,-0.0018696852565897246,0.0018696852565897246
7197,STRN4 (29888),2.797489218253778e-05,True,-0.0007081388200802792,0.0007081388200802792
7198,RDH16 (8608),2.7967674448114448e-05,True,-0.0008794303988031349,0.0008794303988031349
7199,FRRS1 (391059),2.7943665786712057e-05,True,0.0005072903083277193,0.0005072903083277193
7200,WFS1 (7466),2.7935904357059528e-05,True,-6.898678249336204e-05,6.898678249336204e-05
7201,ARMCX4 (100131755),2.7910180997845633e-05,True,-0.0012211691181850139,0.0012211691181850139
7202,TMCC1 (23023),2.7905952854216524e-05,True,0.0011719658222535925,0.0011719658222535925
7203,LIFR (3977),2.7900424372811608e-05,True,-0.0011924516287827023,0.0011924516287827023
7204,SLC20A1 (6574),2.7890517096301497e-05,True,-0.0036520815240262193,0.0036520815240262193
7205,TEDDM1 (127670),2.7881249976191788e-05,True,-0.001324785069907755,0.001324785069907755
7206,SLC12A3 (6559),2.787091479048758e-05,True,0.00025702763403421115,0.00025702763403421115
7207,RNF6 (6049),2.7850957619091862e-05,True,0.000352472159176049,0.000352472159176049
7208,SEPTIN3 (55964),2.785055303993409e-05,True,0.000657486092938571,0.000657486092938571
7209,TEX52 (101929469),2.7848726535739965e-05,True,0.0008252475815596663,0.0008252475815596663
7210,MED19 (219541),2.784087391518724e-05,True,-3.7130152005112075e-05,3.7130152005112075e-05
7211,IL1B (3553),2.783720717088555e-05,True,-0.0009772763069678524,0.0009772763069678524
7212,ASS1 (445),2.7829888472429875e-05,True,0.0018690754552994594,0.0018690754552994594
7213,CCNY (219771),2.782936716338813e-05,True,-0.0012709088843687781,0.0012709088843687781
7214,UBXN6 (80700),2.782471513297399e-05,True,-0.0003029816967780555,0.0003029816967780555
7215,NELFCD (51497),2.781922348908659e-05,True,-0.00018351735607846404,0.00018351735607846404
7216,IMP3 (55272),2.7788586987419746e-05,True,-0.0014097328946325437,0.0014097328946325437
7217,ZNF175 (7728),2.778515930601274e-05,True,-0.0005069673489585048,0.0005069673489585048
7218,ITIH3 (3699),2.7769927897173232e-05,True,-0.0004672285996742962,0.0004672285996742962
7219,WNT9A (7483),2.7755781511434483e-05,True,0.0022369736883686847,0.0022369736883686847
7220,MRPS25 (64432),2.7746813165795216e-05,True,0.0001475419836252424,0.0001475419836252424
7221,FOXL2NB (401089),2.7744110596362086e-05,True,0.001325274079463858,0.001325274079463858
7222,PRPF38A (84950),2.7739609933994136e-05,True,0.0017147845524134384,0.0017147845524134384
7223,MTMR3 (8897),2.7736837761512215e-05,True,0.002253652578191487,0.002253652578191487
7224,CCDC92B (101928991),2.7731581847256173e-05,True,-0.0001579717135775174,0.0001579717135775174
7225,RXFP3 (51289),2.7730991737158728e-05,True,0.0006991928097448573,0.0006991928097448573
7226,THEM5 (284486),2.772488284224488e-05,True,0.0004205167849237249,0.0004205167849237249
7227,ESR1 (2099),2.7715920743400697e-05,True,0.0013111214831889374,0.0013111214831889374
7228,RSL1D1 (26156),2.7710370058108977e-05,True,0.0014296452937853348,0.0014296452937853348
7229,ANKRD65 (441869),2.7706145525619935e-05,True,-0.005301524132785004,0.005301524132785004
7230,MEI1 (150365),2.7697003465326373e-05,True,0.0009733946805466883,0.0009733946805466883
7231,SLA2 (84174),2.7696392933197665e-05,True,0.0009988337828394376,0.0009988337828394376
7232,TMEM270 (135886),2.7690936695258844e-05,True,-0.0002630215204044665,0.0002630215204044665
7233,WIPI1 (55062),2.7687822982039472e-05,True,-0.0009104906269046958,0.0009104906269046958
7234,MIGA1 (374986),2.766608441676615e-05,True,0.002507492374988772,0.002507492374988772
7235,ANKRD54 (129138),2.7639747348556864e-05,True,-0.0005261608921346378,0.0005261608921346378
7236,ACAP3 (116983),2.7627245874134947e-05,True,-0.0002447128893670772,0.0002447128893670772
7237,ATP2A3 (489),2.7626044929804664e-05,True,0.0002722596562572682,0.0002722596562572682
7238,ONECUT2 (9480),2.76216750731362e-05,True,-0.0011671916405862504,0.0011671916405862504
7239,P2RY10 (27334),2.7607895534620776e-05,True,0.0005137499252996958,0.0005137499252996958
7240,GPR83 (10888),2.7592355838868628e-05,True,0.0010829189709001769,0.0010829189709001769
7241,SENP2 (59343),2.7582770125730766e-05,True,-0.0001880521408199878,0.0001880521408199878
7242,GNAI2 (2771),2.7573211400915262e-05,True,-0.0016186079480911084,0.0016186079480911084
7243,FANCB (2187),2.7568954168269475e-05,True,-2.1797758277191086e-05,2.1797758277191086e-05
7244,PDE6C (5146),2.7561750999708082e-05,True,0.003609465882087216,0.003609465882087216
7245,SLC35G5 (83650),2.7556691151445017e-05,True,0.000685346929245557,0.000685346929245557
7246,NAT14 (57106),2.755369051105593e-05,True,-0.001167241921083867,0.001167241921083867
7247,MIOX (55586),2.7552892582619663e-05,True,0.002831235389099908,0.002831235389099908
7248,ELANE (1991),2.7552597601041548e-05,True,0.00041875330315471586,0.00041875330315471586
7249,GLUD1 (2746),2.7550587342985715e-05,True,-0.0012663168634985454,0.0012663168634985454
7250,SELENOS (55829),2.7537959980315337e-05,True,0.000597568644369449,0.000597568644369449
7251,GATA6 (2627),2.753510619543835e-05,True,-0.00180567753808368,0.00180567753808368
7252,TMPRSS4 (56649),2.7534779565895575e-05,True,0.0005995919836109369,0.0005995919836109369
7253,SMC1B (27127),2.7530203250268144e-05,True,6.768909321552483e-05,6.768909321552483e-05
7254,TM4SF20 (79853),2.7527324208294088e-05,True,-0.0061260233548552255,0.0061260233548552255
7255,MED16 (10025),2.7508047012819444e-05,True,-0.0004749883022849307,0.0004749883022849307
7256,EEPD1 (80820),2.748562883449756e-05,True,-0.0009865185320565438,0.0009865185320565438
7257,PRSS41 (360226),2.748369927295805e-05,True,0.000344820676709651,0.000344820676709651
7258,FAM187B (148109),2.748211788515402e-05,True,0.003931217780349814,0.003931217780349814
7259,BBIP1 (92482),2.747588138298558e-05,True,-0.0014676301334494697,0.0014676301334494697
7260,SHPRH (257218),2.746966662638169e-05,True,0.002234858293704894,0.002234858293704894
7261,UMOD (7369),2.7461885104349117e-05,True,0.002236515423938279,0.002236515423938279
7262,ZNF266 (10781),2.745746206090327e-05,True,0.0020244150450653875,0.0020244150450653875
7263,OR52B2 (255725),2.7452004448545364e-05,True,0.0008325240114519863,0.0008325240114519863
7264,H2BC9 (8345),2.7448121496783624e-05,True,0.0008473209388011891,0.0008473209388011891
7265,NT5DC4 (284958),2.743822568452862e-05,True,0.002724951770975607,0.002724951770975607
7266,H3C7 (8968),2.7435900095628e-05,True,0.0014002931636864738,0.0014002931636864738
7267,TPD52L1 (7164),2.740814732078624e-05,True,0.0018215559531716344,0.0018215559531716344
7268,FYN (2534),2.7396758239993094e-05,True,-0.0013722314670979953,0.0013722314670979953
7269,CCNJL (79616),2.739321926200501e-05,True,-0.0007758230917460251,0.0007758230917460251
7270,TIFA (92610),2.736647285127991e-05,True,0.0006485318158186879,0.0006485318158186879
7271,CD19 (930),2.735460743731939e-05,True,0.0014270482336867338,0.0014270482336867338
7272,PHF3 (23469),2.7340385076925827e-05,True,0.0009839670684483866,0.0009839670684483866
7273,TMCO6 (55374),2.732387546355404e-05,True,-0.0005774853433159043,0.0005774853433159043
7274,DCBLD1 (285761),2.7309629353489664e-05,True,-0.0013544988041718244,0.0013544988041718244
7275,DOCK5 (80005),2.7308457706385878e-05,True,0.001284320754279827,0.001284320754279827
7276,ANOS1 (3730),2.7261023046874636e-05,True,-0.00106122569652172,0.00106122569652172
7277,JRKL (8690),2.725173777268931e-05,True,0.002158482655897746,0.002158482655897746
7278,FOXJ1 (2302),2.724605630199092e-05,True,0.004270369396311183,0.004270369396311183
7279,CENPC (1060),2.7226800106687247e-05,True,0.0022752645671278364,0.0022752645671278364
7280,STRC (161497),2.7222323131421836e-05,True,-0.0008468026378049697,0.0008468026378049697
7281,CHRD (8646),2.7217123140432808e-05,True,-0.001286258860499752,0.001286258860499752
7282,ACAP2 (23527),2.720705541364513e-05,True,0.0008834462003911906,0.0008834462003911906
7283,NMI (9111),2.7205300714163946e-05,True,-0.0008820798238801684,0.0008820798238801684
7284,FZR1 (51343),2.7201687890280378e-05,True,0.0002562398144126013,0.0002562398144126013
7285,TATDN1 (83940),2.719863557651234e-05,True,-0.000964585531908688,0.000964585531908688
7286,NYAP2 (57624),2.7185432461113298e-05,True,-0.002148239874562669,0.002148239874562669
7287,HOOK2 (29911),2.717651076058617e-05,True,-5.2467370000502944e-05,5.2467370000502944e-05
7288,ANGPTL5 (253935),2.717632438796826e-05,True,0.0015965280652065815,0.0015965280652065815
7289,GFAP (2670),2.7162882508464542e-05,True,-0.001668201737305142,0.001668201737305142
7290,LETMD1 (25875),2.715921900689849e-05,True,-0.0013416934197904317,0.0013416934197904317
7291,RBMXL1 (494115),2.715919198385105e-05,True,-0.00026003924816016483,0.00026003924816016483
7292,ZNF3 (7551),2.7157911390613448e-05,True,-0.0006974171037058533,0.0006974171037058533
7293,AMDHD1 (144193),2.7155193146098016e-05,True,-0.0016854832451753301,0.0016854832451753301
7294,SETMAR (6419),2.7140805330963338e-05,True,-0.0017443186822471216,0.0017443186822471216
7295,DOC2A (8448),2.713677031454538e-05,True,-9.157995124280355e-05,9.157995124280355e-05
7296,INSM2 (84684),2.7134235856600666e-05,True,-0.0004723592118894013,0.0004723592118894013
7297,TTLL13 (440307),2.713318268931075e-05,True,0.003606160361180024,0.003606160361180024
7298,PDP1 (54704),2.7126424952435475e-05,True,0.0012696009348989413,0.0012696009348989413
7299,SEMA3D (223117),2.7114352084505165e-05,True,-0.0002300757792778321,0.0002300757792778321
7300,MB (4151),2.71019968350456e-05,True,3.756435080653109e-05,3.756435080653109e-05
7301,TMEM69 (51249),2.7101364824380314e-05,True,0.000712457266528143,0.000712457266528143
7302,MT1G (4495),2.709100378860229e-05,True,-0.00047761292141328165,0.00047761292141328165
7303,BTAF1 (9044),2.708436384538801e-05,True,-0.00032283841554761985,0.00032283841554761985
7304,NUF2 (83540),2.7076977771097086e-05,True,-0.0005969174035620685,0.0005969174035620685
7305,EIF5A2 (56648),2.7062009061015755e-05,True,-2.3286201615575763e-05,2.3286201615575763e-05
7306,ARHGEF11 (9826),2.704585612872739e-05,True,0.00041357416783942475,0.00041357416783942475
7307,PAN3 (255967),2.7043529790648365e-05,True,0.0011323138033780987,0.0011323138033780987
7308,H3C2 (8358),2.7043499272498322e-05,True,0.0012068989015115194,0.0012068989015115194
7309,EMC6 (83460),2.7038988070765537e-05,True,0.0008047431303560954,0.0008047431303560954
7310,TMPRSS15 (5651),2.7034901607173007e-05,True,-0.0009741744067614994,0.0009741744067614994
7311,COLEC11 (78989),2.702852389150191e-05,True,-0.00012042162155522602,0.00012042162155522602
7312,FUT10 (84750),2.7011258128426395e-05,True,0.003193737249175844,0.003193737249175844
7313,USP38 (84640),2.700662712998514e-05,True,0.0003649632740200977,0.0003649632740200977
7314,ZBTB18 (10472),2.697533179768705e-05,True,-0.0011736293484390509,0.0011736293484390509
7315,WHAMM (123720),2.694390723320472e-05,True,0.002232029148036906,0.002232029148036906
7316,DENR (8562),2.6923955183064445e-05,True,-0.0006041922723350013,0.0006041922723350013
7317,NR6A1 (2649),2.6921507380148287e-05,True,-0.00023562473946666502,0.00023562473946666502
7318,QDPR (5860),2.6917343038059774e-05,True,-0.001748260980518417,0.001748260980518417
7319,GPT (2875),2.69137945503368e-05,True,-0.0010005808560527634,0.0010005808560527634
7320,LMX1B (4010),2.6902536498308152e-05,True,0.00041756400024706435,0.00041756400024706435
7321,VOPP1 (81552),2.6899356009202425e-05,True,-0.00036055296433649823,0.00036055296433649823
7322,GRIFIN (402635),2.6892386751714943e-05,True,0.0014198741710339455,0.0014198741710339455
7323,RPS8 (6202),2.689097562487038e-05,True,0.00046447145996497447,0.00046447145996497447
7324,SCO2 (9997),2.68885316120069e-05,True,-0.001514525696551903,0.001514525696551903
7325,ADAM32 (203102),2.688432240220633e-05,True,0.00012796239141168894,0.00012796239141168894
7326,C9orf50 (375759),2.688171916789233e-05,True,-0.0011219023412334913,0.0011219023412334913
7327,TRIM9 (114088),2.6864256323125433e-05,True,-8.228943692250158e-05,8.228943692250158e-05
7328,AGR3 (155465),2.6858682024536988e-05,True,-0.00037426072963127506,0.00037426072963127506
7329,SERPINB3 (6317),2.6855260995217632e-05,True,-0.0001318559885947902,0.0001318559885947902
7330,CHAMP1 (283489),2.683837111248061e-05,True,-0.0017773167300990376,0.0017773167300990376
7331,AACS (65985),2.683612971952922e-05,True,0.0006278020204990533,0.0006278020204990533
7332,IFT57 (55081),2.682260243488017e-05,True,-0.0008937582103909283,0.0008937582103909283
7333,PPIL4 (85313),2.679956674648827e-05,True,0.0023375202438518056,0.0023375202438518056
7334,ZMYM2 (7750),2.6796124397073167e-05,True,0.0009562860981895485,0.0009562860981895485
7335,TRIM3 (10612),2.6789938745185983e-05,True,0.00168424612762617,0.00168424612762617
7336,CEP170B (283638),2.6784564951554227e-05,True,-0.0014565796000256801,0.0014565796000256801
7337,ABRACL (58527),2.6778910971723915e-05,True,0.002436234008852912,0.002436234008852912
7338,TLE3 (7090),2.6776243034631322e-05,True,-0.002046702156960419,0.002046702156960419
7339,TBR1 (10716),2.677382422137576e-05,True,-0.0023577836333461854,0.0023577836333461854
7340,HLA-DOA (3111),2.6772640015985332e-05,True,-0.0020960917784637123,0.0020960917784637123
7341,NUP205 (23165),2.676545221817786e-05,True,0.0006775441733165707,0.0006775441733165707
7342,TNRC6B (23112),2.6756113558001746e-05,True,0.0010207754310965081,0.0010207754310965081
7343,PCDH17 (27253),2.6755340671394415e-05,True,-0.00018123502269475783,0.00018123502269475783
7344,LUC7L2 (51631),2.6750486361689996e-05,True,-0.0007679754338296995,0.0007679754338296995
7345,ECT2L (345930),2.6739766755300754e-05,True,0.002066202344450838,0.002066202344450838
7346,SLC22A5 (6584),2.6721517427352596e-05,True,-0.0017630731316256238,0.0017630731316256238
7347,CRLF3 (51379),2.6714611732553402e-05,True,0.0011787887534136369,0.0011787887534136369
7348,SETD1A (9739),2.669784881458713e-05,True,0.00024355763739835603,0.00024355763739835603
7349,PANK1 (53354),2.668166870791429e-05,True,-0.00023385224120500464,0.00023385224120500464
7350,HOXC12 (3228),2.668121261206361e-05,True,-0.0012771381908627038,0.0012771381908627038
7351,TBC1D8 (11138),2.6678226226438757e-05,True,0.0002587926943892892,0.0002587926943892892
7352,HOXB7 (3217),2.6677008915514396e-05,True,0.0004863082786202808,0.0004863082786202808
7353,TNNI3 (7137),2.6669109794376016e-05,True,-0.0012262719514660575,0.0012262719514660575
7354,MYPOP (339344),2.6664858415472064e-05,True,-0.00030670671888599664,0.00030670671888599664
7355,NKAIN3 (286183),2.6644730609454844e-05,True,0.002854642946591845,0.002854642946591845
7356,ZHX3 (23051),2.6644183969817632e-05,True,0.0036220508783017724,0.0036220508783017724
7357,KDELR3 (11015),2.6638497956128058e-05,True,-0.0007421004599019569,0.0007421004599019569
7358,CXCR4 (7852),2.6636066481829943e-05,True,0.002623705802052117,0.002623705802052117
7359,SP2 (6668),2.661916555287991e-05,True,0.002433590819338869,0.002433590819338869
7360,SOSTDC1 (25928),2.661401292507137e-05,True,-0.0004117515327291103,0.0004117515327291103
7361,CDCA3 (83461),2.660203156688062e-05,True,0.0020654842188090787,0.0020654842188090787
7362,TAF4 (6874),2.6598945472505444e-05,True,0.000474380430887684,0.000474380430887684
7363,TULP4 (56995),2.6580893916318432e-05,True,0.0015825982429563015,0.0015825982429563015
7364,APBB1IP (54518),2.657272246524045e-05,True,0.0013616425328587946,0.0013616425328587946
7365,ABHD10 (55347),2.655153444251363e-05,True,-0.0016313802359978822,0.0016313802359978822
7366,HOXA10 (3206),2.654670709728682e-05,True,0.0007401013896839378,0.0007401013896839378
7367,UBE2F (140739),2.6529192934197752e-05,True,0.001790641924714841,0.001790641924714841
7368,FAM90A20 (728430),2.6520407060287425e-05,True,0.0026501556610498836,0.0026501556610498836
7369,CALHM6 (441168),2.6517497383435498e-05,True,-0.0030889374693000285,0.0030889374693000285
7370,OR2A42 (402317),2.6512302517334665e-05,True,0.00029372944234029,0.00029372944234029
7371,SMIM20 (389203),2.6505109762905275e-05,True,0.0035106528167056523,0.0035106528167056523
7372,EXOC7 (23265),2.6497145035275792e-05,True,0.001966506136586612,0.001966506136586612
7373,HBD (3045),2.6486975924754956e-05,True,0.00025892041800537906,0.00025892041800537906
7374,SMAD6 (4091),2.64816642921701e-05,True,-0.00124587966458157,0.00124587966458157
7375,SLU7 (10569),2.647016110355746e-05,True,-0.0015966766272396248,0.0015966766272396248
7376,CCDC122 (160857),2.6454397398233903e-05,True,-0.0002761970963197891,0.0002761970963197891
7377,DDIAS (220042),2.6446814112816207e-05,True,0.0017668730320532606,0.0017668730320532606
7378,FERRY3 (57102),2.6435807262370916e-05,True,0.0031330862190839647,0.0031330862190839647
7379,ARHGEF28 (64283),2.6425660934600844e-05,True,0.002258973728290448,0.002258973728290448
7380,TAS2R5 (54429),2.6424784416295932e-05,True,-0.0012095364996851088,0.0012095364996851088
7381,ZNHIT1 (10467),2.642090881987535e-05,True,0.0010648643740684336,0.0010648643740684336
7382,DNM3 (26052),2.6415604456156488e-05,True,0.0009049942474139216,0.0009049942474139216
7383,SENP7 (57337),2.640887087857184e-05,True,0.00010354807575665699,0.00010354807575665699
7384,UQCRC2 (7385),2.6382755631510053e-05,True,-0.0017610291673494185,0.0017610291673494185
7385,SLC4A5 (57835),2.6364875637705143e-05,True,8.504456709605929e-05,8.504456709605929e-05
7386,FAM89B (23625),2.6361413971258213e-05,True,-0.0008094692048650405,0.0008094692048650405
7387,S100A7 (6278),2.635627064901239e-05,True,-0.0010971684150072672,0.0010971684150072672
7388,PDE4A (5141),2.6353015085457247e-05,True,-0.00011868981485019334,0.00011868981485019334
7389,ONECUT1 (3175),2.634072235933512e-05,True,0.0010636205610124105,0.0010636205610124105
7390,ITIH1 (3697),2.633471565628586e-05,True,8.331057573393092e-05,8.331057573393092e-05
7391,SLC25A18 (83733),2.632856787216122e-05,True,0.0007493919475024509,0.0007493919475024509
7392,TRAPPC1 (58485),2.6318020756835623e-05,True,-0.000922457848937997,0.000922457848937997
7393,KIRREL3 (84623),2.6314850369012232e-05,True,-0.0005393355503811649,0.0005393355503811649
7394,ZNF326 (284695),2.629491082707338e-05,True,-0.0003278587864874705,0.0003278587864874705
7395,NUDT4 (11163),2.6276588099036108e-05,True,-0.0021424719951473772,0.0021424719951473772
7396,MSLN (10232),2.6273307781834938e-05,True,0.0034348112532272277,0.0034348112532272277
7397,CHST9 (83539),2.6272817476106595e-05,True,0.0011670139776409462,0.0011670139776409462
7398,SRPX2 (27286),2.62702661541949e-05,True,0.0013989936559766717,0.0013989936559766717
7399,RNASEL (6041),2.6254976021088165e-05,True,-0.0003987277360078637,0.0003987277360078637
7400,ARCN1 (372),2.6253116751734227e-05,True,0.0013331087250798455,0.0013331087250798455
7401,IRAK4 (51135),2.6250443472142924e-05,True,-0.0002269162815664601,0.0002269162815664601
7402,MGARP (84709),2.6250081996161628e-05,True,0.0029604502749191715,0.0029604502749191715
7403,SLC4A2 (6522),2.6218044710073157e-05,True,-5.520457365636644e-06,5.520457365636644e-06
7404,PDCD4 (27250),2.6215551186343873e-05,True,-0.001755128113237196,0.001755128113237196
7405,SPC24 (147841),2.6214220917235694e-05,True,-0.00030345475563529206,0.00030345475563529206
7406,C14orf39 (317761),2.6213378756237004e-05,True,-0.001098872538938338,0.001098872538938338
7407,NOA1 (84273),2.6209817000827413e-05,True,-0.0006947717909814675,0.0006947717909814675
7408,TCERG1 (10915),2.6205937987378643e-05,True,4.564021443770284e-05,4.564021443770284e-05
7409,ORMDL1 (94101),2.6197237287693766e-05,True,0.0009203834034863785,0.0009203834034863785
7410,GLRX3 (10539),2.6196933583104904e-05,True,-0.0019149340597932642,0.0019149340597932642
7411,EPSTI1 (94240),2.619448301070612e-05,True,0.0025448746429523545,0.0025448746429523545
7412,A1CF (29974),2.6173758512277817e-05,True,-0.0001378243890920156,0.0001378243890920156
7413,CHSY3 (337876),2.61688746331265e-05,True,0.0005791086614289009,0.0005791086614289009
7414,NDEL1 (81565),2.6167423321217193e-05,True,0.0017296310058279565,0.0017296310058279565
7415,SHC4 (399694),2.6165342834137663e-05,True,-0.0011557285273489162,0.0011557285273489162
7416,CFAP69 (79846),2.616220606762556e-05,True,0.002052940184066034,0.002052940184066034
7417,ST6GALNAC3 (256435),2.6157986996841218e-05,True,-0.0016466036703627457,0.0016466036703627457
7418,VPS9D1 (9605),2.6129703642628237e-05,True,-0.0003519058172564023,0.0003519058172564023
7419,CDH11 (1009),2.6097451052846306e-05,True,0.0012151724909805857,0.0012151724909805857
7420,SMIM45 (339674),2.6086162723149988e-05,True,0.001276797226662291,0.001276797226662291
7421,ATP12A (479),2.608550539311007e-05,True,-0.0013203898903107433,0.0013203898903107433
7422,NECAP2 (55707),2.6084005866277055e-05,True,0.0007175060106734097,0.0007175060106734097
7423,HEYL (26508),2.6083598164368824e-05,True,0.0011692907890818876,0.0011692907890818876
7424,PSMG4 (389362),2.6068846933306417e-05,True,-0.000704032539386328,0.000704032539386328
7425,OR51I2 (390064),2.6065995567674438e-05,True,-0.0021538135892743442,0.0021538135892743442
7426,DDAH2 (23564),2.6065782014199218e-05,True,-0.002229535833313316,0.002229535833313316
7427,PRSS51 (346702),2.6064407612264217e-05,True,7.58156573663911e-05,7.58156573663911e-05
7428,SMIM13 (221710),2.6050790863438506e-05,True,-0.0013863038186577175,0.0013863038186577175
7429,AP2A1 (160),2.6042792127944664e-05,True,0.0010484123101590981,0.0010484123101590981
7430,MYLK4 (340156),2.6032013689231224e-05,True,0.0004374271364577122,0.0004374271364577122
7431,PIK3C3 (5289),2.6031345615315882e-05,True,-0.001004775732087466,0.001004775732087466
7432,C2CD2 (25966),2.6028507567131353e-05,True,-0.0007299340846974988,0.0007299340846974988
7433,IER2 (9592),2.6004077580098535e-05,True,0.00015164896864826977,0.00015164896864826977
7434,UHRF1 (29128),2.5991969659506412e-05,True,-0.0013512919443469593,0.0013512919443469593
7435,TMEM229B (161145),2.5989910259701197e-05,True,-0.0017007936053454113,0.0017007936053454113
7436,SLC35D1 (23169),2.5983776498194775e-05,True,-0.0004963248878241856,0.0004963248878241856
7437,ZNF43 (7594),2.597820833284149e-05,True,0.0003361194447590206,0.0003361194447590206
7438,QKI (9444),2.595962477547398e-05,True,0.0005381009460649791,0.0005381009460649791
7439,MED17 (9440),2.5957648681955616e-05,True,0.0010616043152055583,0.0010616043152055583
7440,PWWP3A (84939),2.5948035138878602e-05,True,-0.0005254230395574351,0.0005254230395574351
7441,JAG2 (3714),2.5938408400628414e-05,True,-0.0005697196930361853,0.0005697196930361853
7442,RTBDN (83546),2.5938130207495913e-05,True,0.0005217420236204833,0.0005217420236204833
7443,RNASEK (440400),2.593478016444685e-05,True,0.0011899649950367192,0.0011899649950367192
7444,KLK13 (26085),2.5932949917022068e-05,True,0.002429546995444218,0.002429546995444218
7445,CSNK1A1 (1452),2.5916883918352816e-05,True,-0.0004447229644845913,0.0004447229644845913
7446,CLCNKA (1187),2.5913398997637922e-05,True,0.0008242422010060588,0.0008242422010060588
7447,SCT (6343),2.59083461767247e-05,True,-0.0005106924716094563,0.0005106924716094563
7448,MAX (4149),2.5902103552317912e-05,True,-0.0011585732799877428,0.0011585732799877428
7449,C1GALT1C1 (29071),2.589236838383308e-05,True,-0.0005151849219600979,0.0005151849219600979
7450,MEIOSIN (388553),2.588664267502647e-05,True,-0.0004777883581088269,0.0004777883581088269
7451,TLCD1 (116238),2.5863068252911833e-05,True,0.0013045561350025934,0.0013045561350025934
7452,SP100 (6672),2.585205630977544e-05,True,-0.0004386769830354363,0.0004386769830354363
7453,WDR73 (84942),2.5849646103187197e-05,True,-0.0009489418891717058,0.0009489418891717058
7454,PRKAB1 (5564),2.584341281256476e-05,True,0.001439114461961861,0.001439114461961861
7455,TCP1 (6950),2.583424713969945e-05,True,-0.000294190186002595,0.000294190186002595
7456,PRRX1 (5396),2.5826928517884172e-05,True,-0.0003057364603170415,0.0003057364603170415
7457,TFF1 (7031),2.582207899418859e-05,True,-0.00057457254914531,0.00057457254914531
7458,PCSK4 (54760),2.5811830617876326e-05,True,0.0005484080277099134,0.0005484080277099134
7459,DOC2B (8447),2.581133466616534e-05,True,-0.0004779922880786873,0.0004779922880786873
7460,RAB11A (8766),2.5805021766384476e-05,True,-0.000569568766405128,0.000569568766405128
7461,EDDM13 (100506374),2.579416444764991e-05,True,0.0020532445549354137,0.0020532445549354137
7462,RBM26 (64062),2.5750868386269833e-05,True,-0.0007645277780218895,0.0007645277780218895
7463,RGPD3 (653489),2.575078224078948e-05,True,-0.0011093946017057632,0.0011093946017057632
7464,H2AC16 (8332),2.5748500950470997e-05,True,-0.0017086053908368917,0.0017086053908368917
7465,RMND1 (55005),2.5741630561675658e-05,True,-0.0010737001561286277,0.0010737001561286277
7466,KRI1 (65095),2.572346121038165e-05,True,0.0004094705555342474,0.0004094705555342474
7467,MARCO (8685),2.5721107701562634e-05,True,-0.00013162712745410352,0.00013162712745410352
7468,PTPRU (10076),2.5708950516907274e-05,True,-0.00020668019444637512,0.00020668019444637512
7469,SLC35B2 (347734),2.5707581922188028e-05,True,0.0005359540325419168,0.0005359540325419168
7470,KCNT2 (343450),2.5704388875013655e-05,True,-0.0024851659619899544,0.0024851659619899544
7471,FBXL22 (283807),2.5684021576971665e-05,True,0.0023008512455512274,0.0023008512455512274
7472,BBX (56987),2.5682171651855523e-05,True,0.0011808103533943073,0.0011808103533943073
7473,PIK3CB (5291),2.5664469937632377e-05,True,0.0020745165931290374,0.0020745165931290374
7474,ARMCX6 (54470),2.5661972190849946e-05,True,0.0016229126658027211,0.0016229126658027211
7475,CHKB (1120),2.5630707725423784e-05,True,-0.0008921825355517222,0.0008921825355517222
7476,C15orf40 (123207),2.5596945261535e-05,True,-0.0010464814034556143,0.0010464814034556143
7477,HERC6 (55008),2.559260337072022e-05,True,0.0005550490433549817,0.0005550490433549817
7478,TMEM198 (130612),2.5590300113904008e-05,True,-0.0015452379270710186,0.0015452379270710186
7479,SCCPDH (51097),2.558486233496659e-05,True,-0.005539919707533035,0.005539919707533035
7480,ALOX12B (242),2.5581659407641427e-05,True,-0.0006903533152251186,0.0006903533152251186
7481,ASB18 (401036),2.557284942783941e-05,True,0.00012715499572746775,0.00012715499572746775
7482,PSMB3 (5691),2.5569365717486458e-05,True,0.0005007487682150695,0.0005007487682150695
7483,EPHA10 (284656),2.5564287825610125e-05,True,0.0009340811387434156,0.0009340811387434156
7484,NAPSA (9476),2.5559553886441446e-05,True,-0.0002785350185461758,0.0002785350185461758
7485,LY9 (4063),2.5554719310640558e-05,True,0.000311941695249838,0.000311941695249838
7486,UBQLN2 (29978),2.5548424841356248e-05,True,0.003233704343275465,0.003233704343275465
7487,UBE2R2 (54926),2.5537571187295497e-05,True,-0.003133783999246848,0.003133783999246848
7488,KRT8 (3856),2.5529114199231542e-05,True,-0.0008983501172542497,0.0008983501172542497
7489,EML5 (161436),2.552192633353144e-05,True,0.0012410512886548816,0.0012410512886548816
7490,MEN1 (4221),2.5516309027760312e-05,True,0.0011404893489044593,0.0011404893489044593
7491,ABCA13 (154664),2.5515560546276746e-05,True,-0.0030092780428929754,0.0030092780428929754
7492,ZFAND4 (93550),2.550948022950018e-05,True,-0.0013187099042887905,0.0013187099042887905
7493,UGGT1 (56886),2.5508202313232072e-05,True,0.0005390605728559333,0.0005390605728559333
7494,ANKDD1B (728780),2.5506726998142072e-05,True,0.0002828003184276583,0.0002828003184276583
7495,DLK1 (8788),2.5505555204001667e-05,True,0.0003352347431126825,0.0003352347431126825
7496,COG7 (91949),2.5504637050419417e-05,True,0.00011494348090145543,0.00011494348090145543
7497,KSR1 (8844),2.549995509545794e-05,True,-0.0010372646176460359,0.0010372646176460359
7498,PHKG2 (5261),2.549709368594336e-05,True,0.0011759074102950177,0.0011759074102950177
7499,EXOC6B (23233),2.548995624235562e-05,True,-0.0027623926559201583,0.0027623926559201583
7500,TMEM200C (645369),2.5488059503491724e-05,True,0.00047452198447585825,0.00047452198447585825
7501,RBM23 (55147),2.5480540510945135e-05,True,0.0014279701672991565,0.0014279701672991565
7502,AHSG (197),2.5475620231832415e-05,True,-0.0015152963068774902,0.0015152963068774902
7503,C14orf93 (60686),2.546452882498267e-05,True,-0.003139568347699191,0.003139568347699191
7504,SMIM34 (388820),2.5458208577707944e-05,True,-0.000379627379395731,0.000379627379395731
7505,UNC119B (84747),2.5450456041401997e-05,True,-0.0006168836075083506,0.0006168836075083506
7506,FANCI (55215),2.5437085112036848e-05,True,-0.0011770820325248375,0.0011770820325248375
7507,PSAP (5660),2.5408396290822757e-05,True,-0.0037614467715846416,0.0037614467715846416
7508,ARFGAP3 (26286),2.539510231738957e-05,True,-0.0015513521686374195,0.0015513521686374195
7509,OR2T8 (343172),2.5357475578821825e-05,True,0.004165326336298559,0.004165326336298559
7510,RPL4 (6124),2.533567246115857e-05,True,-0.00134287890903852,0.00134287890903852
7511,TNFSF14 (8740),2.533493465264158e-05,True,-0.0005436163622824653,0.0005436163622824653
7512,OR13G1 (441933),2.5321727022403038e-05,True,0.004000886988355125,0.004000886988355125
7513,IL36B (27177),2.531739426827118e-05,True,0.0016646465526481827,0.0016646465526481827
7514,LAT2 (7462),2.5308506255161018e-05,True,-0.0011216656749514953,0.0011216656749514953
7515,PFDN1 (5201),2.5303361146821556e-05,True,-0.0006435241824034445,0.0006435241824034445
7516,TMEM106C (79022),2.529859678330331e-05,True,0.0006763150436577517,0.0006763150436577517
7517,RET (5979),2.528983370375718e-05,True,0.0011094327136379257,0.0011094327136379257
7518,ZBTB44 (29068),2.5281512169381095e-05,True,0.0041174419779472105,0.0041174419779472105
7519,INO80 (54617),2.5276491614389446e-05,True,-0.001382169652141262,0.001382169652141262
7520,ATP6V1C1 (528),2.5260726264766678e-05,True,0.00011173483039815936,0.00011173483039815936
7521,EOLA1 (91966),2.5255481455170305e-05,True,0.002209939149245008,0.002209939149245008
7522,PFN4 (375189),2.5228998087712935e-05,True,-6.412118689470706e-05,6.412118689470706e-05
7523,CCDC160 (347475),2.522728808847196e-05,True,-0.0006017575860770974,0.0006017575860770974
7524,WDR20 (91833),2.5219735636568093e-05,True,0.0003481822848823565,0.0003481822848823565
7525,NHERF4 (79849),2.5217626949342118e-05,True,0.0002079203044649115,0.0002079203044649115
7526,NME4 (4833),2.5205298742070154e-05,True,-0.003366809374383638,0.003366809374383638
7527,CIAO2B (51647),2.520357001260533e-05,True,-0.0006721746935912114,0.0006721746935912114
7528,PPM1B (5495),2.5202618782471433e-05,True,0.00011026678146849628,0.00011026678146849628
7529,TSNARE1 (203062),2.519076276299347e-05,True,-0.00045382398283219606,0.00045382398283219606
7530,GSTP1 (2950),2.5183385061376166e-05,True,-0.0004423166914736239,0.0004423166914736239
7531,RALB (5899),2.5180211057951802e-05,True,-0.0007653602068161688,0.0007653602068161688
7532,AP3B1 (8546),2.5149665062152054e-05,True,-0.0034403611016802457,0.0034403611016802457
7533,NEURL1B (54492),2.5148513195265272e-05,True,0.00021684612400612018,0.00021684612400612018
7534,MBTD1 (54799),2.5147975334014814e-05,True,3.263386830364059e-06,3.263386830364059e-06
7535,RTN2 (6253),2.5145224055302334e-05,True,-0.003904060069987866,0.003904060069987866
7536,GUCY1A2 (2977),2.5135480009072996e-05,True,-0.0020705801042147686,0.0020705801042147686
7537,CALD1 (800),2.5133615535920816e-05,True,0.0004902741146150301,0.0004902741146150301
7538,SIGIRR (59307),2.513161245446212e-05,True,-0.00016365945919496637,0.00016365945919496637
7539,MRPL1 (65008),2.5128971625446377e-05,True,0.0011403544721665824,0.0011403544721665824
7540,VDAC3 (7419),2.5125851739638682e-05,True,-0.001220634205942967,0.001220634205942967
7541,NUDT5 (11164),2.5123502572865716e-05,True,-0.002211053351948505,0.002211053351948505
7542,KRCC1 (51315),2.5096783829970763e-05,True,-0.0006558836290037567,0.0006558836290037567
7543,RPL23 (9349),2.509533589987777e-05,True,0.0013022744421905123,0.0013022744421905123
7544,CIT (11113),2.5092827672310168e-05,True,-0.0002412384335876588,0.0002412384335876588
7545,FARSB (10056),2.5078698366530813e-05,True,0.000892905913790393,0.000892905913790393
7546,H2AC6 (8334),2.5069532562879772e-05,True,0.001902076029361817,0.001902076029361817
7547,PTCHD4 (442213),2.506804789844593e-05,True,-0.0039660586088235625,0.0039660586088235625
7548,MYL12A (10627),2.5060800034577415e-05,True,-0.0011896733189487125,0.0011896733189487125
7549,IK (3550),2.5051905876866403e-05,True,-0.00036491484908338426,0.00036491484908338426
7550,SLC34A3 (142680),2.5028113540851463e-05,True,0.0006384153257858127,0.0006384153257858127
7551,NDST3 (9348),2.5024792463851925e-05,True,0.0005186117571818261,0.0005186117571818261
7552,MRPS12 (6183),2.50218264950019e-05,True,0.00032336303659119813,0.00032336303659119813
7553,WSB2 (55884),2.5016898648066557e-05,True,-0.000898204238467385,0.000898204238467385
7554,CCDC13 (152206),2.5011556850160843e-05,True,-5.430195267965216e-05,5.430195267965216e-05
7555,DTX3 (196403),2.5010029545265173e-05,True,-0.002148411550156574,0.002148411550156574
7556,TOPORS (10210),2.5003632776079718e-05,True,-0.0008776898823148089,0.0008776898823148089
7557,NBEA (26960),2.49971814298272e-05,True,-0.002408041782471125,0.002408041782471125
7558,TDRD12 (91646),2.4991742568585718e-05,True,-0.002034408226540289,0.002034408226540289
7559,SYAP1 (94056),2.4952324146495846e-05,True,0.0013750237683291303,0.0013750237683291303
7560,ANKRD30B (374860),2.493780764102535e-05,True,0.0034731587485437917,0.0034731587485437917
7561,ZNF548 (147694),2.4936888386324882e-05,True,-0.0015714907048749397,0.0015714907048749397
7562,AOC3 (8639),2.493270047809029e-05,True,0.0012778056983668742,0.0012778056983668742
7563,FRS3 (10817),2.4918350354010273e-05,True,0.0019516430500972697,0.0019516430500972697
7564,MOB3B (79817),2.4914607687036338e-05,True,-0.0022879926231579037,0.0022879926231579037
7565,FAM120A (23196),2.4911935556744335e-05,True,0.0005404486171076989,0.0005404486171076989
7566,PRMT9 (90826),2.4909013013005002e-05,True,-0.0009345390219501234,0.0009345390219501234
7567,REELD1 (345051),2.4908445694103097e-05,True,0.0027488500620309496,0.0027488500620309496
7568,MFSD13A (79847),2.4906750848813627e-05,True,-0.0032076771261174827,0.0032076771261174827
7569,C6orf118 (168090),2.489984315039619e-05,True,0.00048210811116265257,0.00048210811116265257
7570,ZMYM6 (9204),2.4896741761072392e-05,True,4.310420326499292e-05,4.310420326499292e-05
7571,PRKAA1 (5562),2.4893326676254834e-05,True,0.0007918076227843805,0.0007918076227843805
7572,CNTN6 (27255),2.4891687758124607e-05,True,-0.0002678497847404352,0.0002678497847404352
7573,HMX1 (3166),2.4888657265069677e-05,True,-0.0011764691016914798,0.0011764691016914798
7574,MASP1 (5648),2.488614238996521e-05,True,0.0009508224276367258,0.0009508224276367258
7575,ANXA3 (306),2.4885580095378766e-05,True,0.0007328654227798615,0.0007328654227798615
7576,STAT4 (6775),2.4885009286018982e-05,True,-0.003376095875052153,0.003376095875052153
7577,ANTXR1 (84168),2.4867385756260893e-05,True,-0.0005338920591980343,0.0005338920591980343
7578,CADPS (8618),2.4843302793048145e-05,True,0.000685409838255141,0.000685409838255141
7579,ARHGEF37 (389337),2.4835606385577932e-05,True,-0.0008085393511293336,0.0008085393511293336
7580,NOL6 (65083),2.4822504849788392e-05,True,-0.0014673617319780562,0.0014673617319780562
7581,EMX1 (2016),2.480892797464762e-05,True,-0.00025850905834210326,0.00025850905834210326
7582,TRIM67 (440730),2.480250732332387e-05,True,-0.00036400224062289193,0.00036400224062289193
7583,DCAF1 (9730),2.4790355590528182e-05,True,-0.0005607718319214899,0.0005607718319214899
7584,SETBP1 (26040),2.4764053874721286e-05,True,0.0006760236430105155,0.0006760236430105155
7585,PLIN1 (5346),2.4758385468891973e-05,True,-0.0032829611766084076,0.0032829611766084076
7586,IQCH (64799),2.474446668402536e-05,True,0.0003833483412334246,0.0003833483412334246
7587,LRIF1 (55791),2.4743829414089395e-05,True,0.00046900023968511487,0.00046900023968511487
7588,COQ6 (51004),2.473923072222399e-05,True,0.0011697053160487194,0.0011697053160487194
7589,RAB8B (51762),2.4735461055810154e-05,True,-0.001090756017948077,0.001090756017948077
7590,SCAND1 (51282),2.4731432435265697e-05,True,0.00020233764736241533,0.00020233764736241533
7591,VBP1 (7411),2.4727025227045258e-05,True,0.00048803473877321105,0.00048803473877321105
7592,CDC14A (8556),2.4704016800586946e-05,True,-0.0024432796641686953,0.0024432796641686953
7593,TRPV6 (55503),2.4689788282296016e-05,True,-0.002277780796738433,0.002277780796738433
7594,DCTN5 (84516),2.4689778799508827e-05,True,0.0011798289657278726,0.0011798289657278726
7595,TMEM241 (85019),2.4651592095399455e-05,True,0.00048499103029241673,0.00048499103029241673
7596,AKAP17A (8227),2.4642502842515574e-05,True,0.00010437561079688874,0.00010437561079688874
7597,TRMT6 (51605),2.463338692090365e-05,True,-0.002559908725371802,0.002559908725371802
7598,PPM1D (8493),2.4620522956877467e-05,True,-6.823559363580505e-05,6.823559363580505e-05
7599,ELAVL3 (1995),2.4618921220981683e-05,True,7.396719688868101e-05,7.396719688868101e-05
7600,TRABD (80305),2.4598085592598487e-05,True,-0.00022913051250228358,0.00022913051250228358
7601,IQCG (84223),2.459167781403411e-05,True,-0.0005469199550924954,0.0005469199550924954
7602,IMPDH1 (3614),2.458724332979516e-05,True,0.00029188143315880604,0.00029188143315880604
7603,PRPF39 (55015),2.4581844853137354e-05,True,-0.0012268180347008687,0.0012268180347008687
7604,SSPN (8082),2.4573205894771386e-05,True,0.00010270604473929358,0.00010270604473929358
7605,SYT3 (84258),2.4568502878616203e-05,True,-0.0022966802463390127,0.0022966802463390127
7606,PNMA2 (10687),2.4565273503536218e-05,True,0.00023326347710534898,0.00023326347710534898
7607,SRSF7 (6432),2.4563074817756843e-05,True,-0.0014046447196441627,0.0014046447196441627
7608,LRRC59 (55379),2.453838122960929e-05,True,0.0005520440881255839,0.0005520440881255839
7609,HRH4 (59340),2.4534425152434104e-05,True,-9.04019246548652e-05,9.04019246548652e-05
7610,ADAM17 (6868),2.452958679981068e-05,True,0.00010764045026530794,0.00010764045026530794
7611,ERCC3 (2071),2.452288587168573e-05,True,-0.0013593330818925634,0.0013593330818925634
7612,ADGRL1 (22859),2.451914478151016e-05,True,-0.00017294799603430203,0.00017294799603430203
7613,DIAPH1 (1729),2.451776366315125e-05,True,0.0005201478098102402,0.0005201478098102402
7614,SYNPO (11346),2.4514948448898283e-05,True,0.0006807109300203314,0.0006807109300203314
7615,SORBS1 (10580),2.450970153341203e-05,True,0.0017158134882574775,0.0017158134882574775
7616,IDH3G (3421),2.4508103906027933e-05,True,-0.0012628368474127665,0.0012628368474127665
7617,ZNF835 (90485),2.450431413537902e-05,True,-0.0023693479444778353,0.0023693479444778353
7618,RAB8A (4218),2.4501552631345062e-05,True,-0.0012359713823635455,0.0012359713823635455
7619,NSMCE3 (56160),2.4500393458698727e-05,True,-9.048047798180712e-05,9.048047798180712e-05
7620,CDH19 (28513),2.448891735721376e-05,True,-0.0009714582577270278,0.0009714582577270278
7621,RAP1GAP2 (23108),2.448106099787178e-05,True,0.0003652517424254212,0.0003652517424254212
7622,CCNDBP1 (23582),2.4480599279454002e-05,True,0.0004588003548577519,0.0004588003548577519
7623,RGS7 (6000),2.4476239027815913e-05,True,0.002938655147044016,0.002938655147044016
7624,CSNK1G1 (53944),2.4473356908429712e-05,True,0.00047710396173499805,0.00047710396173499805
7625,ADO (84890),2.446932498494459e-05,True,0.0019242921266204025,0.0019242921266204025
7626,ABLIM1 (3983),2.4449442792349542e-05,True,0.003672070296561464,0.003672070296561464
7627,DHH (50846),2.444597467482943e-05,True,-0.0001339153089163777,0.0001339153089163777
7628,ZNF117 (51351),2.444234077295175e-05,True,0.0005456249867800366,0.0005456249867800366
7629,MARCKSL1 (65108),2.443102617605492e-05,True,-0.0010950665070634021,0.0010950665070634021
7630,LAD1 (3898),2.44308834006903e-05,True,-0.001264438537662136,0.001264438537662136
7631,SWAP70 (23075),2.4430255968638363e-05,True,0.00019938525383791385,0.00019938525383791385
7632,SERPINA7 (6906),2.442973567827945e-05,True,-0.0008875016667205511,0.0008875016667205511
7633,MACROD1 (28992),2.4426638759257652e-05,True,-8.557425619325616e-05,8.557425619325616e-05
7634,MACIR (90355),2.440994679978366e-05,True,-5.871981343428048e-05,5.871981343428048e-05
7635,PTPRZ1 (5803),2.4406841612611704e-05,True,0.0005574893805917638,0.0005574893805917638
7636,ZNF420 (147923),2.4400697140044623e-05,True,-0.002774107707526995,0.002774107707526995
7637,FOXD4L5 (653427),2.440023941598944e-05,True,-0.0022179252916305113,0.0022179252916305113
7638,CDC42SE2 (56990),2.4392062236674344e-05,True,-0.0018213032972518863,0.0018213032972518863
7639,CHIT1 (1118),2.436172842750625e-05,True,-0.0005713251860441635,0.0005713251860441635
7640,CTSZ (1522),2.4322990858913784e-05,True,-0.002162516066156433,0.002162516066156433
7641,MRPS27 (23107),2.432043207537044e-05,True,-0.002857265543761683,0.002857265543761683
7642,TNFAIP8L2 (79626),2.432003168936433e-05,True,0.0024110070461987785,0.0024110070461987785
7643,RAB28 (9364),2.431681407749482e-05,True,0.0011241956998107806,0.0011241956998107806
7644,IFT74 (80173),2.431289058213823e-05,True,-0.00016574770040222726,0.00016574770040222726
7645,VSIR (64115),2.4304774673114634e-05,True,0.0002794959956317999,0.0002794959956317999
7646,ASPG (374569),2.4300047952265793e-05,True,0.001289872351077592,0.001289872351077592
7647,ASB3 (51130),2.4287837159891126e-05,True,0.0006036869276902636,0.0006036869276902636
7648,LIN7C (55327),2.4286356188447665e-05,True,0.001258281195455283,0.001258281195455283
7649,ZNF441 (126068),2.4279296217407596e-05,True,0.002816985886310748,0.002816985886310748
7650,AIMP2 (7965),2.4278030688493247e-05,True,0.0013033868108284865,0.0013033868108284865
7651,TRIM73 (375593),2.427442267728174e-05,True,8.911105843589198e-05,8.911105843589198e-05
7652,STX17 (55014),2.42639220701127e-05,True,0.00014308691816467228,0.00014308691816467228
7653,BLK (640),2.4262288038149412e-05,True,-0.002723386379209507,0.002723386379209507
7654,GARIN2 (161142),2.425777654131265e-05,True,-0.00020369999304312332,0.00020369999304312332
7655,CASP8 (841),2.4254756906463442e-05,True,-0.0023841153755082434,0.0023841153755082434
7656,NUTM2F (54754),2.425234368045765e-05,True,0.0034630739758984,0.0034630739758984
7657,ZNF619 (285267),2.4242763846645036e-05,True,0.0030800132109465774,0.0030800132109465774
7658,ARHGEF35 (445328),2.4236912697881607e-05,True,0.00085476014749213,0.00085476014749213
7659,UBE2Q1 (55585),2.423082333496664e-05,True,-0.0024745804542644603,0.0024745804542644603
7660,USO1 (8615),2.4228257302918635e-05,True,0.0009618439351713481,0.0009618439351713481
7661,ZNF699 (374879),2.4228005268683773e-05,True,0.0027702792831755573,0.0027702792831755573
7662,TAS2R9 (50835),2.422437597850762e-05,True,-0.00153400844030493,0.00153400844030493
7663,TYRO3 (7301),2.4218080433284383e-05,True,0.0006213881352710433,0.0006213881352710433
7664,BEAN1 (146227),2.421033246256323e-05,True,0.0011421115905301186,0.0011421115905301186
7665,RAPGEF3 (10411),2.4186650526488453e-05,True,0.0010051220960373675,0.0010051220960373675
7666,STRADA (92335),2.4185112638565172e-05,True,-0.0003897958568606292,0.0003897958568606292
7667,ZNF232 (7775),2.417249934535315e-05,True,0.000937456559359389,0.000937456559359389
7668,UBQLNL (143630),2.4166236652020417e-05,True,0.001581812606080826,0.001581812606080826
7669,LNX2 (222484),2.41655130839184e-05,True,0.0012895379110709807,0.0012895379110709807
7670,COA8 (84334),2.416390939760864e-05,True,-0.0003939557777019808,0.0003939557777019808
7671,ZNF318 (24149),2.415620496049716e-05,True,0.002074419234298394,0.002074419234298394
7672,GAK (2580),2.4147547423748585e-05,True,0.00019362228879867644,0.00019362228879867644
7673,CKAP2 (26586),2.414169786793629e-05,True,0.0006460685888595571,0.0006460685888595571
7674,SYTL3 (94120),2.413806197879452e-05,True,0.001466313425572354,0.001466313425572354
7675,FAT1 (2195),2.4137479935610174e-05,True,-0.00149729445765779,0.00149729445765779
7676,SLC50A1 (55974),2.413262214448805e-05,True,-0.00017908756856066489,0.00017908756856066489
7677,METTL17 (64745),2.4123714304025128e-05,True,-0.0017233477823820832,0.0017233477823820832
7678,CATSPER4 (378807),2.412173490387015e-05,True,-0.00011512967120080311,0.00011512967120080311
7679,RHOJ (57381),2.411436400324361e-05,True,-0.0007347862555761363,0.0007347862555761363
7680,FOXC1 (2296),2.410866868031999e-05,True,-0.0025372062067268034,0.0025372062067268034
7681,MT-ND4L (4539),2.4098004147099736e-05,True,-0.002149264375300652,0.002149264375300652
7682,ADIPOR1 (51094),2.4093938397600352e-05,True,0.0011978399804304805,0.0011978399804304805
7683,CNDP1 (84735),2.409091500313798e-05,True,0.00038073941661944874,0.00038073941661944874
7684,MTPAP (55149),2.4085219661403027e-05,True,-0.0010836777327367102,0.0010836777327367102
7685,SCAMP2 (10066),2.4075306526851006e-05,True,-0.0009074550081400363,0.0009074550081400363
7686,CST5 (1473),2.4072907757404786e-05,True,0.0012037343613511499,0.0012037343613511499
7687,KBTBD12 (166348),2.4071371729313693e-05,True,-0.002295380439922395,0.002295380439922395
7688,DEFB134 (613211),2.4065276952782296e-05,True,0.0015954472052825486,0.0015954472052825486
7689,FXYD6 (53826),2.4032507950546638e-05,True,-0.00022655952578355565,0.00022655952578355565
7690,BROX (148362),2.4027877029134956e-05,True,-0.0007649535174392994,0.0007649535174392994
7691,NFIA (4774),2.402755570173085e-05,True,-0.0009361707209709206,0.0009361707209709206
7692,APLN (8862),2.399863937446585e-05,True,0.0013190413828820544,0.0013190413828820544
7693,NUP93 (9688),2.3993928834987818e-05,True,-0.002464449260074806,0.002464449260074806
7694,TADA2A (6871),2.399267108882253e-05,True,0.001030510541717051,0.001030510541717051
7695,NAIP (4671),2.398158646772158e-05,True,0.0018158836490672348,0.0018158836490672348
7696,ZNF469 (84627),2.3980140116474478e-05,True,-0.000568375358902442,0.000568375358902442
7697,UVSSA (57654),2.396693254022735e-05,True,-0.0005932310672625564,0.0005932310672625564
7698,ZNF487 (642819),2.3957224323671754e-05,True,-0.0017466868869249494,0.0017466868869249494
7699,GON7 (84520),2.394913503109503e-05,True,0.0008438491959092637,0.0008438491959092637
7700,TRIM26 (7726),2.3947451770480762e-05,True,-0.0017051987917146335,0.0017051987917146335
7701,DNAJC12 (56521),2.394484481921052e-05,True,0.0013704458697486343,0.0013704458697486343
7702,FBXL17 (64839),2.3936771561361784e-05,True,0.0009031020990101963,0.0009031020990101963
7703,ACTR3 (10096),2.391424831761812e-05,True,0.0010632565161208122,0.0010632565161208122
7704,CALCRL (10203),2.390731116665231e-05,True,0.0009067492536550255,0.0009067492536550255
7705,GORASP1 (64689),2.3891322251385812e-05,True,-0.00013684150911615913,0.00013684150911615913
7706,MT-ND4 (4538),2.3885618397366903e-05,True,-0.0021071798704769495,0.0021071798704769495
7707,H2BC12L (54145),2.387361165587454e-05,True,0.0003833278146630741,0.0003833278146630741
7708,ATP6V1E2 (90423),2.3855786380583512e-05,True,0.00014307744956113108,0.00014307744956113108
7709,QTRT2 (79691),2.384971252146033e-05,True,-0.0006989212018945062,0.0006989212018945062
7710,NOTCH2NLR (101929796),2.384818234106368e-05,True,-0.0009245847180845018,0.0009245847180845018
7711,POLR2J2 (246721),2.3847702117473933e-05,True,-0.0006443300145624305,0.0006443300145624305
7712,ZFP62 (643836),2.384334950454313e-05,True,-0.0011984279169714523,0.0011984279169714523
7713,ZNF227 (7770),2.3835212346656465e-05,True,-0.0026629392930314754,0.0026629392930314754
7714,FGF10 (2255),2.38314957733686e-05,True,0.00025602952694795387,0.00025602952694795387
7715,WNT7A (7476),2.3826327338624843e-05,True,0.00010204532022190828,0.00010204532022190828
7716,TGIF1 (7050),2.3805136033346873e-05,True,-0.000934532861139103,0.000934532861139103
7717,DLEC1 (9940),2.3803642373610473e-05,True,-0.0006099190824158481,0.0006099190824158481
7718,BICRAL (23506),2.377699978158691e-05,True,0.000486084170596811,0.000486084170596811
7719,ATG13 (9776),2.3765078242024374e-05,True,0.001292107530046241,0.001292107530046241
7720,NIBAN1 (116496),2.3742599784944205e-05,True,-0.0014512384919330328,0.0014512384919330328
7721,PIKFYVE (200576),2.3740650884757732e-05,True,-0.0008272349270056004,0.0008272349270056004
7722,TP53BP1 (7158),2.3732276839665364e-05,True,0.0012914326080816264,0.0012914326080816264
7723,TOR1AIP2 (163590),2.373046501461208e-05,True,-0.00137321256178932,0.00137321256178932
7724,NEMF (9147),2.3727483694444508e-05,True,0.0011507566628399543,0.0011507566628399543
7725,ATG101 (60673),2.3721469737036746e-05,True,0.0008611794692332509,0.0008611794692332509
7726,DHODH (1723),2.3710562696349607e-05,True,-0.0005578033566336741,0.0005578033566336741
7727,TCF21 (6943),2.36945300410387e-05,True,-0.0030404584378096507,0.0030404584378096507
7728,TOMM40L (84134),2.36932862487703e-05,True,0.0013117468040952053,0.0013117468040952053
7729,IL11 (3589),2.3690217835741733e-05,True,-0.00016485013175959588,0.00016485013175959588
7730,PRUNE2 (158471),2.3689506175648132e-05,True,0.001164466904544957,0.001164466904544957
7731,NRIP2 (83714),2.3684734419135945e-05,True,0.0012917125346222384,0.0012917125346222384
7732,FAM241A (132720),2.3680896804207796e-05,True,-0.002138979991091587,0.002138979991091587
7733,RHBDD1 (84236),2.368023541702607e-05,True,0.0013959541571684933,0.0013959541571684933
7734,HDAC8 (55869),2.3678121743815993e-05,True,-0.000766585801475131,0.000766585801475131
7735,SPPL3 (121665),2.367518274636541e-05,True,-0.0008327468856267667,0.0008327468856267667
7736,TSPAN2 (10100),2.3670153474480593e-05,True,0.0009056992547859402,0.0009056992547859402
7737,DUSP1 (1843),2.3668748894496222e-05,True,-9.032417019910841e-05,9.032417019910841e-05
7738,CFH (3075),2.366821756653804e-05,True,-0.004073852411356051,0.004073852411356051
7739,RTP2 (344892),2.365808678007449e-05,True,-0.001410266590131594,0.001410266590131594
7740,FAM107B (83641),2.3657129445959808e-05,True,-0.004201192093842901,0.004201192093842901
7741,GP1BB (2812),2.3656795936200322e-05,True,-0.00010716642166817879,0.00010716642166817879
7742,KAZN (23254),2.3656439874385453e-05,True,0.002141420206013332,0.002141420206013332
7743,TRIQK (286144),2.3653153109303666e-05,True,-0.0006920090601839204,0.0006920090601839204
7744,RGS12 (6002),2.364957222276383e-05,True,-0.0030340923945019653,0.0030340923945019653
7745,SOX5 (6660),2.3648363939624783e-05,True,0.00013071293351764454,0.00013071293351764454
7746,TSLP (85480),2.3632085056498245e-05,True,0.0021588409566829555,0.0021588409566829555
7747,FEZ2 (9637),2.3631474141757507e-05,True,-0.002914797487500006,0.002914797487500006
7748,CDH12 (1010),2.3630028166196618e-05,True,0.001055940363934574,0.001055940363934574
7749,CFP (5199),2.3629854509612053e-05,True,0.0006051930316876987,0.0006051930316876987
7750,ZNF662 (389114),2.3628336148245596e-05,True,-0.0016079848587378573,0.0016079848587378573
7751,ZNF584 (201514),2.362719848973795e-05,True,-0.0017965278909242508,0.0017965278909242508
7752,SSRP1 (6749),2.3621166664118693e-05,True,-0.0016184676420066585,0.0016184676420066585
7753,FBXO9 (26268),2.3620254195923087e-05,True,0.000820829345895712,0.000820829345895712
7754,LAMC2 (3918),2.3615784911389014e-05,True,0.0005500942021737555,0.0005500942021737555
7755,XRN1 (54464),2.3605581793567724e-05,True,0.001842484653635581,0.001842484653635581
7756,COL8A1 (1295),2.3590501432839613e-05,True,-0.0008202577889735684,0.0008202577889735684
7757,FAM110C (642273),2.3574791292164017e-05,True,-0.0004591536336814514,0.0004591536336814514
7758,DLG5 (9231),2.357256339181412e-05,True,-0.0013874938924336602,0.0013874938924336602
7759,KIAA0586 (9786),2.3548193992001322e-05,True,-0.0014508552928520896,0.0014508552928520896
7760,PHYHIPL (84457),2.354638835907096e-05,True,-0.0006876125856652901,0.0006876125856652901
7761,PLAC8 (51316),2.354615689178343e-05,True,-0.0027529349828061484,0.0027529349828061484
7762,GOLM1 (51280),2.3534347879120576e-05,True,0.0014370767209595657,0.0014370767209595657
7763,AKNAD1 (254268),2.3529590043687796e-05,True,0.002262652095230721,0.002262652095230721
7764,PTAFR (5724),2.3520437882175057e-05,True,-0.000770365652218168,0.000770365652218168
7765,BAMBI (25805),2.3512890015477548e-05,True,-0.0010616065998949012,0.0010616065998949012
7766,SCNN1B (6338),2.3508356222960342e-05,True,0.0008370799755501547,0.0008370799755501547
7767,GPR182 (11318),2.3506786387978934e-05,True,0.0006367144718142663,0.0006367144718142663
7768,PSD (5662),2.349964674705065e-05,True,-0.00016926236405439643,0.00016926236405439643
7769,YIPF1 (54432),2.3498966844674645e-05,True,-0.0022780727225304867,0.0022780727225304867
7770,CHRNA9 (55584),2.346598022386281e-05,True,-0.002435358239446334,0.002435358239446334
7771,H4C6 (8361),2.3451638440652307e-05,True,0.0018812448401525853,0.0018812448401525853
7772,CLK3 (1198),2.3446918378488754e-05,True,-0.001385086470752296,0.001385086470752296
7773,ZNF85 (7639),2.3446679184269927e-05,True,-0.00019699853472086425,0.00019699853472086425
7774,CPOX (1371),2.3442671656289407e-05,True,-0.0006967480744616098,0.0006967480744616098
7775,ZNF140 (7699),2.3442280698259494e-05,True,0.0006359777050682201,0.0006359777050682201
7776,MGRN1 (23295),2.3435400779451105e-05,True,-0.00014696352952545642,0.00014696352952545642
7777,SLC35C2 (51006),2.3418913466109145e-05,True,-0.0003659948239974661,0.0003659948239974661
7778,CYP17A1 (1586),2.3408136555883284e-05,True,0.000294186454690723,0.000294186454690723
7779,ACTN1 (87),2.3402765254962596e-05,True,-0.0007900773936795715,0.0007900773936795715
7780,COX14 (84987),2.3393354681895735e-05,True,0.001969418745816667,0.001969418745816667
7781,DRG1 (4733),2.3389818912528418e-05,True,0.000535498957388639,0.000535498957388639
7782,OR4C6 (219432),2.3382246769009812e-05,True,0.001484888061654293,0.001484888061654293
7783,TMEM108 (66000),2.3367711662313144e-05,True,0.0010952878889423654,0.0010952878889423654
7784,VCPIP1 (80124),2.3356758875798886e-05,True,0.0020327729285497804,0.0020327729285497804
7785,ATAD3C (219293),2.3344260265728056e-05,True,-0.0017391233445735288,0.0017391233445735288
7786,IL17RE (132014),2.3333856443965343e-05,True,5.501662863267268e-05,5.501662863267268e-05
7787,GAGE1 (2543),2.3329775196114978e-05,True,0.0006612976281890241,0.0006612976281890241
7788,GALNT7 (51809),2.3328345976184246e-05,True,0.0005396622587633664,0.0005396622587633664
7789,SNX32 (254122),2.3325447368784664e-05,True,0.003530322680914823,0.003530322680914823
7790,KRT4 (3851),2.3315793929854828e-05,True,0.0018457839971579711,0.0018457839971579711
7791,CFAP251 (144406),2.331314492315447e-05,True,-0.0010958448353370978,0.0010958448353370978
7792,LHFPL4 (375323),2.3312838068410103e-05,True,0.0022220095565723876,0.0022220095565723876
7793,COP1 (64326),2.3312157781241468e-05,True,-0.002390000040418887,0.002390000040418887
7794,OR52K1 (390036),2.328879018685214e-05,True,0.000901011779118331,0.000901011779118331
7795,PRRT1B (642515),2.3275546263482497e-05,True,0.0027643659981213074,0.0027643659981213074
7796,ATAD2 (29028),2.3274431857528096e-05,True,0.0005863891534421679,0.0005863891534421679
7797,CASP14 (23581),2.3273528507479228e-05,True,-0.0007070670125052399,0.0007070670125052399
7798,SCN4B (6330),2.326892495477786e-05,True,0.0013419682039050645,0.0013419682039050645
7799,INVS (27130),2.3228881352614343e-05,True,-0.0006899229968091974,0.0006899229968091974
7800,EIF3H (8667),2.3225686761112455e-05,True,-4.709162055020538e-06,4.709162055020538e-06
7801,GPR137B (7107),2.3224669119885333e-05,True,-0.002049956826556095,0.002049956826556095
7802,AHCY (191),2.32140774259196e-05,True,3.097089544121809e-05,3.097089544121809e-05
7803,RAB44 (401258),2.3213384175038173e-05,True,0.0030854335427864545,0.0030854335427864545
7804,H1-5 (3009),2.3211255913862667e-05,True,-0.0013066922121304039,0.0013066922121304039
7805,RAPGEF4 (11069),2.32068821204154e-05,True,8.1743580643172e-05,8.1743580643172e-05
7806,NOMO2 (283820),2.3202173294752574e-05,True,0.0018302756563001988,0.0018302756563001988
7807,MMP9 (4318),2.3194825992994043e-05,True,0.005360084431165186,0.005360084431165186
7808,SYK (6850),2.3174933928174713e-05,True,0.0006701341247617864,0.0006701341247617864
7809,CXADR (1525),2.316297558481106e-05,True,-0.0002484110821657537,0.0002484110821657537
7810,ASF1B (55723),2.3161815274175143e-05,True,0.0006889229130025579,0.0006889229130025579
7811,SHISAL2A (348378),2.316071144656515e-05,True,0.0021761064718753783,0.0021761064718753783
7812,ITIH4 (3700),2.3156870426209262e-05,True,-0.001463859666473376,0.001463859666473376
7813,PLAGL1 (5325),2.315497905917785e-05,True,0.00030441318144026745,0.00030441318144026745
7814,KRT33B (3884),2.314282744729904e-05,True,-0.0015028303869545558,0.0015028303869545558
7815,BRINP3 (339479),2.314027217208564e-05,True,0.00010118242532161854,0.00010118242532161854
7816,SLC2A12 (154091),2.313356243589652e-05,True,-0.0007678358793508655,0.0007678358793508655
7817,C1orf115 (79762),2.3112543568272585e-05,True,0.001971979277002276,0.001971979277002276
7818,GPRASP3 (80823),2.3101276710571094e-05,True,-0.00025281597503609276,0.00025281597503609276
7819,E2F2 (1870),2.3096720825379736e-05,True,0.0003102121735927251,0.0003102121735927251
7820,DBX1 (120237),2.3096407535419366e-05,True,0.002077971231470897,0.002077971231470897
7821,SMIM26 (388789),2.308975063841103e-05,True,-0.001534713369192448,0.001534713369192448
7822,PCNX4 (64430),2.306165933343682e-05,True,9.422871504496694e-05,9.422871504496694e-05
7823,SMIM10L1 (100129361),2.3055075665713785e-05,True,0.002588408379126166,0.002588408379126166
7824,UIMC1 (51720),2.303375058837908e-05,True,-0.00024757010876868147,0.00024757010876868147
7825,TUBB (203068),2.3012833251727883e-05,True,-4.4482219609583325e-05,4.4482219609583325e-05
7826,SP5 (389058),2.2982290391088818e-05,True,-0.00020540740634798955,0.00020540740634798955
7827,ANAPC15 (25906),2.297617161524406e-05,True,-0.0016047010637456648,0.0016047010637456648
7828,HLA-DPA1 (3113),2.2972709216816005e-05,True,0.00033332201401051523,0.00033332201401051523
7829,CSF3R (1441),2.2968922021351637e-05,True,-0.00015726627372997,0.00015726627372997
7830,THBS2 (7058),2.296510222897976e-05,True,-0.0003204781084905317,0.0003204781084905317
7831,ZMYND15 (84225),2.2959102760446472e-05,True,-0.0025484219166102655,0.0025484219166102655
7832,MTFR2 (113115),2.294330659879313e-05,True,0.0007853342329105844,0.0007853342329105844
7833,SMARCA5 (8467),2.2940812218316727e-05,True,-0.0010205818069287137,0.0010205818069287137
7834,CAPN15 (6650),2.2937127159110916e-05,True,0.00044257662812601135,0.00044257662812601135
7835,SUV39H2 (79723),2.2910481539690097e-05,True,-0.0006524211359375922,0.0006524211359375922
7836,ZNF582 (147948),2.2901205215815478e-05,True,0.0017646486573201666,0.0017646486573201666
7837,TNRC18 (84629),2.2890604591086884e-05,True,-2.2859126315907677e-05,2.2859126315907677e-05
7838,EIF2S1 (1965),2.2869799917656355e-05,True,-0.0013482678979789358,0.0013482678979789358
7839,SLC35A4 (113829),2.286227286307514e-05,True,-0.0008289975429495314,0.0008289975429495314
7840,KCNH7 (90134),2.28618809896772e-05,True,0.0008374944258428717,0.0008374944258428717
7841,STARD5 (80765),2.2860940680528987e-05,True,-0.0007757657178036583,0.0007757657178036583
7842,C9orf152 (401546),2.2844576103968187e-05,True,-0.0002568897298773475,0.0002568897298773475
7843,COX19 (90639),2.2841658332620267e-05,True,-0.0018423278829190356,0.0018423278829190356
7844,MAGEL2 (54551),2.28365499688267e-05,True,-0.0003346546876668131,0.0003346546876668131
7845,ITGAX (3687),2.2835287098997588e-05,True,-0.0004486772370623556,0.0004486772370623556
7846,DCLRE1C (64421),2.2829145166574705e-05,True,-0.0027511794635237726,0.0027511794635237726
7847,C1orf198 (84886),2.2812433629259014e-05,True,0.0006831818737676441,0.0006831818737676441
7848,VSTM2A (222008),2.2807230651833316e-05,True,-0.0013207787425032588,0.0013207787425032588
7849,AMMECR1L (83607),2.2799467478945243e-05,True,0.0006755150733237132,0.0006755150733237132
7850,A4GALT (53947),2.2795706611230947e-05,True,0.0003891473551178975,0.0003891473551178975
7851,HAND2 (9464),2.2793543388283324e-05,True,-0.0010204839402216887,0.0010204839402216887
7852,GMFB (2764),2.278913496694686e-05,True,-0.0005207407911204842,0.0005207407911204842
7853,CLCA2 (9635),2.2783090567522125e-05,True,-0.0008985705160467834,0.0008985705160467834
7854,GMPPB (29925),2.277865164297333e-05,True,0.00044401725895316935,0.00044401725895316935
7855,PPARD (5467),2.2777124765599686e-05,True,0.000780168913306287,0.000780168913306287
7856,AURKA (6790),2.277093862276624e-05,True,-0.0012954288263761589,0.0012954288263761589
7857,PRSS1 (5644),2.2770852156110193e-05,True,-0.00010776095135626865,0.00010776095135626865
7858,CCNK (8812),2.2762821421269115e-05,True,-7.922797206380322e-05,7.922797206380322e-05
7859,THOC6 (79228),2.275085456630003e-05,True,-0.002016240518541222,0.002016240518541222
7860,CCDC168 (643677),2.274046313699861e-05,True,0.0006671671993103805,0.0006671671993103805
7861,HEATR4 (399671),2.2740098758330153e-05,True,-0.002754142518040357,0.002754142518040357
7862,MYO3B (140469),2.2722817655225313e-05,True,-0.004363534757676946,0.004363534757676946
7863,CLTRN (57393),2.2701060320146405e-05,True,-0.0010872345178026264,0.0010872345178026264
7864,GBX2 (2637),2.2694523340956132e-05,True,-0.0033460299039257428,0.0033460299039257428
7865,MAGOH (4116),2.268755466631805e-05,True,0.0018142522231755734,0.0018142522231755734
7866,SSTR1 (6751),2.2684141663890025e-05,True,-0.00030420293524251467,0.00030420293524251467
7867,NME6 (10201),2.2683378675347717e-05,True,0.0005875157837319717,0.0005875157837319717
7868,TLR6 (10333),2.2660808065167994e-05,True,0.0020095806887475837,0.0020095806887475837
7869,SLCO4C1 (353189),2.2658093968901706e-05,True,-0.0007678829672786358,0.0007678829672786358
7870,ZNF654 (55279),2.2647210001782116e-05,True,-0.0022779924095231445,0.0022779924095231445
7871,NTN1 (9423),2.2642612938033615e-05,True,0.0014543318413047547,0.0014543318413047547
7872,ZNF248 (57209),2.2633600723146525e-05,True,-0.000325688002740767,0.000325688002740767
7873,GTPBP10 (85865),2.2624797822401957e-05,True,-0.0011447627918165278,0.0011447627918165278
7874,PPIE (10450),2.2622787944458488e-05,True,0.0004577454301369151,0.0004577454301369151
7875,KCNS3 (3790),2.261432319479105e-05,True,0.0016316727431733564,0.0016316727431733564
7876,KCNG2 (26251),2.2614320693350074e-05,True,0.0009933792279752645,0.0009933792279752645
7877,PROSER2 (254427),2.2611462856217012e-05,True,-0.0005868490621527562,0.0005868490621527562
7878,KIFC3 (3801),2.2611086667035914e-05,True,-0.0024459082763153787,0.0024459082763153787
7879,MSR1 (4481),2.260806002237105e-05,True,0.000335568173206478,0.000335568173206478
7880,FGGY (55277),2.2607677279348685e-05,True,2.049844223309149e-05,2.049844223309149e-05
7881,BTN3A2 (11118),2.2601057264481408e-05,True,-0.0035812514822613755,0.0035812514822613755
7882,DUSP14 (11072),2.25953947915553e-05,True,0.0026565321874244103,0.0026565321874244103
7883,NAALADL2 (254827),2.2595185765781738e-05,True,0.0010890442375350445,0.0010890442375350445
7884,SCAP (22937),2.2589884610193308e-05,True,0.0017319116777853047,0.0017319116777853047
7885,NDRG4 (65009),2.2574233332360094e-05,True,-0.0019471318788799664,0.0019471318788799664
7886,PHYKPL (85007),2.257110732385258e-05,True,-0.002361021595544987,0.002361021595544987
7887,MAP4K2 (5871),2.256023557731092e-05,True,-0.0010332066573434866,0.0010332066573434866
7888,RALGAPA1 (253959),2.2543259790817674e-05,True,0.0018763227382089629,0.0018763227382089629
7889,F8A2 (474383),2.2540635655981435e-05,True,0.000560104630748635,0.000560104630748635
7890,NCAPD3 (23310),2.253982178320523e-05,True,0.0029388069571106854,0.0029388069571106854
7891,ZNF75D (7626),2.2536372515673404e-05,True,0.0003989921240071454,0.0003989921240071454
7892,NPHP4 (261734),2.2535713257937112e-05,True,0.0025161003071514456,0.0025161003071514456
7893,DLX5 (1749),2.2531344087678043e-05,True,0.0024529700162009152,0.0024529700162009152
7894,SLC7A9 (11136),2.2530571388268497e-05,True,-0.003344501846146242,0.003344501846146242
7895,RRP9 (9136),2.2515526275748922e-05,True,-0.0011661373911073104,0.0011661373911073104
7896,CORO2B (10391),2.2511900396189785e-05,True,0.000964086895036227,0.000964086895036227
7897,ACSL3 (2181),2.2500712749565438e-05,True,-0.0019228683682396912,0.0019228683682396912
7898,TCP11X1 (100996631),2.2500265741500302e-05,True,0.0018607783588263857,0.0018607783588263857
7899,TOMM34 (10953),2.2490225557504515e-05,True,0.0005372409686380175,0.0005372409686380175
7900,SPDYE5 (442590),2.247818453531592e-05,True,6.744931204632283e-05,6.744931204632283e-05
7901,PRG2 (5553),2.2464687716362804e-05,True,0.0007589020417554757,0.0007589020417554757
7902,CIPC (85457),2.2453402206341772e-05,True,-0.0007781337711395941,0.0007781337711395941
7903,ALOX5AP (241),2.2445596855022914e-05,True,0.001262557592986704,0.001262557592986704
7904,SPCS2 (9789),2.2428898977471253e-05,True,-0.0011107706758784921,0.0011107706758784921
7905,DDX3Y (8653),2.2413275238758424e-05,True,-0.0030960057760708692,0.0030960057760708692
7906,PUS7 (54517),2.240829116633884e-05,True,-0.00027666146615834813,0.00027666146615834813
7907,HACD2 (201562),2.240804470177396e-05,True,0.0013272882980274148,0.0013272882980274148
7908,CCR4 (1233),2.239395498304209e-05,True,0.0028970529889648746,0.0028970529889648746
7909,GAS2L1 (10634),2.239071443432283e-05,True,-0.00034626883263257557,0.00034626883263257557
7910,C12orf50 (160419),2.238683689532329e-05,True,-0.001945925366073885,0.001945925366073885
7911,KPTN (11133),2.2383336421134903e-05,True,-0.0018602761081838446,0.0018602761081838446
7912,GTPBP8 (29083),2.2373983638962234e-05,True,-0.0005491461983951286,0.0005491461983951286
7913,ARRB2 (409),2.2370859784233227e-05,True,4.4774782443116404e-05,4.4774782443116404e-05
7914,MPZL3 (196264),2.2364520993293633e-05,True,0.0010441874922405738,0.0010441874922405738
7915,PPP4R4 (57718),2.2351902884987312e-05,True,-0.000769235748193094,0.000769235748193094
7916,CTRB2 (440387),2.235102181588744e-05,True,0.002757539347486318,0.002757539347486318
7917,CEBPE (1053),2.2337911062755812e-05,True,-0.00696144483017045,0.00696144483017045
7918,NPIPB11 (728888),2.2336123875606466e-05,True,-0.0023423106099930615,0.0023423106099930615
7919,ABCC4 (10257),2.233299119759211e-05,True,0.0007124751090835448,0.0007124751090835448
7920,CRY1 (1407),2.231903636379492e-05,True,-0.0010921661004677577,0.0010921661004677577
7921,MGAT3 (4248),2.231603545568672e-05,True,-0.0021588926182590003,0.0021588926182590003
7922,ECSIT (51295),2.2298443700636524e-05,True,-0.000565403650573777,0.000565403650573777
7923,LRRC19 (64922),2.2294283693053577e-05,True,-0.00010064748986878317,0.00010064748986878317
7924,MGLL (11343),2.2280991311534423e-05,True,0.0003252943836590411,0.0003252943836590411
7925,ACAD8 (27034),2.2275715013740086e-05,True,0.000764820466292272,0.000764820466292272
7926,PHC1 (1911),2.2260284155985136e-05,True,0.0005918174872888177,0.0005918174872888177
7927,CD207 (50489),2.2252810019782213e-05,True,-3.079656345352411e-05,3.079656345352411e-05
7928,ARL14EP (120534),2.225180927397992e-05,True,0.0007868591662891439,0.0007868591662891439
7929,STK17B (9262),2.2246951988074743e-05,True,0.002104097454044301,0.002104097454044301
7930,NRGN (4900),2.2242919631468055e-05,True,-0.0008358755853453592,0.0008358755853453592
7931,TNFSF13 (8741),2.2234843890821627e-05,True,0.0002200518880155621,0.0002200518880155621
7932,TMEM40 (55287),2.2232208784641773e-05,True,0.001890966988015009,0.001890966988015009
7933,PASD1 (139135),2.2227524534559666e-05,True,0.0017557480471688067,0.0017557480471688067
7934,ITPRIPL2 (162073),2.2221958563322562e-05,True,0.0008177906246638417,0.0008177906246638417
7935,TXLNG (55787),2.2218554457689298e-05,True,0.00048313058569472516,0.00048313058569472516
7936,LHX8 (431707),2.221075765113999e-05,True,0.00274365301647708,0.00274365301647708
7937,TBPL1 (9519),2.2195230568116805e-05,True,0.0006634037250784693,0.0006634037250784693
7938,ARL6 (84100),2.2185188455094176e-05,True,0.002025459686687268,0.002025459686687268
7939,TERT (7015),2.2178110390975556e-05,True,0.00022621908036070892,0.00022621908036070892
7940,DHRS4L2 (317749),2.2172472631473303e-05,True,-0.0011028137353597898,0.0011028137353597898
7941,GOLGA4 (2803),2.2129010662657105e-05,True,0.0016621855457420625,0.0016621855457420625
7942,COX8A (1351),2.2128181323710074e-05,True,-0.0010052901082240415,0.0010052901082240415
7943,GFI1B (8328),2.212344394865588e-05,True,-0.0016117643866476843,0.0016117643866476843
7944,SP6 (80320),2.2123006420261253e-05,True,-0.0005198857844982609,0.0005198857844982609
7945,NEK8 (284086),2.210766019565397e-05,True,0.0022011873712977897,0.0022011873712977897
7946,MRPL35 (51318),2.2102206418917386e-05,True,-0.0013070832506643878,0.0013070832506643878
7947,SEC61B (10952),2.209938256039868e-05,True,0.0029342777922287617,0.0029342777922287617
7948,GIP (2695),2.2098303695325477e-05,True,0.0012472846869876915,0.0012472846869876915
7949,INCA1 (388324),2.2074480291258248e-05,True,3.9579551456065255e-05,3.9579551456065255e-05
7950,KDM2B (84678),2.2066843758602736e-05,True,-0.0009811078289666147,0.0009811078289666147
7951,CLK2 (1196),2.2059565507166126e-05,True,0.0011607460250257636,0.0011607460250257636
7952,DCHS1 (8642),2.2048110140028e-05,True,-0.001273654288376456,0.001273654288376456
7953,RANBP3L (202151),2.2043484114082276e-05,True,0.00024398057851567642,0.00024398057851567642
7954,RBM47 (54502),2.2039866767210726e-05,True,-0.0016279183525125251,0.0016279183525125251
7955,SIMC1 (375484),2.2035534597405103e-05,True,0.0008135209344086551,0.0008135209344086551
7956,MED23 (9439),2.2033814757752518e-05,True,0.0016926648693325308,0.0016926648693325308
7957,OAT (4942),2.20287846537573e-05,True,-0.000989116037594765,0.000989116037594765
7958,OSCP1 (127700),2.2018569553007802e-05,True,0.0010693975276755436,0.0010693975276755436
7959,TMX4 (56255),2.198448378601072e-05,True,-0.0006199756814472386,0.0006199756814472386
7960,CDHR1 (92211),2.1978755351072453e-05,True,0.0007428804089827521,0.0007428804089827521
7961,ISOC1 (51015),2.1976766441736223e-05,True,-0.0006717489199546739,0.0006717489199546739
7962,MAGEA2 (4101),2.1964196173334215e-05,True,0.001035018882219783,0.001035018882219783
7963,SSTR2 (6752),2.1953434579101876e-05,True,-0.0005508178732576642,0.0005508178732576642
7964,NDUFB1 (4707),2.1951227116625467e-05,True,0.0008023842496653564,0.0008023842496653564
7965,NCOA4 (8031),2.194983674855836e-05,True,-0.002356837873186447,0.002356837873186447
7966,PPM1H (57460),2.1928977387362858e-05,True,0.0004866544486103213,0.0004866544486103213
7967,NXPH2 (11249),2.1917872828442908e-05,True,-0.0016211645401234273,0.0016211645401234273
7968,SLC45A2 (51151),2.1912816825607183e-05,True,-0.00041978813873193603,0.00041978813873193603
7969,TMEM80 (283232),2.1901378900919408e-05,True,0.001169113363943713,0.001169113363943713
7970,WDR35 (57539),2.1891646480376394e-05,True,-0.003185371047370068,0.003185371047370068
7971,CETP (1071),2.1886489093593594e-05,True,0.0010028867716856118,0.0010028867716856118
7972,EFEMP1 (2202),2.1882944686042064e-05,True,-0.0007594869622788192,0.0007594869622788192
7973,DTWD1 (56986),2.1879514518313116e-05,True,0.0003480620688522209,0.0003480620688522209
7974,NEK7 (140609),2.1869425327282404e-05,True,4.0282963777980374e-05,4.0282963777980374e-05
7975,STAG1 (10274),2.186729448559139e-05,True,0.0014084588686460598,0.0014084588686460598
7976,ZSWIM3 (140831),2.1859963474466698e-05,True,0.0022923566215514012,0.0022923566215514012
7977,USP33 (23032),2.1858277502102362e-05,True,0.00014902515120828472,0.00014902515120828472
7978,KCNK6 (9424),2.184128976504422e-05,True,-0.00048056167428127015,0.00048056167428127015
7979,HSF2BP (11077),2.183964488838962e-05,True,-0.00038776255812473636,0.00038776255812473636
7980,XPNPEP3 (63929),2.1838970234983206e-05,True,0.0017283241968808877,0.0017283241968808877
7981,C9orf78 (51759),2.1832090379570656e-05,True,-0.0006536956810124363,0.0006536956810124363
7982,ATP2B3 (492),2.1832065289129003e-05,True,0.0010995782325486391,0.0010995782325486391
7983,ALDH6A1 (4329),2.1829927450910085e-05,True,0.00090725194848009,0.00090725194848009
7984,ZNF787 (126208),2.182606925682086e-05,True,0.0004234045173618873,0.0004234045173618873
7985,FBXO24 (26261),2.1813241882402114e-05,True,-0.0013339606485669162,0.0013339606485669162
7986,TMEM86B (255043),2.181228848231499e-05,True,0.00022684267153711595,0.00022684267153711595
7987,KAT6A (7994),2.1805303532049608e-05,True,-0.0003781207254346831,0.0003781207254346831
7988,GDPGP1 (390637),2.1795308604871947e-05,True,-0.0008276611135888471,0.0008276611135888471
7989,N4BP2L1 (90634),2.1791439984484835e-05,True,0.001358058754172419,0.001358058754172419
7990,UGT8 (7368),2.1790265047527115e-05,True,0.0014503115658481883,0.0014503115658481883
7991,TRIP11 (9321),2.1783706585344005e-05,True,0.001266476250483328,0.001266476250483328
7992,KIF23 (9493),2.1779690579659357e-05,True,-0.00038093344701321677,0.00038093344701321677
7993,MIS18A (54069),2.174588603394103e-05,True,0.0006977014580124758,0.0006977014580124758
7994,LPXN (9404),2.1738906092380292e-05,True,0.001164671905499532,0.001164671905499532
7995,ZNF573 (126231),2.1728526627396797e-05,True,-0.0013723865705566585,0.0013723865705566585
7996,H2AZ2 (94239),2.1722471058446894e-05,True,-0.0002614716802355928,0.0002614716802355928
7997,KLRG1 (10219),2.170593741587306e-05,True,-0.001029621840882686,0.001029621840882686
7998,CREB1 (1385),2.1683707054602274e-05,True,0.0013268214280611518,0.0013268214280611518
7999,ATR (545),2.1680922772198364e-05,True,-0.00010115878188482193,0.00010115878188482193
8000,ZNF780A (284323),2.1678435497630672e-05,True,0.0008747968511446922,0.0008747968511446922
8001,MROH2A (339766),2.1666263373963042e-05,True,-0.0011889343512207083,0.0011889343512207083
8002,NUTM2D (728130),2.166390099203014e-05,True,-0.001262766343486861,0.001262766343486861
8003,FOXD3 (27022),2.1661650999013012e-05,True,-0.0012597868365059202,0.0012597868365059202
8004,AARSD1 (80755),2.1656735361381438e-05,True,0.0012780619196892246,0.0012780619196892246
8005,UROS (7390),2.165533286990457e-05,True,0.0016875573522500162,0.0016875573522500162
8006,CCDC28B (79140),2.1653603068523743e-05,True,-0.0026531156709147146,0.0026531156709147146
8007,KCNJ3 (3760),2.165211398357369e-05,True,0.0012257596237157523,0.0012257596237157523
8008,RIIAD1 (284485),2.1638436290667495e-05,True,0.0029598633797968633,0.0029598633797968633
8009,AIFM2 (84883),2.1613798082476097e-05,True,0.0010817776413057623,0.0010817776413057623
8010,MB21D2 (151963),2.1609624188401706e-05,True,6.818500511355743e-05,6.818500511355743e-05
8011,YEATS4 (8089),2.1602556115152566e-05,True,-0.00019767260122447112,0.00019767260122447112
8012,MYO3A (53904),2.1596083236793124e-05,True,-0.0014412220576695493,0.0014412220576695493
8013,HEATR5B (54497),2.159090561156942e-05,True,3.6405090512902716e-05,3.6405090512902716e-05
8014,IFIT2 (3433),2.1589110428028358e-05,True,-0.0005408032644432033,0.0005408032644432033
8015,GIMAP5 (55340),2.15848049974432e-05,True,0.0022568879390051323,0.0022568879390051323
8016,TBC1D22A (25771),2.1575933343372125e-05,True,-0.0011638381400172894,0.0011638381400172894
8017,MED13L (23389),2.1573423012177927e-05,True,0.0018609098884524104,0.0018609098884524104
8018,EPS8L2 (64787),2.1550253617955632e-05,True,8.41036665712989e-05,8.41036665712989e-05
8019,EXOC3L4 (91828),2.1548630568805753e-05,True,-0.004183882510107482,0.004183882510107482
8020,TECTA (7007),2.153268904516315e-05,True,-0.00077203331256048,0.00077203331256048
8021,ADCY2 (108),2.152828764700021e-05,True,-0.00010923623905284086,0.00010923623905284086
8022,TMEM102 (284114),2.152750538990274e-05,True,-0.0014461906817254788,0.0014461906817254788
8023,SASH1 (23328),2.1525682032961258e-05,True,0.0022706064833237817,0.0022706064833237817
8024,SPATA31D4 (389761),2.1520313657405215e-05,True,-0.003019153710527251,0.003019153710527251
8025,POLR3F (10621),2.1520131829045704e-05,True,-0.001315193562562285,0.001315193562562285
8026,XCR1 (2829),2.151075080325151e-05,True,-0.002550301973946139,0.002550301973946139
8027,FABP4 (2167),2.1507833603327475e-05,True,-0.0029418827038532004,0.0029418827038532004
8028,PBX3 (5090),2.1493453471096793e-05,True,-0.0019489746240815662,0.0019489746240815662
8029,SLFN13 (146857),2.1487453474223988e-05,True,-0.00029193844662359303,0.00029193844662359303
8030,ZGPAT (84619),2.1484263779627992e-05,True,0.0010405555199353863,0.0010405555199353863
8031,ARMH4 (145407),2.146982540635122e-05,True,-3.678394100766375e-05,3.678394100766375e-05
8032,WWC2 (80014),2.1464604353993424e-05,True,-0.0007300757528326768,0.0007300757528326768
8033,KCNMB3 (27094),2.14484998187934e-05,True,0.0017116409038367144,0.0017116409038367144
8034,ITGA1 (3672),2.144081901390248e-05,True,0.0005386670555922507,0.0005386670555922507
8035,ZSCAN26 (7741),2.1433547347460395e-05,True,-0.0016637636326712266,0.0016637636326712266
8036,LTC4S (4056),2.1423237551503792e-05,True,-0.00015160387791676006,0.00015160387791676006
8037,ARSA (410),2.141631833610404e-05,True,0.0027349956169584132,0.0027349956169584132
8038,SCG3 (29106),2.1414935268706206e-05,True,0.001057435639431012,0.001057435639431012
8039,PPTC7 (160760),2.1413810321854e-05,True,-0.0005978570209571653,0.0005978570209571653
8040,RAD54L2 (23132),2.1387743474778968e-05,True,0.0006916524636567897,0.0006916524636567897
8041,C15orf62 (643338),2.138187316451033e-05,True,0.001297239293950837,0.001297239293950837
8042,ZNF638 (27332),2.1373749610777402e-05,True,-0.0003817790822447152,0.0003817790822447152
8043,C17orf58 (284018),2.137132319635805e-05,True,0.0011600235679522326,0.0011600235679522326
8044,ATF5 (22809),2.1348333957599963e-05,True,-0.0005126707098264443,0.0005126707098264443
8045,ZNF90 (7643),2.131361969931622e-05,True,-0.0002990185939506216,0.0002990185939506216
8046,SIGLEC15 (284266),2.1311404762850183e-05,True,0.0025205130010168856,0.0025205130010168856
8047,SPATS2 (65244),2.1305591313470197e-05,True,-0.0012196061345387634,0.0012196061345387634
8048,NBPF1 (55672),2.1288292162133177e-05,True,0.001301403370671321,0.001301403370671321
8049,PM20D2 (135293),2.126185263525746e-05,True,0.001262448975230629,0.001262448975230629
8050,LRRC14 (9684),2.1252882446351735e-05,True,-0.0007439401809108729,0.0007439401809108729
8051,USP50 (373509),2.1247171602067186e-05,True,0.0024924760241361614,0.0024924760241361614
8052,KCNMB4 (27345),2.124369905323466e-05,True,-0.00421225467183692,0.00421225467183692
8053,MCOLN3 (55283),2.123560026737584e-05,True,0.00044814952945936677,0.00044814952945936677
8054,MARK1 (4139),2.1234253625805572e-05,True,0.001921474089711017,0.001921474089711017
8055,GAS1 (2619),2.123067341295697e-05,True,-0.00045224491290972923,0.00045224491290972923
8056,CPT2 (1376),2.1228037413243206e-05,True,0.00047926643466779384,0.00047926643466779384
8057,HBG2 (3048),2.1223957467750006e-05,True,-0.0025909631680324317,0.0025909631680324317
8058,TMEM107 (84314),2.1218497855693638e-05,True,0.0002555803644029008,0.0002555803644029008
8059,MED27 (9442),2.121207397123747e-05,True,-0.0008585951015949822,0.0008585951015949822
8060,PTGDS (5730),2.1211346363389024e-05,True,0.002838414446221521,0.002838414446221521
8061,PPFIA1 (8500),2.1211036389098065e-05,True,0.0019762931385029874,0.0019762931385029874
8062,KYAT1 (883),2.120570719327703e-05,True,-0.00029758658166990654,0.00029758658166990654
8063,ALPG (251),2.1178320270895317e-05,True,-0.0004340549048381104,0.0004340549048381104
8064,ADD3 (120),2.1168123267444837e-05,True,0.0010894631485417864,0.0010894631485417864
8065,PPP1R3B (79660),2.1164376565953274e-05,True,0.0013234222332815743,0.0013234222332815743
8066,FUT4 (2526),2.1155843928911932e-05,True,0.0019476417361260232,0.0019476417361260232
8067,CRY2 (1408),2.1128544942596366e-05,True,0.001513471887179806,0.001513471887179806
8068,GRIN2A (2903),2.1113144116112106e-05,True,-0.0004986946962860089,0.0004986946962860089
8069,CPM (1368),2.111201286730341e-05,True,0.0014383535580074402,0.0014383535580074402
8070,GUCA1B (2979),2.1110024397756164e-05,True,0.0019288178680941731,0.0019288178680941731
8071,PACS1 (55690),2.1105301575870896e-05,True,-0.0015450821786608595,0.0015450821786608595
8072,EPHB3 (2049),2.1093778847669117e-05,True,0.001002344452667315,0.001002344452667315
8073,CLCN2 (1181),2.1077876686144163e-05,True,0.00012989533678539177,0.00012989533678539177
8074,CLXN (79645),2.1077044132138158e-05,True,-0.002820037807632996,0.002820037807632996
8075,TRNP1 (388610),2.1055786721071824e-05,True,-0.0017736842294831501,0.0017736842294831501
8076,KCNH8 (131096),2.105264297936347e-05,True,-0.001558540756827665,0.001558540756827665
8077,TEN1 (100134934),2.104704992348279e-05,True,-0.0005254771825571787,0.0005254771825571787
8078,MYT1L (23040),2.1040878577026552e-05,True,0.00010976774548662142,0.00010976774548662142
8079,KRT6A (3853),2.1038642284852224e-05,True,0.0020044355504402005,0.0020044355504402005
8080,ARHGEF1 (9138),2.1027934061033974e-05,True,-0.0006265915327986508,0.0006265915327986508
8081,DNAH7 (56171),2.1025155087552246e-05,True,-0.0006496521853511281,0.0006496521853511281
8082,TMPRSS11A (339967),2.102479850959767e-05,True,-0.00023475854876186394,0.00023475854876186394
8083,WDR97 (340390),2.1019227347269008e-05,True,-0.0020342590914561795,0.0020342590914561795
8084,HUNK (30811),2.1015907894490498e-05,True,-0.0014038239646372754,0.0014038239646372754
8085,RHBDF2 (79651),2.0988097060245915e-05,True,5.4378586042913525e-05,5.4378586042913525e-05
8086,LRRC45 (201255),2.0979421071249523e-05,True,0.0004957791026423198,0.0004957791026423198
8087,RORC (6097),2.0971636701455535e-05,True,-0.0004999403173298082,0.0004999403173298082
8088,UTP25 (27042),2.0970779565807165e-05,True,-0.001511599022493035,0.001511599022493035
8089,SLC25A12 (8604),2.0957639843036745e-05,True,-0.00014490361328876655,0.00014490361328876655
8090,JHY (79864),2.0944430731973e-05,True,0.0022540452043808487,0.0022540452043808487
8091,KLRC4 (8302),2.0937981992349032e-05,True,0.00011927779530855999,0.00011927779530855999
8092,DSC1 (1823),2.093391112265617e-05,True,-0.0014482811085706109,0.0014482811085706109
8093,KRTAP4-8 (728224),2.091343674558706e-05,True,-0.001573068573097194,0.001573068573097194
8094,EIF4E3 (317649),2.0895230615858982e-05,True,-0.0012542200118711567,0.0012542200118711567
8095,RPS6KA6 (27330),2.0892851881067545e-05,True,0.0034610888325703037,0.0034610888325703037
8096,CEBPA (1050),2.0890734449222354e-05,True,-0.0031226696286113936,0.0031226696286113936
8097,HNRNPH3 (3189),2.0874576152639822e-05,True,0.001807649004057403,0.001807649004057403
8098,TBC1D22B (55633),2.0867497449184894e-05,True,0.0025609848633064087,0.0025609848633064087
8099,SMIM10L2B (644596),2.0865505849014075e-05,True,0.001059825858711696,0.001059825858711696
8100,TPH1 (7166),2.0863278056145505e-05,True,-0.0028775468817941264,0.0028775468817941264
8101,GRIN1 (2902),2.0856523173327246e-05,True,0.00015417061421068787,0.00015417061421068787
8102,POSTN (10631),2.085511391581368e-05,True,0.0009145231236292482,0.0009145231236292482
8103,GPRASP1 (9737),2.0853127699615227e-05,True,0.00026713065405518975,0.00026713065405518975
8104,CEMIP (57214),2.0847109006338453e-05,True,0.002061808206189621,0.002061808206189621
8105,SUPT5H (6829),2.084511965223567e-05,True,0.0005048652265700897,0.0005048652265700897
8106,NICOL1 (401115),2.0844112530006244e-05,True,-8.486466571678121e-05,8.486466571678121e-05
8107,PSMD14 (10213),2.0818279730578344e-05,True,-0.0001886675737814078,0.0001886675737814078
8108,IQGAP2 (10788),2.08157225666594e-05,True,-0.0018480766237893224,0.0018480766237893224
8109,TMEM238 (388564),2.0791648188064842e-05,True,-0.00025256910522129155,0.00025256910522129155
8110,SSR3 (6747),2.0789406635719573e-05,True,-0.00015646496078734556,0.00015646496078734556
8111,TSEN34 (79042),2.078614034300797e-05,True,0.0009676087884414699,0.0009676087884414699
8112,VSTM4 (196740),2.078464866068583e-05,True,-0.0003478194195948227,0.0003478194195948227
8113,TPRKB (51002),2.0779602057683197e-05,True,-0.0007736318872051317,0.0007736318872051317
8114,SNURF (8926),2.077856135939455e-05,True,-0.002948460474855686,0.002948460474855686
8115,XYLT2 (64132),2.0772272989305176e-05,True,0.0028307318151277053,0.0028307318151277053
8116,MLST8 (64223),2.0766700991256375e-05,True,0.0011270605250657986,0.0011270605250657986
8117,CPB2 (1361),2.076564092788323e-05,True,-0.0017888213867394028,0.0017888213867394028
8118,UBAP1L (390595),2.0765203707610725e-05,True,-0.0007654402825772069,0.0007654402825772069
8119,ASDURF (110599588),2.07516175306223e-05,True,-0.0007140012888049376,0.0007140012888049376
8120,NRG1 (3084),2.073747258284887e-05,True,0.0009190072642349773,0.0009190072642349773
8121,RPL24 (6152),2.073330473222523e-05,True,0.0005867842614271396,0.0005867842614271396
8122,ZNF837 (116412),2.073288378115103e-05,True,-0.00012819619291652132,0.00012819619291652132
8123,RSBN1L (222194),2.071800935286122e-05,True,-0.0006090177904306037,0.0006090177904306037
8124,HPS4 (89781),2.071740126263014e-05,True,0.0008262192414657875,0.0008262192414657875
8125,KL (9365),2.0710696730745245e-05,True,-0.001624317503714039,0.001624317503714039
8126,ALAD (210),2.0679721923735174e-05,True,0.00022210044631977306,0.00022210044631977306
8127,GUCD1 (83606),2.0678987265803493e-05,True,-0.0017434751450721602,0.0017434751450721602
8128,MPP7 (143098),2.0678026956420007e-05,True,0.003162442574355875,0.003162442574355875
8129,SNAI3 (333929),2.0676701111040162e-05,True,-0.0013088110485349757,0.0013088110485349757
8130,IPO8 (10526),2.065602377126529e-05,True,0.0016586882739474714,0.0016586882739474714
8131,ZC3HAV1 (56829),2.064916185563232e-05,True,-0.0001818082633925995,0.0001818082633925995
8132,TMUB2 (79089),2.06459671788379e-05,True,0.00036379426067824783,0.00036379426067824783
8133,UBR4 (23352),2.064383473833713e-05,True,-0.00012338992329151096,0.00012338992329151096
8134,NANOS3 (342977),2.0641770174701322e-05,True,0.0008631924394881226,0.0008631924394881226
8135,PFN1 (5216),2.063359268341998e-05,True,-0.0014305081016500734,0.0014305081016500734
8136,NOM1 (64434),2.063176838802361e-05,True,-0.00018212199701613321,0.00018212199701613321
8137,ZNF449 (203523),2.0631342281575085e-05,True,0.0004510651975622118,0.0004510651975622118
8138,GNL3 (26354),2.0631310848136862e-05,True,0.0004754313224269004,0.0004754313224269004
8139,UGT2A3 (79799),2.062959426549948e-05,True,-0.003425733408812203,0.003425733408812203
8140,VSIG2 (23584),2.062055924573127e-05,True,-0.0017449221727571676,0.0017449221727571676
8141,OPN5 (221391),2.0609355988235288e-05,True,-0.0006399007030361254,0.0006399007030361254
8142,POMGNT2 (84892),2.05872840020628e-05,True,0.0008695934618166845,0.0008695934618166845
8143,IGDCC3 (9543),2.0585477041756893e-05,True,0.0006494763227540867,0.0006494763227540867
8144,DNMT1 (1786),2.0570361603278338e-05,True,-0.0004750593629093197,0.0004750593629093197
8145,GTPBP4 (23560),2.0569181016288946e-05,True,-0.00012602962898606505,0.00012602962898606505
8146,ITPRIPL1 (150771),2.0561409360824727e-05,True,-0.0021400803129932033,0.0021400803129932033
8147,SPARC (6678),2.0558612380464445e-05,True,-0.00031753187333684535,0.00031753187333684535
8148,NAV1 (89796),2.0557171581490545e-05,True,-0.0002950737465305963,0.0002950737465305963
8149,IFT46 (56912),2.0551372105367786e-05,True,0.001576894354906554,0.001576894354906554
8150,BBS12 (166379),2.0534053798921153e-05,True,-0.00013843175264804854,0.00013843175264804854
8151,AATK (9625),2.0525842798952004e-05,True,-0.0019174108093555774,0.0019174108093555774
8152,CREBZF (58487),2.0517169000192943e-05,True,-0.000526114256716751,0.000526114256716751
8153,CALHM3 (119395),2.0514739205808937e-05,True,-0.0034107191691086676,0.0034107191691086676
8154,GRIA1 (2890),2.0514598172464524e-05,True,0.0017430304493613966,0.0017430304493613966
8155,EPM2A (7957),2.0509057273761342e-05,True,-0.000504234048600481,0.000504234048600481
8156,SIGLEC1 (6614),2.0508418816647193e-05,True,-0.00010385293909552973,0.00010385293909552973
8157,MBOAT1 (154141),2.0506308756168778e-05,True,-4.816115677303717e-05,4.816115677303717e-05
8158,CEP120 (153241),2.0505151158980038e-05,True,-0.0015930067737873724,0.0015930067737873724
8159,CREB3L4 (148327),2.0497093701225104e-05,True,-0.0010625016677989888,0.0010625016677989888
8160,ZKSCAN8 (7745),2.0451134581891748e-05,True,-0.0033829045653239447,0.0033829045653239447
8161,LDB3 (11155),2.0446794216616434e-05,True,-0.0006211936005558398,0.0006211936005558398
8162,BPIFB4 (149954),2.044380147071346e-05,True,-0.0017402709827694434,0.0017402709827694434
8163,RP1L1 (94137),2.04430621646217e-05,True,-0.0007140632936944249,0.0007140632936944249
8164,KRTAP5-10 (387273),2.0441911083305147e-05,True,-0.0009570506556582463,0.0009570506556582463
8165,ABCF3 (55324),2.0440260376415352e-05,True,-0.00027984218605673684,0.00027984218605673684
8166,ZNF84 (7637),2.0439212324568214e-05,True,0.00014247063521584738,0.00014247063521584738
8167,ARMC2 (84071),2.043606041140196e-05,True,-0.00021906899861386196,0.00021906899861386196
8168,HOXC10 (3226),2.0435060455687077e-05,True,-0.000427533227624427,0.000427533227624427
8169,ITSN1 (6453),2.043451570972678e-05,True,0.00036627655226280885,0.00036627655226280885
8170,NIPBL (25836),2.043320497710467e-05,True,0.0009421946542543191,0.0009421946542543191
8171,AVL9 (23080),2.0423474992244272e-05,True,4.725295465029698e-05,4.725295465029698e-05
8172,CHMP4B (128866),2.0415133858984847e-05,True,0.0017173588446829555,0.0017173588446829555
8173,CEP57 (9702),2.040616481496437e-05,True,0.0013144843369428255,0.0013144843369428255
8174,STX12 (23673),2.0389067474951334e-05,True,0.00041416387526129915,0.00041416387526129915
8175,CNTN3 (5067),2.0387431970288224e-05,True,-0.0017053980056878008,0.0017053980056878008
8176,COQ8A (56997),2.0383861688483694e-05,True,0.0006141150501409343,0.0006141150501409343
8177,FAM167B (84734),2.0370686512965816e-05,True,-0.0015048286714143585,0.0015048286714143585
8178,IPO11 (51194),2.0370238495991636e-05,True,-0.0033765134510450236,0.0033765134510450236
8179,ELOA (6924),2.0362545594936975e-05,True,3.102441584146515e-05,3.102441584146515e-05
8180,ZNF18 (7566),2.0361110064377416e-05,True,-0.0009262254526447382,0.0009262254526447382
8181,VANGL1 (81839),2.0349789147543808e-05,True,-0.0021023064918713,0.0021023064918713
8182,OCIAD1 (54940),2.0318553732770483e-05,True,-0.003663111015825768,0.003663111015825768
8183,ABCD2 (225),2.0314264335175197e-05,True,-0.0009501124497003934,0.0009501124497003934
8184,ZNF213 (7760),2.0289351231052606e-05,True,0.0027461147958754237,0.0027461147958754237
8185,CCDC83 (220047),2.0283204129671268e-05,True,0.003718257166635097,0.003718257166635097
8186,ENPP4 (22875),2.0277658681797293e-05,True,0.0029476187238367175,0.0029476187238367175
8187,TARBP1 (6894),2.0276198778302172e-05,True,-0.00034959802400944743,0.00034959802400944743
8188,PPP1R3G (648791),2.0272045025966803e-05,True,0.002012719385101459,0.002012719385101459
8189,HSPE1 (3336),2.0270305167141998e-05,True,0.00106924304663015,0.00106924304663015
8190,BTG2 (7832),2.026594955009154e-05,True,-0.002166274837662144,0.002166274837662144
8191,FAM135B (51059),2.0232484037989376e-05,True,0.0008680981752146103,0.0008680981752146103
8192,GRK5 (2869),2.0231097009759448e-05,True,-0.0007865625455116144,0.0007865625455116144
8193,MUCL3 (135656),2.0230445204001416e-05,True,-0.00231847038521082,0.00231847038521082
8194,PCLAF (9768),2.022446930137148e-05,True,-0.001395242184019267,0.001395242184019267
8195,MED30 (90390),2.0204080912964722e-05,True,0.0008485294943362707,0.0008485294943362707
8196,GABRE (2564),2.0199820746689427e-05,True,-0.001937058042863448,0.001937058042863448
8197,OR2L2 (26246),2.019936295278632e-05,True,-0.0022090564140072417,0.0022090564140072417
8198,TRIM22 (10346),2.0190538771903002e-05,True,-0.0007248162794238602,0.0007248162794238602
8199,DEPDC7 (91614),2.0187213945854026e-05,True,0.0011982627158872794,0.0011982627158872794
8200,PRKDC (5591),2.017947781854113e-05,True,-7.540966636375261e-05,7.540966636375261e-05
8201,LAIR1 (3903),2.0171427584780354e-05,True,-0.004584018027205994,0.004584018027205994
8202,SYPL1 (6856),2.0166638086373815e-05,True,-0.000469014114037328,0.000469014114037328
8203,DCUN1D2 (55208),2.015341097885909e-05,True,-0.0015163617873408502,0.0015163617873408502
8204,ALDH3A1 (218),2.0150776720388313e-05,True,-0.00026928869120788077,0.00026928869120788077
8205,TCEAL4 (79921),2.0147910316935363e-05,True,-0.001734776717746445,0.001734776717746445
8206,LENG1 (79165),2.01396899937082e-05,True,0.0005406123980293421,0.0005406123980293421
8207,RAB18 (22931),2.0139316098195628e-05,True,-0.0007498928608771734,0.0007498928608771734
8208,MARCHF2 (51257),2.013598698291461e-05,True,-0.002014716482924596,0.002014716482924596
8209,CIAO3 (64428),2.0122891017185437e-05,True,0.0017631446155360398,0.0017631446155360398
8210,GGT1 (2678),2.0119845892450115e-05,True,-0.0005105107376140721,0.0005105107376140721
8211,UTP6 (55813),2.0115251313023438e-05,True,0.0010395567761926478,0.0010395567761926478
8212,GSTT2B (653689),2.0115015648298426e-05,True,-0.0011124020903349487,0.0011124020903349487
8213,AFTPH (54812),2.0110300416494933e-05,True,-0.00021831975892752404,0.00021831975892752404
8214,MLKL (197259),2.0106578896980503e-05,True,0.0001089520513392872,0.0001089520513392872
8215,BIRC3 (330),2.009704742570721e-05,True,-0.00025919066158961845,0.00025919066158961845
8216,FAM220A (84792),2.008649834546675e-05,True,-5.123300202679391e-05,5.123300202679391e-05
8217,CDKN1A (1026),2.00825995992773e-05,True,-0.001592763997931848,0.001592763997931848
8218,GJD2 (57369),2.0071409990933874e-05,True,0.000297443472357613,0.000297443472357613
8219,TSPAN19 (144448),2.007116597372397e-05,True,-0.001697250736513888,0.001697250736513888
8220,NFAT5 (10725),2.006846504763691e-05,True,-0.0006913691351117415,0.0006913691351117415
8221,SDR42E1 (93517),2.0066965715228577e-05,True,-0.00022368728170069275,0.00022368728170069275
8222,WASF1 (8936),2.0058681475051306e-05,True,-0.000523373565284038,0.000523373565284038
8223,ATF1 (466),2.0052982962632558e-05,True,-0.0004984211756917193,0.0004984211756917193
8224,PYURF (100996939),2.0044282536317218e-05,True,0.0005649044402067887,0.0005649044402067887
8225,EXOC3 (11336),2.0037717327692574e-05,True,0.0023910813433027523,0.0023910813433027523
8226,LMAN1 (3998),2.0035010625181894e-05,True,0.0003199508062180579,0.0003199508062180579
8227,SPRR1B (6699),2.0026162225075883e-05,True,-0.001785905048009402,0.001785905048009402
8228,REXO2 (25996),2.0026022273884723e-05,True,0.0014064462383929254,0.0014064462383929254
8229,PPM1J (333926),2.0020547714518554e-05,True,-0.003706452253126534,0.003706452253126534
8230,PLCL1 (5334),2.001895807225058e-05,True,-0.001912162041413346,0.001912162041413346
8231,HMGXB4 (10042),2.001749599786067e-05,True,-0.0007203713782690815,0.0007203713782690815
8232,MRO (83876),2.0005983448846436e-05,True,0.0005931001362539535,0.0005931001362539535
8233,C10orf62 (414157),2.000235168336024e-05,True,0.00027749160226659027,0.00027749160226659027
8234,ANKRD34B (340120),1.9985738186969e-05,True,-0.0005153536329141838,0.0005153536329141838
8235,CDH3 (1001),1.9984427693475545e-05,True,0.0019352710739424842,0.0019352710739424842
8236,MMP23B (8510),1.9982477642211257e-05,True,-0.0010672953788481055,0.0010672953788481055
8237,NBEAL2 (23218),1.997156480608366e-05,True,-0.0014831379962752527,0.0014831379962752527
8238,RUFY1 (80230),1.9968735540280084e-05,True,-0.0009609534351329202,0.0009609534351329202
8239,FOXJ2 (55810),1.9967907122518564e-05,True,0.0012021155884892633,0.0012021155884892633
8240,TBRG1 (84897),1.9952852225775347e-05,True,0.0017678362539881147,0.0017678362539881147
8241,ALG1 (56052),1.9951190035178853e-05,True,0.0002573173334627626,0.0002573173334627626
8242,TEX29 (121793),1.9934045486846134e-05,True,0.0017798814877574378,0.0017798814877574378
8243,PRKCG (5582),1.993284677820067e-05,True,-0.001278886460635769,0.001278886460635769
8244,ZNF569 (148266),1.9927212772831994e-05,True,0.000493575085725802,0.000493575085725802
8245,LGALSL (29094),1.9922545234862217e-05,True,-0.00020233614920747256,0.00020233614920747256
8246,ERICH3 (127254),1.9922047598021763e-05,True,1.2560975862145542e-05,1.2560975862145542e-05
8247,ACOT4 (122970),1.9915028323908975e-05,True,0.001545504413182957,0.001545504413182957
8248,ZNF407 (55628),1.9909217492150522e-05,True,-0.000540811289394749,0.000540811289394749
8249,KBTBD3 (143879),1.9908909136299317e-05,True,-0.0009083900008640412,0.0009083900008640412
8250,CTSW (1521),1.9870275703645208e-05,True,0.0028974040189256277,0.0028974040189256277
8251,CDKL4 (344387),1.9868860355634883e-05,True,-0.0007020891262594557,0.0007020891262594557
8252,ADAMTS7 (11173),1.9868519047311303e-05,True,-0.0015904046155206454,0.0015904046155206454
8253,ATP6V0B (533),1.9856367772902607e-05,True,1.6606825603800125e-05,1.6606825603800125e-05
8254,DHX38 (9785),1.98551454495961e-05,True,-0.0020997056652624184,0.0020997056652624184
8255,CPXM1 (56265),1.9851368819716026e-05,True,0.0021842903247901533,0.0021842903247901533
8256,PAK3 (5063),1.984374094185224e-05,True,-0.0007393673206731838,0.0007393673206731838
8257,ZNF544 (27300),1.9837686931631735e-05,True,-2.7722845493600252e-05,2.7722845493600252e-05
8258,SRSF4 (6429),1.9817090619348292e-05,True,-0.00035622834363928206,0.00035622834363928206
8259,JPH1 (56704),1.9799532691914313e-05,True,0.0011531963343124547,0.0011531963343124547
8260,TYMP (1890),1.9790351965283574e-05,True,-0.001991487589060316,0.001991487589060316
8261,MKKS (8195),1.977505642143867e-05,True,0.0009240440239352255,0.0009240440239352255
8262,ADAMTS20 (80070),1.9771271797584576e-05,True,-0.0024619808048707034,0.0024619808048707034
8263,METTL6 (131965),1.9769359980581202e-05,True,0.0010536075790091967,0.0010536075790091967
8264,GLDN (342035),1.9759326425812763e-05,True,-0.0009755675857139789,0.0009755675857139789
8265,USP12 (219333),1.9756243145544787e-05,True,-0.00040734556520859015,0.00040734556520859015
8266,PRKD2 (25865),1.9727031938780115e-05,True,-0.0016660814629062025,0.0016660814629062025
8267,TEX13A (56157),1.972290661105501e-05,True,0.003036001028751648,0.003036001028751648
8268,FMNL1 (752),1.9715779529695016e-05,True,0.00141452578129258,0.00141452578129258
8269,PUS7L (83448),1.9713722097820668e-05,True,0.0008220430799514235,0.0008220430799514235
8270,NPC1L1 (29881),1.970315208442453e-05,True,-9.522029445841232e-05,9.522029445841232e-05
8271,FBRS (64319),1.9702730677088484e-05,True,0.0007021603687341399,0.0007021603687341399
8272,PDPK1 (5170),1.969165978783297e-05,True,-0.0002480747728836265,0.0002480747728836265
8273,ARPC5L (81873),1.96903831023141e-05,True,-0.0004523671789869051,0.0004523671789869051
8274,COX15 (1355),1.9677498317702425e-05,True,0.00042707747447577436,0.00042707747447577436
8275,FAM151A (338094),1.9676890810923188e-05,True,-0.0005827463957002332,0.0005827463957002332
8276,KTN1 (3895),1.9673171945892847e-05,True,-0.0008369778633295289,0.0008369778633295289
8277,IER3IP1 (51124),1.9667146134577e-05,True,0.001786058142272009,0.001786058142272009
8278,PMP2 (5375),1.9664787181517554e-05,True,0.00016120513562465993,0.00016120513562465993
8279,MCHR2 (84539),1.966186052629791e-05,True,0.002294846022572904,0.002294846022572904
8280,GAS2L3 (283431),1.9645949798952936e-05,True,0.00438112949096632,0.00438112949096632
8281,THBS4 (7060),1.9644233655221626e-05,True,0.002938029148058244,0.002938029148058244
8282,WAS (7454),1.9632005186045642e-05,True,0.0006269388329354969,0.0006269388329354969
8283,GOLGA6L9 (440295),1.9631819740379833e-05,True,0.0003781732377343837,0.0003781732377343837
8284,INSL4 (3641),1.9619828675027377e-05,True,0.00015118832852823502,0.00015118832852823502
8285,PRDX5 (25824),1.9619126357818248e-05,True,-0.002522812123798627,0.002522812123798627
8286,ZBTB11 (27107),1.9618804082535138e-05,True,0.0008601658902579645,0.0008601658902579645
8287,OTUD1 (220213),1.961334794948829e-05,True,0.00014585943733171688,0.00014585943733171688
8288,LEAP2 (116842),1.9601931882371715e-05,True,-0.002740403062851657,0.002740403062851657
8289,CAV2 (858),1.959514996062767e-05,True,0.0015436740518824917,0.0015436740518824917
8290,CLN5 (1203),1.9592043113419876e-05,True,-0.0034175901068314567,0.0034175901068314567
8291,NOP2 (4839),1.958107020596561e-05,True,0.00308712791451744,0.00308712791451744
8292,CNIH1 (10175),1.9577877309436587e-05,True,-0.0002780210552884398,0.0002780210552884398
8293,PRXL2C (195827),1.9577675336603096e-05,True,0.0008030520145969776,0.0008030520145969776
8294,UPK1A (11045),1.956723351448959e-05,True,-0.0024412975187702705,0.0024412975187702705
8295,TMEM117 (84216),1.9566874209512203e-05,True,-2.061163731473031e-05,2.061163731473031e-05
8296,SNAPC1 (6617),1.9555682807274824e-05,True,0.0013678618981758156,0.0013678618981758156
8297,TOE1 (114034),1.9554962999378512e-05,True,0.0004285598908168285,0.0004285598908168285
8298,C17orf99 (100141515),1.9550011733937756e-05,True,-0.0034457878979315642,0.0034457878979315642
8299,TRIM21 (6737),1.9548515894774213e-05,True,-0.0008504823626914019,0.0008504823626914019
8300,NFIL3 (4783),1.954288593186057e-05,True,0.0020948008794146543,0.0020948008794146543
8301,GTF2B (2959),1.9537466428013698e-05,True,-0.000536118884165942,0.000536118884165942
8302,AKAP8L (26993),1.9536731371937802e-05,True,0.0002452584381343623,0.0002452584381343623
8303,SERPINB7 (8710),1.9536055019853074e-05,True,0.0007073024537639083,0.0007073024537639083
8304,TOGARAM2 (165186),1.952693980668482e-05,True,0.0011857598199871797,0.0011857598199871797
8305,RNF175 (285533),1.9517181440598067e-05,True,0.0003658341232840863,0.0003658341232840863
8306,KIFC1 (3833),1.951648934993001e-05,True,0.0006167675026291829,0.0006167675026291829
8307,TET2 (54790),1.9505004915976643e-05,True,0.001198733325556331,0.001198733325556331
8308,ZRANB1 (54764),1.9501425126709347e-05,True,0.0014398301781322971,0.0014398301781322971
8309,ANKRD13B (124930),1.9500018822763274e-05,True,-0.001057299421374111,0.001057299421374111
8310,VASP (7408),1.9484714307558193e-05,True,0.00037550567036392414,0.00037550567036392414
8311,CTTNBP2 (83992),1.9475785590459176e-05,True,0.0011452025493064893,0.0011452025493064893
8312,LRP4 (4038),1.94637790760897e-05,True,-0.0009639965657714263,0.0009639965657714263
8313,CCDC141 (285025),1.9458784303297786e-05,True,0.0014821993642733346,0.0014821993642733346
8314,CCDC78 (124093),1.9457131628920786e-05,True,0.0008761261890311203,0.0008761261890311203
8315,ITGB1BP1 (9270),1.9456055168665705e-05,True,-0.0005677815864868123,0.0005677815864868123
8316,NACA2 (342538),1.9436632368654465e-05,True,0.0019740382016066355,0.0019740382016066355
8317,RARRES1 (5918),1.94296678731538e-05,True,-0.0037661300929699524,0.0037661300929699524
8318,DERPC (113455421),1.9426925789841097e-05,True,-0.0012895102442724276,0.0012895102442724276
8319,TRIM32 (22954),1.941937956865354e-05,True,0.0008395399410963205,0.0008395399410963205
8320,MGAT5 (4249),1.941436081154235e-05,True,-0.001393542824881684,0.001393542824881684
8321,PKP1 (5317),1.9406802205921157e-05,True,-0.0005465083380669467,0.0005465083380669467
8322,TMEM184C (55751),1.9405841472781206e-05,True,-0.0025950312874392736,0.0025950312874392736
8323,ASCL3 (56676),1.9405522180674302e-05,True,-0.0018993048562575155,0.0018993048562575155
8324,ABL2 (27),1.9399469913438675e-05,True,0.0011336786207738795,0.0011336786207738795
8325,SPPL2C (162540),1.9390873649602565e-05,True,0.0008216824525610037,0.0008216824525610037
8326,CMPK1 (51727),1.9390664225365532e-05,True,0.0019386175710616486,0.0019386175710616486
8327,MTCH2 (23788),1.9390074701879488e-05,True,0.0011778091263042992,0.0011778091263042992
8328,PRRT4 (401399),1.938831936691513e-05,True,-7.263382933072899e-05,7.263382933072899e-05
8329,DLX6 (1750),1.937009243790124e-05,True,0.0024111955684562175,0.0024111955684562175
8330,TSC1 (7248),1.9357957519800415e-05,True,-0.0005909019400830261,0.0005909019400830261
8331,SMARCAL1 (50485),1.935652649840839e-05,True,0.0026674951259522766,0.0026674951259522766
8332,FBXO21 (23014),1.9351510381736187e-05,True,-0.0003224977157359642,0.0003224977157359642
8333,SDHAF1 (644096),1.9343612032981262e-05,True,-0.0005309995017018705,0.0005309995017018705
8334,CPNE2 (221184),1.9331658251371035e-05,True,-0.0015586669886776385,0.0015586669886776385
8335,MSH3 (4437),1.9329853211379028e-05,True,-0.0005972497963883367,0.0005972497963883367
8336,RSPH10B2 (728194),1.9328381173271757e-05,True,-0.0015482133444155702,0.0015482133444155702
8337,PITPNM3 (83394),1.9327784189199304e-05,True,0.004210462503381208,0.004210462503381208
8338,GPD2 (2820),1.9317655119684576e-05,True,-0.002043764642399791,0.002043764642399791
8339,GRHL1 (29841),1.9313970781428023e-05,True,-0.00022192181777944825,0.00022192181777944825
8340,DHCR7 (1717),1.9307715422796576e-05,True,-0.0010966697618109368,0.0010966697618109368
8341,EVA1C (59271),1.9303404993975955e-05,True,-0.002013840489972214,0.002013840489972214
8342,OTUD7A (161725),1.9288846879292343e-05,True,-0.0017941193023995952,0.0017941193023995952
8343,RPN2 (6185),1.9271163841628377e-05,True,0.0012922133362281612,0.0012922133362281612
8344,MTF2 (22823),1.9269135036671872e-05,True,-2.1832111185937468e-05,2.1832111185937468e-05
8345,RBIS (401466),1.926095853929608e-05,True,0.0017902215071167698,0.0017902215071167698
8346,ENOX2 (10495),1.9246525950898226e-05,True,-0.0014752042304196425,0.0014752042304196425
8347,JADE2 (23338),1.921752661970041e-05,True,-0.0019706584363197365,0.0019706584363197365
8348,CACUL1 (143384),1.921488578341222e-05,True,0.00042962279478391625,0.00042962279478391625
8349,SLC12A1 (6557),1.9212347224532762e-05,True,0.0017943486457009338,0.0017943486457009338
8350,PER3 (8863),1.919596071785825e-05,True,-0.0011877433095219122,0.0011877433095219122
8351,MRPS23 (51649),1.9186387809805698e-05,True,0.0010236959388611028,0.0010236959388611028
8352,CHFR (55743),1.9164669683178972e-05,True,0.0013715646074190014,0.0013715646074190014
8353,ULBP1 (80329),1.9159809372148432e-05,True,-0.0019616328095883604,0.0019616328095883604
8354,SLC18A2 (6571),1.9153209429562506e-05,True,0.0037250800551473853,0.0037250800551473853
8355,RAG2 (5897),1.9152395318577412e-05,True,-0.0003633813857827321,0.0003633813857827321
8356,ATP6V1D (51382),1.9135250158831542e-05,True,0.0007084502906667129,0.0007084502906667129
8357,VPS37D (155382),1.9125191785355782e-05,True,-0.001894736817782862,0.001894736817782862
8358,C11orf42 (160298),1.9121463643854353e-05,True,7.94316982571301e-06,7.94316982571301e-06
8359,DNAJC4 (3338),1.911817955741006e-05,True,0.0001829496129746313,0.0001829496129746313
8360,NAPEPLD (222236),1.9112633319782057e-05,True,-0.00025288831728450384,0.00025288831728450384
8361,EZH1 (2145),1.9101707031291707e-05,True,0.0002700917322026021,0.0002700917322026021
8362,WASHC1 (100287171),1.910158361212076e-05,True,0.0019757437374081028,0.0019757437374081028
8363,ARL8B (55207),1.909317915865716e-05,True,-0.00048538422301935705,0.00048538422301935705
8364,ANAPC5 (51433),1.9086430134794956e-05,True,-0.00042308530616029776,0.00042308530616029776
8365,ATP5F1E (514),1.9086385450547355e-05,True,-3.997948509196225e-05,3.997948509196225e-05
8366,CCDC54 (84692),1.9082772523461357e-05,True,0.0008097233703373037,0.0008097233703373037
8367,DSTYK (25778),1.9066193142295113e-05,True,0.0005560645517076559,0.0005560645517076559
8368,DDX50 (79009),1.9057060974295268e-05,True,-1.4598902766186348e-06,1.4598902766186348e-06
8369,ACOXL (55289),1.9045932098134375e-05,True,-0.0013646483080229572,0.0013646483080229572
8370,HMG20B (10362),1.903043930320093e-05,True,-0.0007363462956681494,0.0007363462956681494
8371,AK5 (26289),1.9021250497405563e-05,True,0.000521572092487219,0.000521572092487219
8372,BCL11A (53335),1.9017544534393214e-05,True,0.0001913141293353553,0.0001913141293353553
8373,APOL4 (80832),1.900798553818996e-05,True,-0.0019337153230401776,0.0019337153230401776
8374,VPS33B (26276),1.900295237936759e-05,True,-0.0023672045437380393,0.0023672045437380393
8375,DZIP1 (22873),1.8991405171950564e-05,True,0.00017526446759778477,0.00017526446759778477
8376,LRATD1 (151354),1.8989009195520705e-05,True,0.000411951333339936,0.000411951333339936
8377,SPO11 (23626),1.8988350452636253e-05,True,0.0016590965958574182,0.0016590965958574182
8378,OBSCN (84033),1.8981857175013427e-05,True,0.002272141458103936,0.002272141458103936
8379,CDKN1B (1027),1.898176445331586e-05,True,0.001806688218992435,0.001806688218992435
8380,RTL1 (388015),1.8967176626597062e-05,True,0.0006791615685687075,0.0006791615685687075
8381,DIO2 (1734),1.8964336196865974e-05,True,-0.0029678362407045385,0.0029678362407045385
8382,H4C11 (8363),1.8950508842180373e-05,True,-0.004638439137030234,0.004638439137030234
8383,SMIM47 (105372440),1.8943960085235995e-05,True,-0.0013439617159543159,0.0013439617159543159
8384,H2AZ1 (3015),1.8939440805403036e-05,True,0.0005780555658336708,0.0005780555658336708
8385,BTD (686),1.8921338473388576e-05,True,-0.0008694718565925842,0.0008694718565925842
8386,PRSS57 (400668),1.8909686855066216e-05,True,0.003222048443100753,0.003222048443100753
8387,ZNF592 (9640),1.8905426577179222e-05,True,0.0001638965116139853,0.0001638965116139853
8388,CEACAM21 (90273),1.890479772980138e-05,True,-0.0023005309134372038,0.0023005309134372038
8389,TFEB (7942),1.8903303150716537e-05,True,0.0007548677931289189,0.0007548677931289189
8390,SAV1 (60485),1.889867405213545e-05,True,-0.001746459474150907,0.001746459474150907
8391,CALU (813),1.889839164524789e-05,True,0.0012637043026473768,0.0012637043026473768
8392,ABCC1 (4363),1.8895728415074712e-05,True,0.0012819921035576716,0.0012819921035576716
8393,PPP1R18 (170954),1.8879465768748704e-05,True,-0.0019873169511714795,0.0019873169511714795
8394,CHAD (1101),1.8878440218396425e-05,True,-0.0010398010123545747,0.0010398010123545747
8395,SLC6A1 (6529),1.8871396701335114e-05,True,0.001368475233660124,0.001368475233660124
8396,CORO1C (23603),1.88705431918988e-05,True,0.0003717316740399827,0.0003717316740399827
8397,ATM (472),1.886619741806835e-05,True,0.002320824127442215,0.002320824127442215
8398,RRH (10692),1.8860682084705654e-05,True,-0.0015254599944216876,0.0015254599944216876
8399,ZNF35 (7584),1.8844074613992317e-05,True,0.0038191215781162038,0.0038191215781162038
8400,MCTS1 (28985),1.884262179463579e-05,True,0.0009190979129270432,0.0009190979129270432
8401,VDAC2 (7417),1.8834036529508662e-05,True,1.6713777515951105e-05,1.6713777515951105e-05
8402,NIPAL2 (79815),1.8826664326340648e-05,True,0.0013244404105868441,0.0013244404105868441
8403,C22orf39 (128977),1.882645952206451e-05,True,0.0009387922286457635,0.0009387922286457635
8404,SGCA (6442),1.8824303315300568e-05,True,7.722710175228544e-05,7.722710175228544e-05
8405,ALAS2 (212),1.8822234010530416e-05,True,-0.0024082604277238747,0.0024082604277238747
8406,CRNKL1 (51340),1.8820683314194106e-05,True,-0.0006015438847195851,0.0006015438847195851
8407,TRHDE (29953),1.881023702931014e-05,True,0.00032015691477139333,0.00032015691477139333
8408,COMMD2 (51122),1.880654166091422e-05,True,-0.0012980214155443735,0.0012980214155443735
8409,USP14 (9097),1.8802345683655573e-05,True,-0.0011806197584782881,0.0011806197584782881
8410,KICS2 (144577),1.8799941932818684e-05,True,0.0023971275899599995,0.0023971275899599995
8411,ATP8A1 (10396),1.8793020567094483e-05,True,-0.00204764560742568,0.00204764560742568
8412,BCL3 (602),1.879225918543421e-05,True,0.0006875335369114071,0.0006875335369114071
8413,PDLIM3 (27295),1.8784791152041593e-05,True,-0.0009126044808175295,0.0009126044808175295
8414,ZNF879 (345462),1.878196795440144e-05,True,0.0015418458525137476,0.0015418458525137476
8415,NEBL (10529),1.8765487843493962e-05,True,-0.0004830519990732423,0.0004830519990732423
8416,SETD9 (133383),1.8760521887308004e-05,True,0.0003375951256846133,0.0003375951256846133
8417,ANKRD16 (54522),1.876022225453188e-05,True,-0.0016193674479019224,0.0016193674479019224
8418,MYO18A (399687),1.875984060908814e-05,True,-0.0010064599992602456,0.0010064599992602456
8419,GPR61 (83873),1.8747372590913548e-05,True,-0.0011471922002277092,0.0011471922002277092
8420,TOP2A (7153),1.8747026749367676e-05,True,0.0010372813815508397,0.0010372813815508397
8421,PEAR1 (375033),1.8743361652025713e-05,True,-0.000867375710339182,0.000867375710339182
8422,GPAA1 (8733),1.8740097308406074e-05,True,0.0013806494943571462,0.0013806494943571462
8423,STX4 (6810),1.8736598441419983e-05,True,-0.0013524514284931396,0.0013524514284931396
8424,KGD4 (92259),1.873291689773413e-05,True,-0.00046569276816638713,0.00046569276816638713
8425,GLYATL2 (219970),1.871750423010949e-05,True,0.0015534313511296031,0.0015534313511296031
8426,FOSB (2354),1.871029312296394e-05,True,-0.00013084793191872764,0.00013084793191872764
8427,SNRPB (6628),1.870374953504702e-05,True,-0.002556408807069123,0.002556408807069123
8428,ZNF461 (92283),1.8695544063972652e-05,True,0.0001391265936184947,0.0001391265936184947
8429,PLA2G2A (5320),1.8672313185853817e-05,True,-0.0024477738123181605,0.0024477738123181605
8430,SH3BP2 (6452),1.8671762930516612e-05,True,-0.0006657562305057796,0.0006657562305057796
8431,ARHGEF7 (8874),1.86628165992235e-05,True,-0.00047733637461750637,0.00047733637461750637
8432,SLC34A2 (10568),1.8658792298271556e-05,True,-0.001489015430793766,0.001489015430793766
8433,IFI6 (2537),1.865642406093137e-05,True,0.0008467418769108643,0.0008467418769108643
8434,TTC4 (7268),1.864868816919128e-05,True,0.0032741821530000072,0.0032741821530000072
8435,FAM131A (131408),1.8646056876332316e-05,True,-0.0005900264623600797,0.0005900264623600797
8436,DMKN (93099),1.86305105420169e-05,True,-0.002529922174784225,0.002529922174784225
8437,RAN (5901),1.8628913915671553e-05,True,-0.0011996043746688037,0.0011996043746688037
8438,PYY (5697),1.86202618102946e-05,True,0.0040614220520529196,0.0040614220520529196
8439,FUT2 (2524),1.8614083540201705e-05,True,0.0007710802265389486,0.0007710802265389486
8440,ZNF70 (7621),1.8610092373720923e-05,True,0.001517749823929851,0.001517749823929851
8441,SLC2A11 (66035),1.860951543390077e-05,True,0.002731533091601186,0.002731533091601186
8442,MICOS10 (440574),1.8606163310053802e-05,True,0.000976441666528048,0.000976441666528048
8443,CRISP1 (167),1.8603473894265427e-05,True,0.0002929913926014014,0.0002929913926014014
8444,RNF14 (9604),1.859831870835485e-05,True,0.00185809238563117,0.00185809238563117
8445,YJU2B (81576),1.8595430979940877e-05,True,0.00034414300373569046,0.00034414300373569046
8446,SNRNP70 (6625),1.859388370519382e-05,True,7.2277972697374834e-06,7.2277972697374834e-06
8447,EFCAB7 (84455),1.8575270951343712e-05,True,0.001030579464312167,0.001030579464312167
8448,PITX3 (5309),1.8574655011619365e-05,True,-0.002537086002222113,0.002537086002222113
8449,ENO3 (2027),1.857109139939619e-05,True,-0.0020223260754131216,0.0020223260754131216
8450,KATNAL1 (84056),1.8570171464248924e-05,True,-0.0007571050127243733,0.0007571050127243733
8451,ZNF564 (163050),1.8564090179836377e-05,True,-0.0009497989270628425,0.0009497989270628425
8452,VPS13B (157680),1.8561658083157243e-05,True,-0.0005293854755581402,0.0005293854755581402
8453,DCAF11 (80344),1.8561519721269602e-05,True,0.0008123953070487666,0.0008123953070487666
8454,HOXC9 (3225),1.85609799243888e-05,True,-0.00333861205938677,0.00333861205938677
8455,CRELD1 (78987),1.855985771519785e-05,True,0.0020669673582802135,0.0020669673582802135
8456,CACNB4 (785),1.8550568896702936e-05,True,0.00039546798704675925,0.00039546798704675925
8457,APAF1 (317),1.854805672390427e-05,True,0.00033727862067775343,0.00033727862067775343
8458,PLK2 (10769),1.854710450960345e-05,True,-0.0008657879448135757,0.0008657879448135757
8459,SLAMF8 (56833),1.854057665719688e-05,True,-0.00042294279606204066,0.00042294279606204066
8460,YARS2 (51067),1.8523466364678184e-05,True,0.0005093927767968002,0.0005093927767968002
8461,ZC2HC1A (51101),1.8517639739207835e-05,True,7.550459467889261e-05,7.550459467889261e-05
8462,ALDH7A1 (501),1.851220756146848e-05,True,-0.003897695337386173,0.003897695337386173
8463,AMH (268),1.8507402571474814e-05,True,-0.0002950546783874414,0.0002950546783874414
8464,PABIR1 (116224),1.8498003891209635e-05,True,0.001939226375914179,0.001939226375914179
8465,ZNF841 (284371),1.8488535759141993e-05,True,0.004676977630006452,0.004676977630006452
8466,C20orf202 (400831),1.848745325327776e-05,True,5.9495776759366584e-05,5.9495776759366584e-05
8467,RNF31 (55072),1.847896058956497e-05,True,-0.0003219695135620519,0.0003219695135620519
8468,ZNF444 (55311),1.8474575924331e-05,True,-0.0006392520756516012,0.0006392520756516012
8469,MAPK13 (5603),1.8470027972311097e-05,True,0.0006484416103374807,0.0006484416103374807
8470,OR7C1 (26664),1.8457719478936467e-05,True,0.001812773664222055,0.001812773664222055
8471,POLR2L (5441),1.845630095740409e-05,True,0.0008538938693036305,0.0008538938693036305
8472,SLC37A4 (2542),1.844580468871101e-05,True,0.002190429793088853,0.002190429793088853
8473,RPS7 (6201),1.8439664586242986e-05,True,0.0007719099059552452,0.0007719099059552452
8474,C2orf74 (339804),1.8439250189133073e-05,True,-0.0004014306365683882,0.0004014306365683882
8475,TMEM151B (441151),1.8438872921470227e-05,True,-3.645413726201512e-05,3.645413726201512e-05
8476,SLC37A3 (84255),1.8430483645467576e-05,True,-0.0013973984200478518,0.0013973984200478518
8477,STEAP1B (256227),1.842456595566913e-05,True,0.00025113303089629936,0.00025113303089629936
8478,CDC27 (996),1.8424402983377376e-05,True,-0.0005611599886728004,0.0005611599886728004
8479,CLNS1A (1207),1.8424184031449173e-05,True,0.0019117917262957379,0.0019117917262957379
8480,PLAAT5 (117245),1.8415716271241625e-05,True,-0.0023111899654371755,0.0023111899654371755
8481,OTUB2 (78990),1.8414057795912892e-05,True,-0.001066948551074023,0.001066948551074023
8482,BCAP29 (55973),1.8405509462653397e-05,True,-0.00042574445285282906,0.00042574445285282906
8483,MUL1 (79594),1.8402017700613427e-05,True,-0.0022312669688391,0.0022312669688391
8484,UGT2A1 (10941),1.8399967581322388e-05,True,-0.005022516394904763,0.005022516394904763
8485,PNMA8C (110806277),1.8391661624400744e-05,True,6.799075909730919e-05,6.799075909730919e-05
8486,E2F4 (1874),1.8384307310079533e-05,True,-0.0015195271949671849,0.0015195271949671849
8487,STPG4 (285051),1.838117028963954e-05,True,-0.003077004386834022,0.003077004386834022
8488,SLC35G2 (80723),1.837122143200575e-05,True,-0.0012366250781819345,0.0012366250781819345
8489,UBL3 (5412),1.836365921469809e-05,True,0.00042155486891669704,0.00042155486891669704
8490,GOLGA6L7 (728310),1.836124850621308e-05,True,-0.00018495341813839898,0.00018495341813839898
8491,TTC17 (55761),1.836095902382452e-05,True,0.002227851183204875,0.002227851183204875
8492,RPL36AL (6166),1.8354383988054177e-05,True,0.0006896192085193542,0.0006896192085193542
8493,PSORS1C2 (170680),1.8348525585513155e-05,True,-0.001100086657161437,0.001100086657161437
8494,GBP5 (115362),1.8344495936575717e-05,True,-0.0015563631061295624,0.0015563631061295624
8495,WAC (51322),1.833282487137543e-05,True,-0.0016176377101719843,0.0016176377101719843
8496,SEPSECS (51091),1.8328273702431838e-05,True,-0.00011972789996981962,0.00011972789996981962
8497,HPSE (10855),1.8321391373476917e-05,True,0.000822544675572847,0.000822544675572847
8498,TMEM68 (137695),1.8316880473456516e-05,True,-0.0010578647127555184,0.0010578647127555184
8499,KIF24 (347240),1.83071622727501e-05,True,-0.0006017058776267962,0.0006017058776267962
8500,GABRG3 (2567),1.8306805875300188e-05,True,-0.001876547529477908,0.001876547529477908
8501,ASTL (431705),1.8293427618213306e-05,True,-0.0003110113561800552,0.0003110113561800552
8502,DIP2C (22982),1.827204108843482e-05,True,0.002409447207992222,0.002409447207992222
8503,SGPP2 (130367),1.8271985845636064e-05,True,0.0030276746906575313,0.0030276746906575313
8504,PTPRK (5796),1.8249377538212377e-05,True,0.001281354242286838,0.001281354242286838
8505,ELAC2 (60528),1.824852924672545e-05,True,0.0012755122980277968,0.0012755122980277968
8506,SESN2 (83667),1.8243233694604966e-05,True,-0.0025907374076384903,0.0025907374076384903
8507,DAPP1 (27071),1.8222734861247333e-05,True,-0.0007845540910956985,0.0007845540910956985
8508,TMEM143 (55260),1.8207133206576378e-05,True,-0.0029558235945090594,0.0029558235945090594
8509,ZDHHC1 (29800),1.8185421457812642e-05,True,-0.0016785704188427605,0.0016785704188427605
8510,COPS3 (8533),1.8184967615959597e-05,True,0.0002705153707713466,0.0002705153707713466
8511,GTF2H2 (2966),1.818012265073457e-05,True,0.00041967338497916483,0.00041967338497916483
8512,CHERP (10523),1.8179311110233644e-05,True,0.0012805765606284224,0.0012805765606284224
8513,HMGN5 (79366),1.8178695404045408e-05,True,-0.00244285372974858,0.00244285372974858
8514,ARID3C (138715),1.817855970199341e-05,True,0.0008541630761799265,0.0008541630761799265
8515,U2SURP (23350),1.8178459438071766e-05,True,0.0003483638655362837,0.0003483638655362837
8516,STARD4 (134429),1.817547409027903e-05,True,0.0007261097265391933,0.0007261097265391933
8517,SEMA4G (57715),1.8165298450449185e-05,True,-0.0016757171655420594,0.0016757171655420594
8518,ITGA11 (22801),1.816461677158345e-05,True,-0.0003121866485963157,0.0003121866485963157
8519,WNT4 (54361),1.8163439521105104e-05,True,9.865798750189887e-05,9.865798750189887e-05
8520,TFAP2C (7022),1.8154745104521928e-05,True,0.00229314406686092,0.00229314406686092
8521,KRT81 (3887),1.8153322417144697e-05,True,-0.0006300684435888895,0.0006300684435888895
8522,KCNAB2 (8514),1.8151268757147125e-05,True,-0.0007855340949908614,0.0007855340949908614
8523,SLC16A6 (9120),1.8148857837690934e-05,True,-0.0007881686549367003,0.0007881686549367003
8524,ADCY10 (55811),1.8147612208417036e-05,True,7.763854799307441e-06,7.763854799307441e-06
8525,DGCR6L (85359),1.813555246249458e-05,True,0.00094595575786789,0.00094595575786789
8526,TMEM190 (147744),1.812375078250377e-05,True,-1.1379902559289622e-05,1.1379902559289622e-05
8527,ANKAR (150709),1.8121002878426953e-05,True,-9.762494788526815e-05,9.762494788526815e-05
8528,EML1 (2009),1.811376304653794e-05,True,0.0014873630803532544,0.0014873630803532544
8529,SPG11 (80208),1.8109577244573026e-05,True,-0.0018402386668275018,0.0018402386668275018
8530,LRRC43 (254050),1.8092372352160192e-05,True,0.002314465290063111,0.002314465290063111
8531,KHDRBS1 (10657),1.8090989331798272e-05,True,-0.0021235360075168167,0.0021235360075168167
8532,AP3M2 (10947),1.8086942821792598e-05,True,0.00029825844881010847,0.00029825844881010847
8533,MRPL21 (219927),1.8085230870274203e-05,True,0.0010564734702178493,0.0010564734702178493
8534,NUDT4B (440672),1.8075744828893338e-05,True,-0.002550104349567238,0.002550104349567238
8535,SMAD4 (4089),1.8065453278211593e-05,True,-0.0005614912278830422,0.0005614912278830422
8536,YWHAB (7529),1.806225506076026e-05,True,0.00048201947366756023,0.00048201947366756023
8537,CSNK1E (1454),1.805847826507385e-05,True,-0.0011377787538134731,0.0011377787538134731
8538,KNTC1 (9735),1.8056864478455357e-05,True,-0.0010197422020226789,0.0010197422020226789
8539,SMARCD3 (6604),1.805348540488763e-05,True,-0.003583603731340944,0.003583603731340944
8540,ECT2 (1894),1.8047691873926364e-05,True,-0.0019815210587174076,0.0019815210587174076
8541,WDR38 (401551),1.8045043920912464e-05,True,0.002004996571208924,0.002004996571208924
8542,TJP1 (7082),1.803873964910741e-05,True,0.0005616558615375734,0.0005616558615375734
8543,ACOT1 (641371),1.803130680382067e-05,True,0.00033665117588258225,0.00033665117588258225
8544,GOLGA6L25 (100132202),1.8026699413493606e-05,True,-0.00040947525696757566,0.00040947525696757566
8545,PFAS (5198),1.801958605533549e-05,True,0.001668656659633041,0.001668656659633041
8546,MARK3 (4140),1.801354221381432e-05,True,-0.00047018182725127775,0.00047018182725127775
8547,ZBTB26 (57684),1.8005631574354763e-05,True,-0.0003319924144180434,0.0003319924144180434
8548,VCF2 (90736),1.800277946052289e-05,True,4.3380518983038925e-05,4.3380518983038925e-05
8549,CCDC150 (284992),1.8001437692509284e-05,True,0.0013316124604400097,0.0013316124604400097
8550,CCDC159 (126075),1.7996934042921867e-05,True,0.0018562723501234254,0.0018562723501234254
8551,PCF11 (51585),1.7995019805047508e-05,True,-0.00019236751508525964,0.00019236751508525964
8552,TESMIN (9633),1.7993885239071857e-05,True,0.00043798001989445276,0.00043798001989445276
8553,CES2 (8824),1.798774702478481e-05,True,-0.0002581398009076141,0.0002581398009076141
8554,OGFOD1 (55239),1.7984400278569773e-05,True,0.0003576886512167447,0.0003576886512167447
8555,MATCAP2 (23366),1.797415366311836e-05,True,0.0007808780071730039,0.0007808780071730039
8556,R3HCC1L (27291),1.7967071283945434e-05,True,0.0004628815237550203,0.0004628815237550203
8557,FNBP1 (23048),1.795477242659375e-05,True,0.0022996582164220942,0.0022996582164220942
8558,NUP188 (23511),1.7952474257072487e-05,True,0.0007991014743617183,0.0007991014743617183
8559,GCLM (2730),1.795232954240303e-05,True,0.0017961371452396748,0.0017961371452396748
8560,ATP6V0A2 (23545),1.7943083714618812e-05,True,-0.0008565378439125739,0.0008565378439125739
8561,NTNG2 (84628),1.7929492487477984e-05,True,0.004234894139057247,0.004234894139057247
8562,TMEM161A (54929),1.7924992401465577e-05,True,-0.00038166589851672836,0.00038166589851672836
8563,DCBLD2 (131566),1.7923849972027705e-05,True,-0.0012117207348661752,0.0012117207348661752
8564,SLC46A1 (113235),1.7914559919517308e-05,True,-0.003793347603367094,0.003793347603367094
8565,RANBP2 (5903),1.7909141529661387e-05,True,-0.00023665306897158308,0.00023665306897158308
8566,RHOV (171177),1.7899399274663485e-05,True,-0.0005108581777735484,0.0005108581777735484
8567,HOXC11 (3227),1.7896746558892413e-05,True,0.00040811758482645673,0.00040811758482645673
8568,CTNNA2 (1496),1.789571743866989e-05,True,0.0011836817329182326,0.0011836817329182326
8569,EGR1 (1958),1.7881658022410066e-05,True,-0.0003796121648317449,0.0003796121648317449
8570,SLC46A3 (283537),1.7880669084774816e-05,True,0.000802696919100458,0.000802696919100458
8571,OTP (23440),1.7879890779033648e-05,True,0.0009572858259229767,0.0009572858259229767
8572,NSUN5 (55695),1.7878227773123002e-05,True,0.0016229522522563922,0.0016229522522563922
8573,NKRF (55922),1.7876590539020932e-05,True,-0.0003622713140351776,0.0003622713140351776
8574,DUSP26 (78986),1.7864331386245973e-05,True,0.00016753203633259424,0.00016753203633259424
8575,RHOT2 (89941),1.785695078302337e-05,True,0.00015837904435410778,0.00015837904435410778
8576,LY6G5B (58496),1.785415849683563e-05,True,-0.001401531654971069,0.001401531654971069
8577,SLC30A2 (7780),1.784154169701757e-05,True,0.0024860661813236873,0.0024860661813236873
8578,OVOL3 (728361),1.7841194728654216e-05,True,0.000501886853454814,0.000501886853454814
8579,IGIP (492311),1.784118331465026e-05,True,0.001391209187209138,0.001391209187209138
8580,VAMP1 (6843),1.7840017936601096e-05,True,0.0012716810809882022,0.0012716810809882022
8581,YIF1A (10897),1.7838135638174914e-05,True,0.0028294404177386496,0.0028294404177386496
8582,YTHDC2 (64848),1.7832377821115205e-05,True,-0.0021385447775548526,0.0021385447775548526
8583,SLCO1B3 (28234),1.7831768616665278e-05,True,-0.0013284538079740863,0.0013284538079740863
8584,VPREB1 (7441),1.781502205148159e-05,True,-0.001986420680912442,0.001986420680912442
8585,ERVV-2 (100271846),1.7811598322347457e-05,True,0.003173795951016544,0.003173795951016544
8586,SDCBP2 (27111),1.779983928748227e-05,True,0.0013233737027859745,0.0013233737027859745
8587,TMEM38A (79041),1.779602056995595e-05,True,-0.0024142129453584376,0.0024142129453584376
8588,SPAST (6683),1.7795368171362902e-05,True,-0.000665957780043668,0.000665957780043668
8589,ZNF426 (79088),1.7795292201919346e-05,True,0.00044451090805051755,0.00044451090805051755
8590,FLT3 (2322),1.779236913319138e-05,True,-0.0015175562093237178,0.0015175562093237178
8591,CHMP3 (51652),1.7788019893524616e-05,True,-9.359672354028589e-07,9.359672354028589e-07
8592,RUSC1 (23623),1.778129207681086e-05,True,-0.001560294523936735,0.001560294523936735
8593,C2CD4C (126567),1.7781138447569914e-05,True,-0.0013640576549677431,0.0013640576549677431
8594,SMIM38 (107984345),1.7774142580495292e-05,True,-0.00016960323692345172,0.00016960323692345172
8595,RGS14 (10636),1.775743317174619e-05,True,-5.033350283559527e-06,5.033350283559527e-06
8596,LRP2 (4036),1.7749577108780014e-05,True,-0.0014182305134340456,0.0014182305134340456
8597,STK39 (27347),1.7739320752367016e-05,True,-0.0031611854608838623,0.0031611854608838623
8598,C6 (729),1.773912695195027e-05,True,-0.001631039989160784,0.001631039989160784
8599,DGCR8 (54487),1.773033130639833e-05,True,-0.00046951070026339027,0.00046951070026339027
8600,ERN2 (10595),1.7729106965095035e-05,True,8.373250357823525e-05,8.373250357823525e-05
8601,NLRP5 (126206),1.7713898853526676e-05,True,0.0010549010505876452,0.0010549010505876452
8602,H3C10 (8357),1.7695872722578082e-05,True,-0.0008689142756949456,0.0008689142756949456
8603,NKX6-1 (4825),1.7692667076062167e-05,True,0.0011682734299005555,0.0011682734299005555
8604,POLG (5428),1.767467869761992e-05,True,0.00034052595247712923,0.00034052595247712923
8605,ARL6IP6 (151188),1.7670441428950622e-05,True,0.001031288182704838,0.001031288182704838
8606,BAX (581),1.7670431981123092e-05,True,-0.002979216115426072,0.002979216115426072
8607,COL11A1 (1301),1.766733050849968e-05,True,0.00046548303505524586,0.00046548303505524586
8608,C1orf174 (339448),1.7660198450122858e-05,True,0.001571041495585336,0.001571041495585336
8609,CKMT1B (1159),1.7647828885376842e-05,True,-0.001045426224094479,0.001045426224094479
8610,ARMCX1 (51309),1.7646162145731476e-05,True,-0.00033541700202227446,0.00033541700202227446
8611,IP6K1 (9807),1.764432749185426e-05,True,-0.0012168801331130293,0.0012168801331130293
8612,CAT (847),1.7644102622696178e-05,True,-0.0024520391522477847,0.0024520391522477847
8613,YPEL3 (83719),1.7640145699430436e-05,True,-0.0001151337189122571,0.0001151337189122571
8614,MEGF6 (1953),1.76124990358506e-05,True,0.00017346895308573357,0.00017346895308573357
8615,BCS1L (617),1.761147945487109e-05,True,0.0015431567016494052,0.0015431567016494052
8616,HIGD1B (51751),1.7607192010456714e-05,True,-0.0004850683231006109,0.0004850683231006109
8617,GDF1 (2657),1.7599417714428045e-05,True,-0.0022973584417271013,0.0022973584417271013
8618,SEMA6B (10501),1.7599190388555844e-05,True,-0.003952266354825091,0.003952266354825091
8619,SLC22A16 (85413),1.7595785807459206e-05,True,-0.0005367759164579822,0.0005367759164579822
8620,TCIM (56892),1.7593958427202046e-05,True,-0.0013042626244899667,0.0013042626244899667
8621,LIG4 (3981),1.759350038765424e-05,True,-0.002923065529971801,0.002923065529971801
8622,HSP90AA1 (3320),1.7584567671731697e-05,True,-0.000680839796245411,0.000680839796245411
8623,CARD14 (79092),1.7584557820745974e-05,True,0.002339379552593865,0.002339379552593865
8624,KCTD15 (79047),1.758207001937084e-05,True,-0.0020624555134381123,0.0020624555134381123
8625,PPP4R3C (139420),1.757383433484283e-05,True,-0.0007261362973455617,0.0007261362973455617
8626,HSPBAP1 (79663),1.757014649759533e-05,True,-0.002907576819668495,0.002907576819668495
8627,PZP (5858),1.756886617505711e-05,True,0.002321862175195277,0.002321862175195277
8628,PRPF18 (8559),1.75682369640197e-05,True,-0.0028275999648322285,0.0028275999648322285
8629,GIMAP6 (474344),1.754557501193868e-05,True,0.0008657928432741685,0.0008657928432741685
8630,NECTIN1 (5818),1.7543646553612198e-05,True,-0.0025641120904255567,0.0025641120904255567
8631,REPS1 (85021),1.7542321082564222e-05,True,6.760641444241355e-05,6.760641444241355e-05
8632,SLC22A1 (6580),1.7538147233516073e-05,True,0.0031362876915735746,0.0031362876915735746
8633,AGXT (189),1.7536745864072432e-05,True,0.0003875318583308118,0.0003875318583308118
8634,WIPF2 (147179),1.75282034379937e-05,True,0.002684054395546853,0.002684054395546853
8635,PAK1IP1 (55003),1.7516095143468058e-05,True,0.0010249739792962502,0.0010249739792962502
8636,BAHD1 (22893),1.751255675289312e-05,True,0.0015784256550562125,0.0015784256550562125
8637,TMEM89 (440955),1.7511081338816713e-05,True,-0.004264419583633008,0.004264419583633008
8638,STC1 (6781),1.750823251539541e-05,True,0.00016309994047256798,0.00016309994047256798
8639,TCN2 (6948),1.7497743638723386e-05,True,-0.0014441511479677859,0.0014441511479677859
8640,DAAM1 (23002),1.749426994590734e-05,True,-0.0009302782434232643,0.0009302782434232643
8641,NCBP1 (4686),1.749062218493091e-05,True,-0.00034687535802279106,0.00034687535802279106
8642,CHST5 (23563),1.7489319165500223e-05,True,-0.001748790224858624,0.001748790224858624
8643,TM4SF18 (116441),1.748795559458988e-05,True,-0.0001154402616308078,0.0001154402616308078
8644,SCART1 (619207),1.748292626498538e-05,True,0.0027276447847221605,0.0027276447847221605
8645,CIMAP1D (284451),1.7482785895798566e-05,True,0.002896885817381575,0.002896885817381575
8646,CENPF (1063),1.74826629203272e-05,True,6.633072633057671e-05,6.633072633057671e-05
8647,RSPO2 (340419),1.7480447296690984e-05,True,-1.683259597086179e-05,1.683259597086179e-05
8648,NEK6 (10783),1.7478291991365956e-05,True,-0.00011930090399161174,0.00011930090399161174
8649,GNAI3 (2773),1.7472989338189248e-05,True,-0.002243611704818696,0.002243611704818696
8650,HSD17B7 (51478),1.7471848062900676e-05,True,-0.002175955017292803,0.002175955017292803
8651,NUBP1 (4682),1.7459772549037607e-05,True,-0.0013935837603166724,0.0013935837603166724
8652,NAA10 (8260),1.745909207314282e-05,True,-0.00028628639863056396,0.00028628639863056396
8653,FAM170A (340069),1.745418387471518e-05,True,-0.002022786999574932,0.002022786999574932
8654,RPS5 (6193),1.7449418245160742e-05,True,-0.000120907134026542,0.000120907134026542
8655,STMN1 (3925),1.7448472245148537e-05,True,-0.0011726680507226752,0.0011726680507226752
8656,NEUROD6 (63974),1.744623134704264e-05,True,0.00015943508223801044,0.00015943508223801044
8657,RGS13 (6003),1.7441549035449064e-05,True,-0.0035501271055592733,0.0035501271055592733
8658,GAP43 (2596),1.743979768721488e-05,True,-3.224694216151058e-06,3.224694216151058e-06
8659,PSMA6 (5687),1.743389596563089e-05,True,0.0002894934917985101,0.0002894934917985101
8660,KLK10 (5655),1.7432819774136335e-05,True,-0.0006560473798507471,0.0006560473798507471
8661,SAPCD1 (401251),1.743115746066494e-05,True,-0.0016579884249921237,0.0016579884249921237
8662,FBP1 (2203),1.7428165744787063e-05,True,-0.000903367645629887,0.000903367645629887
8663,FUOM (282969),1.742690729004621e-05,True,-0.0013724094312462277,0.0013724094312462277
8664,PORCN (64840),1.742494376001091e-05,True,-0.0008157025752188812,0.0008157025752188812
8665,RRP12 (23223),1.741988482114548e-05,True,-0.0004064718494147222,0.0004064718494147222
8666,LUC7L (55692),1.7412535482662388e-05,True,-0.0004035172661208341,0.0004035172661208341
8667,METTL14 (57721),1.7409815415366602e-05,True,-0.0009861793869602644,0.0009861793869602644
8668,KLF1 (10661),1.74088407128047e-05,True,0.0008422359374221594,0.0008422359374221594
8669,TSC22D1 (8848),1.740811706039671e-05,True,-0.003596531249420679,0.003596531249420679
8670,DHRS11 (79154),1.738370269547575e-05,True,-0.0029586498880230065,0.0029586498880230065
8671,CENPQ (55166),1.7381455419566e-05,True,0.0008236974565900704,0.0008236974565900704
8672,DUSP18 (150290),1.7372822245899805e-05,True,-0.0008676073707985099,0.0008676073707985099
8673,SCIN (85477),1.7367770827194566e-05,True,-0.0003007935642149527,0.0003007935642149527
8674,MSH2 (4436),1.7361895910567717e-05,True,-0.0002072724925914213,0.0002072724925914213
8675,KLF4 (9314),1.736021807673844e-05,True,-0.0015909789654081023,0.0015909789654081023
8676,SERPINF2 (5345),1.734573633880571e-05,True,-0.0005648298013606595,0.0005648298013606595
8677,PXDC1 (221749),1.7319994832224582e-05,True,-0.0010450146252760917,0.0010450146252760917
8678,MASP2 (10747),1.731558361381826e-05,True,0.0004895106970888129,0.0004895106970888129
8679,CTAGE15 (441294),1.7307102995958525e-05,True,-0.0014504011524452166,0.0014504011524452166
8680,TAF4B (6875),1.7306086215686774e-05,True,0.0018059230009170582,0.0018059230009170582
8681,HTR1D (3352),1.7305865057387198e-05,True,0.0005281380005747066,0.0005281380005747066
8682,TSC22D3 (1831),1.730549455862175e-05,True,-0.0016455516340772366,0.0016455516340772366
8683,BATF3 (55509),1.7302569190303412e-05,True,0.0014586419329122922,0.0014586419329122922
8684,PI4KA (5297),1.729879697811953e-05,True,0.00015564295706320267,0.00015564295706320267
8685,TENT5D (169966),1.72960017456685e-05,True,0.0009098905122547915,0.0009098905122547915
8686,CHID1 (66005),1.7287277505287046e-05,True,0.0019332670608468057,0.0019332670608468057
8687,ECM1 (1893),1.7277578339908625e-05,True,-0.002293413672040451,0.002293413672040451
8688,MTNR1A (4543),1.7277206350348976e-05,True,-0.002260701296411925,0.002260701296411925
8689,CSAG3 (389903),1.725542406172687e-05,True,-4.716531819827963e-05,4.716531819827963e-05
8690,SYT1 (6857),1.7254867580280208e-05,True,-0.001428643334721898,0.001428643334721898
8691,ATG16L2 (89849),1.7250411971069562e-05,True,0.0010011092357987694,0.0010011092357987694
8692,C6orf52 (347744),1.7250371805623198e-05,True,-0.0013580018384130046,0.0013580018384130046
8693,FRMD6 (122786),1.7249476655276566e-05,True,0.0005482097422254606,0.0005482097422254606
8694,TAMM41 (132001),1.724938217546574e-05,True,0.0004882857670847058,0.0004882857670847058
8695,RAB5A (5868),1.7248264557896798e-05,True,-0.0007207116299029428,0.0007207116299029428
8696,AFAP1L2 (84632),1.724798686123652e-05,True,0.000346546432399348,0.000346546432399348
8697,CASP9 (842),1.7245860825027547e-05,True,-0.002508219626634304,0.002508219626634304
8698,RINT1 (60561),1.7239315446615405e-05,True,0.0007246064371751802,0.0007246064371751802
8699,NOL10 (79954),1.7206306592435394e-05,True,-0.001095579702858465,0.001095579702858465
8700,CA2 (760),1.7202848419599097e-05,True,-0.0038234466332469482,0.0038234466332469482
8701,ADH1C (126),1.7202575621490962e-05,True,0.0011058699521642368,0.0011058699521642368
8702,KRTAP4-12 (83755),1.7191334423045437e-05,True,-0.0011697221045152192,0.0011697221045152192
8703,SNW1 (22938),1.717740378322435e-05,True,-0.001165328835010031,0.001165328835010031
8704,CCDC7 (79741),1.7176601626688673e-05,True,-0.0015785257305998353,0.0015785257305998353
8705,PABIR2 (159090),1.7174991799293573e-05,True,-0.0012317471144097007,0.0012317471144097007
8706,CCN2 (1490),1.7173887252729044e-05,True,0.0009809856820429375,0.0009809856820429375
8707,SLC9A9 (285195),1.716649580520536e-05,True,0.0010428410415112732,0.0010428410415112732
8708,LACTB2 (51110),1.7157386602529885e-05,True,0.002658559706640865,0.002658559706640865
8709,GPATCH11 (253635),1.7146546205523737e-05,True,-0.00030866462878785354,0.00030866462878785354
8710,USP53 (54532),1.7142435427529986e-05,True,-0.00037607796591148746,0.00037607796591148746
8711,LILRB1 (10859),1.713326970875945e-05,True,-0.0017864675787727905,0.0017864675787727905
8712,GALNT6 (11226),1.7123105227225796e-05,True,0.0002667182148215566,0.0002667182148215566
8713,MLX (6945),1.7117640416242232e-05,True,-0.0012125932531606028,0.0012125932531606028
8714,FBXO34 (55030),1.7114957910297788e-05,True,-0.0011934549546604944,0.0011934549546604944
8715,SPRR2E (6704),1.7109651326975472e-05,True,0.00236155721773353,0.00236155721773353
8716,ASB16 (92591),1.7086432263847125e-05,True,0.00010604713475734998,0.00010604713475734998
8717,TTC13 (79573),1.708510771486641e-05,True,-0.0008731185400532068,0.0008731185400532068
8718,PRORP (9692),1.7084494093715274e-05,True,0.0013760027645987566,0.0013760027645987566
8719,GPAT4 (137964),1.7079582386627195e-05,True,0.00039532608182487434,0.00039532608182487434
8720,FUCA2 (2519),1.707240562928262e-05,True,0.00020579276676221774,0.00020579276676221774
8721,AGAP4 (119016),1.7071473413887657e-05,True,-0.0021303687481137304,0.0021303687481137304
8722,MARS1 (4141),1.7068746854266054e-05,True,-0.0014817456578415438,0.0014817456578415438
8723,PIP4K2A (5305),1.7046656497034654e-05,True,-0.00036207851277230666,0.00036207851277230666
8724,ZNF572 (137209),1.7039270928161122e-05,True,0.00020848743973224566,0.00020848743973224566
8725,GGA1 (26088),1.7033400232554842e-05,True,-0.0002653930385901962,0.0002653930385901962
8726,RSRC1 (51319),1.7024888470886782e-05,True,-0.003098320783305273,0.003098320783305273
8727,MYLIP (29116),1.7023249333078272e-05,True,-0.0012768526227886765,0.0012768526227886765
8728,GPR137C (283554),1.7008928592956513e-05,True,0.0002951777014187102,0.0002951777014187102
8729,ISYNA1 (51477),1.7004378324790138e-05,True,-0.002847492663144642,0.002847492663144642
8730,FUT6 (2528),1.69934131241608e-05,True,0.0016219791103853855,0.0016219791103853855
8731,COL6A6 (131873),1.6980169184633452e-05,True,0.0022689994928368953,0.0022689994928368953
8732,HPCA (3208),1.697608946062372e-05,True,0.0026894001237034596,0.0026894001237034596
8733,NPIPB9 (100507607),1.6972497608646555e-05,True,0.0015364790850276415,0.0015364790850276415
8734,MAPKAP1 (79109),1.694978482853663e-05,True,0.0005850502589473468,0.0005850502589473468
8735,GPR19 (2842),1.6947037622906732e-05,True,-0.0022084973464442104,0.0022084973464442104
8736,RHOF (54509),1.694353492989695e-05,True,-0.001148924865448189,0.001148924865448189
8737,C2CD2L (9854),1.693370714623654e-05,True,0.0028302972366457796,0.0028302972366457796
8738,DBP (1628),1.6920052589380415e-05,True,-0.001212101644786255,0.001212101644786255
8739,TRMT10C (54931),1.692002798301132e-05,True,-0.0009358386310746964,0.0009358386310746964
8740,BOLA2B (654483),1.690963848750233e-05,True,0.0013567980096154347,0.0013567980096154347
8741,C1QL4 (338761),1.6898349111681905e-05,True,-1.891852439066125e-05,1.891852439066125e-05
8742,JUP (3728),1.689567858736951e-05,True,0.0011345369981112584,0.0011345369981112584
8743,KCTD5 (54442),1.688480064193655e-05,True,0.0005129148750144807,0.0005129148750144807
8744,TMEM121 (80757),1.688336389405984e-05,True,-0.0025785198295966965,0.0025785198295966965
8745,TYRP1 (7306),1.6882757706521128e-05,True,-0.00020131176717220166,0.00020131176717220166
8746,HSFX4 (101927685),1.6878956818942795e-05,True,0.001588532807654515,0.001588532807654515
8747,MOV10 (4343),1.6875445117860082e-05,True,-0.0019385145393438846,0.0019385145393438846
8748,RGS16 (6004),1.6875397590468598e-05,True,-0.0030068471001186954,0.0030068471001186954
8749,TPX2 (22974),1.6870452567070634e-05,True,0.00010959735280160077,0.00010959735280160077
8750,DHPS (1725),1.6867441688120723e-05,True,0.0004972890381531015,0.0004972890381531015
8751,LPA (4018),1.6859653929773272e-05,True,0.0018233591570786965,0.0018233591570786965
8752,ZNF552 (79818),1.6859564781235562e-05,True,-0.0038703409097821584,0.0038703409097821584
8753,GCSH (2653),1.685861958442128e-05,True,-0.0012927042444080194,0.0012927042444080194
8754,SELL (6402),1.685369899484963e-05,True,-0.0007692365184873274,0.0007692365184873274
8755,HBS1L (10767),1.6851670509623608e-05,True,0.0018573507693448914,0.0018573507693448914
8756,WDR1 (9948),1.6843166419135005e-05,True,-0.002126107077212543,0.002126107077212543
8757,THAP11 (57215),1.684034772906834e-05,True,-0.0024324908551054147,0.0024324908551054147
8758,MECOM (2122),1.6832605841932585e-05,True,0.00011980504230269906,0.00011980504230269906
8759,GPR158 (57512),1.6832252498215686e-05,True,-0.0008911878704567374,0.0008911878704567374
8760,HK3 (3101),1.683082719672262e-05,True,-0.0007340855772063098,0.0007340855772063098
8761,GRIK2 (2898),1.6830655074245e-05,True,-0.0030596677385975467,0.0030596677385975467
8762,CRB1 (23418),1.6813857759787657e-05,True,-0.006210989348650807,0.006210989348650807
8763,SLC66A1 (54896),1.6808853038800583e-05,True,-0.00010567872002691082,0.00010567872002691082
8764,LRRC10B (390205),1.6803152428578428e-05,True,-0.0006069078658490984,0.0006069078658490984
8765,HES1 (3280),1.6800819973039024e-05,True,-0.001175402760366232,0.001175402760366232
8766,SDF2L1 (23753),1.6800716211548302e-05,True,0.001092808988918175,0.001092808988918175
8767,STAP2 (55620),1.6792592163620142e-05,True,-1.9739041820486698e-05,1.9739041820486698e-05
8768,RCC2 (55920),1.6791112434314055e-05,True,-0.0006761322247671982,0.0006761322247671982
8769,NLRP10 (338322),1.6783053864437702e-05,True,0.004628945038234652,0.004628945038234652
8770,TSR2 (90121),1.6773709519149532e-05,True,0.0026907471756294765,0.0026907471756294765
8771,EMC3 (55831),1.67718570395568e-05,True,0.0009097627060532619,0.0009097627060532619
8772,GABRR1 (2569),1.676410221950884e-05,True,0.000880292676653822,0.000880292676653822
8773,SKAP1 (8631),1.6762104783213986e-05,True,0.00027513906600798834,0.00027513906600798834
8774,ILK (3611),1.676078584067445e-05,True,0.0001833898693563297,0.0001833898693563297
8775,THADA (63892),1.6758648750432218e-05,True,0.0016901837065504896,0.0016901837065504896
8776,GCC2 (9648),1.6743337628786195e-05,True,8.509329305306842e-06,8.509329305306842e-06
8777,ERO1A (30001),1.6734702082997214e-05,True,-0.001066285540682335,0.001066285540682335
8778,SLC38A7 (55238),1.672984050778077e-05,True,-0.0019256660326516868,0.0019256660326516868
8779,WRNIP1 (56897),1.672908152435551e-05,True,-0.001052490954329762,0.001052490954329762
8780,RNF152 (220441),1.6728541274796587e-05,True,0.0007059484936202003,0.0007059484936202003
8781,SRP9 (6726),1.6728256089562398e-05,True,0.000586301809003595,0.000586301809003595
8782,DAND5 (199699),1.6726846041618032e-05,True,0.0016785675316224413,0.0016785675316224413
8783,SERINC3 (10955),1.671743014474071e-05,True,0.00016141159481128527,0.00016141159481128527
8784,STOML2 (30968),1.671635506362757e-05,True,-0.0023757352958858656,0.0023757352958858656
8785,TRAPPC2 (6399),1.6713831967225446e-05,True,-0.00028265551960381346,0.00028265551960381346
8786,RNF144B (255488),1.670269023464277e-05,True,-0.00034685084051781984,0.00034685084051781984
8787,WNT16 (51384),1.668742664336126e-05,True,-0.005043363947830941,0.005043363947830941
8788,CECR2 (27443),1.6683342764791976e-05,True,0.00011647470124685234,0.00011647470124685234
8789,CC2D1B (200014),1.6681421529894037e-05,True,0.0013539099448396455,0.0013539099448396455
8790,SENP8 (123228),1.6674924225656747e-05,True,0.001945913360692175,0.001945913360692175
8791,PUF60 (22827),1.6671953406454015e-05,True,-0.00044705128635502884,0.00044705128635502884
8792,GATB (5188),1.6671825944291137e-05,True,-0.0027369878214441364,0.0027369878214441364
8793,CCL22 (6367),1.6658748830651152e-05,True,-0.003203560066432582,0.003203560066432582
8794,L3MBTL4 (91133),1.6649621255588195e-05,True,0.003316378604822143,0.003316378604822143
8795,CALR (811),1.664067214933833e-05,True,-0.0011853389649733813,0.0011853389649733813
8796,GRID2IP (392862),1.663717836712551e-05,True,-0.0019864355386659005,0.0019864355386659005
8797,KCNJ5 (3762),1.6636547255415834e-05,True,0.0011690700994923717,0.0011690700994923717
8798,IL1R2 (7850),1.6630848275597024e-05,True,0.0007426993355336034,0.0007426993355336034
8799,MROH6 (642475),1.662808740697702e-05,True,-0.000491704505276261,0.000491704505276261
8800,MOB2 (81532),1.66258321227821e-05,True,0.0009691037691437206,0.0009691037691437206
8801,ITPK1 (3705),1.6622990159456557e-05,True,0.0002358034512370097,0.0002358034512370097
8802,ZPLD1 (131368),1.6617416638208258e-05,True,-0.0019414730741922964,0.0019414730741922964
8803,KIT (3815),1.6616129847320374e-05,True,0.0023955510858609036,0.0023955510858609036
8804,TIMM9 (26520),1.6610531450981078e-05,True,-0.0012238263665496733,0.0012238263665496733
8805,ARF5 (381),1.6605772937925552e-05,True,0.0004554304440221111,0.0004554304440221111
8806,GLIS3 (169792),1.660245285034781e-05,True,0.0029818508637046263,0.0029818508637046263
8807,SSH3 (54961),1.6597653925371596e-05,True,0.001687022429081222,0.001687022429081222
8808,HEY1 (23462),1.6596307282347833e-05,True,-0.002380639176407144,0.002380639176407144
8809,NPAS1 (4861),1.6593585828918496e-05,True,-0.00085469973885736,0.00085469973885736
8810,WDR6 (11180),1.659135946613883e-05,True,-0.00039112902426784906,0.00039112902426784906
8811,TLCD3A (79850),1.6588509822451136e-05,True,-0.00031300757589662414,0.00031300757589662414
8812,CFAP95 (138255),1.658533458882841e-05,True,0.0018886712593988088,0.0018886712593988088
8813,TADA2B (93624),1.6583094855511124e-05,True,0.0008953261279864518,0.0008953261279864518
8814,ZNF181 (339318),1.6577348064775902e-05,True,0.0011206823222544866,0.0011206823222544866
8815,GNG5B (347687),1.657696330984887e-05,True,-0.0009731287911462023,0.0009731287911462023
8816,SF3B4 (10262),1.657239670465015e-05,True,0.000227304705345128,0.000227304705345128
8817,ALKBH8 (91801),1.655079127083484e-05,True,-0.00015164371770376743,0.00015164371770376743
8818,AOPEP (84909),1.654460682885246e-05,True,0.0032274894638742698,0.0032274894638742698
8819,RAB30 (27314),1.654401780725395e-05,True,0.0004696379799235006,0.0004696379799235006
8820,SORCS3 (22986),1.653157233020091e-05,True,0.0006572603745562489,0.0006572603745562489
8821,TRPT1 (83707),1.6520769668956682e-05,True,-0.0033870667380294824,0.0033870667380294824
8822,MMP12 (4321),1.6492358142601876e-05,True,0.0012234878004517655,0.0012234878004517655
8823,LRCOL1 (100507055),1.6491003363526158e-05,True,-0.001416976935565872,0.001416976935565872
8824,ATAD2B (54454),1.647592924915796e-05,True,0.00013255607407486672,0.00013255607407486672
8825,SLC28A1 (9154),1.6470982128031564e-05,True,-0.000515263585702786,0.000515263585702786
8826,EDAR (10913),1.6457889452773182e-05,True,0.0010970852864329124,0.0010970852864329124
8827,NPEPPS (9520),1.6442864046626673e-05,True,-0.0005936909319717659,0.0005936909319717659
8828,SMC1A (8243),1.6427128899244838e-05,True,0.002497929008093875,0.002497929008093875
8829,PHEX (5251),1.6417329361482798e-05,True,0.002357884103950824,0.002357884103950824
8830,ARF1 (375),1.641482901682962e-05,True,0.0009582036000100676,0.0009582036000100676
8831,ADGRD1 (283383),1.6409278180572553e-05,True,0.003129408495429961,0.003129408495429961
8832,ARHGAP10 (79658),1.639855368343246e-05,True,-0.0006487408123581306,0.0006487408123581306
8833,RUVBL1 (8607),1.639845319452741e-05,True,-0.000359615258205148,0.000359615258205148
8834,MSRB2 (22921),1.639450828336019e-05,True,-0.0013312525703162452,0.0013312525703162452
8835,CX3CR1 (1524),1.638468532534659e-05,True,0.0015485348337379312,0.0015485348337379312
8836,NRP2 (8828),1.638025629220406e-05,True,-0.0025154187560032545,0.0025154187560032545
8837,DDX21 (9188),1.63788780821177e-05,True,-0.0003735141395330506,0.0003735141395330506
8838,NOLC1 (9221),1.6362650358284726e-05,True,0.00029094730436942675,0.00029094730436942675
8839,PLEKHJ1 (55111),1.635697235636187e-05,True,-0.0012399578114962667,0.0012399578114962667
8840,ELMOD1 (55531),1.6356407903836827e-05,True,0.0018396502336166084,0.0018396502336166084
8841,COX10 (1352),1.635571360775817e-05,True,0.0010376157808055688,0.0010376157808055688
8842,DUSP11 (8446),1.6354514454839368e-05,True,0.00024327549472093375,0.00024327549472093375
8843,RDH13 (112724),1.6352514590985087e-05,True,0.0005121474140851347,0.0005121474140851347
8844,ANK2 (287),1.6345564604015972e-05,True,-0.001823753204063933,0.001823753204063933
8845,SLTM (79811),1.63448508328745e-05,True,-0.000734579412894393,0.000734579412894393
8846,CNN2 (1265),1.6329879680793756e-05,True,-0.0005046591739887136,0.0005046591739887136
8847,KIFBP (26128),1.63287611706926e-05,True,0.0007010802923176436,0.0007010802923176436
8848,BRPF1 (7862),1.6328580004882237e-05,True,0.001981257076345452,0.001981257076345452
8849,WDR12 (55759),1.6317239765886693e-05,True,-0.0003764671168382627,0.0003764671168382627
8850,ASIC3 (9311),1.6303824128876697e-05,True,0.0011710361598461746,0.0011710361598461746
8851,ZNF468 (90333),1.6303582173456818e-05,True,0.0022274271414179318,0.0022274271414179318
8852,TBL1XR1 (79718),1.6295652637092676e-05,True,0.001184209658894089,0.001184209658894089
8853,HSPB8 (26353),1.629419090444466e-05,True,-0.0002851919474116545,0.0002851919474116545
8854,SLC26A5 (375611),1.62933007608858e-05,True,-0.0003963955400736706,0.0003963955400736706
8855,NEIL1 (79661),1.627876037450411e-05,True,-0.002673137738003718,0.002673137738003718
8856,PARL (55486),1.6259072470305657e-05,True,-0.0017462436760461576,0.0017462436760461576
8857,PYCR1 (5831),1.625607134388719e-05,True,0.004205127844149073,0.004205127844149073
8858,NGF (4803),1.6225069546392904e-05,True,0.0015789902280059398,0.0015789902280059398
8859,PLEKHA1 (59338),1.6224371934902645e-05,True,0.003332305468549063,0.003332305468549063
8860,CHMP7 (91782),1.621911586288551e-05,True,-0.0006412395019256642,0.0006412395019256642
8861,TK2 (7084),1.6217897899395217e-05,True,-0.0021868371033808183,0.0021868371033808183
8862,ZNF660 (285349),1.6213192022995702e-05,True,-0.0003613473694362695,0.0003613473694362695
8863,PSME3 (10197),1.6201457868027868e-05,True,-0.001747319845571649,0.001747319845571649
8864,NXPE4 (54827),1.618661413981521e-05,True,0.002571536299613843,0.002571536299613843
8865,ANKRD26 (22852),1.6182812300601842e-05,True,-0.0006143562685335482,0.0006143562685335482
8866,HYDIN (54768),1.6179935383012666e-05,True,0.0012203823066246219,0.0012203823066246219
8867,UBE2V1 (7335),1.617365556592757e-05,True,0.00011418971411325074,0.00011418971411325074
8868,WASHC4 (23325),1.616871053363325e-05,True,0.0015329606399563842,0.0015329606399563842
8869,LINGO3 (645191),1.6158114552580038e-05,True,0.003544494410428683,0.003544494410428683
8870,NDUFS3 (4722),1.6153778567355747e-05,True,-0.0005759045664631996,0.0005759045664631996
8871,NOP53 (29997),1.615159520005426e-05,True,-0.0024410782999457255,0.0024410782999457255
8872,PPP1R12C (54776),1.6138683290464632e-05,True,-6.58143368665611e-05,6.58143368665611e-05
8873,C17orf114 (119139905),1.613579845814678e-05,True,-0.0013268577297004696,0.0013268577297004696
8874,GLI2 (2736),1.6132872899312603e-05,True,0.0012656624284248874,0.0012656624284248874
8875,PLEKHG2 (64857),1.6130869149519876e-05,True,-0.0009035322067697531,0.0009035322067697531
8876,AGAP1 (116987),1.611473732347097e-05,True,0.001088839793378973,0.001088839793378973
8877,CORO6 (84940),1.6094373637438384e-05,True,-2.6699714237281226e-05,2.6699714237281226e-05
8878,LMAN2 (10960),1.6091270618804034e-05,True,0.0004960049053966975,0.0004960049053966975
8879,CITED4 (163732),1.6079596677435166e-05,True,-0.00043404213484950563,0.00043404213484950563
8880,C3orf18 (51161),1.6074566703864075e-05,True,-0.0014864196350145927,0.0014864196350145927
8881,ACOX1 (51),1.6074406526274323e-05,True,-0.0003122638403309227,0.0003122638403309227
8882,MTTP (4547),1.6071083656001786e-05,True,-0.0013277897652817102,0.0013277897652817102
8883,SEMA6D (80031),1.6070672121988386e-05,True,0.0016270563430761447,0.0016270563430761447
8884,CFAP300 (85016),1.606670373950357e-05,True,0.002341280572530774,0.002341280572530774
8885,BHMT2 (23743),1.6050646680437092e-05,True,0.0003803568558334168,0.0003803568558334168
8886,NPHP3 (27031),1.6049019418027436e-05,True,0.00012168649112613637,0.00012168649112613637
8887,USP32 (84669),1.6031368870967028e-05,True,-0.0019334722513761264,0.0019334722513761264
8888,ZC3H3 (23144),1.603114797922599e-05,True,0.00013497018962895044,0.00013497018962895044
8889,U2AF1 (7307),1.6030359499819444e-05,True,-0.000799654995085568,0.000799654995085568
8890,TFF3 (7033),1.601703088196197e-05,True,-0.0006761126052213506,0.0006761126052213506
8891,PCK1 (5105),1.6014674674383285e-05,True,0.00042263225630637515,0.00042263225630637515
8892,PLVAP (83483),1.6002647724247502e-05,True,-0.0020836825295860316,0.0020836825295860316
8893,PC (5091),1.6000700720541574e-05,True,-0.0007915441284597276,0.0007915441284597276
8894,RHOQ (23433),1.5999602124522328e-05,True,-0.0007909084817305321,0.0007909084817305321
8895,KCNK18 (338567),1.5993909671091716e-05,True,-0.00038159577635598984,0.00038159577635598984
8896,HLA-A (3105),1.5985430268699003e-05,True,-0.0010283364071191905,0.0010283364071191905
8897,EXOC5 (10640),1.597891673215736e-05,True,0.0001018593569897335,0.0001018593569897335
8898,CCDC149 (91050),1.596838508173785e-05,True,0.0002920792860132374,0.0002920792860132374
8899,ERVFRD-1 (405754),1.5963550144732768e-05,True,-0.002650784466725155,0.002650784466725155
8900,FOXO1 (2308),1.59629736771577e-05,True,0.0023525059242861636,0.0023525059242861636
8901,MRPL39 (54148),1.5961280008896422e-05,True,0.0014654589623548531,0.0014654589623548531
8902,HSBP1L1 (440498),1.5959692993515502e-05,True,0.0009066101166397456,0.0009066101166397456
8903,ATP5PB (515),1.594442038863013e-05,True,-0.0012585743887203698,0.0012585743887203698
8904,TTPA (7274),1.594043080593974e-05,True,0.002916446618487326,0.002916446618487326
8905,NUDCD3 (23386),1.5935489201331153e-05,True,-0.0014322487665366036,0.0014322487665366036
8906,RPAP3 (79657),1.5924414048589846e-05,True,0.0005722933333952547,0.0005722933333952547
8907,TRAF2 (7186),1.5897114616668845e-05,True,-0.0005215170386899524,0.0005215170386899524
8908,WBP2 (23558),1.5884161068236947e-05,True,-0.0003962271365943264,0.0003962271365943264
8909,PRMT6 (55170),1.5874184740338256e-05,True,0.002145468228026471,0.002145468228026471
8910,AK7 (122481),1.587073395922441e-05,True,0.00012118984155039638,0.00012118984155039638
8911,PTK7 (5754),1.587000084416535e-05,True,0.0023012029093515633,0.0023012029093515633
8912,TCAF1 (9747),1.5863948546738107e-05,True,-0.0008213249208597137,0.0008213249208597137
8913,MT-ND3 (4537),1.584490964698952e-05,True,-0.0006858303610287014,0.0006858303610287014
8914,KLK15 (55554),1.5844681867930747e-05,True,0.002691431643209062,0.002691431643209062
8915,MICOS13 (125988),1.5841197623273804e-05,True,0.000580289780477977,0.000580289780477977
8916,TOB2 (10766),1.5835584002714935e-05,True,-0.0009290748865153884,0.0009290748865153884
8917,ZBTB43 (23099),1.5832537406862968e-05,True,0.00025588414785424497,0.00025588414785424497
8918,CGB8 (94115),1.5825677496499137e-05,True,-0.0019153699549108367,0.0019153699549108367
8919,SAP30L (79685),1.582256533288933e-05,True,0.00048432756107400247,0.00048432756107400247
8920,R3HDM1 (23518),1.5818867401103635e-05,True,0.0013644700768227908,0.0013644700768227908
8921,ACY3 (91703),1.581589687617013e-05,True,3.3839989416843295e-05,3.3839989416843295e-05
8922,PRELP (5549),1.5808741164180696e-05,True,0.0016429807584288445,0.0016429807584288445
8923,CCDC152 (100129792),1.5808331709997566e-05,True,0.0005665521733709017,0.0005665521733709017
8924,SLC27A5 (10998),1.5799403961861567e-05,True,0.0012167272024181147,0.0012167272024181147
8925,MAFK (7975),1.5790125137629665e-05,True,0.0003992704047804615,0.0003992704047804615
8926,TAFAZZIN (6901),1.578883831462278e-05,True,-1.3797203796486702e-05,1.3797203796486702e-05
8927,SV2C (22987),1.5784938070120477e-05,True,0.0002034160084478688,0.0002034160084478688
8928,ARHGEF2 (9181),1.57729862784764e-05,True,-0.001256704777465709,0.001256704777465709
8929,GALNTL6 (442117),1.577270532477474e-05,True,-0.0010994244777482393,0.0010994244777482393
8930,STAMBP (10617),1.5770289852199784e-05,True,-0.0011864999568800912,0.0011864999568800912
8931,SLC40A1 (30061),1.5765118649851665e-05,True,-0.002111592017826718,0.002111592017826718
8932,SP4 (6671),1.576457052318701e-05,True,-0.0005889641293058095,0.0005889641293058095
8933,NUDT9 (53343),1.575453159005349e-05,True,0.002383508418575361,0.002383508418575361
8934,ZNF678 (339500),1.574084121975333e-05,True,-0.0005600489021645577,0.0005600489021645577
8935,HBZ (3050),1.5731530702490497e-05,True,-0.0002129539906080653,0.0002129539906080653
8936,GPR146 (115330),1.573088674971591e-05,True,0.00043509615726671446,0.00043509615726671446
8937,FNDC3A (22862),1.5721027989477158e-05,True,0.0009799488755024375,0.0009799488755024375
8938,MXD1 (4084),1.571813311791662e-05,True,0.001098797967501532,0.001098797967501532
8939,C6orf47 (57827),1.5713607537326626e-05,True,-9.459419032838243e-05,9.459419032838243e-05
8940,SST (6750),1.5704209875420114e-05,True,-0.0002942157542098795,0.0002942157542098795
8941,ZW10 (9183),1.570151833756151e-05,True,-0.00035040462351364687,0.00035040462351364687
8942,HINT1 (3094),1.5701369448337148e-05,True,0.0007021597126665094,0.0007021597126665094
8943,PARP12 (64761),1.5697680117075246e-05,True,0.0018620605972682384,0.0018620605972682384
8944,SMARCC1 (6599),1.5696666284265736e-05,True,0.0010893818444563169,0.0010893818444563169
8945,OR2S2 (56656),1.5693932377780635e-05,True,-0.0009750792565651602,0.0009750792565651602
8946,B4GALT4 (8702),1.5691161960876604e-05,True,0.003442540190772721,0.003442540190772721
8947,TTR (7276),1.5690292434088244e-05,True,-0.0008110749387034784,0.0008110749387034784
8948,ADGRF5 (221395),1.5685332509210493e-05,True,9.582959699978746e-05,9.582959699978746e-05
8949,ZNF80 (7634),1.5680844494036802e-05,True,0.0004299116638073838,0.0004299116638073838
8950,PGM2 (55276),1.567106844577087e-05,True,0.00017087486902086233,0.00017087486902086233
8951,PLPP7 (84814),1.567075599384798e-05,True,0.00028510911858128864,0.00028510911858128864
8952,LILRA5 (353514),1.5670755620261407e-05,True,0.0009395132924370187,0.0009395132924370187
8953,SCG5 (6447),1.565276679986455e-05,True,0.0029365859328811116,0.0029365859328811116
8954,ITIH2 (3698),1.564538566909785e-05,True,-0.001725280221432508,0.001725280221432508
8955,ADORA2A (135),1.563733528831408e-05,True,-0.0010718237704667958,0.0010718237704667958
8956,FAM204A (63877),1.563672419819527e-05,True,0.00042615296469283403,0.00042615296469283403
8957,GEMIN8 (54960),1.5634143931728813e-05,True,0.0013880106368993898,0.0013880106368993898
8958,DNASE2B (58511),1.5630506112880573e-05,True,-0.0047207137687864465,0.0047207137687864465
8959,CHGB (1114),1.563008960116243e-05,True,-0.0002792748319976095,0.0002792748319976095
8960,GCDH (2639),1.5628000125917824e-05,True,0.0004350353791014478,0.0004350353791014478
8961,H2AC25 (92815),1.5625733932729824e-05,True,0.002019394778738695,0.002019394778738695
8962,ZNF30 (90075),1.559269403888716e-05,True,-0.00013996253054499497,0.00013996253054499497
8963,ZKSCAN1 (7586),1.558554359069423e-05,True,0.0005464601033797571,0.0005464601033797571
8964,AP3S1 (1176),1.5585024278595187e-05,True,0.0008237038537447373,0.0008237038537447373
8965,IL17RB (55540),1.5579326381093878e-05,True,-0.0010456666463158782,0.0010456666463158782
8966,TCP11X2 (100996648),1.5569638894185636e-05,True,0.0007051970637447903,0.0007051970637447903
8967,PARP8 (79668),1.5568003463924074e-05,True,-0.004039249239723125,0.004039249239723125
8968,CD2 (914),1.5566196913995844e-05,True,-0.002089204941822003,0.002089204941822003
8969,ATP1A4 (480),1.5564179381623422e-05,True,-0.0007712072005927593,0.0007712072005927593
8970,SPACA3 (124912),1.556365858484569e-05,True,0.0006041942918175273,0.0006041942918175273
8971,CLIP4 (79745),1.5559428114362166e-05,True,0.0014428862181195374,0.0014428862181195374
8972,WDR49 (151790),1.5556625854668073e-05,True,-0.0010934625468373904,0.0010934625468373904
8973,ETNK2 (55224),1.5547448806956858e-05,True,-0.0007322549685646346,0.0007322549685646346
8974,UNC5CL (222643),1.5542645356408824e-05,True,-0.0016966530131092821,0.0016966530131092821
8975,OTULINL (54491),1.55347452646895e-05,True,-0.001184708808187279,0.001184708808187279
8976,PTPRO (5800),1.5533610618968944e-05,True,0.00208820507215116,0.00208820507215116
8977,ACTN2 (88),1.5528262089986447e-05,True,-0.00140819975933315,0.00140819975933315
8978,MLLT1 (4298),1.5526112839961604e-05,True,0.00026831295819510805,0.00026831295819510805
8979,MON1B (22879),1.550977656211883e-05,True,-0.0010026442509941508,0.0010026442509941508
8980,FANCM (57697),1.5503395676752136e-05,True,0.0005833620785075343,0.0005833620785075343
8981,BORCS8 (729991),1.5501302969321634e-05,True,-0.0006886508021781358,0.0006886508021781358
8982,SMARCD2 (6603),1.549251900053862e-05,True,-0.00029098550475484914,0.00029098550475484914
8983,CHI3L1 (1116),1.5490262993485177e-05,True,0.0006837825889904855,0.0006837825889904855
8984,ELP4 (26610),1.54835731733959e-05,True,0.0009931037381764758,0.0009931037381764758
8985,MATR3 (9782),1.5482206834199072e-05,True,-0.000766446154712662,0.000766446154712662
8986,FSAF1 (128061),1.547941077577845e-05,True,-0.0009286500288766542,0.0009286500288766542
8987,VTI1B (10490),1.5476423671688673e-05,True,-0.0005590062261431029,0.0005590062261431029
8988,TTF1 (7270),1.547623775394719e-05,True,-0.001283879728335444,0.001283879728335444
8989,CASR (846),1.546632272387413e-05,True,0.000596676124014328,0.000596676124014328
8990,TRPV1 (7442),1.5456462778357762e-05,True,-0.00022135251191617657,0.00022135251191617657
8991,SLC29A2 (3177),1.544390411346547e-05,True,0.0026056296557592897,0.0026056296557592897
8992,FNDC10 (643988),1.5434119986658133e-05,True,0.00028853321206461294,0.00028853321206461294
8993,FAM3A (60343),1.541551853802763e-05,True,-0.0009970487787490407,0.0009970487787490407
8994,PIGF (5281),1.5411166458906326e-05,True,-0.0022303906927674377,0.0022303906927674377
8995,LRP5 (4041),1.5408916066927368e-05,True,0.0007458617696985196,0.0007458617696985196
8996,MAN1C1 (57134),1.540795514620105e-05,True,-0.0013521326450838273,0.0013521326450838273
8997,PITRM1 (10531),1.5395628221133213e-05,True,-0.0018207944187245257,0.0018207944187245257
8998,LRRN1 (57633),1.5388372579295997e-05,True,0.00084842143272973,0.00084842143272973
8999,PPP2R5B (5526),1.5386385965590974e-05,True,-0.0012380245205778123,0.0012380245205778123
9000,NSUN6 (221078),1.5380698208098304e-05,True,5.539548434074185e-05,5.539548434074185e-05
9001,NOTCH2NLA (388677),1.5376571053927662e-05,True,0.004852322309616399,0.004852322309616399
9002,PHF11 (51131),1.535656753583766e-05,True,0.0014988717881218297,0.0014988717881218297
9003,TBC1D10B (26000),1.535518933717926e-05,True,0.000558243463895641,0.000558243463895641
9004,KRT38 (8687),1.5353169327026952e-05,True,0.00016409566723843403,0.00016409566723843403
9005,POM121C (100101267),1.5336091727533765e-05,True,-3.732826467496304e-05,3.732826467496304e-05
9006,RUNX1T1 (862),1.5330777120587564e-05,True,0.0021557709351633747,0.0021557709351633747
9007,TAF5 (6877),1.5311269255856224e-05,True,0.0006633244004889717,0.0006633244004889717
9008,ARMCX3 (51566),1.5308262940336025e-05,True,0.00140110713564289,0.00140110713564289
9009,RPRD1B (58490),1.530806129013008e-05,True,0.001216777416586781,0.001216777416586781
9010,KRT75 (9119),1.5300152077631862e-05,True,-0.001939650923997327,0.001939650923997327
9011,ACSF2 (80221),1.529989347003766e-05,True,-0.0010031546285736096,0.0010031546285736096
9012,RPS27 (6232),1.529503215624931e-05,True,-0.0002371043960835084,0.0002371043960835084
9013,SEH1L (81929),1.5291895334597697e-05,True,-0.0015676438727285943,0.0015676438727285943
9014,MAP3K8 (1326),1.5282626741933644e-05,True,0.0014040436055827161,0.0014040436055827161
9015,PPIH (10465),1.5281600793690495e-05,True,0.0014831740962705123,0.0014831740962705123
9016,PLAAT1 (57110),1.528158469078869e-05,True,0.0025137468204398535,0.0025137468204398535
9017,CDIP1 (29965),1.527991677856042e-05,True,0.0017326999669904663,0.0017326999669904663
9018,PPP1CC (5501),1.5279548891796067e-05,True,-0.001329017650618261,0.001329017650618261
9019,NFIX (4784),1.527711315448899e-05,True,0.0014792332702112181,0.0014792332702112181
9020,RNF166 (115992),1.5274612026576845e-05,True,-0.0004223828041729175,0.0004223828041729175
9021,TOM1L2 (146691),1.5251678871356579e-05,True,0.0012185818092326135,0.0012185818092326135
9022,OR51B5 (282763),1.5249355364154904e-05,True,0.0016591361237551002,0.0016591361237551002
9023,BAIAP2L2 (80115),1.5226774041868888e-05,True,0.0002974032974352829,0.0002974032974352829
9024,RUSF1 (64755),1.5222545947927702e-05,True,0.0005415275613002766,0.0005415275613002766
9025,PPME1 (51400),1.5211335710011968e-05,True,0.0008140406134805843,0.0008140406134805843
9026,CELF3 (11189),1.5206129274995832e-05,True,0.0011314572428369717,0.0011314572428369717
9027,HDGFL2 (84717),1.5206046905764093e-05,True,-0.00047723577995789504,0.00047723577995789504
9028,KRBA1 (84626),1.5197568335973297e-05,True,-0.00017409280379451016,0.00017409280379451016
9029,CXXC5 (51523),1.5197523672566213e-05,True,-0.001208141613553489,0.001208141613553489
9030,POLH (5429),1.519553053143803e-05,True,-0.00020679000960582307,0.00020679000960582307
9031,CEP135 (9662),1.5192807738328107e-05,True,-0.0009579984897295137,0.0009579984897295137
9032,TLNRD1 (59274),1.519273572499957e-05,True,-0.0021581366390355594,0.0021581366390355594
9033,MPV17 (4358),1.5186974520630049e-05,True,-0.0027012355822544987,0.0027012355822544987
9034,ASB13 (79754),1.517840379087797e-05,True,-0.0021936325419589756,0.0021936325419589756
9035,CHMP2A (27243),1.5174301272248867e-05,True,0.0016492909900507,0.0016492909900507
9036,PTPRB (5787),1.5148501903435272e-05,True,-0.000714375677858704,0.000714375677858704
9037,SEC31B (25956),1.5146855016550533e-05,True,0.000844503274535869,0.000844503274535869
9038,GAGE12D (100132399),1.5140998191024682e-05,True,0.0014752263701626152,0.0014752263701626152
9039,ABCD3 (5825),1.5140765763937396e-05,True,-8.418573934152645e-05,8.418573934152645e-05
9040,HSPA4 (3308),1.514040657959007e-05,True,-0.0005951452687928474,0.0005951452687928474
9041,IRF5 (3663),1.5125972990350316e-05,True,-0.0030280115269979997,0.0030280115269979997
9042,RMI2 (116028),1.5124498453998306e-05,True,-0.0006795767639643019,0.0006795767639643019
9043,TP73 (7161),1.5115212822014904e-05,True,0.0010675743589985383,0.0010675743589985383
9044,CSNK1G2 (1455),1.5113595908480937e-05,True,-0.0012770579612199399,0.0012770579612199399
9045,COPS7A (50813),1.5108255617486796e-05,True,0.002472549813006183,0.002472549813006183
9046,TCF4 (6925),1.5106436325947226e-05,True,0.0032511257241522335,0.0032511257241522335
9047,ITGB1BP2 (26548),1.510276786623094e-05,True,-0.002606322434572272,0.002606322434572272
9048,GLI3 (2737),1.510273992806895e-05,True,0.0026224481530655124,0.0026224481530655124
9049,NUDT1 (4521),1.5096631307046147e-05,True,-0.0019446030159591956,0.0019446030159591956
9050,MPHOSPH10 (10199),1.5093465111200784e-05,True,0.0020986322738358286,0.0020986322738358286
9051,USP17L23 (101241878),1.5078688766449765e-05,True,-0.0008408057749817656,0.0008408057749817656
9052,MRPL46 (26589),1.5064035186864705e-05,True,-0.0005564107960230484,0.0005564107960230484
9053,LHFPL1 (340596),1.5033438908477183e-05,True,0.0028182870224318732,0.0028182870224318732
9054,NFE2L2 (4780),1.5028383313269486e-05,True,0.0009871805868585351,0.0009871805868585351
9055,PI3 (5266),1.5027219453741153e-05,True,-0.00039632792025148117,0.00039632792025148117
9056,RBM39 (9584),1.5023918116440778e-05,True,0.0008426427742263824,0.0008426427742263824
9057,ANO6 (196527),1.5022333647360053e-05,True,-0.0025531717438970858,0.0025531717438970858
9058,ZNF470 (388566),1.5007737297749684e-05,True,-0.001366302883800687,0.001366302883800687
9059,C8orf48 (157773),1.500761635370884e-05,True,0.0008332610839733557,0.0008332610839733557
9060,SMG5 (23381),1.4999401226849474e-05,True,0.0016398906199546774,0.0016398906199546774
9061,NFE2L1 (4779),1.4998732563323244e-05,True,0.0008319615754141195,0.0008319615754141195
9062,BDH2 (56898),1.4997739610922261e-05,True,0.00039919698411307585,0.00039919698411307585
9063,ZNF865 (100507290),1.499747493191746e-05,True,-0.0017829846632876672,0.0017829846632876672
9064,SEC14L2 (23541),1.4997355749735086e-05,True,-0.002149252813729072,0.002149252813729072
9065,MGAM2 (93432),1.4996296634410772e-05,True,-0.003930789922496676,0.003930789922496676
9066,MKX (283078),1.4991966103064521e-05,True,-0.0007899433082650782,0.0007899433082650782
9067,CSF1 (1435),1.498591820878534e-05,True,0.0006333355370699802,0.0006333355370699802
9068,MTA3 (57504),1.4980359600338848e-05,True,0.0017076781308871239,0.0017076781308871239
9069,PAFAH2 (5051),1.4973692411133284e-05,True,-0.00024029053749854393,0.00024029053749854393
9070,SLC5A10 (125206),1.4961605322052333e-05,True,-0.0025969306401050912,0.0025969306401050912
9071,TAF6 (6878),1.49546898253017e-05,True,0.0011134763545893756,0.0011134763545893756
9072,RAB41 (347517),1.4949270586052439e-05,True,-0.001143188254449181,0.001143188254449181
9073,H2BC8 (8339),1.4948677049557865e-05,True,0.0008153535082984277,0.0008153535082984277
9074,IQUB (154865),1.4947774353891778e-05,True,-9.680871120378986e-05,9.680871120378986e-05
9075,RELT (84957),1.4929744483232224e-05,True,-0.0004030502809390067,0.0004030502809390067
9076,BET1L (51272),1.4926581894375896e-05,True,0.002143994333300369,0.002143994333300369
9077,ZNF329 (79673),1.4916384836016994e-05,True,-0.001741914555032968,0.001741914555032968
9078,RPL26 (6154),1.4910643961772307e-05,True,0.0015471067885159681,0.0015471067885159681
9079,EME1 (146956),1.4892889990775125e-05,True,0.0010952869744657663,0.0010952869744657663
9080,CYP27A1 (1593),1.4884785384812363e-05,True,0.00044542209618382827,0.00044542209618382827
9081,SARAF (51669),1.4873071683426154e-05,True,-0.000560887372906836,0.000560887372906836
9082,LOXL1 (4016),1.4864994171225186e-05,True,0.00018372692619382692,0.00018372692619382692
9083,C1QTNF7 (114905),1.485976443892431e-05,True,0.0013142676005879598,0.0013142676005879598
9084,LAMC1 (3915),1.4858197970001002e-05,True,0.001263841305863344,0.001263841305863344
9085,FAM3B (54097),1.48408789243671e-05,True,-0.0010933164421363453,0.0010933164421363453
9086,OR51B4 (79339),1.4836245490245868e-05,True,0.002248350922724728,0.002248350922724728
9087,RAET1L (154064),1.4830311982393335e-05,True,-0.0022560316677232182,0.0022560316677232182
9088,LONRF2 (164832),1.4821583828019633e-05,True,-9.089865502677854e-05,9.089865502677854e-05
9089,ISG20 (3669),1.4818922675511501e-05,True,-0.0019060978226053073,0.0019060978226053073
9090,CGB5 (93659),1.4805533124309391e-05,True,-0.003379450449832113,0.003379450449832113
9091,MYCBP2 (23077),1.4801151989028975e-05,True,-0.0016587887433141008,0.0016587887433141008
9092,SLC47A1 (55244),1.4778340000596928e-05,True,-0.00035340288593823646,0.00035340288593823646
9093,TAS2R4 (50832),1.4767368084408791e-05,True,-0.000954673224783706,0.000954673224783706
9094,SGCD (6444),1.4758247852948418e-05,True,-0.000994107039336732,0.000994107039336732
9095,TRMT112 (51504),1.4754598861691598e-05,True,-0.0007654737922754996,0.0007654737922754996
9096,KRT3 (3850),1.4751171603430782e-05,True,-0.0018548484408453813,0.0018548484408453813
9097,SPDYE16 (102723555),1.4741427894719753e-05,True,0.00097823693071771,0.00097823693071771
9098,D2HGDH (728294),1.4740514976940307e-05,True,0.0005457525762963297,0.0005457525762963297
9099,IFT22 (64792),1.4729922797176852e-05,True,-0.000436293952759627,0.000436293952759627
9100,LAMC3 (10319),1.4728388288080767e-05,True,0.0029196906589869305,0.0029196906589869305
9101,TM4SF19 (116211),1.4726082790079057e-05,True,-0.0009425307572424995,0.0009425307572424995
9102,IGSF10 (285313),1.4707084630380522e-05,True,-0.0009509365693902061,0.0009509365693902061
9103,RC3H2 (54542),1.4706621877866012e-05,True,0.001064210204574529,0.001064210204574529
9104,METTL25 (84190),1.4694072083822423e-05,True,-0.0006254605922070047,0.0006254605922070047
9105,ZNF746 (155061),1.468959892307265e-05,True,0.0009145847815507358,0.0009145847815507358
9106,GAGE2E (26749),1.468123964443002e-05,True,0.001041078194776582,0.001041078194776582
9107,ESYT3 (83850),1.4671821043519148e-05,True,0.0014410044153552828,0.0014410044153552828
9108,KCNK5 (8645),1.4671694421600757e-05,True,7.623872119977108e-05,7.623872119977108e-05
9109,BRS3 (680),1.4668901401781524e-05,True,-0.0010196989043829766,0.0010196989043829766
9110,MTUS2 (23281),1.4665257013212276e-05,True,0.0017849150543211667,0.0017849150543211667
9111,PRPS1L1 (221823),1.4664152216336727e-05,True,0.0052774482619612605,0.0052774482619612605
9112,ZNF554 (115196),1.4663544361918225e-05,True,-0.0019519878084353118,0.0019519878084353118
9113,MX2 (4600),1.4655484156340178e-05,True,-0.0005525000648980232,0.0005525000648980232
9114,SLC25A5 (292),1.465382277417406e-05,True,-0.0013983500928517632,0.0013983500928517632
9115,PSMD1 (5707),1.4646142673967074e-05,True,-0.0014283624710256528,0.0014283624710256528
9116,WDSUB1 (151525),1.4646063952113148e-05,True,-0.0011402415601111412,0.0011402415601111412
9117,LARP4 (113251),1.4643360991065548e-05,True,0.0012977034005693944,0.0012977034005693944
9118,SAMSN1 (64092),1.4627082211922343e-05,True,-0.0003562836129913419,0.0003562836129913419
9119,GCM2 (9247),1.4625279374178144e-05,True,0.0014343010604692418,0.0014343010604692418
9120,SLC30A5 (64924),1.4620209298871868e-05,True,-0.0004963585074070199,0.0004963585074070199
9121,CR1 (1378),1.4619054933054282e-05,True,-0.0034201495798493993,0.0034201495798493993
9122,PLEKHA7 (144100),1.4617120519195832e-05,True,-0.0018183437487641761,0.0018183437487641761
9123,MAN2B2 (23324),1.4609316237021152e-05,True,-0.0011490054525638916,0.0011490054525638916
9124,NAV3 (89795),1.4605935225671479e-05,True,0.001254751325495683,0.001254751325495683
9125,MOGS (7841),1.4604944360788276e-05,True,0.0005981613253204282,0.0005981613253204282
9126,MTARC2 (54996),1.459922714388834e-05,True,-0.0032434308642441375,0.0032434308642441375
9127,MAPKAPK3 (7867),1.459739623748649e-05,True,-0.0030830200872507788,0.0030830200872507788
9128,ST3GAL6 (10402),1.457725187659346e-05,True,0.0011151410250709046,0.0011151410250709046
9129,LATS1 (9113),1.4570399002212256e-05,True,0.0016826241436185309,0.0016826241436185309
9130,SP9 (100131390),1.4564632423855043e-05,True,-0.0002206924269469448,0.0002206924269469448
9131,OTOP2 (92736),1.456438098877726e-05,True,0.0026470743903668765,0.0026470743903668765
9132,ENTPD8 (377841),1.4560784643520707e-05,True,0.000983441083644814,0.000983441083644814
9133,DMRT1 (1761),1.4554197144433909e-05,True,0.0024893616770358847,0.0024893616770358847
9134,PECAM1 (5175),1.4551053594622775e-05,True,-0.003933215414157777,0.003933215414157777
9135,JADE1 (79960),1.45461686614882e-05,True,1.2426860719048178e-05,1.2426860719048178e-05
9136,DGAT2 (84649),1.4540596240029754e-05,True,0.001519127828611614,0.001519127828611614
9137,RBM25 (58517),1.4537883209475675e-05,True,-0.0014562884096233843,0.0014562884096233843
9138,PSMD11 (5717),1.453782428582994e-05,True,-0.0001971781169675382,0.0001971781169675382
9139,HYCC2 (285172),1.452221699196336e-05,True,8.111968262519481e-05,8.111968262519481e-05
9140,SLC4A3 (6508),1.4519417826353609e-05,True,-0.0011930544752445198,0.0011930544752445198
9141,KLF10 (7071),1.4512065363151062e-05,True,-0.0006476381292726796,0.0006476381292726796
9142,LZTS1 (11178),1.4509733342333051e-05,True,-0.0022497496197389374,0.0022497496197389374
9143,FGFBP2 (83888),1.4509712373694874e-05,True,0.0010801907073548823,0.0010801907073548823
9144,COX7A2L (9167),1.450762055542478e-05,True,-0.0014088308779798909,0.0014088308779798909
9145,GNG7 (2788),1.4497974415045632e-05,True,-0.001969512437883377,0.001969512437883377
9146,SF3A3 (10946),1.4494615255403062e-05,True,-0.0013937379842215245,0.0013937379842215245
9147,UNC13A (23025),1.4487499028632635e-05,True,-0.0022786688755977113,0.0022786688755977113
9148,RWDD4 (201965),1.4485933524644337e-05,True,0.002088526027151763,0.002088526027151763
9149,PGAM4 (441531),1.4474255517157577e-05,True,-0.0011474836533170224,0.0011474836533170224
9150,NMD3 (51068),1.4468665457399352e-05,True,-0.001613355019845628,0.001613355019845628
9151,TIRAP (114609),1.4459928757768202e-05,True,0.001873741294194837,0.001873741294194837
9152,RAB20 (55647),1.4459587122530582e-05,True,-0.0006077322953066942,0.0006077322953066942
9153,FMN1 (342184),1.4433464802934669e-05,True,-1.2741973437604102e-05,1.2741973437604102e-05
9154,SLF1 (84250),1.4428772933280893e-05,True,0.0016717753675569496,0.0016717753675569496
9155,HOXC8 (3224),1.4420947258859697e-05,True,-0.0003645663889462619,0.0003645663889462619
9156,EIF2S3B (255308),1.4414466971365897e-05,True,0.0010557600388506549,0.0010557600388506549
9157,GNGT2 (2793),1.4410587029192843e-05,True,0.0014885816146743907,0.0014885816146743907
9158,ZBTB46 (140685),1.4407112604639286e-05,True,0.003373336582051279,0.003373336582051279
9159,CFAP43 (80217),1.4404434023623458e-05,True,0.0013664321265851416,0.0013664321265851416
9160,PRAC2 (360205),1.4398749453389475e-05,True,0.0018777395812217663,0.0018777395812217663
9161,SLC39A8 (64116),1.4396535646329198e-05,True,0.0016471883675838283,0.0016471883675838283
9162,IFITM2 (10581),1.4393953314598209e-05,True,-0.0004782530870528349,0.0004782530870528349
9163,ZNF284 (342909),1.4387118371072989e-05,True,-0.0023761788221633036,0.0023761788221633036
9164,CA5A (763),1.4374015928495354e-05,True,0.001688246739464377,0.001688246739464377
9165,NDUFA12 (55967),1.436494477138591e-05,True,0.005076757695425717,0.005076757695425717
9166,BRME1 (79173),1.4357690323873785e-05,True,0.00010644996567279498,0.00010644996567279498
9167,KLLN (100144748),1.4352888457212867e-05,True,-0.0010763035218463728,0.0010763035218463728
9168,PDIA2 (64714),1.4351633214248416e-05,True,0.0015078549652817433,0.0015078549652817433
9169,ST8SIA1 (6489),1.433574138709522e-05,True,-0.0011045844019066055,0.0011045844019066055
9170,B3GNT9 (84752),1.432924232319381e-05,True,-0.001698446384112996,0.001698446384112996
9171,P2RY14 (9934),1.4326740854206702e-05,True,0.0018452487327582272,0.0018452487327582272
9172,H3C14 (126961),1.432457128272283e-05,True,0.0023953019775929344,0.0023953019775929344
9173,C5orf22 (55322),1.4304035628237628e-05,True,0.0009009732334979799,0.0009009732334979799
9174,NPY1R (4886),1.4303441922985512e-05,True,-0.000652242098072385,0.000652242098072385
9175,PCGF5 (84333),1.4288834039300288e-05,True,0.0011925137773774208,0.0011925137773774208
9176,CDK2AP2 (10263),1.4286083347023417e-05,True,0.0013768438208301673,0.0013768438208301673
9177,RHBDL1 (9028),1.4285997469939704e-05,True,0.0012032861027862778,0.0012032861027862778
9178,LST1 (7940),1.4282038388186113e-05,True,-0.0011061452536107058,0.0011061452536107058
9179,PSG11 (5680),1.4280576386359559e-05,True,-0.0014470181250141616,0.0014470181250141616
9180,NFIB (4781),1.4275140930510786e-05,True,0.0029794104459779556,0.0029794104459779556
9181,ASPDH (554235),1.4251336808775e-05,True,-0.0012170212802788162,0.0012170212802788162
9182,KRTAP4-9 (100132386),1.4250587042051023e-05,True,0.0029886158850964887,0.0029886158850964887
9183,PGAP3 (93210),1.4246125344423104e-05,True,0.0008714424998236582,0.0008714424998236582
9184,RAP1GAP (5909),1.4231123543931161e-05,True,1.9145537483406232e-05,1.9145537483406232e-05
9185,FRK (2444),1.4226668435663793e-05,True,-0.0020336096080499667,0.0020336096080499667
9186,FLT4 (2324),1.42203210437876e-05,True,-0.001925470329383934,0.001925470329383934
9187,WFIKKN2 (124857),1.4218904268764857e-05,True,0.00035775550537916687,0.00035775550537916687
9188,HS6ST2 (90161),1.421765189668005e-05,True,-1.7223611610402102e-05,1.7223611610402102e-05
9189,MYO18B (84700),1.4210889583086345e-05,True,-0.0006562563232117582,0.0006562563232117582
9190,TMEM63B (55362),1.4208149921615472e-05,True,0.001973385781764582,0.001973385781764582
9191,EFCAB8 (388795),1.4201804105592333e-05,True,0.0009615362906101542,0.0009615362906101542
9192,CUTA (51596),1.4200329276074212e-05,True,0.00016623691346834561,0.00016623691346834561
9193,PIGG (54872),1.4187202036862561e-05,True,-0.001298570806242444,0.001298570806242444
9194,RB1 (5925),1.4185599433253325e-05,True,-0.0013212751087202008,0.0013212751087202008
9195,CLEC17A (388512),1.4184080591491736e-05,True,-0.0001251925518437186,0.0001251925518437186
9196,DCPS (28960),1.418122421659108e-05,True,0.00022221030356418337,0.00022221030356418337
9197,ATOSA (56204),1.417099994931668e-05,True,-0.0018026492397413554,0.0018026492397413554
9198,EXOC3L1 (283849),1.4165257639387852e-05,True,-0.0012195455840901975,0.0012195455840901975
9199,SLC25A34 (284723),1.4159485703863843e-05,True,0.002981175401662394,0.002981175401662394
9200,ADGRL2 (23266),1.4157438713096754e-05,True,0.000796441744524968,0.000796441744524968
9201,CNTN4 (152330),1.4157061258188934e-05,True,0.0015106231169266285,0.0015106231169266285
9202,RAB40B (10966),1.4154070173790366e-05,True,0.001012191579078291,0.001012191579078291
9203,SIAH3 (283514),1.4153559756020328e-05,True,-0.0029911242674005704,0.0029911242674005704
9204,LEPROT (54741),1.4146904157265783e-05,True,0.0015167177830482858,0.0015167177830482858
9205,PEX2 (5828),1.4144841648996455e-05,True,0.0008704531042109133,0.0008704531042109133
9206,MPZL2 (10205),1.414194025154739e-05,True,-0.00029739331811309356,0.00029739331811309356
9207,SLC15A4 (121260),1.414144693805386e-05,True,-0.0017074257997563705,0.0017074257997563705
9208,PLA2G2F (64600),1.4139225382495923e-05,True,-0.0003381940084341079,0.0003381940084341079
9209,SOHLH1 (402381),1.413653345300168e-05,True,-0.0015781066759063473,0.0015781066759063473
9210,BCL2L15 (440603),1.4136038967770993e-05,True,0.0007916215641368782,0.0007916215641368782
9211,ZNF555 (148254),1.4132680142993839e-05,True,-0.0013476259466885317,0.0013476259466885317
9212,PPBP (5473),1.4129615971453333e-05,True,0.0027537232102047295,0.0027537232102047295
9213,GRIA2 (2891),1.4128453075263787e-05,True,0.0019116800745469199,0.0019116800745469199
9214,HES7 (84667),1.4117711908925201e-05,True,4.214776796331027e-05,4.214776796331027e-05
9215,NAP1L5 (266812),1.4115569496393016e-05,True,0.0015715078238816706,0.0015715078238816706
9216,HS3ST6 (64711),1.411153391002224e-05,True,0.0031707616164103804,0.0031707616164103804
9217,NOX4 (50507),1.4106415137977603e-05,True,-0.003209565064682849,0.003209565064682849
9218,ZNF526 (116115),1.4103924417460186e-05,True,0.0013481434693397472,0.0013481434693397472
9219,RELB (5971),1.4097439034129087e-05,True,-0.0011888781148617514,0.0011888781148617514
9220,GGA3 (23163),1.4096281797109024e-05,True,0.00029712703690919456,0.00029712703690919456
9221,EFNB3 (1949),1.4093192314800344e-05,True,-0.00032649059330319566,0.00032649059330319566
9222,POPDC2 (64091),1.409145910624786e-05,True,-0.0028721365530888316,0.0028721365530888316
9223,PI4K2A (55361),1.4079687965125713e-05,True,-6.831087000886457e-05,6.831087000886457e-05
9224,CA11 (770),1.4078612040762397e-05,True,-0.0030018751471086167,0.0030018751471086167
9225,DTL (51514),1.4078113561654366e-05,True,-0.0013000774261586532,0.0013000774261586532
9226,PI4KB (5298),1.4071625031797653e-05,True,-7.53855107078114e-05,7.53855107078114e-05
9227,HOATZ (399949),1.4065743496986979e-05,True,-0.0020267764329463004,0.0020267764329463004
9228,ATAD1 (84896),1.4054362392863086e-05,True,-0.0006580189156223403,0.0006580189156223403
9229,ITGA10 (8515),1.4047340935921394e-05,True,-0.0027224397369064487,0.0027224397369064487
9230,RBP3 (5949),1.4033129068347802e-05,True,0.0026048665256563942,0.0026048665256563942
9231,ZBTB4 (57659),1.4028102887832084e-05,True,0.0007270225573091381,0.0007270225573091381
9232,ZDHHC11B (653082),1.4017108162581988e-05,True,0.0008188141362805495,0.0008188141362805495
9233,NMRAL1 (57407),1.401516388293421e-05,True,0.002105064905849921,0.002105064905849921
9234,WNT6 (7475),1.4009414025503525e-05,True,0.001118414541744292,0.001118414541744292
9235,AMER1 (139285),1.400487938769645e-05,True,0.001345871747810143,0.001345871747810143
9236,FHL2 (2274),1.4000524911178483e-05,True,-0.0010288357657866599,0.0010288357657866599
9237,BRD1 (23774),1.399635491875398e-05,True,-8.819720449414724e-06,8.819720449414724e-06
9238,ACVR1B (91),1.3995834930205793e-05,True,0.0007303307932208679,0.0007303307932208679
9239,SLC16A8 (23539),1.3991574325395114e-05,True,-0.0004448306536826833,0.0004448306536826833
9240,PUM1 (9698),1.3982412970105924e-05,True,-0.0009444046953095847,0.0009444046953095847
9241,CNPY4 (245812),1.397569755940384e-05,True,-0.0003973722504249594,0.0003973722504249594
9242,CYP4F22 (126410),1.397020645045425e-05,True,0.0004910186817013373,0.0004910186817013373
9243,CDC16 (8881),1.3968812984406633e-05,True,-0.002134809792443386,0.002134809792443386
9244,MXRA8 (54587),1.3965844963836793e-05,True,0.003174879356878021,0.003174879356878021
9245,SLC45A4 (57210),1.3957818350879195e-05,True,-4.121220523257242e-05,4.121220523257242e-05
9246,EHMT2 (10919),1.3947114537216966e-05,True,7.795941566140292e-05,7.795941566140292e-05
9247,TMEM63A (9725),1.3943397279410197e-05,True,-0.0003455532759534174,0.0003455532759534174
9248,MOSPD2 (158747),1.3941279581209962e-05,True,-0.00026946128461172864,0.00026946128461172864
9249,SYNGR2 (9144),1.3940167612156497e-05,True,-0.0014320961575594539,0.0014320961575594539
9250,EPM2AIP1 (9852),1.3938743928353504e-05,True,-0.0012068543109017525,0.0012068543109017525
9251,RBMX (27316),1.3936596198264408e-05,True,-0.00040488908401986037,0.00040488908401986037
9252,ZFAND5 (7763),1.3935762127257673e-05,True,0.001968206361427669,0.001968206361427669
9253,UBXN10 (127733),1.3934924947040654e-05,True,-0.00182445836191204,0.00182445836191204
9254,VARS1 (7407),1.3933956602104486e-05,True,0.0014506472427123808,0.0014506472427123808
9255,BLNK (29760),1.392879025220156e-05,True,0.0023684156926374886,0.0023684156926374886
9256,TGFB2 (7042),1.3927882253870533e-05,True,0.0019549526382409803,0.0019549526382409803
9257,MROH1 (727957),1.3926612659268078e-05,True,0.0005862440946394082,0.0005862440946394082
9258,SLC6A9 (6536),1.3923833917252103e-05,True,0.00154367235564102,0.00154367235564102
9259,ZNF415 (55786),1.3922448030537891e-05,True,0.0020526519468052652,0.0020526519468052652
9260,DNAI1 (27019),1.3916280993698558e-05,True,0.0028349237517718614,0.0028349237517718614
9261,NRARP (441478),1.3908465880039519e-05,True,0.00018626426002211994,0.00018626426002211994
9262,TTC39B (158219),1.3898386827288215e-05,True,0.002110818046797225,0.002110818046797225
9263,TRIM52 (84851),1.3896399043513402e-05,True,0.00028183420429746535,0.00028183420429746535
9264,RRP36 (88745),1.3884564376484492e-05,True,0.0007025389290128724,0.0007025389290128724
9265,ADH4 (127),1.3884046346361498e-05,True,-0.00251353840470569,0.00251353840470569
9266,ENDOV (284131),1.3880318972211282e-05,True,0.0001854191835921952,0.0001854191835921952
9267,TMEM259 (91304),1.386034420632911e-05,True,-0.0009344245148176492,0.0009344245148176492
9268,RRBP1 (6238),1.386012000363491e-05,True,-0.0006193120126185015,0.0006193120126185015
9269,CCK (885),1.3857628835626945e-05,True,-0.0004344515807786194,0.0004344515807786194
9270,TYW5 (129450),1.3848545480082666e-05,True,-0.00010415138426417888,0.00010415138426417888
9271,MARK2 (2011),1.3838343529771331e-05,True,-0.00034068832216896665,0.00034068832216896665
9272,LCLAT1 (253558),1.3833388688278147e-05,True,-0.0013495526153771461,0.0013495526153771461
9273,TRO (7216),1.3831428448699347e-05,True,-0.0004665950296670364,0.0004665950296670364
9274,MASTL (84930),1.3829273354949071e-05,True,0.0006772694333746234,0.0006772694333746234
9275,ATP5F1A (498),1.382668206214146e-05,True,-0.0006782539489726578,0.0006782539489726578
9276,DEFB108B (245911),1.3823517972588359e-05,True,-0.004119722007618392,0.004119722007618392
9277,DISC1 (27185),1.379652049603018e-05,True,-0.0007257148575420288,0.0007257148575420288
9278,SEPHS1 (22929),1.3789036634880874e-05,True,-0.0032133885774940246,0.0032133885774940246
9279,RPL38 (6169),1.3785051433186185e-05,True,0.0003138849741615452,0.0003138849741615452
9280,DCAF4 (26094),1.3784817118340046e-05,True,0.001753029385961659,0.001753029385961659
9281,LMNA (4000),1.3782013628926378e-05,True,-0.0006538902130303493,0.0006538902130303493
9282,NRP1 (8829),1.3777899835321036e-05,True,-0.00056853782770819,0.00056853782770819
9283,KIF21A (55605),1.375012589912793e-05,True,0.00466114461178046,0.00466114461178046
9284,XNDC1N (100133315),1.3744017092035778e-05,True,5.299778857903144e-06,5.299778857903144e-06
9285,MCCC1 (56922),1.3737712198425757e-05,True,8.099004025354396e-06,8.099004025354396e-06
9286,KRT18 (3875),1.3724073362184753e-05,True,-0.0006947541429041652,0.0006947541429041652
9287,NOSIP (51070),1.3723667415316842e-05,True,-0.0029313200300289536,0.0029313200300289536
9288,MARCKS (4082),1.3719545622858459e-05,True,0.0010669230843198551,0.0010669230843198551
9289,FOXP3 (50943),1.3718894977933733e-05,True,-3.164820310172685e-05,3.164820310172685e-05
9290,ADCY1 (107),1.3717948344484445e-05,True,-0.0015397213086805813,0.0015397213086805813
9291,TBC1D15 (64786),1.3714160118186562e-05,True,0.00027636751966323087,0.00027636751966323087
9292,ROBO1 (6091),1.3707077346140063e-05,True,-0.0002798249143351884,0.0002798249143351884
9293,STK35 (140901),1.3702653057388576e-05,True,-0.0020679348887719874,0.0020679348887719874
9294,HRC (3270),1.3699175573588392e-05,True,-0.0004098407798329601,0.0004098407798329601
9295,MOB1A (55233),1.3693283928745563e-05,True,4.135969478103428e-05,4.135969478103428e-05
9296,GTPBP1 (9567),1.3683386149510624e-05,True,-0.0020932454335987017,0.0020932454335987017
9297,NPM2 (10361),1.3681183130475748e-05,True,-0.001920874240017053,0.001920874240017053
9298,ATF7IP (55729),1.3676270952494474e-05,True,0.001365010231400946,0.001365010231400946
9299,IHO1 (339834),1.367469076728242e-05,True,0.00013792385747969172,0.00013792385747969172
9300,DTNA (1837),1.367262001631184e-05,True,-0.0008341290539720487,0.0008341290539720487
9301,SPIN3 (169981),1.3668575772293586e-05,True,0.0013671793583718956,0.0013671793583718956
9302,KCNK9 (51305),1.3654840752272073e-05,True,-0.00034689717860108757,0.00034689717860108757
9303,TOX3 (27324),1.3651660574034104e-05,True,0.0003498491597661847,0.0003498491597661847
9304,MYH14 (79784),1.3642994857994599e-05,True,0.0010991251202737175,0.0010991251202737175
9305,LZTS3 (9762),1.3639396660894671e-05,True,0.000463645777571338,0.000463645777571338
9306,MED18 (54797),1.3633316296249991e-05,True,-0.0019451990839851486,0.0019451990839851486
9307,CFAP54 (144535),1.3628628078829037e-05,True,-0.00045135984621368574,0.00045135984621368574
9308,PIK3R1 (5295),1.3627063069129995e-05,True,-0.003292766561676955,0.003292766561676955
9309,MORC2 (22880),1.3601115230163958e-05,True,0.0007465488037742662,0.0007465488037742662
9310,CFAP70 (118491),1.3599755294376892e-05,True,0.00041245280626863443,0.00041245280626863443
9311,MDFIC (29969),1.3596325855181527e-05,True,-0.00031617960060241804,0.00031617960060241804
9312,CRYAA (1409),1.3585407293006213e-05,True,-0.001032007186022837,0.001032007186022837
9313,SRRD (402055),1.3569446216095984e-05,True,-0.0021577117150126147,0.0021577117150126147
9314,LPCAT2 (54947),1.3567730203020144e-05,True,-1.1235767665344985e-06,1.1235767665344985e-06
9315,LYST (1130),1.3565371757314026e-05,True,-0.00032708480447753954,0.00032708480447753954
9316,RARRES2 (5919),1.3564092913889845e-05,True,-0.0018632735290093365,0.0018632735290093365
9317,SMIM2 (79024),1.3562990761461345e-05,True,-0.002517370291610703,0.002517370291610703
9318,C3AR1 (719),1.355029821841692e-05,True,-0.00025790933973272997,0.00025790933973272997
9319,FCER1G (2207),1.3543708875012376e-05,True,-0.0030966621060404156,0.0030966621060404156
9320,SLC25A6 (293),1.353998196645785e-05,True,-0.0014126812912008753,0.0014126812912008753
9321,RANBP3 (8498),1.3536018798918633e-05,True,-0.000287204451409946,0.000287204451409946
9322,ANGPT2 (285),1.3534684255520032e-05,True,-0.002210764730298389,0.002210764730298389
9323,NOTCH2NLC (100996717),1.3527632925451161e-05,True,-0.00040444517354947993,0.00040444517354947993
9324,TBX6 (6911),1.3527559241030976e-05,True,-0.0013314849666781028,0.0013314849666781028
9325,PCNX1 (22990),1.351800567744606e-05,True,-0.0035482004182405325,0.0035482004182405325
9326,SLA (6503),1.3506524116944475e-05,True,-0.0015959639078499694,0.0015959639078499694
9327,CCL5 (6352),1.3503542901254517e-05,True,-0.0008705689801144919,0.0008705689801144919
9328,GAS2 (2620),1.349938339249922e-05,True,-0.00031669952365896616,0.00031669952365896616
9329,OSBP (5007),1.3499129102464692e-05,True,0.0004414929571328837,0.0004414929571328837
9330,H2AC21 (317772),1.3492362133707487e-05,True,-0.002156895603108283,0.002156895603108283
9331,PTGES2 (80142),1.3491503773033699e-05,True,-0.0006331928557640485,0.0006331928557640485
9332,PGBD2 (267002),1.3489190099401423e-05,True,0.0010891003611190472,0.0010891003611190472
9333,CALCOCO2 (10241),1.348731413069677e-05,True,-0.0004724861640927622,0.0004724861640927622
9334,CTLA4 (1493),1.3481956268246141e-05,True,-0.0007944224774813096,0.0007944224774813096
9335,NDUFB2 (4708),1.3481739033626093e-05,True,0.0008214146090301774,0.0008214146090301774
9336,MYLK (4638),1.3454463690565328e-05,True,-0.0002472053158212808,0.0002472053158212808
9337,LINGO4 (339398),1.3434296570502782e-05,True,-0.002008793415624554,0.002008793415624554
9338,XRCC3 (7517),1.3426561548870041e-05,True,0.0010555595883740957,0.0010555595883740957
9339,RFC2 (5982),1.3421412570957011e-05,True,0.00033719828287887173,0.00033719828287887173
9340,ADORA1 (134),1.3401612772684014e-05,True,0.0006606712684548075,0.0006606712684548075
9341,SGMS2 (166929),1.3400274912845401e-05,True,0.003733215860693342,0.003733215860693342
9342,TNIP1 (10318),1.3396822012096605e-05,True,-0.0020159245245685827,0.0020159245245685827
9343,BIN2 (51411),1.3387764054029627e-05,True,0.002407539377129319,0.002407539377129319
9344,PTPN12 (5782),1.337847428822428e-05,True,0.0008477300110589906,0.0008477300110589906
9345,TMEM106B (54664),1.3377313438202245e-05,True,-0.0026849656186440883,0.0026849656186440883
9346,SIN3A (25942),1.3372597089624005e-05,True,-0.00017382772810578973,0.00017382772810578973
9347,SURF4 (6836),1.3363093272913623e-05,True,-0.00019197245784138449,0.00019197245784138449
9348,C1orf50 (79078),1.3358821687533175e-05,True,0.0015721253249781654,0.0015721253249781654
9349,WARS2 (10352),1.3338861888234324e-05,True,0.0014105080540552193,0.0014105080540552193
9350,MTM1 (4534),1.3334070165068733e-05,True,-0.0013264935081384397,0.0013264935081384397
9351,ZNF337 (26152),1.332635637894197e-05,True,-0.0016947070236229434,0.0016947070236229434
9352,ATP2A1 (487),1.3325333682622244e-05,True,-0.0024301168522130783,0.0024301168522130783
9353,DEDD (9191),1.3304269667316897e-05,True,-0.0031876844848678625,0.0031876844848678625
9354,SLC25A35 (399512),1.3298855367593967e-05,True,0.0011316454958679835,0.0011316454958679835
9355,SLFN12 (55106),1.3295204928457312e-05,True,0.0011105801137104175,0.0011105801137104175
9356,SAP30 (8819),1.3294554946210973e-05,True,-0.001012617007018548,0.001012617007018548
9357,ARPIN (348110),1.3279833574471544e-05,True,-0.002870047840280367,0.002870047840280367
9358,H4C16 (121504),1.3278255099494094e-05,True,-0.0029646656029288197,0.0029646656029288197
9359,MCU (90550),1.3275143366690231e-05,True,-0.0005413680863852575,0.0005413680863852575
9360,STAP1 (26228),1.327244403668685e-05,True,0.0009097360869793451,0.0009097360869793451
9361,COL12A1 (1303),1.3271370727369107e-05,True,0.0014245287775402548,0.0014245287775402548
9362,TXNDC17 (84817),1.3270310504038163e-05,True,0.001678579391167826,0.001678579391167826
9363,AIM2 (9447),1.3268138242905464e-05,True,-0.003830132706843711,0.003830132706843711
9364,GPATCH1 (55094),1.3263189967856897e-05,True,-0.0016653884807903679,0.0016653884807903679
9365,PSME1 (5720),1.3260952091231873e-05,True,-0.0017191258658194762,0.0017191258658194762
9366,SLC9C2 (284525),1.32513727364257e-05,True,-0.00045856803551109674,0.00045856803551109674
9367,ATP11A (23250),1.324639563730189e-05,True,0.0015010906137884663,0.0015010906137884663
9368,TMEM267 (64417),1.3239492659825051e-05,True,0.002052931079757081,0.002052931079757081
9369,ANKRD1 (27063),1.3234213717687426e-05,True,0.0006213527402316365,0.0006213527402316365
9370,RAPGEF2 (9693),1.3232846486638301e-05,True,-0.00016859709719254453,0.00016859709719254453
9371,GNG11 (2791),1.323076271532969e-05,True,-4.6278279930531845e-05,4.6278279930531845e-05
9372,SPC25 (57405),1.3230057504987207e-05,True,-0.00034590565218743045,0.00034590565218743045
9373,TMEM52B (120939),1.3229645760935439e-05,True,0.001296824555701878,0.001296824555701878
9374,ABHD12B (145447),1.3229627293205693e-05,True,0.0017485606327974036,0.0017485606327974036
9375,SPATA7 (55812),1.32275015854455e-05,True,-0.0046622078476532824,0.0046622078476532824
9376,EXOC2 (55770),1.322285819199115e-05,True,0.0013708333388995915,0.0013708333388995915
9377,DNAJC7 (7266),1.322003527084323e-05,True,9.998211534788975e-05,9.998211534788975e-05
9378,NGFR (4804),1.3214720996906434e-05,True,-0.0019891939129923165,0.0019891939129923165
9379,FUT7 (2529),1.3214550504343273e-05,True,0.0007954004658629243,0.0007954004658629243
9380,H2AC13 (8329),1.3208878232673284e-05,True,0.000166322438406851,0.000166322438406851
9381,OCLN (100506658),1.320811837541949e-05,True,0.00019496376805427386,0.00019496376805427386
9382,NDUFA4 (4697),1.3202538656421879e-05,True,0.0003381077528783623,0.0003381077528783623
9383,PLAU (5328),1.3201920699285655e-05,True,-0.0014000173346015259,0.0014000173346015259
9384,STXBP5L (9515),1.3201292046694153e-05,True,2.7308568451621688e-05,2.7308568451621688e-05
9385,RHEB (6009),1.3199416453764403e-05,True,0.0013249854210995726,0.0013249854210995726
9386,EGFLAM (133584),1.3196348892105758e-05,True,0.003244014100031633,0.003244014100031633
9387,CCDC158 (339965),1.319581640036391e-05,True,-0.0012721472750372568,0.0012721472750372568
9388,LIN7B (64130),1.3175562474593784e-05,True,-8.56900925384793e-05,8.56900925384793e-05
9389,FCMR (9214),1.3170079034679508e-05,True,0.0016491510126638497,0.0016491510126638497
9390,ANTXR2 (118429),1.316306345776668e-05,True,-0.0008258461659987631,0.0008258461659987631
9391,TM2D2 (83877),1.3161916271506005e-05,True,-0.0009458229666947605,0.0009458229666947605
9392,CYBRD1 (79901),1.316102004681157e-05,True,-0.0023480549957337654,0.0023480549957337654
9393,PRR7 (80758),1.3157230909467446e-05,True,0.00016670492095901515,0.00016670492095901515
9394,RHEBL1 (121268),1.3155114978770908e-05,True,-0.0007180992974530892,0.0007180992974530892
9395,TSPAN33 (340348),1.3154076494337364e-05,True,0.002957665590957185,0.002957665590957185
9396,MTG1 (92170),1.3148791651152787e-05,True,-0.00048316307665209125,0.00048316307665209125
9397,TRABD2B (388630),1.3142854915176321e-05,True,0.00030098346223345757,0.00030098346223345757
9398,SURF6 (6838),1.3140807335249544e-05,True,2.2574690444810298e-05,2.2574690444810298e-05
9399,DTX4 (23220),1.3133174156577068e-05,True,-0.0010087159636792203,0.0010087159636792203
9400,SULT1C4 (27233),1.3129982801095866e-05,True,0.0008303143234463345,0.0008303143234463345
9401,POGLUT1 (56983),1.3124693568664005e-05,True,0.001327158398641021,0.001327158398641021
9402,AKR7A2 (8574),1.3113225962807613e-05,True,0.0020130912736597444,0.0020130912736597444
9403,DDX23 (9416),1.311076260663535e-05,True,0.001159582578291598,0.001159582578291598
9404,PRF1 (5551),1.310321178425009e-05,True,-0.0011545214034148043,0.0011545214034148043
9405,ZBTB40 (9923),1.3085348582243871e-05,True,0.0006226983677704266,0.0006226983677704266
9406,PEX6 (5190),1.3083996943680282e-05,True,0.0040244724894955035,0.0040244724894955035
9407,GPR152 (390212),1.3083035767999482e-05,True,0.001342561211031163,0.001342561211031163
9408,SMIM21 (284274),1.3080783536931226e-05,True,0.001333491807510325,0.001333491807510325
9409,ITGB6 (3694),1.3077883136563049e-05,True,-0.002762687779955369,0.002762687779955369
9410,TRAPPC5 (126003),1.3062305932415377e-05,True,-0.0001640648085813063,0.0001640648085813063
9411,FAM20C (56975),1.3061457319490336e-05,True,-0.0013301399044601044,0.0013301399044601044
9412,GNE (10020),1.306067089458357e-05,True,-0.0021417718966232277,0.0021417718966232277
9413,ATP5MJ (9556),1.3059260837611421e-05,True,0.0002160605352343633,0.0002160605352343633
9414,AMIGO3 (386724),1.3057924253591969e-05,True,-0.0008428378424655729,0.0008428378424655729
9415,TRIOBP (11078),1.3055917748743423e-05,True,-9.285415723191538e-05,9.285415723191538e-05
9416,ZNF257 (113835),1.3052004849588412e-05,True,0.0016005986692687565,0.0016005986692687565
9417,MON1A (84315),1.3036777786174273e-05,True,-0.0004701314491013715,0.0004701314491013715
9418,BCAS3 (54828),1.303417563333872e-05,True,-0.0019746306936810325,0.0019746306936810325
9419,ACSL1 (2180),1.303407572576565e-05,True,0.0009024727313960166,0.0009024727313960166
9420,MCF2 (4168),1.3027222805771543e-05,True,-0.000939190853627501,0.000939190853627501
9421,GATA2 (2624),1.3009816217621733e-05,True,-0.00016802396208644502,0.00016802396208644502
9422,HYPK (25764),1.3009050845439552e-05,True,0.00019896863870112204,0.00019896863870112204
9423,PPL (5493),1.3007419796018327e-05,True,0.0018935568479823692,0.0018935568479823692
9424,FGG (2266),1.2995211533789812e-05,True,-0.0018696101189503629,0.0018696101189503629
9425,ACMSD (130013),1.2991476564084836e-05,True,-0.0010110939185562103,0.0010110939185562103
9426,PRELID2 (153768),1.2991063969552589e-05,True,-0.00017609912926701559,0.00017609912926701559
9427,OR2A25 (392138),1.2988056868124516e-05,True,-0.002565308994223869,0.002565308994223869
9428,TMEM266 (123591),1.2978256455027045e-05,True,0.0007613830248159844,0.0007613830248159844
9429,CDS2 (8760),1.2976757874363248e-05,True,-0.0035013521024428043,0.0035013521024428043
9430,CHSY1 (22856),1.2974199183673796e-05,True,-0.002556471836726181,0.002556471836726181
9431,SKIL (6498),1.2968129228796397e-05,True,-0.00045725097400280124,0.00045725097400280124
9432,FNTA (2339),1.2965542731438034e-05,True,-0.0005618906044731112,0.0005618906044731112
9433,SLC12A8 (84561),1.2960806136266274e-05,True,0.0016262648585105462,0.0016262648585105462
9434,GPR37L1 (9283),1.2959117283728506e-05,True,0.0005751063485916039,0.0005751063485916039
9435,DCUN1D4 (23142),1.294834994373725e-05,True,0.001466039778495734,0.001466039778495734
9436,HAUS8 (93323),1.2942274234044551e-05,True,0.0008788057591112,0.0008788057591112
9437,KDM5A (5927),1.293322389601831e-05,True,0.0018899827645193852,0.0018899827645193852
9438,OAS3 (4940),1.2932828219576469e-05,True,0.0002525389010823364,0.0002525389010823364
9439,ABHD6 (57406),1.2928820962296192e-05,True,-0.0011104126766614626,0.0011104126766614626
9440,KATNBL1 (79768),1.2926717828795118e-05,True,-0.0005527362429044278,0.0005527362429044278
9441,STARD9 (57519),1.292658234654808e-05,True,0.0015664948080098846,0.0015664948080098846
9442,NSD3 (54904),1.2919678447035229e-05,True,0.0003606263108541395,0.0003606263108541395
9443,POTEE (445582),1.2917281710666242e-05,True,0.002398342714894008,0.002398342714894008
9444,CTTN (2017),1.2913348249820659e-05,True,-0.0005663427574717486,0.0005663427574717486
9445,NAA15 (80155),1.2912565515598033e-05,True,-0.00047572244481373883,0.00047572244481373883
9446,RAB2B (84932),1.2908766876591056e-05,True,0.0016941581861911975,0.0016941581861911975
9447,KANSL2 (54934),1.28989248229195e-05,True,-0.0004928685818599677,0.0004928685818599677
9448,MAK16 (84549),1.2898714549342756e-05,True,0.0012655571306235927,0.0012655571306235927
9449,IRF7 (3665),1.2895402489050944e-05,True,0.0009214940212547576,0.0009214940212547576
9450,PPP2R2C (5522),1.289283005788726e-05,True,0.00041103541107906827,0.00041103541107906827
9451,MYH15 (22989),1.2882500927513418e-05,True,-0.00127311118618859,0.00127311118618859
9452,RPH3A (22895),1.2872578417416274e-05,True,-0.0016962243332429212,0.0016962243332429212
9453,WFDC1 (58189),1.2869914040023601e-05,True,-0.001532242983341906,0.001532242983341906
9454,C10orf53 (282966),1.2855010517232208e-05,True,-0.0008257852428015335,0.0008257852428015335
9455,TMEM41A (90407),1.285416825816853e-05,True,0.00038454740915847593,0.00038454740915847593
9456,FBXO7 (25793),1.283969880390438e-05,True,-0.0033931962016068994,0.0033931962016068994
9457,CA1 (759),1.2835417546641924e-05,True,-0.00046209918441175507,0.00046209918441175507
9458,IL1A (3552),1.2832586842652276e-05,True,-0.0009493838669413625,0.0009493838669413625
9459,LRRC61 (65999),1.2822178457073956e-05,True,0.000984649764599617,0.000984649764599617
9460,SPPL2B (56928),1.2816013449740574e-05,True,0.0004808185984841002,0.0004808185984841002
9461,CZIB (54987),1.2808434531501457e-05,True,-0.0001336706155531846,0.0001336706155531846
9462,PRR19 (284338),1.2803126401341823e-05,True,-0.0014561320891648183,0.0014561320891648183
9463,RASL11A (387496),1.2800208887759318e-05,True,-0.0032650434010646533,0.0032650434010646533
9464,FADD (8772),1.2793438495158787e-05,True,0.0005184560011554541,0.0005184560011554541
9465,PYGL (5836),1.2791137728568972e-05,True,-0.0015443393672169628,0.0015443393672169628
9466,HEPACAM (220296),1.2788619725685281e-05,True,0.0004932610323681099,0.0004932610323681099
9467,DHFR (1719),1.2786481454491649e-05,True,-0.0005218175753480226,0.0005218175753480226
9468,FAM78A (286336),1.2785940236756305e-05,True,0.001154633721590703,0.001154633721590703
9469,GTF3A (2971),1.2778336856525696e-05,True,0.0015976356504648005,0.0015976356504648005
9470,SERPINA2 (390502),1.2773000388393198e-05,True,0.000366306944773324,0.000366306944773324
9471,SUPT4H1 (6827),1.2767708869189842e-05,True,0.0010814654398270513,0.0010814654398270513
9472,GTF2H1 (2965),1.2747771862236161e-05,True,0.0011101016767793004,0.0011101016767793004
9473,TNNT1 (7138),1.2740050513628953e-05,True,-0.0023004874760619203,0.0023004874760619203
9474,TMEM86A (144110),1.2728446514617404e-05,True,0.0004972741149334675,0.0004972741149334675
9475,RRM2B (50484),1.2721142059428444e-05,True,-0.0024804312210349095,0.0024804312210349095
9476,TFCP2L1 (29842),1.2719333171791703e-05,True,0.0011020443949722877,0.0011020443949722877
9477,SMIM24 (284422),1.2718147331133292e-05,True,-0.002830054627446855,0.002830054627446855
9478,ACTR2 (10097),1.2707669311932848e-05,True,-0.0013091501108626032,0.0013091501108626032
9479,DND1 (373863),1.2705779351140133e-05,True,-0.0008437666556088852,0.0008437666556088852
9480,DHDDS (79947),1.2701958592146083e-05,True,0.0005353726502555973,0.0005353726502555973
9481,ACADS (35),1.2701036108169942e-05,True,0.0016388501123255296,0.0016388501123255296
9482,PCARE (388939),1.2699465706661335e-05,True,0.001480561457963304,0.001480561457963304
9483,TCP11L1 (55346),1.2693823745690392e-05,True,-0.0017245546934754328,0.0017245546934754328
9484,ANKRD27 (84079),1.2684652046659572e-05,True,-0.0004628528692754571,0.0004628528692754571
9485,PANK4 (55229),1.2684091817388435e-05,True,0.0011803500993310316,0.0011803500993310316
9486,GOLGA8H (728498),1.2682022448332154e-05,True,-0.0005510028887031427,0.0005510028887031427
9487,ZFP57 (346171),1.267503768962994e-05,True,0.0009565384877729731,0.0009565384877729731
9488,WASHC3 (51019),1.2652062280605296e-05,True,0.0009265352260723959,0.0009265352260723959
9489,ITFG2 (55846),1.265135983505296e-05,True,0.0029743964582516023,0.0029743964582516023
9490,AOC2 (314),1.2650391649458354e-05,True,0.0015543488727848733,0.0015543488727848733
9491,VAT1L (57687),1.2646513394151051e-05,True,-0.0007518618648877813,0.0007518618648877813
9492,ZNF597 (146434),1.2644622161243407e-05,True,-4.939754718774744e-05,4.939754718774744e-05
9493,C19orf73 (55150),1.2641260905686661e-05,True,0.0014955804734736128,0.0014955804734736128
9494,CCT6B (10693),1.2627642149488963e-05,True,-0.0002521569137720124,0.0002521569137720124
9495,PLA2G10 (8399),1.2614915957135016e-05,True,0.0017153293879694081,0.0017153293879694081
9496,LCE3D (84648),1.261305741612321e-05,True,-0.0006843459856963933,0.0006843459856963933
9497,SGF29 (112869),1.2611948787825786e-05,True,0.0007010998359399086,0.0007010998359399086
9498,KCNIP4 (80333),1.260761353878658e-05,True,0.0033792204649674557,0.0033792204649674557
9499,RCAN3 (11123),1.2606101419618794e-05,True,0.0025204745127350315,0.0025204745127350315
9500,SSH1 (54434),1.2605961552081285e-05,True,-0.0014963160276814848,0.0014963160276814848
9501,METTL2B (55798),1.2605445469926782e-05,True,0.0005351696730311064,0.0005351696730311064
9502,RBMS2 (5939),1.2599307163711459e-05,True,0.0016533463858680313,0.0016533463858680313
9503,NAA60 (79903),1.259671729890265e-05,True,0.0010632319584168593,0.0010632319584168593
9504,RIMBP3B (440804),1.2592625782921725e-05,True,0.0005217397959059807,0.0005217397959059807
9505,ZNF594 (84622),1.2589991490182932e-05,True,0.0005588803016234026,0.0005588803016234026
9506,LMOD2 (442721),1.2587677782797272e-05,True,-0.0008411073338112946,0.0008411073338112946
9507,HOXA9 (3205),1.2580343045758664e-05,True,-0.0009206506140953378,0.0009206506140953378
9508,PHF24 (23349),1.2577164852391293e-05,True,0.0018039085970756267,0.0018039085970756267
9509,PFKL (5211),1.2575650096710846e-05,True,0.001332040684840041,0.001332040684840041
9510,ZNF605 (100289635),1.2558265712307699e-05,True,0.0003767819985787017,0.0003767819985787017
9511,PPP3CC (5533),1.2558095737453952e-05,True,0.000989495062156817,0.000989495062156817
9512,FGFR4 (2264),1.2534876466439458e-05,True,0.00044404819818448407,0.00044404819818448407
9513,MC5R (4161),1.2532378964721963e-05,True,-0.0007679724244828061,0.0007679724244828061
9514,SLC25A10 (1468),1.2526097240526901e-05,True,0.0018410199199900585,0.0018410199199900585
9515,TLE2 (7089),1.2523460018739564e-05,True,-0.0011121297065950471,0.0011121297065950471
9516,METTL26 (84326),1.2517656238038285e-05,True,0.002569946647953657,0.002569946647953657
9517,RASL10A (10633),1.2511452343160117e-05,True,0.000820480158728437,0.000820480158728437
9518,SPDYE21 (442572),1.2506753669147555e-05,True,0.00045253332540483,0.00045253332540483
9519,PRR13 (54458),1.2496815479836473e-05,True,0.0005470720656930981,0.0005470720656930981
9520,GRAMD1C (54762),1.249089125731183e-05,True,-0.000665875623290084,0.000665875623290084
9521,CLDN5 (7122),1.2483233486612328e-05,True,0.0025532836580204046,0.0025532836580204046
9522,ZCCHC7 (84186),1.2483153236075998e-05,True,-0.00029918806622205966,0.00029918806622205966
9523,SMIM11 (54065),1.2477405646542263e-05,True,0.0010491982951720954,0.0010491982951720954
9524,STYX (6815),1.2473459661084956e-05,True,0.001182637406697965,0.001182637406697965
9525,RNF10 (9921),1.2460941956507114e-05,True,2.858899185480832e-05,2.858899185480832e-05
9526,SLC37A1 (54020),1.2459274236374071e-05,True,0.00011594394026096834,0.00011594394026096834
9527,TEX9 (374618),1.2458432735360215e-05,True,-0.002575206491322024,0.002575206491322024
9528,B4GALT3 (8703),1.2456932195047693e-05,True,-0.0021480295660718544,0.0021480295660718544
9529,RB1CC1 (9821),1.2444686501023359e-05,True,0.00035780095293410405,0.00035780095293410405
9530,SERINC4 (619189),1.2443736809204912e-05,True,2.4685820601866065e-05,2.4685820601866065e-05
9531,GSS (2937),1.2440114251230666e-05,True,-0.0005853730349613543,0.0005853730349613543
9532,NOMO1 (23420),1.2438996510685562e-05,True,0.0014024463413358067,0.0014024463413358067
9533,GPR143 (4935),1.2436002208330541e-05,True,0.0002742096532469524,0.0002742096532469524
9534,ST6GALNAC4 (27090),1.2414117990229039e-05,True,-0.00015656106366004896,0.00015656106366004896
9535,SYT14 (255928),1.241233437449192e-05,True,0.0011505743267823938,0.0011505743267823938
9536,TMEM127 (55654),1.2407144824994828e-05,True,-0.0012584858776163766,0.0012584858776163766
9537,CARD10 (29775),1.2400899668909358e-05,True,-0.0013122201242666048,0.0013122201242666048
9538,RAPGEFL1 (51195),1.2388379950467416e-05,True,-0.00045779371464901473,0.00045779371464901473
9539,KPNA2 (3838),1.238278940246642e-05,True,0.00039827607941318646,0.00039827607941318646
9540,RNF157 (114804),1.2375432710927713e-05,True,-0.0018009734304705988,0.0018009734304705988
9541,RFC1 (5981),1.2372535326767343e-05,True,-0.0011887664278530468,0.0011887664278530468
9542,ZNF805 (390980),1.2370311043732876e-05,True,-1.3500314841489308e-05,1.3500314841489308e-05
9543,NBR1 (4077),1.2367021325689045e-05,True,0.0032481638905612043,0.0032481638905612043
9544,TSPAN32 (10077),1.236536770205911e-05,True,-0.00011220669726359376,0.00011220669726359376
9545,KRT15 (3866),1.236153355453597e-05,True,-0.0014661424652238732,0.0014661424652238732
9546,TSPAN13 (27075),1.2350402263788228e-05,True,0.0014696790458012267,0.0014696790458012267
9547,MMP17 (4326),1.2350257064648484e-05,True,-0.003248935687853382,0.003248935687853382
9548,AGK (55750),1.2335686891997947e-05,True,-0.0004954205127521583,0.0004954205127521583
9549,CCNO (10309),1.2327369460481832e-05,True,-0.0012407651572997128,0.0012407651572997128
9550,YTHDF1 (54915),1.2314682130564774e-05,True,-0.00024242785509334978,0.00024242785509334978
9551,OR11A1 (26531),1.2312759327012768e-05,True,0.0011119870498824355,0.0011119870498824355
9552,PHKA2 (5256),1.2312737255518147e-05,True,7.902103617080797e-06,7.902103617080797e-06
9553,RBM24 (221662),1.231166448156014e-05,True,-0.0009291092345105223,0.0009291092345105223
9554,AIRE (326),1.2310450953635896e-05,True,0.001906465735546661,0.001906465735546661
9555,GADL1 (339896),1.2298578217802673e-05,True,-0.000875376195019646,0.000875376195019646
9556,MNX1 (3110),1.229785809150177e-05,True,-0.0008727900002747377,0.0008727900002747377
9557,OR10S1 (219873),1.2291547070714913e-05,True,0.0025385074465849103,0.0025385074465849103
9558,ZNF804A (91752),1.2288397055387872e-05,True,0.00048096784972957696,0.00048096784972957696
9559,CCL27 (10850),1.2283514403304843e-05,True,-0.0037327074715163403,0.0037327074715163403
9560,COPZ1 (22818),1.2277507888921864e-05,True,0.0012003780278174005,0.0012003780278174005
9561,RTCA (8634),1.2274013667936698e-05,True,-0.001430758373684689,0.001430758373684689
9562,PRMT5 (10419),1.2273632683191278e-05,True,0.0003576860711930049,0.0003576860711930049
9563,WAPL (23063),1.2261724895404114e-05,True,-0.00143748018916335,0.00143748018916335
9564,FKBP10 (60681),1.2251929264550644e-05,True,-0.00252090738991831,0.00252090738991831
9565,BOC (91653),1.2244169290753963e-05,True,-0.001057303239461405,0.001057303239461405
9566,IZUMO4 (113177),1.2242195659397205e-05,True,0.0016906973337694417,0.0016906973337694417
9567,IL19 (29949),1.2239706270711283e-05,True,-0.0008872354481355598,0.0008872354481355598
9568,POLI (11201),1.2233699559880774e-05,True,-0.0009008845664884823,0.0009008845664884823
9569,PCNP (57092),1.2233692741229433e-05,True,-0.0009366214160269582,0.0009366214160269582
9570,GASK1B (51313),1.222822467720084e-05,True,-0.005076325234563727,0.005076325234563727
9571,CASK (8573),1.2228108690471935e-05,True,7.681396838828776e-05,7.681396838828776e-05
9572,PRX (57716),1.2217273658231799e-05,True,-0.000615961590432235,0.000615961590432235
9573,BCAS2 (10286),1.2213590094283409e-05,True,0.0018205249930261945,0.0018205249930261945
9574,ZNF700 (90592),1.2212732043163454e-05,True,-0.00042449288254650035,0.00042449288254650035
9575,LYPLA2 (11313),1.2211212399268123e-05,True,-0.001391415999412257,0.001391415999412257
9576,EPC2 (26122),1.2205248300886118e-05,True,-1.3759405953097e-05,1.3759405953097e-05
9577,TP53TG5 (27296),1.2199130259680009e-05,True,-0.00035276541333278835,0.00035276541333278835
9578,LDAF1 (57146),1.2197941200848935e-05,True,-0.00085448493154261,0.00085448493154261
9579,DPY19L2 (283417),1.2193612404398875e-05,True,-0.0004519864761880323,0.0004519864761880323
9580,ZNF598 (90850),1.2189026850534086e-05,True,0.0016113731175066235,0.0016113731175066235
9581,PTX4 (390667),1.2175709924617381e-05,True,0.001549578899019021,0.001549578899019021
9582,CHCHD10 (400916),1.216798478622203e-05,True,-0.0010716354158179563,0.0010716354158179563
9583,CLDN9 (9080),1.2159039452662923e-05,True,-0.0016068880645203607,0.0016068880645203607
9584,CHADL (150356),1.215851631338752e-05,True,0.00012000088500497446,0.00012000088500497446
9585,NEDD1 (121441),1.2155657760895889e-05,True,-0.0007330702555475865,0.0007330702555475865
9586,PIGH (5283),1.2155471566249318e-05,True,0.0002007898027467142,0.0002007898027467142
9587,TECR (9524),1.2154388808172689e-05,True,-0.001996007532982419,0.001996007532982419
9588,UBE3D (90025),1.2153591019467906e-05,True,-0.0005391413400693376,0.0005391413400693376
9589,FOXA1 (3169),1.2152050354916944e-05,True,0.0020223661200526703,0.0020223661200526703
9590,DUSP9 (1852),1.2141498480508925e-05,True,-0.0026236767040448273,0.0026236767040448273
9591,SH3BGR (6450),1.2138999360347156e-05,True,0.0012903487788169354,0.0012903487788169354
9592,ZNF37A (7587),1.2135741622458931e-05,True,-0.0004062291482302303,0.0004062291482302303
9593,UBAC1 (10422),1.2134083828221375e-05,True,-0.0009970276353502853,0.0009970276353502853
9594,DCAF12 (25853),1.2132361652692279e-05,True,-0.0019865080334950697,0.0019865080334950697
9595,SERPINB2 (5055),1.2129592921086576e-05,True,0.00020036271865700775,0.00020036271865700775
9596,SEMA4B (10509),1.2126393198225602e-05,True,-0.0007906092760399091,0.0007906092760399091
9597,UTS2 (10911),1.2122097432828073e-05,True,-0.0031601505629533016,0.0031601505629533016
9598,UGT2B7 (7364),1.2121852971754295e-05,True,-7.743448595850188e-05,7.743448595850188e-05
9599,PRDX3 (10935),1.211471539744878e-05,True,-0.0009025623310209791,0.0009025623310209791
9600,DYNC2I2 (89891),1.2106032729296387e-05,True,-0.0006988621655125335,0.0006988621655125335
9601,XRN2 (22803),1.2104328942818608e-05,True,-0.001726694251740895,0.001726694251740895
9602,DAG1 (1605),1.2099106947876464e-05,True,-0.0010474299816451505,0.0010474299816451505
9603,RAP1B (5908),1.2098707231658582e-05,True,-0.0009452542327854411,0.0009452542327854411
9604,NECAB1 (64168),1.209794317311328e-05,True,0.0014172444649118727,0.0014172444649118727
9605,DDX49 (54555),1.2097371754971096e-05,True,-0.0009978182251013734,0.0009978182251013734
9606,GALR2 (8811),1.2093904251434467e-05,True,-0.0013102935768848866,0.0013102935768848866
9607,MUC16 (94025),1.2088803199695426e-05,True,4.166863722603075e-05,4.166863722603075e-05
9608,TUB (7275),1.2086286667560987e-05,True,0.0006993575443269536,0.0006993575443269536
9609,DMRTC1 (63947),1.2085430156654852e-05,True,-0.001561413711606122,0.001561413711606122
9610,ZUP1 (221302),1.20828963825139e-05,True,0.00046853137671393815,0.00046853137671393815
9611,MAGEA3 (4102),1.206834510634673e-05,True,0.0011266736084842867,0.0011266736084842867
9612,TSNAXIP1 (55815),1.2065438697280958e-05,True,0.0001553528409423008,0.0001553528409423008
9613,LPP (4026),1.2034416497912551e-05,True,0.0005450876627305292,0.0005450876627305292
9614,LPO (4025),1.2034016535456081e-05,True,-0.0004675211248625268,0.0004675211248625268
9615,GAA (2548),1.2014983949447743e-05,True,0.0007885819919757938,0.0007885819919757938
9616,RASSF2 (9770),1.2011279076713964e-05,True,-0.0020355483213872474,0.0020355483213872474
9617,MMP15 (4324),1.20077746725003e-05,True,-0.0009100596424886531,0.0009100596424886531
9618,CCT6A (908),1.2003873709535022e-05,True,-0.00025587552644295,0.00025587552644295
9619,ARSB (411),1.2001934916470266e-05,True,-0.00031427609759460714,0.00031427609759460714
9620,UNC5A (90249),1.2000748777729784e-05,True,0.0026007387464052857,0.0026007387464052857
9621,TRAM1L1 (133022),1.1999502643678829e-05,True,0.0019131508350722895,0.0019131508350722895
9622,ALDH16A1 (126133),1.1988736960222457e-05,True,-0.0014922174733350234,0.0014922174733350234
9623,C17orf100 (388327),1.1973375577077966e-05,True,-0.0015404412357482074,0.0015404412357482074
9624,TNRC6A (27327),1.1962977414501469e-05,True,0.0005010856784395867,0.0005010856784395867
9625,ATP9A (10079),1.1951813036500754e-05,True,-0.003630705094681106,0.003630705094681106
9626,DYNLT5 (200132),1.1944528970798761e-05,True,0.004581892664785275,0.004581892664785275
9627,DIPK2A (205428),1.1943163657320073e-05,True,0.0034827141030965374,0.0034827141030965374
9628,PPFIBP1 (8496),1.1942702286797733e-05,True,0.0014549296625778385,0.0014549296625778385
9629,CLDN14 (23562),1.1939413321261172e-05,True,0.0015337008775432772,0.0015337008775432772
9630,CHAC2 (494143),1.1937177861251e-05,True,0.00044354488182092415,0.00044354488182092415
9631,PPCDC (60490),1.1936568052072434e-05,True,-0.0005566843098601418,0.0005566843098601418
9632,CSF3 (1440),1.1931002294416244e-05,True,0.0004466058675090339,0.0004466058675090339
9633,ETFDH (2110),1.1929251577620924e-05,True,-0.0005595321999506784,0.0005595321999506784
9634,CIDEB (27141),1.192762762131816e-05,True,-0.0007848715486497469,0.0007848715486497469
9635,LVRN (206338),1.191347172685602e-05,True,-0.001381039074048161,0.001381039074048161
9636,IFI44 (10561),1.1904963113899149e-05,True,-0.0013015213024625291,0.0013015213024625291
9637,ABCB1 (5243),1.1899778119246778e-05,True,0.00017398997539779464,0.00017398997539779464
9638,C1orf54 (79630),1.1894133482293027e-05,True,0.00018074064275598676,0.00018074064275598676
9639,GINS3 (64785),1.189186807344175e-05,True,-0.002104015382991565,0.002104015382991565
9640,LRRC26 (389816),1.1890193472404374e-05,True,0.0005641950486398747,0.0005641950486398747
9641,LGALS9 (3965),1.1885084101665824e-05,True,-0.002402879672218526,0.002402879672218526
9642,RAB3D (9545),1.1875076020836474e-05,True,0.0005799311446021304,0.0005799311446021304
9643,H2AC14 (8331),1.1874548982392618e-05,True,-0.0028524276032282766,0.0028524276032282766
9644,LTF (4057),1.1871409495930087e-05,True,-0.0009497173000066177,0.0009497173000066177
9645,FLNB (2317),1.1868409780265625e-05,True,0.0011454028758001316,0.0011454028758001316
9646,IFT88 (8100),1.1863330713336443e-05,True,-0.002044183060464918,0.002044183060464918
9647,TMED3 (23423),1.1862206783236939e-05,True,0.0012337426431934398,0.0012337426431934398
9648,BRMS1L (84312),1.186160699377932e-05,True,-4.4408229737640924e-06,4.4408229737640924e-06
9649,PODN (127435),1.1858901703888989e-05,True,0.0002277014853112279,0.0002277014853112279
9650,SLC12A2 (6558),1.1855682829406401e-05,True,-0.0011983419534964787,0.0011983419534964787
9651,ING3 (54556),1.1854284208019605e-05,True,0.00018245273108064854,0.00018245273108064854
9652,SIGLEC6 (946),1.1845504231254977e-05,True,0.0013016816685035189,0.0013016816685035189
9653,RAB2A (5862),1.184396662246668e-05,True,0.0010673124383307948,0.0010673124383307948
9654,ZKSCAN4 (387032),1.1835072759230274e-05,True,-0.001540836339648014,0.001540836339648014
9655,GIPR (2696),1.183025000415396e-05,True,-0.000606889847940776,0.000606889847940776
9656,TGFBR1 (7046),1.1820769057640926e-05,True,-0.0013339412127470612,0.0013339412127470612
9657,LAS1L (81887),1.1813748351373981e-05,True,0.0012494523112246238,0.0012494523112246238
9658,EML4 (27436),1.1810142143275949e-05,True,-0.0003717551645974577,0.0003717551645974577
9659,SLFN11 (91607),1.1807313066939586e-05,True,-0.001995289600352388,0.001995289600352388
9660,CIC (23152),1.1805552108404052e-05,True,-0.0035272901522460294,0.0035272901522460294
9661,EIF3C (8663),1.1792142887809876e-05,True,-0.0002646159149965531,0.0002646159149965531
9662,CEPT1 (10390),1.1792103704266339e-05,True,-0.0005043161967652659,0.0005043161967652659
9663,AFMID (125061),1.1789936434175452e-05,True,0.0009782951343566323,0.0009782951343566323
9664,P2RX4 (5025),1.178800132740351e-05,True,0.0004039961375159576,0.0004039961375159576
9665,TSPY10 (100289087),1.1778900057959622e-05,True,0.0019973263472850677,0.0019973263472850677
9666,CFLAR (8837),1.1772259622570512e-05,True,-0.0009354033140096975,0.0009354033140096975
9667,TUBGCP6 (85378),1.1763265649814497e-05,True,-0.0002686090245357527,0.0002686090245357527
9668,SH3RF3 (344558),1.1751352667879319e-05,True,1.839468749417956e-05,1.839468749417956e-05
9669,EML2 (24139),1.1749101648614314e-05,True,0.0014825090868262492,0.0014825090868262492
9670,GDPD5 (81544),1.1738271967801746e-05,True,0.0021083848794016743,0.0021083848794016743
9671,PARP16 (54956),1.1732623840942152e-05,True,-0.0009678658731115537,0.0009678658731115537
9672,ENG (2022),1.1718996274088228e-05,True,-0.0014580867274389827,0.0014580867274389827
9673,SMIM12 (113444),1.1717613078486955e-05,True,-0.000919111619892148,0.000919111619892148
9674,TUG1 (55000),1.1716812530106284e-05,True,0.0024420146592680054,0.0024420146592680054
9675,TKTL1 (8277),1.1716626244066267e-05,True,-0.0014311439428083973,0.0014311439428083973
9676,IFFO2 (126917),1.171662510811635e-05,True,-0.0025583259218232186,0.0025583259218232186
9677,TSPEAR (54084),1.1693355258963326e-05,True,0.00025348566900687325,0.00025348566900687325
9678,KCNH6 (81033),1.1691943000505897e-05,True,0.0009734043894773014,0.0009734043894773014
9679,SNRNP48 (154007),1.1687330080320407e-05,True,-0.0011924127215256152,0.0011924127215256152
9680,HARS2 (23438),1.1683791742421597e-05,True,-0.00018591855532041138,0.00018591855532041138
9681,SLC5A1 (6523),1.1682022237585956e-05,True,-0.001267076637386442,0.001267076637386442
9682,HEXA (3073),1.1678109483406281e-05,True,-0.003915790530533946,0.003915790530533946
9683,SMIM15 (643155),1.1674970384928e-05,True,-0.004948385985862894,0.004948385985862894
9684,MBOAT4 (619373),1.1674277383183976e-05,True,0.0005570678684347987,0.0005570678684347987
9685,RAB24 (53917),1.167068519902512e-05,True,0.0014663680904184542,0.0014663680904184542
9686,DENND1A (57706),1.166902633832881e-05,True,-0.001999016331414614,0.001999016331414614
9687,EXTL2 (2135),1.166535145210096e-05,True,-0.0022791181093701806,0.0022791181093701806
9688,WDR44 (54521),1.1663090262311148e-05,True,-0.003025005050103847,0.003025005050103847
9689,NFKB2 (4791),1.166256256379454e-05,True,0.0003973196665359002,0.0003973196665359002
9690,CNTNAP5 (129684),1.1660832218958225e-05,True,-0.0010781997858509641,0.0010781997858509641
9691,PSMD2 (5708),1.1660347842225801e-05,True,0.00019945108261834512,0.00019945108261834512
9692,CLTA (1211),1.1658964817561408e-05,True,-0.0009229279766111337,0.0009229279766111337
9693,MED6 (10001),1.1652341354436216e-05,True,-0.000775315811562056,0.000775315811562056
9694,PSMC4 (5704),1.1648081981654463e-05,True,-0.0005768313958084728,0.0005768313958084728
9695,UBTD1 (80019),1.1645925549646874e-05,True,0.00037361010052038837,0.00037361010052038837
9696,SAMD14 (201191),1.164569240656351e-05,True,0.00011868265717349872,0.00011868265717349872
9697,C1orf210 (149466),1.1645271235776579e-05,True,0.0015535116650223142,0.0015535116650223142
9698,NDUFS2 (4720),1.1640614183114156e-05,True,-0.0029138372653794544,0.0029138372653794544
9699,MXD3 (83463),1.1639975400658065e-05,True,0.0005073336460354604,0.0005073336460354604
9700,CCN4 (8840),1.1638408828201662e-05,True,0.0008862990379625571,0.0008862990379625571
9701,EPHA8 (2046),1.1625486608476635e-05,True,0.003055778833615042,0.003055778833615042
9702,F12 (2161),1.162248765164884e-05,True,0.0015006064260185015,0.0015006064260185015
9703,NDUFB4 (4710),1.1616093589760267e-05,True,0.0020604786697596238,0.0020604786697596238
9704,NIM1K (167359),1.1614683317968316e-05,True,-0.0006171175459620875,0.0006171175459620875
9705,MTARC1 (64757),1.1612278495522047e-05,True,-0.0002544683161335001,0.0002544683161335001
9706,PPP6R3 (55291),1.161014468816771e-05,True,0.00019377328310406445,0.00019377328310406445
9707,HIF3A (64344),1.1605884637345485e-05,True,0.0004919546665242586,0.0004919546665242586
9708,TRAPPC10 (7109),1.159918178453222e-05,True,0.0009129702904025576,0.0009129702904025576
9709,ELF3 (1999),1.159540869958143e-05,True,-0.0008724287771958053,0.0008724287771958053
9710,EFNA3 (1944),1.1577989842981135e-05,True,-0.00010957920543561167,0.00010957920543561167
9711,PNPLA3 (80339),1.1576763251168016e-05,True,-3.052751767077498e-05,3.052751767077498e-05
9712,TECPR2 (9895),1.1576247351010363e-05,True,-0.0004424417263538992,0.0004424417263538992
9713,TF (7018),1.1571467657946093e-05,True,-0.0009429120552867523,0.0009429120552867523
9714,ZBTB2 (57621),1.1561702639597938e-05,True,0.000664087849028952,0.000664087849028952
9715,ZSWIM5 (57643),1.1561659257895802e-05,True,0.0024976591669885204,0.0024976591669885204
9716,STH (246744),1.1559742852297447e-05,True,0.0010019783790674072,0.0010019783790674072
9717,LRRIQ4 (344657),1.1559188082904468e-05,True,0.0016779541123975853,0.0016779541123975853
9718,FGF8 (2253),1.1547244552373841e-05,True,-0.0007779766156945842,0.0007779766156945842
9719,SYT12 (91683),1.1543076473042298e-05,True,-0.0027042885108754,0.0027042885108754
9720,FDX1 (2230),1.1540423019298617e-05,True,-0.0011278724876166073,0.0011278724876166073
9721,PDCD1 (5133),1.153601656865832e-05,True,0.0021923480403130144,0.0021923480403130144
9722,TREX1 (11277),1.1534942410247513e-05,True,0.0015276777366745322,0.0015276777366745322
9723,ZSWIM7 (125150),1.153378881498016e-05,True,-0.0008488532269925336,0.0008488532269925336
9724,CALML5 (51806),1.1528233382048808e-05,True,-0.0010238795346587375,0.0010238795346587375
9725,R3HDM4 (91300),1.1520912933693553e-05,True,0.0013719542803580175,0.0013719542803580175
9726,PRKAA2 (5563),1.1515129608111638e-05,True,0.0036231398799124663,0.0036231398799124663
9727,CDK5RAP2 (55755),1.151203871140986e-05,True,0.0001388154453663172,0.0001388154453663172
9728,OSGEP (55644),1.1508572379699365e-05,True,-0.0003764424297629953,0.0003764424297629953
9729,RABL2B (11158),1.1502579180456044e-05,True,-0.0015628706109988085,0.0015628706109988085
9730,SLC17A9 (63910),1.149260571419148e-05,True,-0.0031845149746335625,0.0031845149746335625
9731,TRAPPC14 (55262),1.148979048508937e-05,True,-0.00039584192527852466,0.00039584192527852466
9732,AP1M1 (8907),1.1472255530628036e-05,True,-0.0017912057280406516,0.0017912057280406516
9733,TMEM37 (140738),1.1470207526438932e-05,True,-0.0006249562400326915,0.0006249562400326915
9734,PCDH19 (57526),1.1469253321437145e-05,True,0.00012063694724300309,0.00012063694724300309
9735,COQ9 (57017),1.1454907245642111e-05,True,-0.0011329716961128175,0.0011329716961128175
9736,TUBB8 (347688),1.1450739996038542e-05,True,-0.002846867081776363,0.002846867081776363
9737,SPNS1 (83985),1.1449181790959668e-05,True,0.0009072551987593781,0.0009072551987593781
9738,FAM221A (340277),1.1449134273052456e-05,True,-0.0006639678199916068,0.0006639678199916068
9739,TMEM8B (51754),1.1442231987192514e-05,True,0.0010524894099246999,0.0010524894099246999
9740,RSKR (124923),1.1441907509863907e-05,True,0.002264759914609356,0.002264759914609356
9741,SAMTOR (154743),1.1440495451325298e-05,True,-0.0007839627512108451,0.0007839627512108451
9742,RASSF6 (166824),1.1439388050003494e-05,True,-0.0020320539261570215,0.0020320539261570215
9743,MAGIX (79917),1.1438724394441868e-05,True,0.002012107935255907,0.002012107935255907
9744,HAUS4 (54930),1.1437710117543441e-05,True,-0.0012199976669315803,0.0012199976669315803
9745,OR56A1 (120796),1.1430367688615622e-05,True,-0.0013058447824713386,0.0013058447824713386
9746,RAB27A (5873),1.142693086347017e-05,True,-0.00028469057011031983,0.00028469057011031983
9747,RIMBP3 (85376),1.1426068707851822e-05,True,-0.00035879906905167793,0.00035879906905167793
9748,SMC6 (79677),1.142485645190623e-05,True,0.0003358791500145315,0.0003358791500145315
9749,MDC1 (9656),1.1424646275165378e-05,True,0.0018409036803800072,0.0018409036803800072
9750,TEK (7010),1.1417755449023768e-05,True,-0.003469692735796477,0.003469692735796477
9751,APELA (100506013),1.1415411587862093e-05,True,0.002991335119121548,0.002991335119121548
9752,CHAF1A (10036),1.1413927670652246e-05,True,0.0011928288620546394,0.0011928288620546394
9753,AP3S2 (10239),1.1413185091265772e-05,True,0.0005351329985285608,0.0005351329985285608
9754,PLG (5340),1.1412866222849841e-05,True,-0.0005225705822306752,0.0005225705822306752
9755,DNAJC8 (22826),1.1403742821886137e-05,True,0.00035482811172818287,0.00035482811172818287
9756,STBD1 (8987),1.1401411231403256e-05,True,0.0011620703006982802,0.0011620703006982802
9757,YTHDC1 (91746),1.1392616713689518e-05,True,0.000729111825734497,0.000729111825734497
9758,ZNF615 (284370),1.1388894907586827e-05,True,0.0003364678586238203,0.0003364678586238203
9759,BEX4 (56271),1.1383028629539536e-05,True,-3.3607492771378124e-05,3.3607492771378124e-05
9760,ST8SIA4 (7903),1.137467318155357e-05,True,-0.0003893607473260066,0.0003893607473260066
9761,NPIPA7 (101059938),1.136725606836228e-05,True,0.002072435284228803,0.002072435284228803
9762,MOCS1 (4337),1.136646093932654e-05,True,0.002151081306499867,0.002151081306499867
9763,FGD5 (152273),1.1365655663835676e-05,True,0.0007620939833793435,0.0007620939833793435
9764,TNFAIP6 (7130),1.1357799751676145e-05,True,0.0015097371692308005,0.0015097371692308005
9765,GLT8D1 (55830),1.135541307606891e-05,True,-0.0005524829386541199,0.0005524829386541199
9766,MOB3A (126308),1.1347241369013132e-05,True,-0.0013907921715365372,0.0013907921715365372
9767,PARP1 (142),1.1341197888281815e-05,True,-0.0008990136613482814,0.0008990136613482814
9768,OAS2 (4939),1.1313271175583082e-05,True,0.001420686552907317,0.001420686552907317
9769,HIRA (7290),1.1300660090991673e-05,True,-0.0012447956767110508,0.0012447956767110508
9770,MAN2C1 (4123),1.1300471894365775e-05,True,8.128143534778288e-05,8.128143534778288e-05
9771,FLRT1 (23769),1.1295110014753766e-05,True,0.001321612427856217,0.001321612427856217
9772,CYP39A1 (51302),1.1292456877326984e-05,True,0.0007739456420838103,0.0007739456420838103
9773,CIMAP3 (128344),1.1290162227286313e-05,True,0.0025214348571112673,0.0025214348571112673
9774,ATXN2L (11273),1.1289547770037276e-05,True,0.0008621305663617505,0.0008621305663617505
9775,ASB1 (51665),1.1289019148112691e-05,True,-0.0008561598673839036,0.0008561598673839036
9776,COL5A2 (1290),1.1287161048515153e-05,True,0.002855893370784156,0.002855893370784156
9777,NBPF9 (400818),1.128703147489342e-05,True,-0.001499022101073453,0.001499022101073453
9778,SH3PXD2A (9644),1.1280065646142699e-05,True,-0.002127758295829014,0.002127758295829014
9779,CEP63 (80254),1.127944884128794e-05,True,0.002279479720836999,0.002279479720836999
9780,DOCK9 (23348),1.1277817174159202e-05,True,0.0020711566006022895,0.0020711566006022895
9781,ASPHD1 (253982),1.1272704944226731e-05,True,-0.001076374887872879,0.001076374887872879
9782,PRB1 (5542),1.1270953604624475e-05,True,-0.005901998227625957,0.005901998227625957
9783,GOLGA6L4 (643707),1.1249092976391187e-05,True,0.001210191157481901,0.001210191157481901
9784,ZNF512 (84450),1.1238905129238295e-05,True,0.0018641344514446767,0.0018641344514446767
9785,CEP95 (90799),1.123718260071671e-05,True,-0.0022143722964615108,0.0022143722964615108
9786,TFDP2 (7029),1.1236182492942242e-05,True,0.0009473093490497892,0.0009473093490497892
9787,KIAA1586 (57691),1.1234033509121677e-05,True,1.864432595212115e-05,1.864432595212115e-05
9788,SRCIN1 (80725),1.1233531833986495e-05,True,-0.0017358580162050998,0.0017358580162050998
9789,TEX15 (56154),1.1229777059359628e-05,True,0.002256081667945729,0.002256081667945729
9790,METTL24 (728464),1.1229580859751718e-05,True,-0.0005832064348748021,0.0005832064348748021
9791,CD300LF (146722),1.1228038837807798e-05,True,0.0012233204805926414,0.0012233204805926414
9792,CENPM (79019),1.1226956616299257e-05,True,-0.0003027999356719736,0.0003027999356719736
9793,FBH1 (84893),1.122117369587805e-05,True,-0.0005485741060920226,0.0005485741060920226
9794,ZFAND6 (54469),1.1218334200971335e-05,True,-0.002202113172081491,0.002202113172081491
9795,MPND (84954),1.1205050000708659e-05,True,-0.0005217552560171062,0.0005217552560171062
9796,NAA35 (60560),1.1200886655986877e-05,True,0.0013622938997803345,0.0013622938997803345
9797,TPGS1 (91978),1.1197887106203892e-05,True,-0.0009437941569565543,0.0009437941569565543
9798,USPL1 (10208),1.1184770754831954e-05,True,-7.840249505458498e-05,7.840249505458498e-05
9799,TMEM176A (55365),1.1181005950656658e-05,True,-0.001939887850107836,0.001939887850107836
9800,ADAM28 (10863),1.1179249884246375e-05,True,-0.0017348126436546956,0.0017348126436546956
9801,FAM83H (286077),1.1172171294767257e-05,True,0.0017832045537282204,0.0017832045537282204
9802,CUL4B (8450),1.1154364767462245e-05,True,-0.0011741817236811257,0.0011741817236811257
9803,PVRIG (79037),1.1150632237836618e-05,True,-0.0030261224390111014,0.0030261224390111014
9804,ENTHD1 (150350),1.114987239599217e-05,True,0.003083181754510576,0.003083181754510576
9805,RPP25L (138716),1.1147788411794668e-05,True,-0.0027724761026860067,0.0027724761026860067
9806,ATP5IF1 (93974),1.1147095034493816e-05,True,-0.00033170575868566037,0.00033170575868566037
9807,LIMK2 (3985),1.1142769130135448e-05,True,-0.0011127369117438306,0.0011127369117438306
9808,CLIC5 (53405),1.1136946577466386e-05,True,0.0020950379447420755,0.0020950379447420755
9809,MANF (7873),1.1136641110079028e-05,True,-0.002162276659820332,0.002162276659820332
9810,ZFP91 (80829),1.1133862861495748e-05,True,-0.0006051378574721835,0.0006051378574721835
9811,YIPF6 (286451),1.1129983186778387e-05,True,0.0009574071871698486,0.0009574071871698486
9812,GAB4 (128954),1.112418492877279e-05,True,-5.051088545324369e-05,5.051088545324369e-05
9813,P2RX7 (5027),1.1123944864106013e-05,True,-0.0001708234475246398,0.0001708234475246398
9814,IFNL2 (282616),1.1117331951238428e-05,True,-0.0023770780006275834,0.0023770780006275834
9815,NPAP1 (23742),1.111595053745379e-05,True,0.00029485286307573454,0.00029485286307573454
9816,FZD4 (8322),1.1110693642887246e-05,True,0.0019938875368907677,0.0019938875368907677
9817,CT47A5 (728072),1.1096851239650926e-05,True,0.004502494137210584,0.004502494137210584
9818,GNB2 (2783),1.109320705966477e-05,True,0.0003757935395252035,0.0003757935395252035
9819,POLR3A (11128),1.1089925420073195e-05,True,-0.0001278237123021244,0.0001278237123021244
9820,TMOD3 (29766),1.1087284735375195e-05,True,0.0008505726408598452,0.0008505726408598452
9821,DIP2A (23181),1.1080884629341135e-05,True,0.0007688345212300388,0.0007688345212300388
9822,POLR3G (10622),1.1079700475332577e-05,True,0.002242738207622089,0.002242738207622089
9823,URGCP (55665),1.1078677689783202e-05,True,0.00168422926015492,0.00168422926015492
9824,CLBA1 (122616),1.1077134074515908e-05,True,-0.0008435391136776531,0.0008435391136776531
9825,SDK2 (54549),1.106618056128965e-05,True,0.00024018713025064626,0.00024018713025064626
9826,TREML1 (340205),1.1061311564131346e-05,True,-0.0005399517982831688,0.0005399517982831688
9827,CADM4 (199731),1.1050041218414465e-05,True,-0.0014573930623407749,0.0014573930623407749
9828,ZNF143 (7702),1.1049985863368387e-05,True,-0.0012566226576407767,0.0012566226576407767
9829,OR10AD1 (121275),1.1042809555595776e-05,True,0.00020670852244469894,0.00020670852244469894
9830,RIPK2 (8767),1.1041515043655145e-05,True,-0.0005954269974748042,0.0005954269974748042
9831,MATN2 (4147),1.1034272537544327e-05,True,-0.00010646608180529251,0.00010646608180529251
9832,NTN5 (126147),1.1031028733773751e-05,True,-0.0005627725343763946,0.0005627725343763946
9833,SLC7A10 (56301),1.1027961561918603e-05,True,-0.001250640982606509,0.001250640982606509
9834,RBM22 (55696),1.1027136327747012e-05,True,-0.0010612721973406632,0.0010612721973406632
9835,KHNYN (23351),1.1025335307670683e-05,True,-0.0003822860145319829,0.0003822860145319829
9836,BEX1 (55859),1.1013954306191925e-05,True,0.0013170941307066781,0.0013170941307066781
9837,FANCA (2175),1.1012828102441305e-05,True,0.0010578504878657443,0.0010578504878657443
9838,IL7 (3574),1.1004457979340214e-05,True,-0.00012299957491759372,0.00012299957491759372
9839,ACSF3 (197322),1.0997384452281364e-05,True,0.00046282446489516406,0.00046282446489516406
9840,NTF3 (4908),1.099495505766786e-05,True,0.00337896946579225,0.00337896946579225
9841,WDR72 (256764),1.0983843981399616e-05,True,0.0029909714532542235,0.0029909714532542235
9842,GNPNAT1 (64841),1.097700383032959e-05,True,0.00020174016230640297,0.00020174016230640297
9843,HSPA9 (3313),1.0976471963718635e-05,True,-0.00045727767182321725,0.00045727767182321725
9844,MSL1 (339287),1.0966034153698852e-05,True,0.000741256824698691,0.000741256824698691
9845,ORM1 (5004),1.0960448249299275e-05,True,-0.0012838159828423323,0.0012838159828423323
9846,POLR2F (5435),1.0959580203412346e-05,True,-0.00014720542915477928,0.00014720542915477928
9847,TANK (10010),1.0957370546866117e-05,True,0.00036760319843413494,0.00036760319843413494
9848,UBE2D2 (7322),1.0957118362019838e-05,True,-0.0018775152227734411,0.0018775152227734411
9849,CLHC1 (130162),1.0949680173726493e-05,True,-0.0022842615012912877,0.0022842615012912877
9850,GASK1A (729085),1.0946017114325326e-05,True,0.001718683773349231,0.001718683773349231
9851,RBL2 (5934),1.0943705942055008e-05,True,0.0020877280759295114,0.0020877280759295114
9852,C20orf173 (140873),1.0941174537676139e-05,True,-0.001348725814305069,0.001348725814305069
9853,UBE2N (7334),1.094090153818767e-05,True,0.0010532905109143535,0.0010532905109143535
9854,IRX3 (79191),1.0932757245879196e-05,True,0.0007946150748100189,0.0007946150748100189
9855,TEX264 (51368),1.0930573308876796e-05,True,-0.0020642944836486874,0.0020642944836486874
9856,SELENOV (348303),1.0929670988505479e-05,True,0.0015175673345994938,0.0015175673345994938
9857,CCDC70 (83446),1.092517624122905e-05,True,-0.0011087034412484756,0.0011087034412484756
9858,ZNF671 (79891),1.0923566619886794e-05,True,-0.0021178070114372645,0.0021178070114372645
9859,EBI3 (10148),1.0913556712010496e-05,True,-0.0014629671993703353,0.0014629671993703353
9860,RMDN3 (55177),1.0909473249004307e-05,True,0.0010654374886277756,0.0010654374886277756
9861,MPLKIP (136647),1.0905741857787845e-05,True,0.0017884542453188224,0.0017884542453188224
9862,C19orf18 (147685),1.09054541951874e-05,True,-0.0029198973466090634,0.0029198973466090634
9863,RGS8 (85397),1.0903025134550374e-05,True,-0.0006056578230979571,0.0006056578230979571
9864,SFMBT2 (57713),1.0899199242290942e-05,True,-0.002729310405716461,0.002729310405716461
9865,OR1J4 (26219),1.0890828476742627e-05,True,0.0006127900895238391,0.0006127900895238391
9866,HDX (139324),1.0887125768139593e-05,True,0.0014511770004766748,0.0014511770004766748
9867,CDCA8 (55143),1.088274855339738e-05,True,0.000175186172525388,0.000175186172525388
9868,DMBX1 (127343),1.0881347462971023e-05,True,0.0014652023157563443,0.0014652023157563443
9869,SPATA31C2 (645961),1.0880349173018093e-05,True,0.0007242103038301198,0.0007242103038301198
9870,WDR62 (284403),1.0879602719842528e-05,True,-0.0014347455045284057,0.0014347455045284057
9871,ABHD11 (83451),1.0877859197998331e-05,True,7.301092139021617e-05,7.301092139021617e-05
9872,BRIP1 (83990),1.0876253201300217e-05,True,0.000190614801214509,0.000190614801214509
9873,ZNF670 (93474),1.0874643272429965e-05,True,0.0005965906615911066,0.0005965906615911066
9874,SLC23A2 (9962),1.0872321724180801e-05,True,-0.0016739937776661506,0.0016739937776661506
9875,RBFOX3 (146713),1.0870676602517702e-05,True,0.0004978338609898903,0.0004978338609898903
9876,DDB1 (1642),1.08668997715112e-05,True,0.0003426810640245045,0.0003426810640245045
9877,TMEM59 (9528),1.0865280974406136e-05,True,-0.0002897171852706044,0.0002897171852706044
9878,NCKIPSD (51517),1.0863295391406713e-05,True,-0.0024439808333189604,0.0024439808333189604
9879,TAS1R1 (80835),1.086276830632879e-05,True,0.0015487858629207344,0.0015487858629207344
9880,EPHA4 (2043),1.086241126036507e-05,True,-0.0021084161201994217,0.0021084161201994217
9881,STOM (2040),1.0861540964728857e-05,True,-0.004077194028172488,0.004077194028172488
9882,AATF (26574),1.0860169057834529e-05,True,0.0009001280242073192,0.0009001280242073192
9883,RCC1L (81554),1.0859497940111292e-05,True,0.001491387330403299,0.001491387330403299
9884,CRYBB2 (1415),1.0849174818294549e-05,True,-0.0009089207020600028,0.0009089207020600028
9885,ANXA6 (309),1.084569141143328e-05,True,-0.00032282689208900273,0.00032282689208900273
9886,SPIRE2 (84501),1.0844669501230623e-05,True,0.0016749789456983622,0.0016749789456983622
9887,SH2B2 (10603),1.0842236600307496e-05,True,0.0007788927247565098,0.0007788927247565098
9888,CYP2C18 (1562),1.0835760684874425e-05,True,0.0022979684551616792,0.0022979684551616792
9889,ESR2 (2100),1.0834697701381405e-05,True,0.002872168605504041,0.002872168605504041
9890,FRG2C (100288801),1.082998824486853e-05,True,-0.00017692146032886587,0.00017692146032886587
9891,RFFL (117584),1.082643368894109e-05,True,-0.0011061047233633294,0.0011061047233633294
9892,PLK5 (126520),1.082618128247982e-05,True,-0.0003572116871301892,0.0003572116871301892
9893,CHRNB4 (1143),1.0821004828980921e-05,True,-0.0019745525771529674,0.0019745525771529674
9894,WNT8B (7479),1.0817090047921105e-05,True,0.00017662553681098122,0.00017662553681098122
9895,MINDY4 (84182),1.0814581193110916e-05,True,-0.000199792096973363,0.000199792096973363
9896,BPGM (669),1.0813606757873642e-05,True,-0.002068630429743476,0.002068630429743476
9897,GRIA3 (2892),1.0808871643908917e-05,True,-0.0017954587028606518,0.0017954587028606518
9898,TEKT2 (27285),1.079964268382983e-05,True,0.0007700523127667548,0.0007700523127667548
9899,FAM228B (375190),1.079745242657874e-05,True,0.0011223602862427398,0.0011223602862427398
9900,FAM240C (285095),1.0793762372528591e-05,True,0.000985473917312846,0.000985473917312846
9901,FKTN (2218),1.0788000022522537e-05,True,0.00022603650582393264,0.00022603650582393264
9902,RFX4 (5992),1.0787317388969051e-05,True,0.001250556913608229,0.001250556913608229
9903,NHSL2 (340527),1.0786762608742173e-05,True,-0.0012834216937315493,0.0012834216937315493
9904,FAM13C (220965),1.0760401026455996e-05,True,-0.00023066453400635639,0.00023066453400635639
9905,CIRSR (9541),1.0758599987485809e-05,True,-0.0011172976279867197,0.0011172976279867197
9906,NRG2 (9542),1.0757271405639278e-05,True,0.0006450041745830647,0.0006450041745830647
9907,SFTPC (6440),1.075648053668065e-05,True,0.0012803528300873493,0.0012803528300873493
9908,RGS19 (10287),1.0753374804228972e-05,True,0.000447954510598813,0.000447954510598813
9909,DNAJC18 (202052),1.0749050728955275e-05,True,-0.00017167188537673263,0.00017167188537673263
9910,ACBD7 (414149),1.0748301760024315e-05,True,-0.0016653439410966456,0.0016653439410966456
9911,INTS8 (55656),1.0747227070379823e-05,True,0.0017290484834991693,0.0017290484834991693
9912,LIMS3 (96626),1.074664701519718e-05,True,0.0004409708418883823,0.0004409708418883823
9913,CAMK2A (815),1.073730981487654e-05,True,0.0010139415875245902,0.0010139415875245902
9914,CSTF3 (1479),1.0730497672330049e-05,True,-0.0004089107439209823,0.0004089107439209823
9915,CCDC14 (64770),1.0729614552839131e-05,True,-0.0008458291715937529,0.0008458291715937529
9916,DST (667),1.0723859385526928e-05,True,-0.0006458170963450524,0.0006458170963450524
9917,MRPS7 (51081),1.0719063782084954e-05,True,0.0018657085220060497,0.0018657085220060497
9918,SLC2A6 (11182),1.0716196254916214e-05,True,0.0016912808528822432,0.0016912808528822432
9919,PARN (5073),1.071317513732051e-05,True,-0.0007443344386214759,0.0007443344386214759
9920,LRWD1 (222229),1.070391096678258e-05,True,-0.0003585741255398876,0.0003585741255398876
9921,DPYSL3 (1809),1.0701921578495343e-05,True,-8.958138871237168e-05,8.958138871237168e-05
9922,GNG12 (55970),1.0701919662293823e-05,True,-8.419866351676774e-06,8.419866351676774e-06
9923,CD48 (962),1.0700855401834415e-05,True,0.00040223146157777857,0.00040223146157777857
9924,RPS28 (6234),1.07003155578819e-05,True,0.0009985513820599374,0.0009985513820599374
9925,RNF220 (55182),1.070007292644777e-05,True,-0.00010795192415299177,0.00010795192415299177
9926,GPR157 (80045),1.0699995472449884e-05,True,0.0004368316420340781,0.0004368316420340781
9927,MAS1 (4142),1.0693519865194595e-05,True,0.006156652188068918,0.006156652188068918
9928,ZNF777 (27153),1.0689552325953578e-05,True,-0.00041287393045247116,0.00041287393045247116
9929,LCOR (84458),1.0686163049358668e-05,True,0.001183815262107574,0.001183815262107574
9930,CTR9 (9646),1.0678197191092848e-05,True,0.00034899009228190735,0.00034899009228190735
9931,UFC1 (51506),1.0672941433666959e-05,True,-0.0009181221569073404,0.0009181221569073404
9932,IL24 (11009),1.0670464815797563e-05,True,-0.003361461632949845,0.003361461632949845
9933,TSC2 (7249),1.0670322983054528e-05,True,0.002344841050541631,0.002344841050541631
9934,AFAP1 (60312),1.0663617291444017e-05,True,-0.0013550136152603825,0.0013550136152603825
9935,NPIPA1 (9284),1.0662949653898642e-05,True,0.0004947446955208051,0.0004947446955208051
9936,BLCAP (10904),1.0659113391191668e-05,True,0.00017117329046767576,0.00017117329046767576
9937,ANKRD2 (26287),1.0657390613162302e-05,True,0.00011949302783390795,0.00011949302783390795
9938,NMNAT1 (64802),1.065593940485157e-05,True,0.0019980162492228603,0.0019980162492228603
9939,C1orf21 (81563),1.0655089515331214e-05,True,-0.0009405030023593997,0.0009405030023593997
9940,FAAH2 (158584),1.0650796007519297e-05,True,-0.0012067337020987964,0.0012067337020987964
9941,PGGHG (80162),1.0646734081056725e-05,True,0.0004704085395173534,0.0004704085395173534
9942,KPNA3 (3839),1.0645414521840678e-05,True,0.0016954064737048757,0.0016954064737048757
9943,GLIS1 (148979),1.0641257155422284e-05,True,0.001545534353339177,0.001545534353339177
9944,TMEM81 (388730),1.0637726524679229e-05,True,-0.0006818731284471209,0.0006818731284471209
9945,ACAP1 (9744),1.0637723252729342e-05,True,-0.00016869877736935455,0.00016869877736935455
9946,C3orf85 (401081),1.0611153809730356e-05,True,-0.0005157231407197596,0.0005157231407197596
9947,CILK1 (22858),1.0608752911016706e-05,True,0.0013039358628293704,0.0013039358628293704
9948,ATG9A (79065),1.0605740974570178e-05,True,0.0010169732878490783,0.0010169732878490783
9949,BEST3 (144453),1.0601557769988693e-05,True,0.0036806183247080375,0.0036806183247080375
9950,SLC22A17 (51310),1.0598811799930276e-05,True,0.0010355332027326438,0.0010355332027326438
9951,SCLY (51540),1.059500150947505e-05,True,9.68570110215141e-05,9.68570110215141e-05
9952,TUBD1 (51174),1.059022207486476e-05,True,0.0009853750742494622,0.0009853750742494622
9953,C5orf63 (401207),1.0571261294292651e-05,True,-0.0017790837624300786,0.0017790837624300786
9954,RAD54L (8438),1.0569296669441392e-05,True,0.0019153829893125583,0.0019153829893125583
9955,CRIPT (9419),1.0569171053695053e-05,True,-0.00033494933473819904,0.00033494933473819904
9956,PLAG1 (5324),1.0555504913170964e-05,True,-0.0015640478221616743,0.0015640478221616743
9957,DNAH14 (127602),1.0552170069838578e-05,True,-0.0011576988060814934,0.0011576988060814934
9958,JAML (120425),1.0551207309666308e-05,True,0.0016469709204780868,0.0016469709204780868
9959,HEXIM2 (124790),1.0544925286238562e-05,True,-0.00178855597504478,0.00178855597504478
9960,RIN3 (79890),1.0542993939646172e-05,True,-0.002711232258447217,0.002711232258447217
9961,NMUR2 (56923),1.054287401599368e-05,True,-0.0022420050241956264,0.0022420050241956264
9962,RAD51B (5890),1.0541620573999905e-05,True,-0.001190524638404784,0.001190524638404784
9963,TAL2 (6887),1.0535006964390136e-05,True,-0.0071344951676409465,0.0071344951676409465
9964,NR2C1 (7181),1.0534849544512723e-05,True,0.0020488651827788025,0.0020488651827788025
9965,STING1 (340061),1.0532938209988584e-05,True,-0.0017272331587815913,0.0017272331587815913
9966,HSDL1 (83693),1.0532531316003382e-05,True,0.0015025446593960653,0.0015025446593960653
9967,PRXL2A (84293),1.0532510508951934e-05,True,0.0001688103928597374,0.0001688103928597374
9968,SSR2 (6746),1.05267870620587e-05,True,-0.001696938959250065,0.001696938959250065
9969,CENPS (378708),1.052517459591091e-05,True,0.0005095831570809241,0.0005095831570809241
9970,BABAM2 (9577),1.0516928608789975e-05,True,0.0013494101646572944,0.0013494101646572944
9971,GCM1 (8521),1.051501048995483e-05,True,0.0035732670245787208,0.0035732670245787208
9972,PRPH (5630),1.0512942874424508e-05,True,0.002278022244094327,0.002278022244094327
9973,EBAG9 (9166),1.0506821727190225e-05,True,3.1112392449297584e-05,3.1112392449297584e-05
9974,TXNDC11 (51061),1.0499727257056284e-05,True,0.0017881254090569365,0.0017881254090569365
9975,STEAP4 (79689),1.0497528576614905e-05,True,-0.0015113538987833759,0.0015113538987833759
9976,TMC7 (79905),1.0494812161570233e-05,True,-0.003376857607034678,0.003376857607034678
9977,ANP32A (8125),1.0494776020756782e-05,True,-0.0028627921376563124,0.0028627921376563124
9978,NSD1 (64324),1.049440143604236e-05,True,-0.00028769986552180417,0.00028769986552180417
9979,PLPP2 (8612),1.0493292795367122e-05,True,-0.00103837092204589,0.00103837092204589
9980,ITGA8 (8516),1.049306829143685e-05,True,0.0004770329436859374,0.0004770329436859374
9981,LAP3 (51056),1.049139403914913e-05,True,0.0014665241461677696,0.0014665241461677696
9982,TCOF1 (6949),1.0488273809242322e-05,True,-0.0004895679110677115,0.0004895679110677115
9983,CFL2 (1073),1.0485614021215058e-05,True,0.0005435592491916589,0.0005435592491916589
9984,CNR1 (1268),1.0484357070183158e-05,True,0.0010390286551910522,0.0010390286551910522
9985,DNAJC16 (23341),1.0483290750576626e-05,True,0.0013000754157578309,0.0013000754157578309
9986,CASP1 (834),1.0483170116602582e-05,True,-0.0021497866464228,0.0021497866464228
9987,PLEKHS1 (79949),1.0482989660594805e-05,True,-0.0012031431205660403,0.0012031431205660403
9988,PRRC1 (133619),1.0476540936851043e-05,True,0.0005877453852136502,0.0005877453852136502
9989,CHTF8 (54921),1.0476208137588137e-05,True,-0.002710678993631574,0.002710678993631574
9990,ITGBL1 (9358),1.0466015136439127e-05,True,-0.0040425236757763335,0.0040425236757763335
9991,LRRC37A (9884),1.0463145564082761e-05,True,-0.00305623896134229,0.00305623896134229
9992,SEPTIN7 (989),1.0463115650448568e-05,True,1.5174669248969354e-05,1.5174669248969354e-05
9993,MTA2 (9219),1.0457837565893979e-05,True,-1.2971425218030568e-05,1.2971425218030568e-05
9994,CGN (57530),1.0455589983050814e-05,True,0.0003234005122302341,0.0003234005122302341
9995,MMP8 (4317),1.044675834752313e-05,True,-0.0010494941441443455,0.0010494941441443455
9996,WWP2 (11060),1.0446028961485111e-05,True,-0.0007651848848350988,0.0007651848848350988
9997,DIABLO (56616),1.0438096425175438e-05,True,-0.0032622999313844355,0.0032622999313844355
9998,IPO9 (55705),1.0435940369509674e-05,True,-0.001755400033184411,0.001755400033184411
9999,SERGEF (26297),1.042545612244768e-05,True,0.00038176601209736886,0.00038176601209736886
10000,VAV1 (7409),1.0420461952568973e-05,True,0.00040864957783448314,0.00040864957783448314
